
             SystemC 2.3.0-ASI --- May 25 2026 00:51:50
        Copyright (c) 1996-2012 by all Contributors,
        ALL RIGHTS RESERVED

sc_log control string: [outfile:nvdla_sc_debug.log;verbosity_level:sc_debug]
Set SC LOG file to nvdla_sc_debug.log
Set debug verbosity to sc_debug
DMI mode enable
RAM base address: 0xc0000000
bridge: tlm2c_elaborate..

Info: nvdla.irq_adaptor: configured IRQ line 176

Info: BdmaCore.cpp: 114:BdmaCore::ResetThread


Info: BdmaCore.cpp: 432:BdmaCore::WriteResponseThreadMc is called


Info: BdmaCore.cpp: 440:BdmaCore::WriteResponseThreadCv is called


Info: NV_NVDLA_bdma.cpp: 86:Call bdma_reg_model::BdmaUpdateFreeConfigSlotNum free_slot_num=40


Info: NV_NVDLA_rbk.cpp: 1121:NV_NVDLA_rbk::WriteResponseThreadMc is called


Info: NV_NVDLA_rbk.cpp: 1135:NV_NVDLA_rbk::WriteResponseThreadCv is called


Info: NV_NVDLA_glb.cpp: 228:calling NV_NVDLA_glb::Update_nvdla_intr_bdma_0


Info: NV_NVDLA_glb.cpp: 236:calling NV_NVDLA_glb::Update_nvdla_intr_bdma_1


Info: NV_NVDLA_glb.cpp: 244:calling NV_NVDLA_glb::Update_nvdla_intr_pdp_0


Info: NV_NVDLA_glb.cpp: 252:calling NV_NVDLA_glb::Update_nvdla_intr_pdp_1


Info: NV_NVDLA_glb.cpp: 260:calling NV_NVDLA_glb::Update_nvdla_intr_sdp_0


Info: NV_NVDLA_glb.cpp: 268:calling NV_NVDLA_glb::Update_nvdla_intr_sdp_1


Info: NV_NVDLA_glb.cpp: 276:calling NV_NVDLA_glb::Update_nvdla_intr_cdp_0


Info: NV_NVDLA_glb.cpp: 284:calling NV_NVDLA_glb::Update_nvdla_intr_cdp_1


Info: NV_NVDLA_glb.cpp: 292:calling NV_NVDLA_glb::Update_nvdla_intr_rbk_0


Info: NV_NVDLA_glb.cpp: 300:calling NV_NVDLA_glb::Update_nvdla_intr_rbk_1


Info: NV_NVDLA_glb.cpp: 308:calling NV_NVDLA_glb::Update_nvdla_intr_cdma_dat_0


Info: NV_NVDLA_glb.cpp: 316:calling NV_NVDLA_glb::Update_nvdla_intr_cdma_dat_1


Info: NV_NVDLA_glb.cpp: 324:calling NV_NVDLA_glb::Update_nvdla_intr_cdma_wt_0


Info: NV_NVDLA_glb.cpp: 332:calling NV_NVDLA_glb::Update_nvdla_intr_cdma_wt_1


Info: NV_NVDLA_glb.cpp: 340:calling NV_NVDLA_glb::Update_nvdla_intr_cacc_0


Info: NV_NVDLA_glb.cpp: 348:calling NV_NVDLA_glb::Update_nvdla_intr_cacc_1


Info: NV_NVDLA_sdp.cpp: 2240:NV_NVDLA_sdp::WriteResponseThreadMc is called


Info: NV_NVDLA_pdp.cpp: 1702:NV_NVDLA_pdp::WriteResponseThreadMc is called


Info: NV_NVDLA_cdp.cpp: 966:NV_NVDLA_cdp::WriteResponseThreadMc is called


Info: NV_NVDLA_cdp.cpp: 979:NV_NVDLA_cdp::WriteResponseThreadCv is called


Info: NvdlaAxiAdaptor.cpp: 76:NvdlaAxiAdaptor::axi_rd_wr_thread, no pending request, waiting.


Info: NvdlaAxiAdaptor.cpp: 76:NvdlaAxiAdaptor::axi_rd_wr_thread, no pending request, waiting.


Info: NV_NVDLA_mcif.cpp: 2903:NV_NVDLA_mcif::ReadRequestArbiter, no pending request, waiting.


Info: NV_NVDLA_mcif.cpp: 3098:Calling WriteRequestArbiter


Info: NV_NVDLA_mcif.cpp: 380:NV_NVDLA_mcif::ReadResp_mcif2bdma, num_available:0


Info: NV_NVDLA_mcif.cpp: 513:NV_NVDLA_mcif::ReadResp_mcif2sdp, num_available:0


Info: NV_NVDLA_mcif.cpp: 646:NV_NVDLA_mcif::ReadResp_mcif2pdp, num_available:0


Info: NV_NVDLA_mcif.cpp: 779:NV_NVDLA_mcif::ReadResp_mcif2cdp, num_available:0


Info: NV_NVDLA_mcif.cpp: 912:NV_NVDLA_mcif::ReadResp_mcif2rbk, num_available:0


Info: NV_NVDLA_mcif.cpp: 1045:NV_NVDLA_mcif::ReadResp_mcif2sdp_b, num_available:0


Info: NV_NVDLA_mcif.cpp: 1178:NV_NVDLA_mcif::ReadResp_mcif2sdp_n, num_available:0


Info: NV_NVDLA_mcif.cpp: 1311:NV_NVDLA_mcif::ReadResp_mcif2sdp_e, num_available:0


Info: NV_NVDLA_mcif.cpp: 1444:NV_NVDLA_mcif::ReadResp_mcif2cdma_dat, num_available:0


Info: NV_NVDLA_mcif.cpp: 1577:NV_NVDLA_mcif::ReadResp_mcif2cdma_wt, num_available:0


Info: NV_NVDLA_cvif.cpp: 3023:NV_NVDLA_cvif::ReadRequestArbiter, no pending request, waiting.


Info: NV_NVDLA_cvif.cpp: 3208:Calling WriteRequestArbiter


Info: NV_NVDLA_cdma.cpp: 226:NV_NVDLA_cdma::ActDataReadRequestSequenceThread, before cdma_kickoff_


Info: NV_NVDLA_cdma.cpp: 454:before wait cdma_kickoff_


Info: NV_NVDLA_cdma.cpp: 959:wt_up_cdma2sc_b_transport start


Info: NV_NVDLA_cdma.cpp: 960:reading wt2sc_up_kernel_fifo_


Info: NV_NVDLA_cacc.cpp: 281:NV_NVDLA_cacc::ReshapeSequenceThread before ReshapeSequencerDirectConvCommon


Info: NV_NVDLA_cacc.cpp: 289:NV_NVDLA_cacc::DeliverSequenceThread before DeliverSequencerDirectConvCommon


Info: NV_NVDLA_cacc.cpp: 297:NV_NVDLA_cacc::SendToSDPThread Layer begin

[    0.000000] Booting Linux on physical CPU 0x0
[    0.000000] Linux version 4.13.3 (yali@unassigned) (gcc version 6.4.1 20170707 (Linaro GCC 6.4-2017.08)) #1 SMP PREEMPT Mon Nov 27 09:22:34 CST 2017
[    0.000000] Boot CPU: AArch64 Processor [411fd070]
[    0.000000] Machine model: linux,dummy-virt
[    0.000000] efi: Getting EFI parameters from FDT:
[    0.000000] efi: UEFI not found.
[    0.000000] cma: Reserved 16 MiB at 0x000000007f000000
[    0.000000] NUMA: No NUMA configuration found
[    0.000000] NUMA: Faking a node at [mem 0x0000000000000000-0x000000007fffffff]
[    0.000000] NUMA: NODE_DATA [mem 0x7efe8900-0x7efea3ff]
[    0.000000] Zone ranges:
[    0.000000]   DMA      [mem 0x0000000040000000-0x000000007fffffff]
[    0.000000]   Normal   empty
[    0.000000] Movable zone start for each node
[    0.000000] Early memory node ranges
[    0.000000]   node   0: [mem 0x0000000040000000-0x000000007fffffff]
[    0.000000] Initmem setup node 0 [mem 0x0000000040000000-0x000000007fffffff]
[    0.000000] psci: probing for conduit method from DT.
[    0.000000] psci: PSCIv0.2 detected in firmware.
[    0.000000] psci: Using standard PSCI v0.2 function IDs
[    0.000000] psci: Trusted OS migration not required
[    0.000000] percpu: Embedded 26 pages/cpu @ffff80003efcb000 s67352 r8192 d30952 u106496
[    0.000000] Detected PIPT I-cache on CPU0
[    0.000000] CPU features: enabling workaround for ARM erratum 832075
[    0.000000] CPU features: enabling workaround for ARM erratum 834220
[    0.000000] Built 1 zonelists in Node order, mobility grouping on.  Total pages: 258048
[    0.000000] Policy zone: DMA
[    0.000000] Kernel command line: "root=/dev/vda"
[    0.000000] PID hash table entries: 4096 (order: 3, 32768 bytes)
[    0.000000] Memory: 999232K/1048576K available (9404K kernel code, 1130K rwdata, 4164K rodata, 1088K init, 400K bss, 32960K reserved, 16384K cma-reserved)
[    0.000000] Virtual kernel memory layout:
[    0.000000]     modules : 0xffff000000000000 - 0xffff000008000000   (   128 MB)
[    0.000000]     vmalloc : 0xffff000008000000 - 0xffff7dffbfff0000   (129022 GB)
[    0.000000]       .text : 0xffff000008080000 - 0xffff0000089b0000   (  9408 KB)
[    0.000000]     .rodata : 0xffff0000089b0000 - 0xffff000008dd0000   (  4224 KB)
[    0.000000]       .init : 0xffff000008dd0000 - 0xffff000008ee0000   (  1088 KB)
[    0.000000]       .data : 0xffff000008ee0000 - 0xffff000008ffaa00   (  1131 KB)
[    0.000000]        .bss : 0xffff000008ffaa00 - 0xffff00000905ed60   (   401 KB)
[    0.000000]     fixed   : 0xffff7dfffe7fd000 - 0xffff7dfffec00000   (  4108 KB)
[    0.000000]     PCI I/O : 0xffff7dfffee00000 - 0xffff7dffffe00000   (    16 MB)
[    0.000000]     vmemmap : 0xffff7e0000000000 - 0xffff800000000000   (  2048 GB maximum)
[    0.000000]               0xffff7e0000000000 - 0xffff7e0001000000   (    16 MB actual)
[    0.000000]     memory  : 0xffff800000000000 - 0xffff800040000000   (  1024 MB)
[    0.000000] SLUB: HWalign=64, Order=0-3, MinObjects=0, CPUs=1, Nodes=1
[    0.000000] Preemptible hierarchical RCU implementation.
[    0.000000] 	RCU restricting CPUs from NR_CPUS=64 to nr_cpu_ids=1.
[    0.000000] RCU: Adjusting geometry for rcu_fanout_leaf=16, nr_cpu_ids=1
[    0.000000] NR_IRQS: 64, nr_irqs: 64, preallocated irqs: 0
[    0.000000] GICv2m: range[mem 0x08020000-0x08020fff], SPI[80:143]
[    0.000000] arch_timer: cp15 timer(s) running at 62.50MHz (virt).
[    0.000000] clocksource: arch_sys_counter: mask: 0xffffffffffffff max_cycles: 0x1cd42e208c, max_idle_ns: 881590405314 ns
[    0.000089] sched_clock: 56 bits at 62MHz, resolution 16ns, wraps every 4398046511096ns
[    0.002126] Console: colour dummy device 80x25
[    0.005152] console [tty0] enabled
[    0.005794] Calibrating delay loop (skipped), value calculated using timer frequency.. 125.00 BogoMIPS (lpj=250000)
[    0.005921] pid_max: default: 32768 minimum: 301
[    0.006529] Security Framework initialized
[    0.007914] Dentry cache hash table entries: 131072 (order: 8, 1048576 bytes)
[    0.008509] Inode-cache hash table entries: 65536 (order: 7, 524288 bytes)
[    0.008785] Mount-cache hash table entries: 2048 (order: 2, 16384 bytes)
[    0.008876] Mountpoint-cache hash table entries: 2048 (order: 2, 16384 bytes)
[    0.040617] ASID allocator initialised with 65536 entries
[    0.048221] Hierarchical SRCU implementation.
[    0.060190] EFI services will not be available.
[    0.070034] smp: Bringing up secondary CPUs ...
[    0.070347] smp: Brought up 1 node, 1 CPU
[    0.070430] SMP: Total of 1 processors activated.
[    0.070594] CPU features: detected feature: 32-bit EL0 Support
[    0.071778] CPU: All CPU(s) started at EL1
[    0.072272] alternatives: patching kernel code
[    0.081608] devtmpfs: initialized
[    0.087680] clocksource: jiffies: mask: 0xffffffff max_cycles: 0xffffffff, max_idle_ns: 7645041785100000 ns
[    0.087848] futex hash table entries: 256 (order: 3, 32768 bytes)
[    0.089668] pinctrl core: initialized pinctrl subsystem
[    0.099390] DMI not present or invalid.
[    0.104466] random: fast init done
[    0.109530] NET: Registered protocol family 16
[    0.126729] cpuidle: using governor menu
[    0.127776] vdso: 2 pages (1 code @ ffff0000089b6000, 1 data @ ffff000008ee5000)
[    0.127943] hw-breakpoint: found 6 breakpoint and 4 watchpoint registers.
[    0.132593] DMA: preallocated 256 KiB pool for atomic allocations
[    0.136806] Serial: AMBA PL011 UART driver
[    0.169198] 9000000.pl011: ttyAMA0 at MMIO 0x9000000 (irq = 40, base_baud = 0) is a PL011 rev1
[    0.188708] console [ttyAMA0] enabled
[    0.281645] HugeTLB registered 2.00 MiB page size, pre-allocated 0 pages
[    0.298350] ACPI: Interpreter disabled.
[    0.303720] vgaarb: loaded
[    0.305659] SCSI subsystem initialized
[    0.313184] usbcore: registered new interface driver usbfs
[    0.313935] usbcore: registered new interface driver hub
[    0.316642] usbcore: registered new device driver usb
[    0.320077] pps_core: LinuxPPS API ver. 1 registered
[    0.320284] pps_core: Software ver. 5.3.6 - Copyright 2005-2007 Rodolfo Giometti <giometti@linux.it>
[    0.321185] PTP clock support registered
[    0.323427] EDAC MC: Ver: 3.0.0
[    0.325064] dmi: Firmware registration failed.
[    0.326445] Advanced Linux Sound Architecture Driver Initialized.
[    0.337330] clocksource: Switched to clocksource arch_sys_counter
[    0.338268] VFS: Disk quotas dquot_6.6.0
[    0.339231] VFS: Dquot-cache hash table entries: 512 (order 0, 4096 bytes)
[    0.342355] pnp: PnP ACPI: disabled
[    0.379111] NET: Registered protocol family 2
[    0.383929] TCP established hash table entries: 8192 (order: 4, 65536 bytes)
[    0.384449] TCP bind hash table entries: 8192 (order: 5, 131072 bytes)
[    0.384824] TCP: Hash tables configured (established 8192 bind 8192)
[    0.386182] UDP hash table entries: 512 (order: 2, 16384 bytes)
[    0.386615] UDP-Lite hash table entries: 512 (order: 2, 16384 bytes)
[    0.388052] NET: Registered protocol family 1
[    0.400339] RPC: Registered named UNIX socket transport module.
[    0.400623] RPC: Registered udp transport module.
[    0.400791] RPC: Registered tcp transport module.
[    0.400949] RPC: Registered tcp NFSv4.1 backchannel transport module.
[    0.404934] hw perfevents: enabled with armv8_pmuv3 PMU driver, 1 counters available
[    0.406385] kvm [1]: HYP mode not available
[    0.414735] audit: initializing netlink subsys (disabled)
[    0.419396] audit: type=2000 audit(0.395:1): state=initialized audit_enabled=0 res=1
[    0.420329] workingset: timestamp_bits=44 max_order=18 bucket_order=0
[    0.450640] squashfs: version 4.0 (2009/01/31) Phillip Lougher
[    0.455451] NFS: Registering the id_resolver key type
[    0.456140] Key type id_resolver registered
[    0.456327] Key type id_legacy registered
[    0.456558] nfs4filelayout_init: NFSv4 File Layout Driver Registering...
[    0.458355] 9p: Installing v9fs 9p2000 file system support
[    0.468087] Block layer SCSI generic (bsg) driver version 0.4 loaded (major 247)
[    0.468464] io scheduler noop registered
[    0.469158] io scheduler cfq registered (default)
[    0.469567] io scheduler mq-deadline registered
[    0.469767] io scheduler kyber registered
[    0.494844] pl061_gpio 9030000.pl061: PL061 GPIO chip @0x0000000009030000 registered
[    0.500523] OF: PCI: host bridge /pcie@10000000 ranges:
[    0.500994] OF: PCI:    IO 0x3eff0000..0x3effffff -> 0x00000000
[    0.502970] OF: PCI:   MEM 0x10000000..0x3efeffff -> 0x10000000
[    0.503229] OF: PCI:   MEM 0x8000000000..0xffffffffff -> 0x8000000000
[    0.503797] pci-host-generic 3f000000.pcie: ECAM at [mem 0x3f000000-0x3fffffff] for [bus 00-0f]
[    0.504883] pci-host-generic 3f000000.pcie: PCI host bridge to bus 0000:00
[    0.505257] pci_bus 0000:00: root bus resource [bus 00-0f]
[    0.505719] pci_bus 0000:00: root bus resource [io  0x0000-0xffff]
[    0.505942] pci_bus 0000:00: root bus resource [mem 0x10000000-0x3efeffff]
[    0.506187] pci_bus 0000:00: root bus resource [mem 0x8000000000-0xffffffffff]
[    0.555970] Serial: 8250/16550 driver, 4 ports, IRQ sharing enabled
[    0.563275] SuperH (H)SCI(F) driver initialized
[    0.566379] msm_serial: driver initialized
[    0.568903] cacheinfo: Unable to detect cache hierarchy for CPU 0
[    0.590732] loop: module loaded
[    0.620049] hisi_sas: driver version v1.6
[    0.635747] libphy: Fixed MDIO Bus: probed
[    0.639409] tun: Universal TUN/TAP device driver, 1.6
[    0.649990] e1000e: Intel(R) PRO/1000 Network Driver - 3.2.6-k
[    0.650248] e1000e: Copyright(c) 1999 - 2015 Intel Corporation.
[    0.650921] igb: Intel(R) Gigabit Ethernet Network Driver - version 5.4.0-k
[    0.651167] igb: Copyright (c) 2007-2014 Intel Corporation.
[    0.651879] igbvf: Intel(R) Gigabit Virtual Function Network Driver - version 2.4.0-k
[    0.652195] igbvf: Copyright (c) 2009 - 2012 Intel Corporation.
[    0.654207] sky2: driver version 1.30
[    0.656755] VFIO - User Level meta-driver version: 0.3
[    0.668301] ehci_hcd: USB 2.0 'Enhanced' Host Controller (EHCI) Driver
[    0.668607] ehci-pci: EHCI PCI platform driver
[    0.669274] ehci-platform: EHCI generic platform driver
[    0.670449] ehci-orion: EHCI orion driver
[    0.670963] ehci-exynos: EHCI EXYNOS driver
[    0.671565] ehci-msm: Qualcomm On-Chip EHCI Host Controller
[    0.672101] ohci_hcd: USB 1.1 'Open' Host Controller (OHCI) Driver
[    0.672393] ohci-pci: OHCI PCI platform driver
[    0.673094] ohci-platform: OHCI generic platform driver
[    0.674114] ohci-exynos: OHCI EXYNOS driver
[    0.676238] usbcore: registered new interface driver usb-storage
[    0.690303] rtc-pl031 9010000.pl031: rtc core: registered pl031 as rtc0
[    0.692616] i2c /dev entries driver
[    0.707933] sdhci: Secure Digital Host Controller Interface driver
[    0.708198] sdhci: Copyright(c) Pierre Ossman
[    0.709633] Synopsys Designware Multimedia Card Interface Driver
[    0.715515] sdhci-pltfm: SDHCI platform and OF driver helper
[    0.721114] ledtrig-cpu: registered to indicate activity on CPUs
[    0.726183] usbcore: registered new interface driver usbhid
[    0.726450] usbhid: USB HID core driver
[    0.738389] NET: Registered protocol family 17
[    0.739274] 9pnet: Installing 9P2000 support
[    0.741020] Key type dns_resolver registered
[    0.743490] registered taskstats version 1
[    0.748758] input: gpio-keys as /devices/platform/gpio-keys/input/input0
[    0.751153] rtc-pl031 9010000.pl031: setting system clock to 2026-06-04 15:36:47 UTC (1780587407)
[    0.751975] ALSA device list:
[    0.752103]   No soundcards found.
[    0.754832] uart-pl011 9000000.pl011: no DMA platform data
[    0.759012] EXT4-fs (vda): couldn't mount as ext3 due to feature incompatibilities
[    0.762567] EXT4-fs (vda): INFO: recovery required on readonly filesystem
[    0.762856] EXT4-fs (vda): write access will be enabled during recovery
[    0.807146] EXT4-fs (vda): recovery complete
[    0.812945] EXT4-fs (vda): mounted filesystem with ordered data mode. Opts: (null)
[    0.813739] VFS: Mounted root (ext4 filesystem) readonly on device 254:0.
[    0.820376] devtmpfs: mounted
[    0.874607] Freeing unused kernel memory: 1088K
[    0.970176] EXT4-fs (vda): re-mounted. Opts: data=ordered
Starting logging: OK
Initializing random number generator... done.
Starting network: udhcpc: started, v1.27.2
udhcpc: sending discover
udhcpc: sending select for 10.0.2.15
udhcpc: lease of 10.0.2.15 obtained, lease time 86400
deleting routers
adding dns 10.0.2.3
OK
Starting sshd: [    2.134101] NET: Registered protocol family 10
[    2.148848] Segment Routing with IPv6
OK

Welcome to Buildroot
nvdla login: 
Info: NV_NVDLA_csb_master.cpp: 54:NV_NVDLA_csb_master::nvdla2csb_b_transport, base_addr: 0x1000


Info: NV_NVDLA_csb_master.cpp: 58:NV_NVDLA_csb_master::nvdla2csb_b_transport, csb req to GLB_BASE, 


Info: NV_NVDLA_csb_master.cpp: 59:Addr: 0x1004


Info: NV_NVDLA_csb_master.cpp: 60:Data: 0x3f03fc


Info: NV_NVDLA_csb_master.cpp: 61:Is write: 0x1


Info: NV_NVDLA_csb_master.cpp: 62:nposted: 0x0


Info: glb_reg_model.cpp: 44:glb_reg_model::GlbAccessRegister addr=0x1004 data=0x3f03fc is_write=1


Info: glb_reg_model.cpp: 59:glb_reg_model::GlbAccessRegister write to offset 0x4 with 0x3f03fc


Info: NV_NVDLA_csb_master.cpp: 54:NV_NVDLA_csb_master::nvdla2csb_b_transport, base_addr: 0x1000


Info: NV_NVDLA_csb_master.cpp: 58:NV_NVDLA_csb_master::nvdla2csb_b_transport, csb req to GLB_BASE, 


Info: NV_NVDLA_csb_master.cpp: 59:Addr: 0x100c


Info: NV_NVDLA_csb_master.cpp: 60:Data: 0x0


Info: NV_NVDLA_csb_master.cpp: 61:Is write: 0x1


Info: NV_NVDLA_csb_master.cpp: 62:nposted: 0x0


Info: glb_reg_model.cpp: 44:glb_reg_model::GlbAccessRegister addr=0x100c data=0x0 is_write=1


Info: glb_reg_model.cpp: 59:glb_reg_model::GlbAccessRegister write to offset 0xc with 0x0


Info: nvdla.irq_adaptor: IRQ: irq_line=176 value=0

Info: NV_NVDLA_csb_master.cpp: 54:NV_NVDLA_csb_master::nvdla2csb_b_transport, base_addr: 0x9000


Info: NV_NVDLA_csb_master.cpp: 157:NV_NVDLA_csb_master::nvdla2csb_b_transport, csb req to SDP_BASE, 


Info: NV_NVDLA_csb_master.cpp: 158:Addr: 0x9004


Info: NV_NVDLA_csb_master.cpp: 159:Data: 0x0


Info: NV_NVDLA_csb_master.cpp: 160:Is write: 0x1


Info: NV_NVDLA_csb_master.cpp: 161:nposted: 0x0


Info: NV_NVDLA_csb_master.cpp: 54:NV_NVDLA_csb_master::nvdla2csb_b_transport, base_addr: 0x9000


Info: NV_NVDLA_csb_master.cpp: 157:NV_NVDLA_csb_master::nvdla2csb_b_transport, csb req to SDP_BASE, 


Info: NV_NVDLA_csb_master.cpp: 158:Addr: 0x904c


Info: NV_NVDLA_csb_master.cpp: 159:Data: 0x0


Info: NV_NVDLA_csb_master.cpp: 160:Is write: 0x1


Info: NV_NVDLA_csb_master.cpp: 161:nposted: 0x0


Info: NV_NVDLA_csb_master.cpp: 54:NV_NVDLA_csb_master::nvdla2csb_b_transport, base_addr: 0x9000


Info: NV_NVDLA_csb_master.cpp: 157:NV_NVDLA_csb_master::nvdla2csb_b_transport, csb req to SDP_BASE, 


Info: NV_NVDLA_csb_master.cpp: 158:Addr: 0x90e0


Info: NV_NVDLA_csb_master.cpp: 159:Data: 0x0


Info: NV_NVDLA_csb_master.cpp: 160:Is write: 0x1


Info: NV_NVDLA_csb_master.cpp: 161:nposted: 0x0


Info: NV_NVDLA_csb_master.cpp: 54:NV_NVDLA_csb_master::nvdla2csb_b_transport, base_addr: 0x9000


Info: NV_NVDLA_csb_master.cpp: 157:NV_NVDLA_csb_master::nvdla2csb_b_transport, csb req to SDP_BASE, 


Info: NV_NVDLA_csb_master.cpp: 158:Addr: 0x90e4


Info: NV_NVDLA_csb_master.cpp: 159:Data: 0x0


Info: NV_NVDLA_csb_master.cpp: 160:Is write: 0x1


Info: NV_NVDLA_csb_master.cpp: 161:nposted: 0x0


Info: NV_NVDLA_csb_master.cpp: 54:NV_NVDLA_csb_master::nvdla2csb_b_transport, base_addr: 0x9000


Info: NV_NVDLA_csb_master.cpp: 157:NV_NVDLA_csb_master::nvdla2csb_b_transport, csb req to SDP_BASE, 


Info: NV_NVDLA_csb_master.cpp: 158:Addr: 0x9054


Info: NV_NVDLA_csb_master.cpp: 159:Data: 0x8


Info: NV_NVDLA_csb_master.cpp: 160:Is write: 0x1


Info: NV_NVDLA_csb_master.cpp: 161:nposted: 0x0


Info: NV_NVDLA_csb_master.cpp: 54:NV_NVDLA_csb_master::nvdla2csb_b_transport, base_addr: 0x9000


Info: NV_NVDLA_csb_master.cpp: 157:NV_NVDLA_csb_master::nvdla2csb_b_transport, csb req to SDP_BASE, 


Info: NV_NVDLA_csb_master.cpp: 158:Addr: 0x90f0


Info: NV_NVDLA_csb_master.cpp: 159:Data: 0x0


Info: NV_NVDLA_csb_master.cpp: 160:Is write: 0x1


Info: NV_NVDLA_csb_master.cpp: 161:nposted: 0x0


Info: NV_NVDLA_csb_master.cpp: 54:NV_NVDLA_csb_master::nvdla2csb_b_transport, base_addr: 0x9000


Info: NV_NVDLA_csb_master.cpp: 157:NV_NVDLA_csb_master::nvdla2csb_b_transport, csb req to SDP_BASE, 


Info: NV_NVDLA_csb_master.cpp: 158:Addr: 0x90ec


Info: NV_NVDLA_csb_master.cpp: 159:Data: 0x0


Info: NV_NVDLA_csb_master.cpp: 160:Is write: 0x1


Info: NV_NVDLA_csb_master.cpp: 161:nposted: 0x0


Info: NV_NVDLA_csb_master.cpp: 54:NV_NVDLA_csb_master::nvdla2csb_b_transport, base_addr: 0x9000


Info: NV_NVDLA_csb_master.cpp: 157:NV_NVDLA_csb_master::nvdla2csb_b_transport, csb req to SDP_BASE, 


Info: NV_NVDLA_csb_master.cpp: 158:Addr: 0x9000


Info: NV_NVDLA_csb_master.cpp: 159:Data: 0x0


Info: NV_NVDLA_csb_master.cpp: 160:Is write: 0x1


Info: NV_NVDLA_csb_master.cpp: 161:nposted: 0x0


Info: NV_NVDLA_csb_master.cpp: 54:NV_NVDLA_csb_master::nvdla2csb_b_transport, base_addr: 0x9000


Info: NV_NVDLA_csb_master.cpp: 157:NV_NVDLA_csb_master::nvdla2csb_b_transport, csb req to SDP_BASE, 


Info: NV_NVDLA_csb_master.cpp: 158:Addr: 0x90f4


Info: NV_NVDLA_csb_master.cpp: 159:Data: 0x0


Info: NV_NVDLA_csb_master.cpp: 160:Is write: 0x1


Info: NV_NVDLA_csb_master.cpp: 161:nposted: 0x0


Info: NV_NVDLA_csb_master.cpp: 54:NV_NVDLA_csb_master::nvdla2csb_b_transport, base_addr: 0x9000


Info: NV_NVDLA_csb_master.cpp: 157:NV_NVDLA_csb_master::nvdla2csb_b_transport, csb req to SDP_BASE, 


Info: NV_NVDLA_csb_master.cpp: 158:Addr: 0x90a0


Info: NV_NVDLA_csb_master.cpp: 159:Data: 0x8eb59288


Info: NV_NVDLA_csb_master.cpp: 160:Is write: 0x1


Info: NV_NVDLA_csb_master.cpp: 161:nposted: 0x0


Info: NV_NVDLA_csb_master.cpp: 54:NV_NVDLA_csb_master::nvdla2csb_b_transport, base_addr: 0x9000


Info: NV_NVDLA_csb_master.cpp: 157:NV_NVDLA_csb_master::nvdla2csb_b_transport, csb req to SDP_BASE, 


Info: NV_NVDLA_csb_master.cpp: 158:Addr: 0x9084


Info: NV_NVDLA_csb_master.cpp: 159:Data: 0x2


Info: NV_NVDLA_csb_master.cpp: 160:Is write: 0x1


Info: NV_NVDLA_csb_master.cpp: 161:nposted: 0x0


Info: NV_NVDLA_csb_master.cpp: 54:NV_NVDLA_csb_master::nvdla2csb_b_transport, base_addr: 0x9000


Info: NV_NVDLA_csb_master.cpp: 157:NV_NVDLA_csb_master::nvdla2csb_b_transport, csb req to SDP_BASE, 


Info: NV_NVDLA_csb_master.cpp: 158:Addr: 0x9090


Info: NV_NVDLA_csb_master.cpp: 159:Data: 0xb016


Info: NV_NVDLA_csb_master.cpp: 160:Is write: 0x1


Info: NV_NVDLA_csb_master.cpp: 161:nposted: 0x0


Info: NV_NVDLA_csb_master.cpp: 54:NV_NVDLA_csb_master::nvdla2csb_b_transport, base_addr: 0x9000


Info: NV_NVDLA_csb_master.cpp: 157:NV_NVDLA_csb_master::nvdla2csb_b_transport, csb req to SDP_BASE, 


Info: NV_NVDLA_csb_master.cpp: 158:Addr: 0x90ac


Info: NV_NVDLA_csb_master.cpp: 159:Data: 0x33


Info: NV_NVDLA_csb_master.cpp: 160:Is write: 0x1


Info: NV_NVDLA_csb_master.cpp: 161:nposted: 0x0


Info: NV_NVDLA_csb_master.cpp: 54:NV_NVDLA_csb_master::nvdla2csb_b_transport, base_addr: 0x9000


Info: NV_NVDLA_csb_master.cpp: 157:NV_NVDLA_csb_master::nvdla2csb_b_transport, csb req to SDP_BASE, 


Info: NV_NVDLA_csb_master.cpp: 158:Addr: 0x9060


Info: NV_NVDLA_csb_master.cpp: 159:Data: 0xab7d


Info: NV_NVDLA_csb_master.cpp: 160:Is write: 0x1


Info: NV_NVDLA_csb_master.cpp: 161:nposted: 0x0


Info: NV_NVDLA_csb_master.cpp: 54:NV_NVDLA_csb_master::nvdla2csb_b_transport, base_addr: 0x9000


Info: NV_NVDLA_csb_master.cpp: 157:NV_NVDLA_csb_master::nvdla2csb_b_transport, csb req to SDP_BASE, 


Info: NV_NVDLA_csb_master.cpp: 158:Addr: 0x90d0


Info: NV_NVDLA_csb_master.cpp: 159:Data: 0x0


Info: NV_NVDLA_csb_master.cpp: 160:Is write: 0x1


Info: NV_NVDLA_csb_master.cpp: 161:nposted: 0x0


Info: NV_NVDLA_csb_master.cpp: 54:NV_NVDLA_csb_master::nvdla2csb_b_transport, base_addr: 0x9000


Info: NV_NVDLA_csb_master.cpp: 157:NV_NVDLA_csb_master::nvdla2csb_b_transport, csb req to SDP_BASE, 


Info: NV_NVDLA_csb_master.cpp: 158:Addr: 0x906c


Info: NV_NVDLA_csb_master.cpp: 159:Data: 0x6b


Info: NV_NVDLA_csb_master.cpp: 160:Is write: 0x1


Info: NV_NVDLA_csb_master.cpp: 161:nposted: 0x0


Info: NV_NVDLA_csb_master.cpp: 54:NV_NVDLA_csb_master::nvdla2csb_b_transport, base_addr: 0x9000


Info: NV_NVDLA_csb_master.cpp: 157:NV_NVDLA_csb_master::nvdla2csb_b_transport, csb req to SDP_BASE, 


Info: NV_NVDLA_csb_master.cpp: 158:Addr: 0x9064


Info: NV_NVDLA_csb_master.cpp: 159:Data: 0x2101


Info: NV_NVDLA_csb_master.cpp: 160:Is write: 0x1


Info: NV_NVDLA_csb_master.cpp: 161:nposted: 0x0


Info: NV_NVDLA_csb_master.cpp: 54:NV_NVDLA_csb_master::nvdla2csb_b_transport, base_addr: 0x9000


Info: NV_NVDLA_csb_master.cpp: 157:NV_NVDLA_csb_master::nvdla2csb_b_transport, csb req to SDP_BASE, 


Info: NV_NVDLA_csb_master.cpp: 158:Addr: 0x90a8


Info: NV_NVDLA_csb_master.cpp: 159:Data: 0x18


Info: NV_NVDLA_csb_master.cpp: 160:Is write: 0x1


Info: NV_NVDLA_csb_master.cpp: 161:nposted: 0x0


Info: NV_NVDLA_csb_master.cpp: 54:NV_NVDLA_csb_master::nvdla2csb_b_transport, base_addr: 0x9000


Info: NV_NVDLA_csb_master.cpp: 157:NV_NVDLA_csb_master::nvdla2csb_b_transport, csb req to SDP_BASE, 


Info: NV_NVDLA_csb_master.cpp: 158:Addr: 0x90d8


Info: NV_NVDLA_csb_master.cpp: 159:Data: 0x0


Info: NV_NVDLA_csb_master.cpp: 160:Is write: 0x1


Info: NV_NVDLA_csb_master.cpp: 161:nposted: 0x0


Info: NV_NVDLA_csb_master.cpp: 54:NV_NVDLA_csb_master::nvdla2csb_b_transport, base_addr: 0x9000


Info: NV_NVDLA_csb_master.cpp: 157:NV_NVDLA_csb_master::nvdla2csb_b_transport, csb req to SDP_BASE, 


Info: NV_NVDLA_csb_master.cpp: 158:Addr: 0x90bc


Info: NV_NVDLA_csb_master.cpp: 159:Data: 0x0


Info: NV_NVDLA_csb_master.cpp: 160:Is write: 0x1


Info: NV_NVDLA_csb_master.cpp: 161:nposted: 0x0


Info: NV_NVDLA_csb_master.cpp: 54:NV_NVDLA_csb_master::nvdla2csb_b_transport, base_addr: 0x9000


Info: NV_NVDLA_csb_master.cpp: 157:NV_NVDLA_csb_master::nvdla2csb_b_transport, csb req to SDP_BASE, 


Info: NV_NVDLA_csb_master.cpp: 158:Addr: 0x9058


Info: NV_NVDLA_csb_master.cpp: 159:Data: 0xb


Info: NV_NVDLA_csb_master.cpp: 160:Is write: 0x1


Info: NV_NVDLA_csb_master.cpp: 161:nposted: 0x0


Info: NV_NVDLA_csb_master.cpp: 54:NV_NVDLA_csb_master::nvdla2csb_b_transport, base_addr: 0x9000


Info: NV_NVDLA_csb_master.cpp: 157:NV_NVDLA_csb_master::nvdla2csb_b_transport, csb req to SDP_BASE, 


Info: NV_NVDLA_csb_master.cpp: 158:Addr: 0x908c


Info: NV_NVDLA_csb_master.cpp: 159:Data: 0x42139b55


Info: NV_NVDLA_csb_master.cpp: 160:Is write: 0x1


Info: NV_NVDLA_csb_master.cpp: 161:nposted: 0x0


Info: NV_NVDLA_csb_master.cpp: 54:NV_NVDLA_csb_master::nvdla2csb_b_transport, base_addr: 0x9000


Info: NV_NVDLA_csb_master.cpp: 157:NV_NVDLA_csb_master::nvdla2csb_b_transport, csb req to SDP_BASE, 


Info: NV_NVDLA_csb_master.cpp: 158:Addr: 0x907c


Info: NV_NVDLA_csb_master.cpp: 159:Data: 0x7e67


Info: NV_NVDLA_csb_master.cpp: 160:Is write: 0x1


Info: NV_NVDLA_csb_master.cpp: 161:nposted: 0x0


Info: NV_NVDLA_csb_master.cpp: 54:NV_NVDLA_csb_master::nvdla2csb_b_transport, base_addr: 0x9000


Info: NV_NVDLA_csb_master.cpp: 157:NV_NVDLA_csb_master::nvdla2csb_b_transport, csb req to SDP_BASE, 


Info: NV_NVDLA_csb_master.cpp: 158:Addr: 0x90d4


Info: NV_NVDLA_csb_master.cpp: 159:Data: 0x0


Info: NV_NVDLA_csb_master.cpp: 160:Is write: 0x1


Info: NV_NVDLA_csb_master.cpp: 161:nposted: 0x0


Info: NV_NVDLA_csb_master.cpp: 54:NV_NVDLA_csb_master::nvdla2csb_b_transport, base_addr: 0x9000


Info: NV_NVDLA_csb_master.cpp: 157:NV_NVDLA_csb_master::nvdla2csb_b_transport, csb req to SDP_BASE, 


Info: NV_NVDLA_csb_master.cpp: 158:Addr: 0x903c


Info: NV_NVDLA_csb_master.cpp: 159:Data: 0x0


Info: NV_NVDLA_csb_master.cpp: 160:Is write: 0x1


Info: NV_NVDLA_csb_master.cpp: 161:nposted: 0x0


Info: NV_NVDLA_csb_master.cpp: 54:NV_NVDLA_csb_master::nvdla2csb_b_transport, base_addr: 0x9000


Info: NV_NVDLA_csb_master.cpp: 157:NV_NVDLA_csb_master::nvdla2csb_b_transport, csb req to SDP_BASE, 


Info: NV_NVDLA_csb_master.cpp: 158:Addr: 0x90e8


Info: NV_NVDLA_csb_master.cpp: 159:Data: 0x0


Info: NV_NVDLA_csb_master.cpp: 160:Is write: 0x1


Info: NV_NVDLA_csb_master.cpp: 161:nposted: 0x0


Info: NV_NVDLA_csb_master.cpp: 54:NV_NVDLA_csb_master::nvdla2csb_b_transport, base_addr: 0x9000


Info: NV_NVDLA_csb_master.cpp: 157:NV_NVDLA_csb_master::nvdla2csb_b_transport, csb req to SDP_BASE, 


Info: NV_NVDLA_csb_master.cpp: 158:Addr: 0x90b8


Info: NV_NVDLA_csb_master.cpp: 159:Data: 0xdf4cdbe0


Info: NV_NVDLA_csb_master.cpp: 160:Is write: 0x1


Info: NV_NVDLA_csb_master.cpp: 161:nposted: 0x0


Info: NV_NVDLA_csb_master.cpp: 54:NV_NVDLA_csb_master::nvdla2csb_b_transport, base_addr: 0x9000


Info: NV_NVDLA_csb_master.cpp: 157:NV_NVDLA_csb_master::nvdla2csb_b_transport, csb req to SDP_BASE, 


Info: NV_NVDLA_csb_master.cpp: 158:Addr: 0x90c8


Info: NV_NVDLA_csb_master.cpp: 159:Data: 0x21


Info: NV_NVDLA_csb_master.cpp: 160:Is write: 0x1


Info: NV_NVDLA_csb_master.cpp: 161:nposted: 0x0


Info: NV_NVDLA_csb_master.cpp: 54:NV_NVDLA_csb_master::nvdla2csb_b_transport, base_addr: 0x9000


Info: NV_NVDLA_csb_master.cpp: 157:NV_NVDLA_csb_master::nvdla2csb_b_transport, csb req to SDP_BASE, 


Info: NV_NVDLA_csb_master.cpp: 158:Addr: 0x9088


Info: NV_NVDLA_csb_master.cpp: 159:Data: 0x97e0


Info: NV_NVDLA_csb_master.cpp: 160:Is write: 0x1


Info: NV_NVDLA_csb_master.cpp: 161:nposted: 0x0


Info: NV_NVDLA_csb_master.cpp: 54:NV_NVDLA_csb_master::nvdla2csb_b_transport, base_addr: 0x9000


Info: NV_NVDLA_csb_master.cpp: 157:NV_NVDLA_csb_master::nvdla2csb_b_transport, csb req to SDP_BASE, 


Info: NV_NVDLA_csb_master.cpp: 158:Addr: 0x9094


Info: NV_NVDLA_csb_master.cpp: 159:Data: 0x35


Info: NV_NVDLA_csb_master.cpp: 160:Is write: 0x1


Info: NV_NVDLA_csb_master.cpp: 161:nposted: 0x0


Info: NV_NVDLA_csb_master.cpp: 54:NV_NVDLA_csb_master::nvdla2csb_b_transport, base_addr: 0x9000


Info: NV_NVDLA_csb_master.cpp: 157:NV_NVDLA_csb_master::nvdla2csb_b_transport, csb req to SDP_BASE, 


Info: NV_NVDLA_csb_master.cpp: 158:Addr: 0x9050


Info: NV_NVDLA_csb_master.cpp: 159:Data: 0x8


Info: NV_NVDLA_csb_master.cpp: 160:Is write: 0x1


Info: NV_NVDLA_csb_master.cpp: 161:nposted: 0x0


Info: NV_NVDLA_csb_master.cpp: 54:NV_NVDLA_csb_master::nvdla2csb_b_transport, base_addr: 0x9000


Info: NV_NVDLA_csb_master.cpp: 157:NV_NVDLA_csb_master::nvdla2csb_b_transport, csb req to SDP_BASE, 


Info: NV_NVDLA_csb_master.cpp: 158:Addr: 0x9098


Info: NV_NVDLA_csb_master.cpp: 159:Data: 0x1


Info: NV_NVDLA_csb_master.cpp: 160:Is write: 0x1


Info: NV_NVDLA_csb_master.cpp: 161:nposted: 0x0


Info: NV_NVDLA_csb_master.cpp: 54:NV_NVDLA_csb_master::nvdla2csb_b_transport, base_addr: 0x9000


Info: NV_NVDLA_csb_master.cpp: 157:NV_NVDLA_csb_master::nvdla2csb_b_transport, csb req to SDP_BASE, 


Info: NV_NVDLA_csb_master.cpp: 158:Addr: 0x909c


Info: NV_NVDLA_csb_master.cpp: 159:Data: 0xabc443a9


Info: NV_NVDLA_csb_master.cpp: 160:Is write: 0x1


Info: NV_NVDLA_csb_master.cpp: 161:nposted: 0x0


Info: NV_NVDLA_csb_master.cpp: 54:NV_NVDLA_csb_master::nvdla2csb_b_transport, base_addr: 0x9000


Info: NV_NVDLA_csb_master.cpp: 157:NV_NVDLA_csb_master::nvdla2csb_b_transport, csb req to SDP_BASE, 


Info: NV_NVDLA_csb_master.cpp: 158:Addr: 0x905c


Info: NV_NVDLA_csb_master.cpp: 159:Data: 0xe01


Info: NV_NVDLA_csb_master.cpp: 160:Is write: 0x1


Info: NV_NVDLA_csb_master.cpp: 161:nposted: 0x0


Info: NV_NVDLA_csb_master.cpp: 54:NV_NVDLA_csb_master::nvdla2csb_b_transport, base_addr: 0x9000


Info: NV_NVDLA_csb_master.cpp: 157:NV_NVDLA_csb_master::nvdla2csb_b_transport, csb req to SDP_BASE, 


Info: NV_NVDLA_csb_master.cpp: 158:Addr: 0x90c0


Info: NV_NVDLA_csb_master.cpp: 159:Data: 0x3dc324eb


Info: NV_NVDLA_csb_master.cpp: 160:Is write: 0x1


Info: NV_NVDLA_csb_master.cpp: 161:nposted: 0x0


Info: NV_NVDLA_csb_master.cpp: 54:NV_NVDLA_csb_master::nvdla2csb_b_transport, base_addr: 0x9000


Info: NV_NVDLA_csb_master.cpp: 157:NV_NVDLA_csb_master::nvdla2csb_b_transport, csb req to SDP_BASE, 


Info: NV_NVDLA_csb_master.cpp: 158:Addr: 0x90b4


Info: NV_NVDLA_csb_master.cpp: 159:Data: 0x1


Info: NV_NVDLA_csb_master.cpp: 160:Is write: 0x1


Info: NV_NVDLA_csb_master.cpp: 161:nposted: 0x0


Info: NV_NVDLA_csb_master.cpp: 54:NV_NVDLA_csb_master::nvdla2csb_b_transport, base_addr: 0x9000


Info: NV_NVDLA_csb_master.cpp: 157:NV_NVDLA_csb_master::nvdla2csb_b_transport, csb req to SDP_BASE, 


Info: NV_NVDLA_csb_master.cpp: 158:Addr: 0x90c4


Info: NV_NVDLA_csb_master.cpp: 159:Data: 0xa433


Info: NV_NVDLA_csb_master.cpp: 160:Is write: 0x1


Info: NV_NVDLA_csb_master.cpp: 161:nposted: 0x0


Info: NV_NVDLA_csb_master.cpp: 54:NV_NVDLA_csb_master::nvdla2csb_b_transport, base_addr: 0x9000


Info: NV_NVDLA_csb_master.cpp: 157:NV_NVDLA_csb_master::nvdla2csb_b_transport, csb req to SDP_BASE, 


Info: NV_NVDLA_csb_master.cpp: 158:Addr: 0x9070


Info: NV_NVDLA_csb_master.cpp: 159:Data: 0x1e00


Info: NV_NVDLA_csb_master.cpp: 160:Is write: 0x1


Info: NV_NVDLA_csb_master.cpp: 161:nposted: 0x0


Info: NV_NVDLA_csb_master.cpp: 54:NV_NVDLA_csb_master::nvdla2csb_b_transport, base_addr: 0x9000


Info: NV_NVDLA_csb_master.cpp: 157:NV_NVDLA_csb_master::nvdla2csb_b_transport, csb req to SDP_BASE, 


Info: NV_NVDLA_csb_master.cpp: 158:Addr: 0x9048


Info: NV_NVDLA_csb_master.cpp: 159:Data: 0xf0000000


Info: NV_NVDLA_csb_master.cpp: 160:Is write: 0x1


Info: NV_NVDLA_csb_master.cpp: 161:nposted: 0x0


Info: NV_NVDLA_csb_master.cpp: 54:NV_NVDLA_csb_master::nvdla2csb_b_transport, base_addr: 0x9000


Info: NV_NVDLA_csb_master.cpp: 157:NV_NVDLA_csb_master::nvdla2csb_b_transport, csb req to SDP_BASE, 


Info: NV_NVDLA_csb_master.cpp: 158:Addr: 0x9080


Info: NV_NVDLA_csb_master.cpp: 159:Data: 0x1


Info: NV_NVDLA_csb_master.cpp: 160:Is write: 0x1


Info: NV_NVDLA_csb_master.cpp: 161:nposted: 0x0


Info: NV_NVDLA_csb_master.cpp: 54:NV_NVDLA_csb_master::nvdla2csb_b_transport, base_addr: 0x9000


Info: NV_NVDLA_csb_master.cpp: 157:NV_NVDLA_csb_master::nvdla2csb_b_transport, csb req to SDP_BASE, 


Info: NV_NVDLA_csb_master.cpp: 158:Addr: 0x9078


Info: NV_NVDLA_csb_master.cpp: 159:Data: 0x401


Info: NV_NVDLA_csb_master.cpp: 160:Is write: 0x1


Info: NV_NVDLA_csb_master.cpp: 161:nposted: 0x0


Info: NV_NVDLA_csb_master.cpp: 54:NV_NVDLA_csb_master::nvdla2csb_b_transport, base_addr: 0x9000


Info: NV_NVDLA_csb_master.cpp: 157:NV_NVDLA_csb_master::nvdla2csb_b_transport, csb req to SDP_BASE, 


Info: NV_NVDLA_csb_master.cpp: 158:Addr: 0x9044


Info: NV_NVDLA_csb_master.cpp: 159:Data: 0x0


Info: NV_NVDLA_csb_master.cpp: 160:Is write: 0x1


Info: NV_NVDLA_csb_master.cpp: 161:nposted: 0x0


Info: NV_NVDLA_csb_master.cpp: 54:NV_NVDLA_csb_master::nvdla2csb_b_transport, base_addr: 0x9000


Info: NV_NVDLA_csb_master.cpp: 157:NV_NVDLA_csb_master::nvdla2csb_b_transport, csb req to SDP_BASE, 


Info: NV_NVDLA_csb_master.cpp: 158:Addr: 0x90f8


Info: NV_NVDLA_csb_master.cpp: 159:Data: 0x0


Info: NV_NVDLA_csb_master.cpp: 160:Is write: 0x1


Info: NV_NVDLA_csb_master.cpp: 161:nposted: 0x0


Info: NV_NVDLA_csb_master.cpp: 54:NV_NVDLA_csb_master::nvdla2csb_b_transport, base_addr: 0x9000


Info: NV_NVDLA_csb_master.cpp: 157:NV_NVDLA_csb_master::nvdla2csb_b_transport, csb req to SDP_BASE, 


Info: NV_NVDLA_csb_master.cpp: 158:Addr: 0x90cc


Info: NV_NVDLA_csb_master.cpp: 159:Data: 0x0


Info: NV_NVDLA_csb_master.cpp: 160:Is write: 0x1


Info: NV_NVDLA_csb_master.cpp: 161:nposted: 0x0


Info: NV_NVDLA_csb_master.cpp: 54:NV_NVDLA_csb_master::nvdla2csb_b_transport, base_addr: 0x9000


Info: NV_NVDLA_csb_master.cpp: 157:NV_NVDLA_csb_master::nvdla2csb_b_transport, csb req to SDP_BASE, 


Info: NV_NVDLA_csb_master.cpp: 158:Addr: 0x9068


Info: NV_NVDLA_csb_master.cpp: 159:Data: 0x59c1


Info: NV_NVDLA_csb_master.cpp: 160:Is write: 0x1


Info: NV_NVDLA_csb_master.cpp: 161:nposted: 0x0


Info: NV_NVDLA_csb_master.cpp: 54:NV_NVDLA_csb_master::nvdla2csb_b_transport, base_addr: 0x9000


Info: NV_NVDLA_csb_master.cpp: 157:NV_NVDLA_csb_master::nvdla2csb_b_transport, csb req to SDP_BASE, 


Info: NV_NVDLA_csb_master.cpp: 158:Addr: 0x90dc


Info: NV_NVDLA_csb_master.cpp: 159:Data: 0x7


Info: NV_NVDLA_csb_master.cpp: 160:Is write: 0x1


Info: NV_NVDLA_csb_master.cpp: 161:nposted: 0x0


Info: NV_NVDLA_csb_master.cpp: 54:NV_NVDLA_csb_master::nvdla2csb_b_transport, base_addr: 0x9000


Info: NV_NVDLA_csb_master.cpp: 157:NV_NVDLA_csb_master::nvdla2csb_b_transport, csb req to SDP_BASE, 


Info: NV_NVDLA_csb_master.cpp: 158:Addr: 0x9074


Info: NV_NVDLA_csb_master.cpp: 159:Data: 0x9430


Info: NV_NVDLA_csb_master.cpp: 160:Is write: 0x1


Info: NV_NVDLA_csb_master.cpp: 161:nposted: 0x0


Info: NV_NVDLA_csb_master.cpp: 54:NV_NVDLA_csb_master::nvdla2csb_b_transport, base_addr: 0x9000


Info: NV_NVDLA_csb_master.cpp: 157:NV_NVDLA_csb_master::nvdla2csb_b_transport, csb req to SDP_BASE, 


Info: NV_NVDLA_csb_master.cpp: 158:Addr: 0x9040


Info: NV_NVDLA_csb_master.cpp: 159:Data: 0x0


Info: NV_NVDLA_csb_master.cpp: 160:Is write: 0x1


Info: NV_NVDLA_csb_master.cpp: 161:nposted: 0x0


Info: NV_NVDLA_csb_master.cpp: 54:NV_NVDLA_csb_master::nvdla2csb_b_transport, base_addr: 0x9000


Info: NV_NVDLA_csb_master.cpp: 157:NV_NVDLA_csb_master::nvdla2csb_b_transport, csb req to SDP_BASE, 


Info: NV_NVDLA_csb_master.cpp: 158:Addr: 0x90a4


Info: NV_NVDLA_csb_master.cpp: 159:Data: 0x90b8


Info: NV_NVDLA_csb_master.cpp: 160:Is write: 0x1


Info: NV_NVDLA_csb_master.cpp: 161:nposted: 0x0


Info: NV_NVDLA_csb_master.cpp: 54:NV_NVDLA_csb_master::nvdla2csb_b_transport, base_addr: 0x9000


Info: NV_NVDLA_csb_master.cpp: 157:NV_NVDLA_csb_master::nvdla2csb_b_transport, csb req to SDP_BASE, 


Info: NV_NVDLA_csb_master.cpp: 158:Addr: 0x90b0


Info: NV_NVDLA_csb_master.cpp: 159:Data: 0x9


Info: NV_NVDLA_csb_master.cpp: 160:Is write: 0x1


Info: NV_NVDLA_csb_master.cpp: 161:nposted: 0x0


Info: NV_NVDLA_csb_master.cpp: 54:NV_NVDLA_csb_master::nvdla2csb_b_transport, base_addr: 0x3000


Info: NV_NVDLA_csb_master.cpp: 103:NV_NVDLA_csb_master::nvdla2csb_b_transport, csb req to CDMA_BASE, 


Info: NV_NVDLA_csb_master.cpp: 104:Addr: 0x3004


Info: NV_NVDLA_csb_master.cpp: 105:Data: 0x0


Info: NV_NVDLA_csb_master.cpp: 106:Is write: 0x1


Info: NV_NVDLA_csb_master.cpp: 107:nposted: 0x0


Info: NV_NVDLA_csb_master.cpp: 54:NV_NVDLA_csb_master::nvdla2csb_b_transport, base_addr: 0x3000


Info: NV_NVDLA_csb_master.cpp: 103:NV_NVDLA_csb_master::nvdla2csb_b_transport, csb req to CDMA_BASE, 


Info: NV_NVDLA_csb_master.cpp: 104:Addr: 0x30a4


Info: NV_NVDLA_csb_master.cpp: 105:Data: 0xb0


Info: NV_NVDLA_csb_master.cpp: 106:Is write: 0x1


Info: NV_NVDLA_csb_master.cpp: 107:nposted: 0x0


Info: NV_NVDLA_csb_master.cpp: 54:NV_NVDLA_csb_master::nvdla2csb_b_transport, base_addr: 0x3000


Info: NV_NVDLA_csb_master.cpp: 103:NV_NVDLA_csb_master::nvdla2csb_b_transport, csb req to CDMA_BASE, 


Info: NV_NVDLA_csb_master.cpp: 104:Addr: 0x30c4


Info: NV_NVDLA_csb_master.cpp: 105:Data: 0x0


Info: NV_NVDLA_csb_master.cpp: 106:Is write: 0x1


Info: NV_NVDLA_csb_master.cpp: 107:nposted: 0x0


Info: NV_NVDLA_csb_master.cpp: 54:NV_NVDLA_csb_master::nvdla2csb_b_transport, base_addr: 0x3000


Info: NV_NVDLA_csb_master.cpp: 103:NV_NVDLA_csb_master::nvdla2csb_b_transport, csb req to CDMA_BASE, 


Info: NV_NVDLA_csb_master.cpp: 104:Addr: 0x30d0


Info: NV_NVDLA_csb_master.cpp: 105:Data: 0x0


Info: NV_NVDLA_csb_master.cpp: 106:Is write: 0x1


Info: NV_NVDLA_csb_master.cpp: 107:nposted: 0x0


Info: NV_NVDLA_csb_master.cpp: 54:NV_NVDLA_csb_master::nvdla2csb_b_transport, base_addr: 0x3000


Info: NV_NVDLA_csb_master.cpp: 103:NV_NVDLA_csb_master::nvdla2csb_b_transport, csb req to CDMA_BASE, 


Info: NV_NVDLA_csb_master.cpp: 104:Addr: 0x30a8


Info: NV_NVDLA_csb_master.cpp: 105:Data: 0x36e4


Info: NV_NVDLA_csb_master.cpp: 106:Is write: 0x1


Info: NV_NVDLA_csb_master.cpp: 107:nposted: 0x0


Info: NV_NVDLA_csb_master.cpp: 54:NV_NVDLA_csb_master::nvdla2csb_b_transport, base_addr: 0x3000


Info: NV_NVDLA_csb_master.cpp: 103:NV_NVDLA_csb_master::nvdla2csb_b_transport, csb req to CDMA_BASE, 


Info: NV_NVDLA_csb_master.cpp: 104:Addr: 0x3058


Info: NV_NVDLA_csb_master.cpp: 105:Data: 0x0


Info: NV_NVDLA_csb_master.cpp: 106:Is write: 0x1


Info: NV_NVDLA_csb_master.cpp: 107:nposted: 0x0


Info: NV_NVDLA_csb_master.cpp: 54:NV_NVDLA_csb_master::nvdla2csb_b_transport, base_addr: 0x3000


Info: NV_NVDLA_csb_master.cpp: 103:NV_NVDLA_csb_master::nvdla2csb_b_transport, csb req to CDMA_BASE, 


Info: NV_NVDLA_csb_master.cpp: 104:Addr: 0x30c8


Info: NV_NVDLA_csb_master.cpp: 105:Data: 0x0


Info: NV_NVDLA_csb_master.cpp: 106:Is write: 0x1


Info: NV_NVDLA_csb_master.cpp: 107:nposted: 0x0


Info: NV_NVDLA_csb_master.cpp: 54:NV_NVDLA_csb_master::nvdla2csb_b_transport, base_addr: 0x3000


Info: NV_NVDLA_csb_master.cpp: 103:NV_NVDLA_csb_master::nvdla2csb_b_transport, csb req to CDMA_BASE, 


Info: NV_NVDLA_csb_master.cpp: 104:Addr: 0x30a0


Info: NV_NVDLA_csb_master.cpp: 105:Data: 0x97392cf4


Info: NV_NVDLA_csb_master.cpp: 106:Is write: 0x1


Info: NV_NVDLA_csb_master.cpp: 107:nposted: 0x0


Info: NV_NVDLA_csb_master.cpp: 54:NV_NVDLA_csb_master::nvdla2csb_b_transport, base_addr: 0x3000


Info: NV_NVDLA_csb_master.cpp: 103:NV_NVDLA_csb_master::nvdla2csb_b_transport, csb req to CDMA_BASE, 


Info: NV_NVDLA_csb_master.cpp: 104:Addr: 0x301c


Info: NV_NVDLA_csb_master.cpp: 105:Data: 0x0


Info: NV_NVDLA_csb_master.cpp: 106:Is write: 0x1


Info: NV_NVDLA_csb_master.cpp: 107:nposted: 0x0


Info: NV_NVDLA_csb_master.cpp: 54:NV_NVDLA_csb_master::nvdla2csb_b_transport, base_addr: 0x3000


Info: NV_NVDLA_csb_master.cpp: 103:NV_NVDLA_csb_master::nvdla2csb_b_transport, csb req to CDMA_BASE, 


Info: NV_NVDLA_csb_master.cpp: 104:Addr: 0x304c


Info: NV_NVDLA_csb_master.cpp: 105:Data: 0x0


Info: NV_NVDLA_csb_master.cpp: 106:Is write: 0x1


Info: NV_NVDLA_csb_master.cpp: 107:nposted: 0x0


Info: NV_NVDLA_csb_master.cpp: 54:NV_NVDLA_csb_master::nvdla2csb_b_transport, base_addr: 0x3000


Info: NV_NVDLA_csb_master.cpp: 103:NV_NVDLA_csb_master::nvdla2csb_b_transport, csb req to CDMA_BASE, 


Info: NV_NVDLA_csb_master.cpp: 104:Addr: 0x30dc


Info: NV_NVDLA_csb_master.cpp: 105:Data: 0x0


Info: NV_NVDLA_csb_master.cpp: 106:Is write: 0x1


Info: NV_NVDLA_csb_master.cpp: 107:nposted: 0x0


Info: NV_NVDLA_csb_master.cpp: 54:NV_NVDLA_csb_master::nvdla2csb_b_transport, base_addr: 0x3000


Info: NV_NVDLA_csb_master.cpp: 103:NV_NVDLA_csb_master::nvdla2csb_b_transport, csb req to CDMA_BASE, 


Info: NV_NVDLA_csb_master.cpp: 104:Addr: 0x3064


Info: NV_NVDLA_csb_master.cpp: 105:Data: 0x0


Info: NV_NVDLA_csb_master.cpp: 106:Is write: 0x1


Info: NV_NVDLA_csb_master.cpp: 107:nposted: 0x0


Info: NV_NVDLA_csb_master.cpp: 54:NV_NVDLA_csb_master::nvdla2csb_b_transport, base_addr: 0x3000


Info: NV_NVDLA_csb_master.cpp: 103:NV_NVDLA_csb_master::nvdla2csb_b_transport, csb req to CDMA_BASE, 


Info: NV_NVDLA_csb_master.cpp: 104:Addr: 0x30cc


Info: NV_NVDLA_csb_master.cpp: 105:Data: 0x0


Info: NV_NVDLA_csb_master.cpp: 106:Is write: 0x1


Info: NV_NVDLA_csb_master.cpp: 107:nposted: 0x0


Info: NV_NVDLA_csb_master.cpp: 54:NV_NVDLA_csb_master::nvdla2csb_b_transport, base_addr: 0x3000


Info: NV_NVDLA_csb_master.cpp: 103:NV_NVDLA_csb_master::nvdla2csb_b_transport, csb req to CDMA_BASE, 


Info: NV_NVDLA_csb_master.cpp: 104:Addr: 0x3000


Info: NV_NVDLA_csb_master.cpp: 105:Data: 0x0


Info: NV_NVDLA_csb_master.cpp: 106:Is write: 0x1


Info: NV_NVDLA_csb_master.cpp: 107:nposted: 0x0


Info: NV_NVDLA_csb_master.cpp: 54:NV_NVDLA_csb_master::nvdla2csb_b_transport, base_addr: 0x3000


Info: NV_NVDLA_csb_master.cpp: 103:NV_NVDLA_csb_master::nvdla2csb_b_transport, csb req to CDMA_BASE, 


Info: NV_NVDLA_csb_master.cpp: 104:Addr: 0x3098


Info: NV_NVDLA_csb_master.cpp: 105:Data: 0x0


Info: NV_NVDLA_csb_master.cpp: 106:Is write: 0x1


Info: NV_NVDLA_csb_master.cpp: 107:nposted: 0x0


Info: NV_NVDLA_csb_master.cpp: 54:NV_NVDLA_csb_master::nvdla2csb_b_transport, base_addr: 0x3000


Info: NV_NVDLA_csb_master.cpp: 103:NV_NVDLA_csb_master::nvdla2csb_b_transport, csb req to CDMA_BASE, 


Info: NV_NVDLA_csb_master.cpp: 104:Addr: 0x3014


Info: NV_NVDLA_csb_master.cpp: 105:Data: 0x10000000


Info: NV_NVDLA_csb_master.cpp: 106:Is write: 0x1


Info: NV_NVDLA_csb_master.cpp: 107:nposted: 0x0


Info: NV_NVDLA_csb_master.cpp: 54:NV_NVDLA_csb_master::nvdla2csb_b_transport, base_addr: 0x3000


Info: NV_NVDLA_csb_master.cpp: 103:NV_NVDLA_csb_master::nvdla2csb_b_transport, csb req to CDMA_BASE, 


Info: NV_NVDLA_csb_master.cpp: 104:Addr: 0x303c


Info: NV_NVDLA_csb_master.cpp: 105:Data: 0x62189ce0


Info: NV_NVDLA_csb_master.cpp: 106:Is write: 0x1


Info: NV_NVDLA_csb_master.cpp: 107:nposted: 0x0


Info: NV_NVDLA_csb_master.cpp: 54:NV_NVDLA_csb_master::nvdla2csb_b_transport, base_addr: 0x3000


Info: NV_NVDLA_csb_master.cpp: 103:NV_NVDLA_csb_master::nvdla2csb_b_transport, csb req to CDMA_BASE, 


Info: NV_NVDLA_csb_master.cpp: 104:Addr: 0x3084


Info: NV_NVDLA_csb_master.cpp: 105:Data: 0x79


Info: NV_NVDLA_csb_master.cpp: 106:Is write: 0x1


Info: NV_NVDLA_csb_master.cpp: 107:nposted: 0x0


Info: NV_NVDLA_csb_master.cpp: 54:NV_NVDLA_csb_master::nvdla2csb_b_transport, base_addr: 0x3000


Info: NV_NVDLA_csb_master.cpp: 103:NV_NVDLA_csb_master::nvdla2csb_b_transport, csb req to CDMA_BASE, 


Info: NV_NVDLA_csb_master.cpp: 104:Addr: 0x30e8


Info: NV_NVDLA_csb_master.cpp: 105:Data: 0xaaaadb06


Info: NV_NVDLA_csb_master.cpp: 106:Is write: 0x1


Info: NV_NVDLA_csb_master.cpp: 107:nposted: 0x0


Info: NV_NVDLA_csb_master.cpp: 54:NV_NVDLA_csb_master::nvdla2csb_b_transport, base_addr: 0x3000


Info: NV_NVDLA_csb_master.cpp: 103:NV_NVDLA_csb_master::nvdla2csb_b_transport, csb req to CDMA_BASE, 


Info: NV_NVDLA_csb_master.cpp: 104:Addr: 0x30e4


Info: NV_NVDLA_csb_master.cpp: 105:Data: 0x0


Info: NV_NVDLA_csb_master.cpp: 106:Is write: 0x1


Info: NV_NVDLA_csb_master.cpp: 107:nposted: 0x0


Info: NV_NVDLA_csb_master.cpp: 54:NV_NVDLA_csb_master::nvdla2csb_b_transport, base_addr: 0x3000


Info: NV_NVDLA_csb_master.cpp: 103:NV_NVDLA_csb_master::nvdla2csb_b_transport, csb req to CDMA_BASE, 


Info: NV_NVDLA_csb_master.cpp: 104:Addr: 0x30e0


Info: NV_NVDLA_csb_master.cpp: 105:Data: 0x0


Info: NV_NVDLA_csb_master.cpp: 106:Is write: 0x1


Info: NV_NVDLA_csb_master.cpp: 107:nposted: 0x0


Info: NV_NVDLA_csb_master.cpp: 54:NV_NVDLA_csb_master::nvdla2csb_b_transport, base_addr: 0x3000


Info: NV_NVDLA_csb_master.cpp: 103:NV_NVDLA_csb_master::nvdla2csb_b_transport, csb req to CDMA_BASE, 


Info: NV_NVDLA_csb_master.cpp: 104:Addr: 0x300c


Info: NV_NVDLA_csb_master.cpp: 105:Data: 0x0


Info: NV_NVDLA_csb_master.cpp: 106:Is write: 0x1


Info: NV_NVDLA_csb_master.cpp: 107:nposted: 0x0


Info: NV_NVDLA_csb_master.cpp: 54:NV_NVDLA_csb_master::nvdla2csb_b_transport, base_addr: 0x3000


Info: NV_NVDLA_csb_master.cpp: 103:NV_NVDLA_csb_master::nvdla2csb_b_transport, csb req to CDMA_BASE, 


Info: NV_NVDLA_csb_master.cpp: 104:Addr: 0x30d4


Info: NV_NVDLA_csb_master.cpp: 105:Data: 0x0


Info: NV_NVDLA_csb_master.cpp: 106:Is write: 0x1


Info: NV_NVDLA_csb_master.cpp: 107:nposted: 0x0


Info: NV_NVDLA_csb_master.cpp: 54:NV_NVDLA_csb_master::nvdla2csb_b_transport, base_addr: 0x3000


Info: NV_NVDLA_csb_master.cpp: 103:NV_NVDLA_csb_master::nvdla2csb_b_transport, csb req to CDMA_BASE, 


Info: NV_NVDLA_csb_master.cpp: 104:Addr: 0x3060


Info: NV_NVDLA_csb_master.cpp: 105:Data: 0x0


Info: NV_NVDLA_csb_master.cpp: 106:Is write: 0x1


Info: NV_NVDLA_csb_master.cpp: 107:nposted: 0x0


Info: NV_NVDLA_csb_master.cpp: 54:NV_NVDLA_csb_master::nvdla2csb_b_transport, base_addr: 0x3000


Info: NV_NVDLA_csb_master.cpp: 103:NV_NVDLA_csb_master::nvdla2csb_b_transport, csb req to CDMA_BASE, 


Info: NV_NVDLA_csb_master.cpp: 104:Addr: 0x309c


Info: NV_NVDLA_csb_master.cpp: 105:Data: 0xfec724c9


Info: NV_NVDLA_csb_master.cpp: 106:Is write: 0x1


Info: NV_NVDLA_csb_master.cpp: 107:nposted: 0x0


Info: NV_NVDLA_csb_master.cpp: 54:NV_NVDLA_csb_master::nvdla2csb_b_transport, base_addr: 0x3000


Info: NV_NVDLA_csb_master.cpp: 103:NV_NVDLA_csb_master::nvdla2csb_b_transport, csb req to CDMA_BASE, 


Info: NV_NVDLA_csb_master.cpp: 104:Addr: 0x3080


Info: NV_NVDLA_csb_master.cpp: 105:Data: 0x80


Info: NV_NVDLA_csb_master.cpp: 106:Is write: 0x1


Info: NV_NVDLA_csb_master.cpp: 107:nposted: 0x0


Info: NV_NVDLA_csb_master.cpp: 54:NV_NVDLA_csb_master::nvdla2csb_b_transport, base_addr: 0x3000


Info: NV_NVDLA_csb_master.cpp: 103:NV_NVDLA_csb_master::nvdla2csb_b_transport, csb req to CDMA_BASE, 


Info: NV_NVDLA_csb_master.cpp: 104:Addr: 0x3034


Info: NV_NVDLA_csb_master.cpp: 105:Data: 0xc0000000


Info: NV_NVDLA_csb_master.cpp: 106:Is write: 0x1


Info: NV_NVDLA_csb_master.cpp: 107:nposted: 0x0


Info: NV_NVDLA_csb_master.cpp: 54:NV_NVDLA_csb_master::nvdla2csb_b_transport, base_addr: 0x3000


Info: NV_NVDLA_csb_master.cpp: 103:NV_NVDLA_csb_master::nvdla2csb_b_transport, csb req to CDMA_BASE, 


Info: NV_NVDLA_csb_master.cpp: 104:Addr: 0x30b8


Info: NV_NVDLA_csb_master.cpp: 105:Data: 0xd0c0


Info: NV_NVDLA_csb_master.cpp: 106:Is write: 0x1


Info: NV_NVDLA_csb_master.cpp: 107:nposted: 0x0


Info: NV_NVDLA_csb_master.cpp: 54:NV_NVDLA_csb_master::nvdla2csb_b_transport, base_addr: 0x3000


Info: NV_NVDLA_csb_master.cpp: 103:NV_NVDLA_csb_master::nvdla2csb_b_transport, csb req to CDMA_BASE, 


Info: NV_NVDLA_csb_master.cpp: 104:Addr: 0x3040


Info: NV_NVDLA_csb_master.cpp: 105:Data: 0x1c0


Info: NV_NVDLA_csb_master.cpp: 106:Is write: 0x1


Info: NV_NVDLA_csb_master.cpp: 107:nposted: 0x0


Info: NV_NVDLA_csb_master.cpp: 54:NV_NVDLA_csb_master::nvdla2csb_b_transport, base_addr: 0x3000


Info: NV_NVDLA_csb_master.cpp: 103:NV_NVDLA_csb_master::nvdla2csb_b_transport, csb req to CDMA_BASE, 


Info: NV_NVDLA_csb_master.cpp: 104:Addr: 0x3028


Info: NV_NVDLA_csb_master.cpp: 105:Data: 0x20003


Info: NV_NVDLA_csb_master.cpp: 106:Is write: 0x1


Info: NV_NVDLA_csb_master.cpp: 107:nposted: 0x0


Info: NV_NVDLA_csb_master.cpp: 54:NV_NVDLA_csb_master::nvdla2csb_b_transport, base_addr: 0x3000


Info: NV_NVDLA_csb_master.cpp: 103:NV_NVDLA_csb_master::nvdla2csb_b_transport, csb req to CDMA_BASE, 


Info: NV_NVDLA_csb_master.cpp: 104:Addr: 0x3094


Info: NV_NVDLA_csb_master.cpp: 105:Data: 0x2399f80


Info: NV_NVDLA_csb_master.cpp: 106:Is write: 0x1


Info: NV_NVDLA_csb_master.cpp: 107:nposted: 0x0


Info: NV_NVDLA_csb_master.cpp: 54:NV_NVDLA_csb_master::nvdla2csb_b_transport, base_addr: 0x3000


Info: NV_NVDLA_csb_master.cpp: 103:NV_NVDLA_csb_master::nvdla2csb_b_transport, csb req to CDMA_BASE, 


Info: NV_NVDLA_csb_master.cpp: 104:Addr: 0x3074


Info: NV_NVDLA_csb_master.cpp: 105:Data: 0x1


Info: NV_NVDLA_csb_master.cpp: 106:Is write: 0x1


Info: NV_NVDLA_csb_master.cpp: 107:nposted: 0x0


Info: NV_NVDLA_csb_master.cpp: 54:NV_NVDLA_csb_master::nvdla2csb_b_transport, base_addr: 0x3000


Info: NV_NVDLA_csb_master.cpp: 103:NV_NVDLA_csb_master::nvdla2csb_b_transport, csb req to CDMA_BASE, 


Info: NV_NVDLA_csb_master.cpp: 104:Addr: 0x30ac


Info: NV_NVDLA_csb_master.cpp: 105:Data: 0xf9fa


Info: NV_NVDLA_csb_master.cpp: 106:Is write: 0x1


Info: NV_NVDLA_csb_master.cpp: 107:nposted: 0x0


Info: NV_NVDLA_csb_master.cpp: 54:NV_NVDLA_csb_master::nvdla2csb_b_transport, base_addr: 0x3000


Info: NV_NVDLA_csb_master.cpp: 103:NV_NVDLA_csb_master::nvdla2csb_b_transport, csb req to CDMA_BASE, 


Info: NV_NVDLA_csb_master.cpp: 104:Addr: 0x3048


Info: NV_NVDLA_csb_master.cpp: 105:Data: 0x2100


Info: NV_NVDLA_csb_master.cpp: 106:Is write: 0x1


Info: NV_NVDLA_csb_master.cpp: 107:nposted: 0x0


Info: NV_NVDLA_csb_master.cpp: 54:NV_NVDLA_csb_master::nvdla2csb_b_transport, base_addr: 0x3000


Info: NV_NVDLA_csb_master.cpp: 103:NV_NVDLA_csb_master::nvdla2csb_b_transport, csb req to CDMA_BASE, 


Info: NV_NVDLA_csb_master.cpp: 104:Addr: 0x308c


Info: NV_NVDLA_csb_master.cpp: 105:Data: 0xcc


Info: NV_NVDLA_csb_master.cpp: 106:Is write: 0x1


Info: NV_NVDLA_csb_master.cpp: 107:nposted: 0x0


Info: NV_NVDLA_csb_master.cpp: 54:NV_NVDLA_csb_master::nvdla2csb_b_transport, base_addr: 0x3000


Info: NV_NVDLA_csb_master.cpp: 103:NV_NVDLA_csb_master::nvdla2csb_b_transport, csb req to CDMA_BASE, 


Info: NV_NVDLA_csb_master.cpp: 104:Addr: 0x307c


Info: NV_NVDLA_csb_master.cpp: 105:Data: 0xd0000000


Info: NV_NVDLA_csb_master.cpp: 106:Is write: 0x1


Info: NV_NVDLA_csb_master.cpp: 107:nposted: 0x0


Info: NV_NVDLA_csb_master.cpp: 54:NV_NVDLA_csb_master::nvdla2csb_b_transport, base_addr: 0x3000


Info: NV_NVDLA_csb_master.cpp: 103:NV_NVDLA_csb_master::nvdla2csb_b_transport, csb req to CDMA_BASE, 


Info: NV_NVDLA_csb_master.cpp: 104:Addr: 0x3020


Info: NV_NVDLA_csb_master.cpp: 105:Data: 0x7


Info: NV_NVDLA_csb_master.cpp: 106:Is write: 0x1


Info: NV_NVDLA_csb_master.cpp: 107:nposted: 0x0


Info: NV_NVDLA_csb_master.cpp: 54:NV_NVDLA_csb_master::nvdla2csb_b_transport, base_addr: 0x3000


Info: NV_NVDLA_csb_master.cpp: 103:NV_NVDLA_csb_master::nvdla2csb_b_transport, csb req to CDMA_BASE, 


Info: NV_NVDLA_csb_master.cpp: 104:Addr: 0x3090


Info: NV_NVDLA_csb_master.cpp: 105:Data: 0x50b37f00


Info: NV_NVDLA_csb_master.cpp: 106:Is write: 0x1


Info: NV_NVDLA_csb_master.cpp: 107:nposted: 0x0


Info: NV_NVDLA_csb_master.cpp: 54:NV_NVDLA_csb_master::nvdla2csb_b_transport, base_addr: 0x3000


Info: NV_NVDLA_csb_master.cpp: 103:NV_NVDLA_csb_master::nvdla2csb_b_transport, csb req to CDMA_BASE, 


Info: NV_NVDLA_csb_master.cpp: 104:Addr: 0x3078


Info: NV_NVDLA_csb_master.cpp: 105:Data: 0x0


Info: NV_NVDLA_csb_master.cpp: 106:Is write: 0x1


Info: NV_NVDLA_csb_master.cpp: 107:nposted: 0x0


Info: NV_NVDLA_csb_master.cpp: 54:NV_NVDLA_csb_master::nvdla2csb_b_transport, base_addr: 0x3000


Info: NV_NVDLA_csb_master.cpp: 103:NV_NVDLA_csb_master::nvdla2csb_b_transport, csb req to CDMA_BASE, 


Info: NV_NVDLA_csb_master.cpp: 104:Addr: 0x3008


Info: NV_NVDLA_csb_master.cpp: 105:Data: 0xb0007


Info: NV_NVDLA_csb_master.cpp: 106:Is write: 0x1


Info: NV_NVDLA_csb_master.cpp: 107:nposted: 0x0


Info: NV_NVDLA_csb_master.cpp: 54:NV_NVDLA_csb_master::nvdla2csb_b_transport, base_addr: 0x3000


Info: NV_NVDLA_csb_master.cpp: 103:NV_NVDLA_csb_master::nvdla2csb_b_transport, csb req to CDMA_BASE, 


Info: NV_NVDLA_csb_master.cpp: 104:Addr: 0x30c0


Info: NV_NVDLA_csb_master.cpp: 105:Data: 0x1


Info: NV_NVDLA_csb_master.cpp: 106:Is write: 0x1


Info: NV_NVDLA_csb_master.cpp: 107:nposted: 0x0


Info: NV_NVDLA_csb_master.cpp: 54:NV_NVDLA_csb_master::nvdla2csb_b_transport, base_addr: 0x3000


Info: NV_NVDLA_csb_master.cpp: 103:NV_NVDLA_csb_master::nvdla2csb_b_transport, csb req to CDMA_BASE, 


Info: NV_NVDLA_csb_master.cpp: 104:Addr: 0x3038


Info: NV_NVDLA_csb_master.cpp: 105:Data: 0x7c


Info: NV_NVDLA_csb_master.cpp: 106:Is write: 0x1


Info: NV_NVDLA_csb_master.cpp: 107:nposted: 0x0


Info: NV_NVDLA_csb_master.cpp: 54:NV_NVDLA_csb_master::nvdla2csb_b_transport, base_addr: 0x3000


Info: NV_NVDLA_csb_master.cpp: 103:NV_NVDLA_csb_master::nvdla2csb_b_transport, csb req to CDMA_BASE, 


Info: NV_NVDLA_csb_master.cpp: 104:Addr: 0x3068


Info: NV_NVDLA_csb_master.cpp: 105:Data: 0x0


Info: NV_NVDLA_csb_master.cpp: 106:Is write: 0x1


Info: NV_NVDLA_csb_master.cpp: 107:nposted: 0x0


Info: NV_NVDLA_csb_master.cpp: 54:NV_NVDLA_csb_master::nvdla2csb_b_transport, base_addr: 0x3000


Info: NV_NVDLA_csb_master.cpp: 103:NV_NVDLA_csb_master::nvdla2csb_b_transport, csb req to CDMA_BASE, 


Info: NV_NVDLA_csb_master.cpp: 104:Addr: 0x3024


Info: NV_NVDLA_csb_master.cpp: 105:Data: 0x0


Info: NV_NVDLA_csb_master.cpp: 106:Is write: 0x1


Info: NV_NVDLA_csb_master.cpp: 107:nposted: 0x0


Info: NV_NVDLA_csb_master.cpp: 54:NV_NVDLA_csb_master::nvdla2csb_b_transport, base_addr: 0x3000


Info: NV_NVDLA_csb_master.cpp: 103:NV_NVDLA_csb_master::nvdla2csb_b_transport, csb req to CDMA_BASE, 


Info: NV_NVDLA_csb_master.cpp: 104:Addr: 0x302c


Info: NV_NVDLA_csb_master.cpp: 105:Data: 0x1


Info: NV_NVDLA_csb_master.cpp: 106:Is write: 0x1


Info: NV_NVDLA_csb_master.cpp: 107:nposted: 0x0


Info: NV_NVDLA_csb_master.cpp: 54:NV_NVDLA_csb_master::nvdla2csb_b_transport, base_addr: 0x3000


Info: NV_NVDLA_csb_master.cpp: 103:NV_NVDLA_csb_master::nvdla2csb_b_transport, csb req to CDMA_BASE, 


Info: NV_NVDLA_csb_master.cpp: 104:Addr: 0x306c


Info: NV_NVDLA_csb_master.cpp: 105:Data: 0x7


Info: NV_NVDLA_csb_master.cpp: 106:Is write: 0x1


Info: NV_NVDLA_csb_master.cpp: 107:nposted: 0x0


Info: NV_NVDLA_csb_master.cpp: 54:NV_NVDLA_csb_master::nvdla2csb_b_transport, base_addr: 0x3000


Info: NV_NVDLA_csb_master.cpp: 103:NV_NVDLA_csb_master::nvdla2csb_b_transport, csb req to CDMA_BASE, 


Info: NV_NVDLA_csb_master.cpp: 104:Addr: 0x3030


Info: NV_NVDLA_csb_master.cpp: 105:Data: 0x0


Info: NV_NVDLA_csb_master.cpp: 106:Is write: 0x1


Info: NV_NVDLA_csb_master.cpp: 107:nposted: 0x0


Info: NV_NVDLA_csb_master.cpp: 54:NV_NVDLA_csb_master::nvdla2csb_b_transport, base_addr: 0x3000


Info: NV_NVDLA_csb_master.cpp: 103:NV_NVDLA_csb_master::nvdla2csb_b_transport, csb req to CDMA_BASE, 


Info: NV_NVDLA_csb_master.cpp: 104:Addr: 0x30d8


Info: NV_NVDLA_csb_master.cpp: 105:Data: 0x0


Info: NV_NVDLA_csb_master.cpp: 106:Is write: 0x1


Info: NV_NVDLA_csb_master.cpp: 107:nposted: 0x0


Info: NV_NVDLA_csb_master.cpp: 54:NV_NVDLA_csb_master::nvdla2csb_b_transport, base_addr: 0x3000


Info: NV_NVDLA_csb_master.cpp: 103:NV_NVDLA_csb_master::nvdla2csb_b_transport, csb req to CDMA_BASE, 


Info: NV_NVDLA_csb_master.cpp: 104:Addr: 0x3018


Info: NV_NVDLA_csb_master.cpp: 105:Data: 0x400


Info: NV_NVDLA_csb_master.cpp: 106:Is write: 0x1


Info: NV_NVDLA_csb_master.cpp: 107:nposted: 0x0


Info: NV_NVDLA_csb_master.cpp: 54:NV_NVDLA_csb_master::nvdla2csb_b_transport, base_addr: 0x3000


Info: NV_NVDLA_csb_master.cpp: 103:NV_NVDLA_csb_master::nvdla2csb_b_transport, csb req to CDMA_BASE, 


Info: NV_NVDLA_csb_master.cpp: 104:Addr: 0x3088


Info: NV_NVDLA_csb_master.cpp: 105:Data: 0x94654220


Info: NV_NVDLA_csb_master.cpp: 106:Is write: 0x1


Info: NV_NVDLA_csb_master.cpp: 107:nposted: 0x0


Info: NV_NVDLA_csb_master.cpp: 54:NV_NVDLA_csb_master::nvdla2csb_b_transport, base_addr: 0x3000


Info: NV_NVDLA_csb_master.cpp: 103:NV_NVDLA_csb_master::nvdla2csb_b_transport, csb req to CDMA_BASE, 


Info: NV_NVDLA_csb_master.cpp: 104:Addr: 0x30b0


Info: NV_NVDLA_csb_master.cpp: 105:Data: 0x10000


Info: NV_NVDLA_csb_master.cpp: 106:Is write: 0x1


Info: NV_NVDLA_csb_master.cpp: 107:nposted: 0x0


Info: NV_NVDLA_csb_master.cpp: 54:NV_NVDLA_csb_master::nvdla2csb_b_transport, base_addr: 0x3000


Info: NV_NVDLA_csb_master.cpp: 103:NV_NVDLA_csb_master::nvdla2csb_b_transport, csb req to CDMA_BASE, 


Info: NV_NVDLA_csb_master.cpp: 104:Addr: 0x30bc


Info: NV_NVDLA_csb_master.cpp: 105:Data: 0x70006


Info: NV_NVDLA_csb_master.cpp: 106:Is write: 0x1


Info: NV_NVDLA_csb_master.cpp: 107:nposted: 0x0


Info: NV_NVDLA_csb_master.cpp: 54:NV_NVDLA_csb_master::nvdla2csb_b_transport, base_addr: 0x3000


Info: NV_NVDLA_csb_master.cpp: 103:NV_NVDLA_csb_master::nvdla2csb_b_transport, csb req to CDMA_BASE, 


Info: NV_NVDLA_csb_master.cpp: 104:Addr: 0x3044


Info: NV_NVDLA_csb_master.cpp: 105:Data: 0xf0e1fb40


Info: NV_NVDLA_csb_master.cpp: 106:Is write: 0x1


Info: NV_NVDLA_csb_master.cpp: 107:nposted: 0x0


Info: NV_NVDLA_csb_master.cpp: 54:NV_NVDLA_csb_master::nvdla2csb_b_transport, base_addr: 0x3000


Info: NV_NVDLA_csb_master.cpp: 103:NV_NVDLA_csb_master::nvdla2csb_b_transport, csb req to CDMA_BASE, 


Info: NV_NVDLA_csb_master.cpp: 104:Addr: 0x305c


Info: NV_NVDLA_csb_master.cpp: 105:Data: 0x0


Info: NV_NVDLA_csb_master.cpp: 106:Is write: 0x1


Info: NV_NVDLA_csb_master.cpp: 107:nposted: 0x0


Info: NV_NVDLA_csb_master.cpp: 54:NV_NVDLA_csb_master::nvdla2csb_b_transport, base_addr: 0x3000


Info: NV_NVDLA_csb_master.cpp: 103:NV_NVDLA_csb_master::nvdla2csb_b_transport, csb req to CDMA_BASE, 


Info: NV_NVDLA_csb_master.cpp: 104:Addr: 0x3070


Info: NV_NVDLA_csb_master.cpp: 105:Data: 0x0


Info: NV_NVDLA_csb_master.cpp: 106:Is write: 0x1


Info: NV_NVDLA_csb_master.cpp: 107:nposted: 0x0


Info: NV_NVDLA_csb_master.cpp: 54:NV_NVDLA_csb_master::nvdla2csb_b_transport, base_addr: 0x3000


Info: NV_NVDLA_csb_master.cpp: 103:NV_NVDLA_csb_master::nvdla2csb_b_transport, csb req to CDMA_BASE, 


Info: NV_NVDLA_csb_master.cpp: 104:Addr: 0x30b4


Info: NV_NVDLA_csb_master.cpp: 105:Data: 0x0


Info: NV_NVDLA_csb_master.cpp: 106:Is write: 0x1


Info: NV_NVDLA_csb_master.cpp: 107:nposted: 0x0


Info: NV_NVDLA_csb_master.cpp: 54:NV_NVDLA_csb_master::nvdla2csb_b_transport, base_addr: 0x4000


Info: NV_NVDLA_csb_master.cpp: 112:NV_NVDLA_csb_master::nvdla2csb_b_transport, csb req to CSC_BASE, 


Info: NV_NVDLA_csb_master.cpp: 113:Addr: 0x4004


Info: NV_NVDLA_csb_master.cpp: 114:Data: 0x0


Info: NV_NVDLA_csb_master.cpp: 115:Is write: 0x1


Info: NV_NVDLA_csb_master.cpp: 116:nposted: 0x0


Info: NV_NVDLA_csb_master.cpp: 54:NV_NVDLA_csb_master::nvdla2csb_b_transport, base_addr: 0x4000


Info: NV_NVDLA_csb_master.cpp: 112:NV_NVDLA_csb_master::nvdla2csb_b_transport, csb req to CSC_BASE, 


Info: NV_NVDLA_csb_master.cpp: 113:Addr: 0x4048


Info: NV_NVDLA_csb_master.cpp: 114:Data: 0x0


Info: NV_NVDLA_csb_master.cpp: 115:Is write: 0x1


Info: NV_NVDLA_csb_master.cpp: 116:nposted: 0x0


Info: NV_NVDLA_csb_master.cpp: 54:NV_NVDLA_csb_master::nvdla2csb_b_transport, base_addr: 0x4000


Info: NV_NVDLA_csb_master.cpp: 112:NV_NVDLA_csb_master::nvdla2csb_b_transport, csb req to CSC_BASE, 


Info: NV_NVDLA_csb_master.cpp: 113:Addr: 0x403c


Info: NV_NVDLA_csb_master.cpp: 114:Data: 0x0


Info: NV_NVDLA_csb_master.cpp: 115:Is write: 0x1


Info: NV_NVDLA_csb_master.cpp: 116:nposted: 0x0


Info: NV_NVDLA_csb_master.cpp: 54:NV_NVDLA_csb_master::nvdla2csb_b_transport, base_addr: 0x4000


Info: NV_NVDLA_csb_master.cpp: 112:NV_NVDLA_csb_master::nvdla2csb_b_transport, csb req to CSC_BASE, 


Info: NV_NVDLA_csb_master.cpp: 113:Addr: 0x4020


Info: NV_NVDLA_csb_master.cpp: 114:Data: 0x0


Info: NV_NVDLA_csb_master.cpp: 115:Is write: 0x1


Info: NV_NVDLA_csb_master.cpp: 116:nposted: 0x0


Info: NV_NVDLA_csb_master.cpp: 54:NV_NVDLA_csb_master::nvdla2csb_b_transport, base_addr: 0x4000


Info: NV_NVDLA_csb_master.cpp: 112:NV_NVDLA_csb_master::nvdla2csb_b_transport, csb req to CSC_BASE, 


Info: NV_NVDLA_csb_master.cpp: 113:Addr: 0x401c


Info: NV_NVDLA_csb_master.cpp: 114:Data: 0x0


Info: NV_NVDLA_csb_master.cpp: 115:Is write: 0x1


Info: NV_NVDLA_csb_master.cpp: 116:nposted: 0x0


Info: NV_NVDLA_csb_master.cpp: 54:NV_NVDLA_csb_master::nvdla2csb_b_transport, base_addr: 0x4000


Info: NV_NVDLA_csb_master.cpp: 112:NV_NVDLA_csb_master::nvdla2csb_b_transport, csb req to CSC_BASE, 


Info: NV_NVDLA_csb_master.cpp: 113:Addr: 0x4034


Info: NV_NVDLA_csb_master.cpp: 114:Data: 0x80


Info: NV_NVDLA_csb_master.cpp: 115:Is write: 0x1


Info: NV_NVDLA_csb_master.cpp: 116:nposted: 0x0


Info: NV_NVDLA_csb_master.cpp: 54:NV_NVDLA_csb_master::nvdla2csb_b_transport, base_addr: 0x4000


Info: NV_NVDLA_csb_master.cpp: 112:NV_NVDLA_csb_master::nvdla2csb_b_transport, csb req to CSC_BASE, 


Info: NV_NVDLA_csb_master.cpp: 113:Addr: 0x402c


Info: NV_NVDLA_csb_master.cpp: 114:Data: 0x0


Info: NV_NVDLA_csb_master.cpp: 115:Is write: 0x1


Info: NV_NVDLA_csb_master.cpp: 116:nposted: 0x0


Info: NV_NVDLA_csb_master.cpp: 54:NV_NVDLA_csb_master::nvdla2csb_b_transport, base_addr: 0x4000


Info: NV_NVDLA_csb_master.cpp: 112:NV_NVDLA_csb_master::nvdla2csb_b_transport, csb req to CSC_BASE, 


Info: NV_NVDLA_csb_master.cpp: 113:Addr: 0x4040


Info: NV_NVDLA_csb_master.cpp: 114:Data: 0x0


Info: NV_NVDLA_csb_master.cpp: 115:Is write: 0x1


Info: NV_NVDLA_csb_master.cpp: 116:nposted: 0x0


Info: NV_NVDLA_csb_master.cpp: 54:NV_NVDLA_csb_master::nvdla2csb_b_transport, base_addr: 0x4000


Info: NV_NVDLA_csb_master.cpp: 112:NV_NVDLA_csb_master::nvdla2csb_b_transport, csb req to CSC_BASE, 


Info: NV_NVDLA_csb_master.cpp: 113:Addr: 0x4060


Info: NV_NVDLA_csb_master.cpp: 114:Data: 0x1


Info: NV_NVDLA_csb_master.cpp: 115:Is write: 0x1


Info: NV_NVDLA_csb_master.cpp: 116:nposted: 0x0


Info: NV_NVDLA_csb_master.cpp: 54:NV_NVDLA_csb_master::nvdla2csb_b_transport, base_addr: 0x4000


Info: NV_NVDLA_csb_master.cpp: 112:NV_NVDLA_csb_master::nvdla2csb_b_transport, csb req to CSC_BASE, 


Info: NV_NVDLA_csb_master.cpp: 113:Addr: 0x4014


Info: NV_NVDLA_csb_master.cpp: 114:Data: 0x0


Info: NV_NVDLA_csb_master.cpp: 115:Is write: 0x1


Info: NV_NVDLA_csb_master.cpp: 116:nposted: 0x0


Info: NV_NVDLA_csb_master.cpp: 54:NV_NVDLA_csb_master::nvdla2csb_b_transport, base_addr: 0x4000


Info: NV_NVDLA_csb_master.cpp: 112:NV_NVDLA_csb_master::nvdla2csb_b_transport, csb req to CSC_BASE, 


Info: NV_NVDLA_csb_master.cpp: 113:Addr: 0x4000


Info: NV_NVDLA_csb_master.cpp: 114:Data: 0x0


Info: NV_NVDLA_csb_master.cpp: 115:Is write: 0x1


Info: NV_NVDLA_csb_master.cpp: 116:nposted: 0x0


Info: NV_NVDLA_csb_master.cpp: 54:NV_NVDLA_csb_master::nvdla2csb_b_transport, base_addr: 0x4000


Info: NV_NVDLA_csb_master.cpp: 112:NV_NVDLA_csb_master::nvdla2csb_b_transport, csb req to CSC_BASE, 


Info: NV_NVDLA_csb_master.cpp: 113:Addr: 0x4064


Info: NV_NVDLA_csb_master.cpp: 114:Data: 0xaaaadb06


Info: NV_NVDLA_csb_master.cpp: 115:Is write: 0x1


Info: NV_NVDLA_csb_master.cpp: 116:nposted: 0x0


Info: NV_NVDLA_csb_master.cpp: 54:NV_NVDLA_csb_master::nvdla2csb_b_transport, base_addr: 0x4000


Info: NV_NVDLA_csb_master.cpp: 112:NV_NVDLA_csb_master::nvdla2csb_b_transport, csb req to CSC_BASE, 


Info: NV_NVDLA_csb_master.cpp: 113:Addr: 0x4024


Info: NV_NVDLA_csb_master.cpp: 114:Data: 0x0


Info: NV_NVDLA_csb_master.cpp: 115:Is write: 0x1


Info: NV_NVDLA_csb_master.cpp: 116:nposted: 0x0


Info: NV_NVDLA_csb_master.cpp: 54:NV_NVDLA_csb_master::nvdla2csb_b_transport, base_addr: 0x4000


Info: NV_NVDLA_csb_master.cpp: 112:NV_NVDLA_csb_master::nvdla2csb_b_transport, csb req to CSC_BASE, 


Info: NV_NVDLA_csb_master.cpp: 113:Addr: 0x4028


Info: NV_NVDLA_csb_master.cpp: 114:Data: 0x0


Info: NV_NVDLA_csb_master.cpp: 115:Is write: 0x1


Info: NV_NVDLA_csb_master.cpp: 116:nposted: 0x0


Info: NV_NVDLA_csb_master.cpp: 54:NV_NVDLA_csb_master::nvdla2csb_b_transport, base_addr: 0x4000


Info: NV_NVDLA_csb_master.cpp: 112:NV_NVDLA_csb_master::nvdla2csb_b_transport, csb req to CSC_BASE, 


Info: NV_NVDLA_csb_master.cpp: 113:Addr: 0x405c


Info: NV_NVDLA_csb_master.cpp: 114:Data: 0x70006


Info: NV_NVDLA_csb_master.cpp: 115:Is write: 0x1


Info: NV_NVDLA_csb_master.cpp: 116:nposted: 0x0


Info: NV_NVDLA_csb_master.cpp: 54:NV_NVDLA_csb_master::nvdla2csb_b_transport, base_addr: 0x4000


Info: NV_NVDLA_csb_master.cpp: 112:NV_NVDLA_csb_master::nvdla2csb_b_transport, csb req to CSC_BASE, 


Info: NV_NVDLA_csb_master.cpp: 113:Addr: 0x4044


Info: NV_NVDLA_csb_master.cpp: 114:Data: 0x0


Info: NV_NVDLA_csb_master.cpp: 115:Is write: 0x1


Info: NV_NVDLA_csb_master.cpp: 116:nposted: 0x0


Info: NV_NVDLA_csb_master.cpp: 54:NV_NVDLA_csb_master::nvdla2csb_b_transport, base_addr: 0x4000


Info: NV_NVDLA_csb_master.cpp: 112:NV_NVDLA_csb_master::nvdla2csb_b_transport, csb req to CSC_BASE, 


Info: NV_NVDLA_csb_master.cpp: 113:Addr: 0x404c


Info: NV_NVDLA_csb_master.cpp: 114:Data: 0x10000


Info: NV_NVDLA_csb_master.cpp: 115:Is write: 0x1


Info: NV_NVDLA_csb_master.cpp: 116:nposted: 0x0


Info: NV_NVDLA_csb_master.cpp: 54:NV_NVDLA_csb_master::nvdla2csb_b_transport, base_addr: 0x4000


Info: NV_NVDLA_csb_master.cpp: 112:NV_NVDLA_csb_master::nvdla2csb_b_transport, csb req to CSC_BASE, 


Info: NV_NVDLA_csb_master.cpp: 113:Addr: 0x4050


Info: NV_NVDLA_csb_master.cpp: 114:Data: 0xd0003


Info: NV_NVDLA_csb_master.cpp: 115:Is write: 0x1


Info: NV_NVDLA_csb_master.cpp: 116:nposted: 0x0


Info: NV_NVDLA_csb_master.cpp: 54:NV_NVDLA_csb_master::nvdla2csb_b_transport, base_addr: 0x4000


Info: NV_NVDLA_csb_master.cpp: 112:NV_NVDLA_csb_master::nvdla2csb_b_transport, csb req to CSC_BASE, 


Info: NV_NVDLA_csb_master.cpp: 113:Addr: 0x4054


Info: NV_NVDLA_csb_master.cpp: 114:Data: 0x0


Info: NV_NVDLA_csb_master.cpp: 115:Is write: 0x1


Info: NV_NVDLA_csb_master.cpp: 116:nposted: 0x0


Info: NV_NVDLA_csb_master.cpp: 54:NV_NVDLA_csb_master::nvdla2csb_b_transport, base_addr: 0x4000


Info: NV_NVDLA_csb_master.cpp: 112:NV_NVDLA_csb_master::nvdla2csb_b_transport, csb req to CSC_BASE, 


Info: NV_NVDLA_csb_master.cpp: 113:Addr: 0x4038


Info: NV_NVDLA_csb_master.cpp: 114:Data: 0x2399f80


Info: NV_NVDLA_csb_master.cpp: 115:Is write: 0x1


Info: NV_NVDLA_csb_master.cpp: 116:nposted: 0x0


Info: NV_NVDLA_csb_master.cpp: 54:NV_NVDLA_csb_master::nvdla2csb_b_transport, base_addr: 0x4000


Info: NV_NVDLA_csb_master.cpp: 112:NV_NVDLA_csb_master::nvdla2csb_b_transport, csb req to CSC_BASE, 


Info: NV_NVDLA_csb_master.cpp: 113:Addr: 0x4058


Info: NV_NVDLA_csb_master.cpp: 114:Data: 0xd0c0


Info: NV_NVDLA_csb_master.cpp: 115:Is write: 0x1


Info: NV_NVDLA_csb_master.cpp: 116:nposted: 0x0


Info: NV_NVDLA_csb_master.cpp: 54:NV_NVDLA_csb_master::nvdla2csb_b_transport, base_addr: 0x4000


Info: NV_NVDLA_csb_master.cpp: 112:NV_NVDLA_csb_master::nvdla2csb_b_transport, csb req to CSC_BASE, 


Info: NV_NVDLA_csb_master.cpp: 113:Addr: 0x4018


Info: NV_NVDLA_csb_master.cpp: 114:Data: 0x7


Info: NV_NVDLA_csb_master.cpp: 115:Is write: 0x1


Info: NV_NVDLA_csb_master.cpp: 116:nposted: 0x0


Info: NV_NVDLA_csb_master.cpp: 54:NV_NVDLA_csb_master::nvdla2csb_b_transport, base_addr: 0x4000


Info: NV_NVDLA_csb_master.cpp: 112:NV_NVDLA_csb_master::nvdla2csb_b_transport, csb req to CSC_BASE, 


Info: NV_NVDLA_csb_master.cpp: 113:Addr: 0x4030


Info: NV_NVDLA_csb_master.cpp: 114:Data: 0x7


Info: NV_NVDLA_csb_master.cpp: 115:Is write: 0x1


Info: NV_NVDLA_csb_master.cpp: 116:nposted: 0x0


Info: NV_NVDLA_csb_master.cpp: 54:NV_NVDLA_csb_master::nvdla2csb_b_transport, base_addr: 0x4000


Info: NV_NVDLA_csb_master.cpp: 112:NV_NVDLA_csb_master::nvdla2csb_b_transport, csb req to CSC_BASE, 


Info: NV_NVDLA_csb_master.cpp: 113:Addr: 0x4010


Info: NV_NVDLA_csb_master.cpp: 114:Data: 0x0


Info: NV_NVDLA_csb_master.cpp: 115:Is write: 0x1


Info: NV_NVDLA_csb_master.cpp: 116:nposted: 0x0


Info: NV_NVDLA_csb_master.cpp: 54:NV_NVDLA_csb_master::nvdla2csb_b_transport, base_addr: 0x4000


Info: NV_NVDLA_csb_master.cpp: 112:NV_NVDLA_csb_master::nvdla2csb_b_transport, csb req to CSC_BASE, 


Info: NV_NVDLA_csb_master.cpp: 113:Addr: 0x400c


Info: NV_NVDLA_csb_master.cpp: 114:Data: 0x10000000


Info: NV_NVDLA_csb_master.cpp: 115:Is write: 0x1


Info: NV_NVDLA_csb_master.cpp: 116:nposted: 0x0


Info: NV_NVDLA_csb_master.cpp: 54:NV_NVDLA_csb_master::nvdla2csb_b_transport, base_addr: 0x5000


Info: NV_NVDLA_csb_master.cpp: 121:NV_NVDLA_csb_master::nvdla2csb_b_transport, csb req to CMAC_A_BASE, 


Info: NV_NVDLA_csb_master.cpp: 122:Addr: 0x5004


Info: NV_NVDLA_csb_master.cpp: 123:Data: 0x0


Info: NV_NVDLA_csb_master.cpp: 124:Is write: 0x1


Info: NV_NVDLA_csb_master.cpp: 125:nposted: 0x0


Info: NV_NVDLA_csb_master.cpp: 54:NV_NVDLA_csb_master::nvdla2csb_b_transport, base_addr: 0x5000


Info: NV_NVDLA_csb_master.cpp: 121:NV_NVDLA_csb_master::nvdla2csb_b_transport, csb req to CMAC_A_BASE, 


Info: NV_NVDLA_csb_master.cpp: 122:Addr: 0x500c


Info: NV_NVDLA_csb_master.cpp: 123:Data: 0x0


Info: NV_NVDLA_csb_master.cpp: 124:Is write: 0x1


Info: NV_NVDLA_csb_master.cpp: 125:nposted: 0x0


Info: NV_NVDLA_csb_master.cpp: 54:NV_NVDLA_csb_master::nvdla2csb_b_transport, base_addr: 0x5000


Info: NV_NVDLA_csb_master.cpp: 121:NV_NVDLA_csb_master::nvdla2csb_b_transport, csb req to CMAC_A_BASE, 


Info: NV_NVDLA_csb_master.cpp: 122:Addr: 0x5000


Info: NV_NVDLA_csb_master.cpp: 123:Data: 0x0


Info: NV_NVDLA_csb_master.cpp: 124:Is write: 0x1


Info: NV_NVDLA_csb_master.cpp: 125:nposted: 0x0


Info: NV_NVDLA_csb_master.cpp: 54:NV_NVDLA_csb_master::nvdla2csb_b_transport, base_addr: 0x6000


Info: NV_NVDLA_csb_master.cpp: 130:NV_NVDLA_csb_master::nvdla2csb_b_transport, csb req to CMAC_B_BASE, 


Info: NV_NVDLA_csb_master.cpp: 131:Addr: 0x6004


Info: NV_NVDLA_csb_master.cpp: 132:Data: 0x0


Info: NV_NVDLA_csb_master.cpp: 133:Is write: 0x1


Info: NV_NVDLA_csb_master.cpp: 134:nposted: 0x0


Info: NV_NVDLA_csb_master.cpp: 54:NV_NVDLA_csb_master::nvdla2csb_b_transport, base_addr: 0x6000


Info: NV_NVDLA_csb_master.cpp: 130:NV_NVDLA_csb_master::nvdla2csb_b_transport, csb req to CMAC_B_BASE, 


Info: NV_NVDLA_csb_master.cpp: 131:Addr: 0x6000


Info: NV_NVDLA_csb_master.cpp: 132:Data: 0x0


Info: NV_NVDLA_csb_master.cpp: 133:Is write: 0x1


Info: NV_NVDLA_csb_master.cpp: 134:nposted: 0x0


Info: NV_NVDLA_csb_master.cpp: 54:NV_NVDLA_csb_master::nvdla2csb_b_transport, base_addr: 0x6000


Info: NV_NVDLA_csb_master.cpp: 130:NV_NVDLA_csb_master::nvdla2csb_b_transport, csb req to CMAC_B_BASE, 


Info: NV_NVDLA_csb_master.cpp: 131:Addr: 0x600c


Info: NV_NVDLA_csb_master.cpp: 132:Data: 0x0


Info: NV_NVDLA_csb_master.cpp: 133:Is write: 0x1


Info: NV_NVDLA_csb_master.cpp: 134:nposted: 0x0


Info: NV_NVDLA_csb_master.cpp: 54:NV_NVDLA_csb_master::nvdla2csb_b_transport, base_addr: 0x7000


Info: NV_NVDLA_csb_master.cpp: 139:NV_NVDLA_csb_master::nvdla2csb_b_transport, csb req to CACC_BASE, 


Info: NV_NVDLA_csb_master.cpp: 140:Addr: 0x7004


Info: NV_NVDLA_csb_master.cpp: 141:Data: 0x0


Info: NV_NVDLA_csb_master.cpp: 142:Is write: 0x1


Info: NV_NVDLA_csb_master.cpp: 143:nposted: 0x0


Info: NV_NVDLA_csb_master.cpp: 54:NV_NVDLA_csb_master::nvdla2csb_b_transport, base_addr: 0x7000


Info: NV_NVDLA_csb_master.cpp: 139:NV_NVDLA_csb_master::nvdla2csb_b_transport, csb req to CACC_BASE, 


Info: NV_NVDLA_csb_master.cpp: 140:Addr: 0x702c


Info: NV_NVDLA_csb_master.cpp: 141:Data: 0x6


Info: NV_NVDLA_csb_master.cpp: 142:Is write: 0x1


Info: NV_NVDLA_csb_master.cpp: 143:nposted: 0x0


Info: NV_NVDLA_csb_master.cpp: 54:NV_NVDLA_csb_master::nvdla2csb_b_transport, base_addr: 0x7000


Info: NV_NVDLA_csb_master.cpp: 139:NV_NVDLA_csb_master::nvdla2csb_b_transport, csb req to CACC_BASE, 


Info: NV_NVDLA_csb_master.cpp: 140:Addr: 0x7018


Info: NV_NVDLA_csb_master.cpp: 141:Data: 0xf5ac2e0


Info: NV_NVDLA_csb_master.cpp: 142:Is write: 0x1


Info: NV_NVDLA_csb_master.cpp: 143:nposted: 0x0


Info: NV_NVDLA_csb_master.cpp: 54:NV_NVDLA_csb_master::nvdla2csb_b_transport, base_addr: 0x7000


Info: NV_NVDLA_csb_master.cpp: 139:NV_NVDLA_csb_master::nvdla2csb_b_transport, csb req to CACC_BASE, 


Info: NV_NVDLA_csb_master.cpp: 140:Addr: 0x700c


Info: NV_NVDLA_csb_master.cpp: 141:Data: 0x0


Info: NV_NVDLA_csb_master.cpp: 142:Is write: 0x1


Info: NV_NVDLA_csb_master.cpp: 143:nposted: 0x0


Info: NV_NVDLA_csb_master.cpp: 54:NV_NVDLA_csb_master::nvdla2csb_b_transport, base_addr: 0x7000


Info: NV_NVDLA_csb_master.cpp: 139:NV_NVDLA_csb_master::nvdla2csb_b_transport, csb req to CACC_BASE, 


Info: NV_NVDLA_csb_master.cpp: 140:Addr: 0x7000


Info: NV_NVDLA_csb_master.cpp: 141:Data: 0x0


Info: NV_NVDLA_csb_master.cpp: 142:Is write: 0x1


Info: NV_NVDLA_csb_master.cpp: 143:nposted: 0x0


Info: NV_NVDLA_csb_master.cpp: 54:NV_NVDLA_csb_master::nvdla2csb_b_transport, base_addr: 0x7000


Info: NV_NVDLA_csb_master.cpp: 139:NV_NVDLA_csb_master::nvdla2csb_b_transport, csb req to CACC_BASE, 


Info: NV_NVDLA_csb_master.cpp: 140:Addr: 0x7010


Info: NV_NVDLA_csb_master.cpp: 141:Data: 0x0


Info: NV_NVDLA_csb_master.cpp: 142:Is write: 0x1


Info: NV_NVDLA_csb_master.cpp: 143:nposted: 0x0


Info: NV_NVDLA_csb_master.cpp: 54:NV_NVDLA_csb_master::nvdla2csb_b_transport, base_addr: 0x7000


Info: NV_NVDLA_csb_master.cpp: 139:NV_NVDLA_csb_master::nvdla2csb_b_transport, csb req to CACC_BASE, 


Info: NV_NVDLA_csb_master.cpp: 140:Addr: 0x7034


Info: NV_NVDLA_csb_master.cpp: 141:Data: 0xaaaadb06


Info: NV_NVDLA_csb_master.cpp: 142:Is write: 0x1


Info: NV_NVDLA_csb_master.cpp: 143:nposted: 0x0


Info: NV_NVDLA_csb_master.cpp: 54:NV_NVDLA_csb_master::nvdla2csb_b_transport, base_addr: 0x7000


Info: NV_NVDLA_csb_master.cpp: 139:NV_NVDLA_csb_master::nvdla2csb_b_transport, csb req to CACC_BASE, 


Info: NV_NVDLA_csb_master.cpp: 140:Addr: 0x7020


Info: NV_NVDLA_csb_master.cpp: 141:Data: 0x20


Info: NV_NVDLA_csb_master.cpp: 142:Is write: 0x1


Info: NV_NVDLA_csb_master.cpp: 143:nposted: 0x0


Info: NV_NVDLA_csb_master.cpp: 54:NV_NVDLA_csb_master::nvdla2csb_b_transport, base_addr: 0x7000


Info: NV_NVDLA_csb_master.cpp: 139:NV_NVDLA_csb_master::nvdla2csb_b_transport, csb req to CACC_BASE, 


Info: NV_NVDLA_csb_master.cpp: 140:Addr: 0x7028


Info: NV_NVDLA_csb_master.cpp: 141:Data: 0x10001


Info: NV_NVDLA_csb_master.cpp: 142:Is write: 0x1


Info: NV_NVDLA_csb_master.cpp: 143:nposted: 0x0


Info: NV_NVDLA_csb_master.cpp: 54:NV_NVDLA_csb_master::nvdla2csb_b_transport, base_addr: 0x7000


Info: NV_NVDLA_csb_master.cpp: 139:NV_NVDLA_csb_master::nvdla2csb_b_transport, csb req to CACC_BASE, 


Info: NV_NVDLA_csb_master.cpp: 140:Addr: 0x7024


Info: NV_NVDLA_csb_master.cpp: 141:Data: 0x20


Info: NV_NVDLA_csb_master.cpp: 142:Is write: 0x1


Info: NV_NVDLA_csb_master.cpp: 143:nposted: 0x0


Info: NV_NVDLA_csb_master.cpp: 54:NV_NVDLA_csb_master::nvdla2csb_b_transport, base_addr: 0x7000


Info: NV_NVDLA_csb_master.cpp: 139:NV_NVDLA_csb_master::nvdla2csb_b_transport, csb req to CACC_BASE, 


Info: NV_NVDLA_csb_master.cpp: 140:Addr: 0x7030


Info: NV_NVDLA_csb_master.cpp: 141:Data: 0x0


Info: NV_NVDLA_csb_master.cpp: 142:Is write: 0x1


Info: NV_NVDLA_csb_master.cpp: 143:nposted: 0x0


Info: NV_NVDLA_csb_master.cpp: 54:NV_NVDLA_csb_master::nvdla2csb_b_transport, base_addr: 0x7000


Info: NV_NVDLA_csb_master.cpp: 139:NV_NVDLA_csb_master::nvdla2csb_b_transport, csb req to CACC_BASE, 


Info: NV_NVDLA_csb_master.cpp: 140:Addr: 0x701c


Info: NV_NVDLA_csb_master.cpp: 141:Data: 0x0


Info: NV_NVDLA_csb_master.cpp: 142:Is write: 0x1


Info: NV_NVDLA_csb_master.cpp: 143:nposted: 0x0


Info: NV_NVDLA_csb_master.cpp: 54:NV_NVDLA_csb_master::nvdla2csb_b_transport, base_addr: 0x7000


Info: NV_NVDLA_csb_master.cpp: 139:NV_NVDLA_csb_master::nvdla2csb_b_transport, csb req to CACC_BASE, 


Info: NV_NVDLA_csb_master.cpp: 140:Addr: 0x7014


Info: NV_NVDLA_csb_master.cpp: 141:Data: 0x0


Info: NV_NVDLA_csb_master.cpp: 142:Is write: 0x1


Info: NV_NVDLA_csb_master.cpp: 143:nposted: 0x0


Info: NV_NVDLA_csb_master.cpp: 54:NV_NVDLA_csb_master::nvdla2csb_b_transport, base_addr: 0x3000


Info: NV_NVDLA_csb_master.cpp: 103:NV_NVDLA_csb_master::nvdla2csb_b_transport, csb req to CDMA_BASE, 


Info: NV_NVDLA_csb_master.cpp: 104:Addr: 0x300c


Info: NV_NVDLA_csb_master.cpp: 105:Data: 0x7


Info: NV_NVDLA_csb_master.cpp: 106:Is write: 0x0


Info: NV_NVDLA_csb_master.cpp: 107:nposted: 0x0


Info: NV_NVDLA_csb_master.cpp: 493:NV_NVDLA_csb_master::cdma2csb_resp_b_transport. Err bit: 0x0 Data: 0x1


Info: NV_NVDLA_csb_master.cpp: 54:NV_NVDLA_csb_master::nvdla2csb_b_transport, base_addr: 0x9000


Info: NV_NVDLA_csb_master.cpp: 157:NV_NVDLA_csb_master::nvdla2csb_b_transport, csb req to SDP_BASE, 


Info: NV_NVDLA_csb_master.cpp: 158:Addr: 0x9038


Info: NV_NVDLA_csb_master.cpp: 159:Data: 0x1


Info: NV_NVDLA_csb_master.cpp: 160:Is write: 0x1


Info: NV_NVDLA_csb_master.cpp: 161:nposted: 0x0


Info: sdp_reg_model.cpp: 91:sdp_reg_model::SdpAccessRegister, notified op_en for group 0.


Info: NV_NVDLA_csb_master.cpp: 54:NV_NVDLA_csb_master::nvdla2csb_b_transport, base_addr: 0x7000


Info: NV_NVDLA_csb_master.cpp: 139:NV_NVDLA_csb_master::nvdla2csb_b_transport, csb req to CACC_BASE, 


Info: NV_NVDLA_csb_master.cpp: 140:Addr: 0x7008


Info: NV_NVDLA_csb_master.cpp: 141:Data: 0x1


Info: NV_NVDLA_csb_master.cpp: 142:Is write: 0x1


Info: NV_NVDLA_csb_master.cpp: 143:nposted: 0x0


Info: cacc_reg_model.cpp: 88:cacc_reg_model::CaccAccessRegister, notified op_en for group 0.


Info: NV_NVDLA_sdp.cpp: 199:NV_NVDLA_sdp::SdpConsumerThread, group 0 opeartion start


Info: NV_NVDLA_sdp.cpp: 271:sdp before wait sdp_done_


Info: NV_NVDLA_csb_master.cpp: 54:NV_NVDLA_csb_master::nvdla2csb_b_transport, base_addr: 0x5000


Info: NV_NVDLA_csb_master.cpp: 121:NV_NVDLA_csb_master::nvdla2csb_b_transport, csb req to CMAC_A_BASE, 


Info: NV_NVDLA_csb_master.cpp: 122:Addr: 0x5008


Info: NV_NVDLA_csb_master.cpp: 123:Data: 0x1


Info: NV_NVDLA_csb_master.cpp: 124:Is write: 0x1


Info: NV_NVDLA_csb_master.cpp: 125:nposted: 0x0


Info: cmac_a_reg_model.cpp: 88:cmac_a_reg_model::CmacAAccessRegister, notified op_en for group 0.


Info: NV_NVDLA_sdp.cpp: 1359:NV_NVDLA_sdp::SdpDataOperationThread, layer operation begin


Info: NV_NVDLA_sdp.cpp: 927:NV_NVDLA_sdp::SdpDataOperationDC started


Info: NV_NVDLA_sdp.cpp: 928:WxHxC=1x1x1, surf_num=1


Info: NV_NVDLA_sdp.cpp: 978:NV_NVDLA_sdp::SdpDataOperationThread, before read cc2pp_fifo_


Info: NV_NVDLA_sdp.cpp: 2080:NV_NVDLA_sdp::SendDmaWriteRequest before CMD addr=0xf0000000 payload_atom_num=1


Info: NV_NVDLA_sdp.cpp: 2213:before: sdp2mcif_wr_req_b_transport, is_cmd:1


Info: NV_NVDLA_mcif.cpp: 1810:write to sdp2mcif_wr_cmd_fifo_, addr:f0000000, size:8, num_free:40960, req_ack:1


Info: NV_NVDLA_sdp.cpp: 2215:after: sdp2mcif_wr_req_b_transport


Info: NV_NVDLA_sdp.cpp: 2082:NV_NVDLA_sdp::SendDmaWriteRequest after CMD addr=0xf0000000 payload_atom_num=1


Info: NV_NVDLA_cacc.cpp: 106:NV_NVDLA_cacc::CaccConsumerThread, group 0 opeartion start


Info: NV_NVDLA_cacc.cpp: 201:cacc before wait cacc_done_


Info: NV_NVDLA_mcif.cpp: 1872:XXXXXXX NV_NVDLA_mcif::WriteRequest_sdp2mcif, first_base_addr=0xf0000000 total_axi_size is 0x8 payload_addr=0xf0000000 payload_size=0x8


Info: dla_b_transport_payload.cpp: 54:DLA_B_TRANSPORT_PAYLOAD_TYPE_MC

Info: NV_NVDLA_mcif.cpp: 1903:NV_NVDLA_mcif::WriteRequest_sdp2mcif, TLM_BYTE_ENABLE is done


Info: NV_NVDLA_mcif.cpp: 1913:NV_NVDLA_mcif::WriteRequest_sdp2mcif, before read an atom from sdp2mcif_wr_data_fifo_, base_addr = 0xf0000000, atom_iter=0x0


Info: NV_NVDLA_cacc.cpp: 1019:assembly_sram_group_idx_available_=0xffffffff


Info: NV_NVDLA_cacc.cpp: 1020:assembly_sram_group_idx_fetched_=0xffffffff


Info: NV_NVDLA_cacc.cpp: 521:after read assembly2delivery_config_fifo_


Info: NV_NVDLA_cacc.cpp: 533:WxHxC=1x1x1, precision:0, batch_num:1, line_packed:1, surf_packed:1, conv_mode:0


Info: NV_NVDLA_cacc.cpp: 552:batch_num=1 atom_num=1


Info: NV_NVDLA_cacc.cpp: 1032:delivery_sram_group_idx_available_=0xffffffff


Info: NV_NVDLA_cacc.cpp: 1033:delivery_sram_group_idx_fetched_=0xffffffff


Info: NV_NVDLA_cacc.cpp: 340:after read assembly2send_config_fifo_


Info: NV_NVDLA_cacc.cpp: 355:WxHxC=1x1x1, precision:0, batch_num:1, line_packed:1, surf_packed:1, conv_mode:0


Info: NV_NVDLA_cacc.cpp: 381:batch_num=1 atom_num=0x1 atom_num_batch_2sdp=0x1 trans_num=8


Info: NV_NVDLA_csb_master.cpp: 54:NV_NVDLA_csb_master::nvdla2csb_b_transport, base_addr: 0x6000


Info: NV_NVDLA_csb_master.cpp: 130:NV_NVDLA_csb_master::nvdla2csb_b_transport, csb req to CMAC_B_BASE, 


Info: NV_NVDLA_csb_master.cpp: 131:Addr: 0x6008


Info: NV_NVDLA_csb_master.cpp: 132:Data: 0x1


Info: NV_NVDLA_csb_master.cpp: 133:Is write: 0x1


Info: NV_NVDLA_csb_master.cpp: 134:nposted: 0x0


Info: cmac_a_reg_model.cpp: 88:cmac_a_reg_model::CmacAAccessRegister, notified op_en for group 0.


Info: NV_NVDLA_cmac.cpp: 87:cmac_a NV_NVDLA_cmac::CmacConsumerThread, group 0 opeartion start


Info: NV_NVDLA_csb_master.cpp: 54:NV_NVDLA_csb_master::nvdla2csb_b_transport, base_addr: 0x4000


Info: NV_NVDLA_csb_master.cpp: 112:NV_NVDLA_csb_master::nvdla2csb_b_transport, csb req to CSC_BASE, 


Info: NV_NVDLA_csb_master.cpp: 113:Addr: 0x4008


Info: NV_NVDLA_csb_master.cpp: 114:Data: 0x1


Info: NV_NVDLA_csb_master.cpp: 115:Is write: 0x1


Info: NV_NVDLA_csb_master.cpp: 116:nposted: 0x0


Info: csc_reg_model.cpp: 88:csc_reg_model::CscAccessRegister, notified op_en for group 0.


Info: NV_NVDLA_cmac.cpp: 87:cmac_b NV_NVDLA_cmac::CmacConsumerThread, group 0 opeartion start


Info: NV_NVDLA_csb_master.cpp: 54:NV_NVDLA_csb_master::nvdla2csb_b_transport, base_addr: 0x3000


Info: NV_NVDLA_csb_master.cpp: 103:NV_NVDLA_csb_master::nvdla2csb_b_transport, csb req to CDMA_BASE, 


Info: NV_NVDLA_csb_master.cpp: 104:Addr: 0x3010


Info: NV_NVDLA_csb_master.cpp: 105:Data: 0x1


Info: NV_NVDLA_csb_master.cpp: 106:Is write: 0x1


Info: NV_NVDLA_csb_master.cpp: 107:nposted: 0x0


Info: cdma_reg_model.cpp: 88:cdma_reg_model::CdmaAccessRegister, notified op_en for group 0.


Info: NV_NVDLA_csc.cpp: 155:CSC group 0 trigger


Info: NV_NVDLA_csc.cpp: 175:calling csc_kickoff_.notify


Info: NV_NVDLA_csc.cpp: 206:NV_NVDLA_csc::DataLoadSequenceThread. DATA_BANK changed.


Info: NV_NVDLA_csc.cpp: 218:NV_NVDLA_csc::DataLoadSequenceThread. Mode or BANK changed. Restart from 0 of cbuf


Info: NV_NVDLA_cdma.cpp: 3555:NV_NVDLA_cdma::dat_up_sc2cdma_b_transport sc_dt_kick_off


Info: NV_NVDLA_csc.cpp: 589:NV_NVDLA_csc::SendDataToMacSequencerDirectConvCommon, start


Info: NV_NVDLA_csc.cpp: 612:NV_NVDLA_csc::SendDataToMacSequencerDirectConvCommon, cube_out_width is:0x1


Info: NV_NVDLA_csc.cpp: 613:NV_NVDLA_csc::SendDataToMacSequencerDirectConvCommon, cube_out_height is:0x1


Info: NV_NVDLA_csc.cpp: 614:NV_NVDLA_csc::SendDataToMacSequencerDirectConvCommon, cube_out_channel is:0x1


Info: NV_NVDLA_csc.cpp: 668:NV_NVDLA_csc::SendDataToMacSequencerDirectConvCommon, WaitUntilCBufferHasEnoughtAvailiableDataEntriesFullInput, wait cbuffer.


Info: NV_NVDLA_csc.cpp: 2703:NV_NVDLA_csc::WaitUntilCBufferHasEnoughtAvailiableDataEntriesFullInput


Info: NV_NVDLA_csc.cpp: 2704:    data_entry_idx_available_ is 0x0


Info: NV_NVDLA_csc.cpp: 2705:    data_entry_idx_free_ is 0x0


Info: NV_NVDLA_csc.cpp: 2706:    required_entry_num is 0x1


Info: NV_NVDLA_csc.cpp: 382:NV_NVDLA_csc::WeightLoadSequenceThread. BANK changed. reset cbuf pointers


Info: NV_NVDLA_csc.cpp: 399:NV_NVDLA_csc::WeightLoadSequenceThread. MODE or BANK changed.


Info: NV_NVDLA_cdma.cpp: 3572:NV_NVDLA_cdma::wt_up_sc2cdma_b_transport, sc_wt_kick_off


Info: NV_NVDLA_csc.cpp: 461:NV_NVDLA_csc::WeightLoadSequenceThread calling SendWeightToMacSequencerDirectConvCommon


Info: NV_NVDLA_csc.cpp: 1084:cripple_channel_num=0


Info: NV_NVDLA_csc.cpp: 1094:kernel_group_iter=0 current kernel_per_group=1


Info: NV_NVDLA_csc.cpp: 1095:WaitUntilThereAreEnoughKernel start


Info: NV_NVDLA_csc.cpp: 2721:NV_NVDLA_csc::WaitUntilThereAreEnoughKernel: wait cdma_updated_cbuf_weight_usage_. weight_kernel_num_available_=0x0 weight_kernel_num_used_=0x0 kernel_num=0x1


Info: NV_NVDLA_csb_master.cpp: 54:NV_NVDLA_csb_master::nvdla2csb_b_transport, base_addr: 0x1000


Info: NV_NVDLA_csb_master.cpp: 58:NV_NVDLA_csb_master::nvdla2csb_b_transport, csb req to GLB_BASE, 


Info: NV_NVDLA_csb_master.cpp: 59:Addr: 0x100c


Info: NV_NVDLA_csb_master.cpp: 60:Data: 0x7


Info: NV_NVDLA_csb_master.cpp: 61:Is write: 0x0


Info: NV_NVDLA_csb_master.cpp: 62:nposted: 0x0


Info: glb_reg_model.cpp: 44:glb_reg_model::GlbAccessRegister addr=0x100c data=0x7 is_write=0


Info: NV_NVDLA_csb_master.cpp: 273:NV_NVDLA_csb_master::glb2csb_resp_b_transport. Err bit: 0x0 Data: 0x0


Info: NV_NVDLA_cdma.cpp: 228:NV_NVDLA_cdma::ActDataReadRequestSequenceThread, after cdma_kickoff_


Info: NV_NVDLA_cdma.cpp: 3348:NV_NVDLA_cdma::WaitUntilCSCDataKickOff, break


Info: NV_NVDLA_cdma.cpp: 231:NV_NVDLA_cdma::ActDataReadRequestSequenceThread, after csc_kickoff_


Info: NV_NVDLA_cdma.cpp: 249:NV_NVDLA_cdma::ActDataReadRequestSequenceThread dat_first_layer. data_entry_idx_free_=0xdff data_entry_idx_working_=0x0 data_entry_idx_planed_=0xffffffff


Info: NV_NVDLA_cdma.cpp: 323:NV_NVDLA_cdma::ActDataReadRequestSequenceThread, before DirectConvDataRequestSequencerCommon


Info: NV_NVDLA_cdma.cpp: 1059:    super_normal_ratio is 0x1 fetch_slice_grain=0x1


Info: NV_NVDLA_cdma.cpp: 1096:NV_NVDLA_cdma::DirectConvDataRequestSequencerCommon: super_slice_iter is 0x0 current_slice_grain=0x1


Info: NV_NVDLA_cdma.cpp: 1099:NV_NVDLA_cdma::DirectConvDataRequestSequencerCommon: batch_iter is 0x0


Info: NV_NVDLA_cdma.cpp: 1107:NV_NVDLA_cdma::DirectConvDataRequestSequencerCommon: super_surface_iter is 0x0


Info: NV_NVDLA_cdma.cpp: 1114:NV_NVDLA_cdma::DirectConvDataRequestSequencerCommon, atom num calculation


Info: NV_NVDLA_cdma.cpp: 1115:    surface_iter is 0x0


Info: NV_NVDLA_cdma.cpp: 1116:    atom_num[surface_iter] is 0x1


Info: NV_NVDLA_cdma.cpp: 1117:    atom_sent_num[surface_iter] is 0x0


Info: NV_NVDLA_cdma.cpp: 1118:    payload_addr[surface_iter] is 0xc0000000


Info: NV_NVDLA_cdma.cpp: 1131:NV_NVDLA_cdma::DirectConvDataRequestSequencerCommon, transaction sending


Info: NV_NVDLA_cdma.cpp: 1132:    surface_iter is 0x0


Info: NV_NVDLA_cdma.cpp: 1133:    atom_num[surface_iter] is 0x1


Info: NV_NVDLA_cdma.cpp: 1134:    atom_sent_num[surface_iter] is 0x0


Info: NV_NVDLA_cdma.cpp: 1135:    payload_addr[surface_iter] is 0xc0000000


Info: NV_NVDLA_cdma.cpp: 3297:NV_NVDLA_cdma::SendActDmaReadRequest, begin. payload_addr=0xc0000000 atom_num=0x1


Info: NV_NVDLA_mcif.cpp: 1370:XXXXXXX NV_NVDLA_mcif::cdma_dat2mcif_rd_req_b_transport, first_base_addr=0xc0000000 total_axi_size is 0x8 payload_addr=0xc0000000 payload_size=0x8


Info: NV_NVDLA_mcif.cpp: 1376:NV_NVDLA_mcif::cdma_dat2mcif_rd_req_b_transport, write 0x1 to cdma_dat2mcif_rd_req_atom_num_fifo_, num_free:81919.


Info: NV_NVDLA_mcif.cpp: 1381:NV_NVDLA_mcif::cdma_dat2mcif_rd_req_b_transport, prepare AXI transaction for address: 0xc0000000


Info: NV_NVDLA_mcif.cpp: 1391:NV_NVDLA_mcif::cdma_dat2mcif_rd_req_b_transport, cur_address=0xc0000008 base_addr=0xc0000000 size_in_byte=0x8


Info: dla_b_transport_payload.cpp: 54:DLA_B_TRANSPORT_PAYLOAD_TYPE_MC

Info: NV_NVDLA_mcif.cpp: 1406:NV_NVDLA_mcif::cdma_dat2mcif_rd_req_b_transport, write true to cdma_dat_rd_atom_enable_fifo_, num_free:163840


Info: NV_NVDLA_mcif.cpp: 1425:NV_NVDLA_mcif::cdma_dat2mcif_rd_req_b_transport, before sending data to cdma_dat_rd_req_fifo_ addr=0xc0000000, , num_free:81920


Info: NV_NVDLA_mcif.cpp: 1427:NV_NVDLA_mcif::cdma_dat2mcif_rd_req_b_transport, after sending data to cdma_dat_rd_req_fifo_ addr=0xc0000000


Info: NV_NVDLA_mcif.cpp: 1430:NV_NVDLA_mcif::cdma_dat2mcif_rd_req_b_transport, after spliting DMA transaction


Info: NV_NVDLA_cdma.cpp: 3305:NV_NVDLA_cdma::SendActDmaReadRequest, end.


Info: NV_NVDLA_cdma.cpp: 325:NV_NVDLA_cdma::ActDataReadRequestSequenceThread, after DirectConvDataRequestSequencerCommon


Info: NV_NVDLA_cdma.cpp: 354:NV_NVDLA_cdma::ActDataReadRequestSequenceThread, end of current layer


Info: NV_NVDLA_cdma.cpp: 226:NV_NVDLA_cdma::ActDataReadRequestSequenceThread, before cdma_kickoff_


Info: NV_NVDLA_cdma.cpp: 884:NV_NVDLA_cdma::WMBReadResponseSequenceThread. Not reuse weight. 


Info: NV_NVDLA_cdma.cpp: 894:NV_NVDLA_cdma::WMBReadResponseSequenceThread, weight is not compressed


Info: NV_NVDLA_cdma.cpp: 912:CDMA WMB Fetch Done


Info: NV_NVDLA_cdma.cpp: 761:NV_NVDLA_cdma::WMBReadRequestSequenceThread, wmb_first_layer


Info: NV_NVDLA_cdma.cpp: 767:NV_NVDLA_cdma::WMBReadRequestSequenceThread, weight is not compressed


Info: NV_NVDLA_cdma.cpp: 856:NV_NVDLA_cdma::WmbReadRequestSequenceThread HW layer done


Info: NV_NVDLA_cdma.cpp: 719:NV_NVDLA_cdma::WGSReadResponseSequenceThread, weight is not compressed


Info: NV_NVDLA_cdma.cpp: 738:CDMA WGS Fetch Done


Info: NV_NVDLA_cdma.cpp: 669:NV_NVDLA_cdma::WGSReadRequestSequenceThread, weight is not compressed


Info: NV_NVDLA_cdma.cpp: 570:NV_NVDLA_cdma::WeightReadResponseSequenceThread. Not reuse weight. 


Info: NV_NVDLA_cdma.cpp: 456:wait cdma_kickoff_ done


Info: NV_NVDLA_cdma.cpp: 3361:NV_NVDLA_cdma::WaitUntilCSCWeightKickOff, break


Info: NV_NVDLA_cdma.cpp: 459:wait csc_kickoff_ done


Info: NV_NVDLA_cdma.cpp: 478:NV_NVDLA_cdma::WeightReadRequestSequenceThread wt_first_layer. weight_entry_idx_free_=0xfff weight_entry_idx_working_=0x0 weight_entry_idx_planed_=0xffffffff weight_byte_idx_planed_=0x0


Info: NV_NVDLA_cdma.cpp: 381:NV_NVDLA_cdma::ActDataReadResponseSequenceThread Begin. Not reuse all data.


Info: NV_NVDLA_cdma.cpp: 1400:NV_NVDLA_cdma::DirectConvDataResponseSequencerCommon, super_slice_iter=0x0 current_slice_grain=0x1


Info: NV_NVDLA_cdma.cpp: 1440:NV_NVDLA_cdma::DirectConvDataResponseSequencerCommon, transaction receiving


Info: NV_NVDLA_cdma.cpp: 1441:    surface_iter is 0x0


Info: NV_NVDLA_cdma.cpp: 1442:    atom_num[surface_iter] is 0x1


Info: NV_NVDLA_cdma.cpp: 1443:    atom_sent_num[surface_iter] is 0x0


Info: NV_NVDLA_cdma.cpp: 1444:    payload_addr[surface_iter] is 0xc0000000


Info: NV_NVDLA_cdma.cpp: 1445:NV_NVDLA_cdma::DirectConvDataResponseSequencerCommon Receiving data. super_slice_iter=0 batch_iter=0 super_surface_iter=0 surface_iter=0


Info: NV_NVDLA_mcif.cpp: 1446:NV_NVDLA_mcif::ReadResp_mcif2cdma_dat, update atom_num_left from cdma_dat2mcif_rd_req_atom_num_fifo_, atom_num_left is 0x1


Info: NV_NVDLA_mcif.cpp: 1448:NV_NVDLA_mcif::ReadResp_mcif2cdma_dat, atom_num_left is 0x1


Info: NV_NVDLA_mcif.cpp: 1455:NV_NVDLA_mcif::ReadResp_mcif2cdma_dat, num_available:0


Info: NV_NVDLA_mcif.cpp: 2905:NV_NVDLA_mcif::ReadRequestArbiter, get new request, wake up.


Info: NV_NVDLA_mcif.cpp: 3063:NV_NVDLA_mcif::ReadRequestArbiter, send read request, payload from cdma_dat, begin, atom:1, num_free:81920 credit_mcif2cdma_dat_rd_rsp_fifo_=81919.


Info: NvdlaAxiAdaptor.cpp: 240:before NvdlaAxiAdaptor::customized_rd_req_b_transport address=0xc0000000


Info: NvdlaAxiAdaptor.cpp: 242:after NvdlaAxiAdaptor::customized_rd_req_b_transport


Info: NV_NVDLA_mcif.cpp: 3065:NV_NVDLA_mcif::ReadRequestArbiter, send read request, cdma_dat_rd_req_payload_ from cdma_dat, end.


Info: NV_NVDLA_mcif.cpp: 2903:NV_NVDLA_mcif::ReadRequestArbiter, no pending request, waiting.


Info: NV_NVDLA_cdma.cpp: 523:NV_NVDLA_cdma::WeightReadRequestSequenceThread, before DirectConvWeightRequestSequencerCommon


Info: NV_NVDLA_cdma.cpp: 1842:NV_NVDLA_cdma::DirectConvWeightRequestSequencerCommon, weight_total_bytes is 0x80


Info: NV_NVDLA_cdma.cpp: 1898:SendWeightDmaReadRequest payload_addr=0x        d0000000 payload_size=0x40


Info: NV_NVDLA_cdma.cpp: 3330:NV_NVDLA_cdma::SendWeightDmaReadRequest, begin. cdma_source=0 payload_addr=0x00000000d0000000


Info: NV_NVDLA_mcif.cpp: 1503:XXXXXXX NV_NVDLA_mcif::cdma_wt2mcif_rd_req_b_transport, first_base_addr=0xd0000000 total_axi_size is 0x40 payload_addr=0xd0000000 payload_size=0x40


Info: NV_NVDLA_mcif.cpp: 1509:NV_NVDLA_mcif::cdma_wt2mcif_rd_req_b_transport, write 0x8 to cdma_wt2mcif_rd_req_atom_num_fifo_, num_free:81919.


Info: NV_NVDLA_mcif.cpp: 1514:NV_NVDLA_mcif::cdma_wt2mcif_rd_req_b_transport, prepare AXI transaction for address: 0xd0000000


Info: NV_NVDLA_mcif.cpp: 1524:NV_NVDLA_mcif::cdma_wt2mcif_rd_req_b_transport, cur_address=0xd0000008 base_addr=0xd0000000 size_in_byte=0x8


Info: dla_b_transport_payload.cpp: 54:DLA_B_TRANSPORT_PAYLOAD_TYPE_MC

Info: NV_NVDLA_mcif.cpp: 1539:NV_NVDLA_mcif::cdma_wt2mcif_rd_req_b_transport, write true to cdma_wt_rd_atom_enable_fifo_, num_free:163840


Info: NV_NVDLA_mcif.cpp: 1558:NV_NVDLA_mcif::cdma_wt2mcif_rd_req_b_transport, before sending data to cdma_wt_rd_req_fifo_ addr=0xd0000000, , num_free:81920


Info: NV_NVDLA_mcif.cpp: 1560:NV_NVDLA_mcif::cdma_wt2mcif_rd_req_b_transport, after sending data to cdma_wt_rd_req_fifo_ addr=0xd0000000


Info: NV_NVDLA_mcif.cpp: 1514:NV_NVDLA_mcif::cdma_wt2mcif_rd_req_b_transport, prepare AXI transaction for address: 0xd0000008


Info: NV_NVDLA_mcif.cpp: 1524:NV_NVDLA_mcif::cdma_wt2mcif_rd_req_b_transport, cur_address=0xd0000010 base_addr=0xd0000008 size_in_byte=0x8


Info: dla_b_transport_payload.cpp: 54:DLA_B_TRANSPORT_PAYLOAD_TYPE_MC

Info: NV_NVDLA_mcif.cpp: 1539:NV_NVDLA_mcif::cdma_wt2mcif_rd_req_b_transport, write true to cdma_wt_rd_atom_enable_fifo_, num_free:163839


Info: NV_NVDLA_mcif.cpp: 1558:NV_NVDLA_mcif::cdma_wt2mcif_rd_req_b_transport, before sending data to cdma_wt_rd_req_fifo_ addr=0xd0000008, , num_free:81919


Info: NV_NVDLA_mcif.cpp: 1560:NV_NVDLA_mcif::cdma_wt2mcif_rd_req_b_transport, after sending data to cdma_wt_rd_req_fifo_ addr=0xd0000008


Info: NV_NVDLA_mcif.cpp: 1514:NV_NVDLA_mcif::cdma_wt2mcif_rd_req_b_transport, prepare AXI transaction for address: 0xd0000010


Info: NV_NVDLA_mcif.cpp: 1524:NV_NVDLA_mcif::cdma_wt2mcif_rd_req_b_transport, cur_address=0xd0000018 base_addr=0xd0000010 size_in_byte=0x8


Info: dla_b_transport_payload.cpp: 54:DLA_B_TRANSPORT_PAYLOAD_TYPE_MC

Info: NV_NVDLA_mcif.cpp: 1539:NV_NVDLA_mcif::cdma_wt2mcif_rd_req_b_transport, write true to cdma_wt_rd_atom_enable_fifo_, num_free:163838


Info: NV_NVDLA_mcif.cpp: 1558:NV_NVDLA_mcif::cdma_wt2mcif_rd_req_b_transport, before sending data to cdma_wt_rd_req_fifo_ addr=0xd0000010, , num_free:81918


Info: NV_NVDLA_mcif.cpp: 1560:NV_NVDLA_mcif::cdma_wt2mcif_rd_req_b_transport, after sending data to cdma_wt_rd_req_fifo_ addr=0xd0000010


Info: NV_NVDLA_mcif.cpp: 1514:NV_NVDLA_mcif::cdma_wt2mcif_rd_req_b_transport, prepare AXI transaction for address: 0xd0000018


Info: NV_NVDLA_mcif.cpp: 1524:NV_NVDLA_mcif::cdma_wt2mcif_rd_req_b_transport, cur_address=0xd0000020 base_addr=0xd0000018 size_in_byte=0x8


Info: dla_b_transport_payload.cpp: 54:DLA_B_TRANSPORT_PAYLOAD_TYPE_MC

Info: NV_NVDLA_mcif.cpp: 1539:NV_NVDLA_mcif::cdma_wt2mcif_rd_req_b_transport, write true to cdma_wt_rd_atom_enable_fifo_, num_free:163837


Info: NV_NVDLA_mcif.cpp: 1558:NV_NVDLA_mcif::cdma_wt2mcif_rd_req_b_transport, before sending data to cdma_wt_rd_req_fifo_ addr=0xd0000018, , num_free:81917


Info: NV_NVDLA_mcif.cpp: 1560:NV_NVDLA_mcif::cdma_wt2mcif_rd_req_b_transport, after sending data to cdma_wt_rd_req_fifo_ addr=0xd0000018


Info: NV_NVDLA_mcif.cpp: 1514:NV_NVDLA_mcif::cdma_wt2mcif_rd_req_b_transport, prepare AXI transaction for address: 0xd0000020


Info: NV_NVDLA_mcif.cpp: 1524:NV_NVDLA_mcif::cdma_wt2mcif_rd_req_b_transport, cur_address=0xd0000028 base_addr=0xd0000020 size_in_byte=0x8


Info: dla_b_transport_payload.cpp: 54:DLA_B_TRANSPORT_PAYLOAD_TYPE_MC

Info: NV_NVDLA_mcif.cpp: 1539:NV_NVDLA_mcif::cdma_wt2mcif_rd_req_b_transport, write true to cdma_wt_rd_atom_enable_fifo_, num_free:163836


Info: NV_NVDLA_mcif.cpp: 1558:NV_NVDLA_mcif::cdma_wt2mcif_rd_req_b_transport, before sending data to cdma_wt_rd_req_fifo_ addr=0xd0000020, , num_free:81916


Info: NV_NVDLA_mcif.cpp: 1560:NV_NVDLA_mcif::cdma_wt2mcif_rd_req_b_transport, after sending data to cdma_wt_rd_req_fifo_ addr=0xd0000020


Info: NV_NVDLA_mcif.cpp: 1514:NV_NVDLA_mcif::cdma_wt2mcif_rd_req_b_transport, prepare AXI transaction for address: 0xd0000028


Info: NV_NVDLA_mcif.cpp: 1524:NV_NVDLA_mcif::cdma_wt2mcif_rd_req_b_transport, cur_address=0xd0000030 base_addr=0xd0000028 size_in_byte=0x8


Info: dla_b_transport_payload.cpp: 54:DLA_B_TRANSPORT_PAYLOAD_TYPE_MC

Info: NV_NVDLA_mcif.cpp: 1539:NV_NVDLA_mcif::cdma_wt2mcif_rd_req_b_transport, write true to cdma_wt_rd_atom_enable_fifo_, num_free:163835


Info: NV_NVDLA_mcif.cpp: 1558:NV_NVDLA_mcif::cdma_wt2mcif_rd_req_b_transport, before sending data to cdma_wt_rd_req_fifo_ addr=0xd0000028, , num_free:81915


Info: NV_NVDLA_mcif.cpp: 1560:NV_NVDLA_mcif::cdma_wt2mcif_rd_req_b_transport, after sending data to cdma_wt_rd_req_fifo_ addr=0xd0000028


Info: NV_NVDLA_mcif.cpp: 1514:NV_NVDLA_mcif::cdma_wt2mcif_rd_req_b_transport, prepare AXI transaction for address: 0xd0000030


Info: NV_NVDLA_mcif.cpp: 1524:NV_NVDLA_mcif::cdma_wt2mcif_rd_req_b_transport, cur_address=0xd0000038 base_addr=0xd0000030 size_in_byte=0x8


Info: dla_b_transport_payload.cpp: 54:DLA_B_TRANSPORT_PAYLOAD_TYPE_MC

Info: NV_NVDLA_mcif.cpp: 1539:NV_NVDLA_mcif::cdma_wt2mcif_rd_req_b_transport, write true to cdma_wt_rd_atom_enable_fifo_, num_free:163834


Info: NV_NVDLA_mcif.cpp: 1558:NV_NVDLA_mcif::cdma_wt2mcif_rd_req_b_transport, before sending data to cdma_wt_rd_req_fifo_ addr=0xd0000030, , num_free:81914


Info: NV_NVDLA_mcif.cpp: 1560:NV_NVDLA_mcif::cdma_wt2mcif_rd_req_b_transport, after sending data to cdma_wt_rd_req_fifo_ addr=0xd0000030


Info: NV_NVDLA_mcif.cpp: 1514:NV_NVDLA_mcif::cdma_wt2mcif_rd_req_b_transport, prepare AXI transaction for address: 0xd0000038


Info: NV_NVDLA_mcif.cpp: 1524:NV_NVDLA_mcif::cdma_wt2mcif_rd_req_b_transport, cur_address=0xd0000040 base_addr=0xd0000038 size_in_byte=0x8


Info: dla_b_transport_payload.cpp: 54:DLA_B_TRANSPORT_PAYLOAD_TYPE_MC

Info: NV_NVDLA_mcif.cpp: 1539:NV_NVDLA_mcif::cdma_wt2mcif_rd_req_b_transport, write true to cdma_wt_rd_atom_enable_fifo_, num_free:163833


Info: NV_NVDLA_mcif.cpp: 1558:NV_NVDLA_mcif::cdma_wt2mcif_rd_req_b_transport, before sending data to cdma_wt_rd_req_fifo_ addr=0xd0000038, , num_free:81913


Info: NV_NVDLA_mcif.cpp: 1560:NV_NVDLA_mcif::cdma_wt2mcif_rd_req_b_transport, after sending data to cdma_wt_rd_req_fifo_ addr=0xd0000038


Info: NV_NVDLA_mcif.cpp: 1563:NV_NVDLA_mcif::cdma_wt2mcif_rd_req_b_transport, after spliting DMA transaction


Info: NV_NVDLA_cdma.cpp: 3342:NV_NVDLA_cdma::SendWeightDmaReadRequest, end.


Info: NV_NVDLA_cdma.cpp: 1898:SendWeightDmaReadRequest payload_addr=0x        d0000040 payload_size=0x40


Info: NV_NVDLA_cdma.cpp: 3330:NV_NVDLA_cdma::SendWeightDmaReadRequest, begin. cdma_source=0 payload_addr=0x00000000d0000040


Info: NV_NVDLA_mcif.cpp: 1503:XXXXXXX NV_NVDLA_mcif::cdma_wt2mcif_rd_req_b_transport, first_base_addr=0xd0000040 total_axi_size is 0x40 payload_addr=0xd0000040 payload_size=0x40


Info: NV_NVDLA_mcif.cpp: 1509:NV_NVDLA_mcif::cdma_wt2mcif_rd_req_b_transport, write 0x8 to cdma_wt2mcif_rd_req_atom_num_fifo_, num_free:81918.


Info: NV_NVDLA_mcif.cpp: 1514:NV_NVDLA_mcif::cdma_wt2mcif_rd_req_b_transport, prepare AXI transaction for address: 0xd0000040


Info: NV_NVDLA_mcif.cpp: 1524:NV_NVDLA_mcif::cdma_wt2mcif_rd_req_b_transport, cur_address=0xd0000048 base_addr=0xd0000040 size_in_byte=0x8


Info: dla_b_transport_payload.cpp: 54:DLA_B_TRANSPORT_PAYLOAD_TYPE_MC

Info: NV_NVDLA_mcif.cpp: 1539:NV_NVDLA_mcif::cdma_wt2mcif_rd_req_b_transport, write true to cdma_wt_rd_atom_enable_fifo_, num_free:163832


Info: NV_NVDLA_mcif.cpp: 1558:NV_NVDLA_mcif::cdma_wt2mcif_rd_req_b_transport, before sending data to cdma_wt_rd_req_fifo_ addr=0xd0000040, , num_free:81912


Info: NV_NVDLA_mcif.cpp: 1560:NV_NVDLA_mcif::cdma_wt2mcif_rd_req_b_transport, after sending data to cdma_wt_rd_req_fifo_ addr=0xd0000040


Info: NV_NVDLA_mcif.cpp: 1514:NV_NVDLA_mcif::cdma_wt2mcif_rd_req_b_transport, prepare AXI transaction for address: 0xd0000048


Info: NV_NVDLA_mcif.cpp: 1524:NV_NVDLA_mcif::cdma_wt2mcif_rd_req_b_transport, cur_address=0xd0000050 base_addr=0xd0000048 size_in_byte=0x8


Info: dla_b_transport_payload.cpp: 54:DLA_B_TRANSPORT_PAYLOAD_TYPE_MC

Info: NV_NVDLA_mcif.cpp: 1539:NV_NVDLA_mcif::cdma_wt2mcif_rd_req_b_transport, write true to cdma_wt_rd_atom_enable_fifo_, num_free:163831


Info: NV_NVDLA_mcif.cpp: 1558:NV_NVDLA_mcif::cdma_wt2mcif_rd_req_b_transport, before sending data to cdma_wt_rd_req_fifo_ addr=0xd0000048, , num_free:81911


Info: NV_NVDLA_mcif.cpp: 1560:NV_NVDLA_mcif::cdma_wt2mcif_rd_req_b_transport, after sending data to cdma_wt_rd_req_fifo_ addr=0xd0000048


Info: NV_NVDLA_mcif.cpp: 1514:NV_NVDLA_mcif::cdma_wt2mcif_rd_req_b_transport, prepare AXI transaction for address: 0xd0000050


Info: NV_NVDLA_mcif.cpp: 1524:NV_NVDLA_mcif::cdma_wt2mcif_rd_req_b_transport, cur_address=0xd0000058 base_addr=0xd0000050 size_in_byte=0x8


Info: dla_b_transport_payload.cpp: 54:DLA_B_TRANSPORT_PAYLOAD_TYPE_MC

Info: NV_NVDLA_mcif.cpp: 1539:NV_NVDLA_mcif::cdma_wt2mcif_rd_req_b_transport, write true to cdma_wt_rd_atom_enable_fifo_, num_free:163830


Info: NV_NVDLA_mcif.cpp: 1558:NV_NVDLA_mcif::cdma_wt2mcif_rd_req_b_transport, before sending data to cdma_wt_rd_req_fifo_ addr=0xd0000050, , num_free:81910


Info: NV_NVDLA_mcif.cpp: 1560:NV_NVDLA_mcif::cdma_wt2mcif_rd_req_b_transport, after sending data to cdma_wt_rd_req_fifo_ addr=0xd0000050


Info: NV_NVDLA_mcif.cpp: 1514:NV_NVDLA_mcif::cdma_wt2mcif_rd_req_b_transport, prepare AXI transaction for address: 0xd0000058


Info: NV_NVDLA_mcif.cpp: 1524:NV_NVDLA_mcif::cdma_wt2mcif_rd_req_b_transport, cur_address=0xd0000060 base_addr=0xd0000058 size_in_byte=0x8


Info: dla_b_transport_payload.cpp: 54:DLA_B_TRANSPORT_PAYLOAD_TYPE_MC

Info: NV_NVDLA_mcif.cpp: 1539:NV_NVDLA_mcif::cdma_wt2mcif_rd_req_b_transport, write true to cdma_wt_rd_atom_enable_fifo_, num_free:163829


Info: NV_NVDLA_mcif.cpp: 1558:NV_NVDLA_mcif::cdma_wt2mcif_rd_req_b_transport, before sending data to cdma_wt_rd_req_fifo_ addr=0xd0000058, , num_free:81909


Info: NV_NVDLA_mcif.cpp: 1560:NV_NVDLA_mcif::cdma_wt2mcif_rd_req_b_transport, after sending data to cdma_wt_rd_req_fifo_ addr=0xd0000058


Info: NV_NVDLA_mcif.cpp: 1514:NV_NVDLA_mcif::cdma_wt2mcif_rd_req_b_transport, prepare AXI transaction for address: 0xd0000060


Info: NV_NVDLA_mcif.cpp: 1524:NV_NVDLA_mcif::cdma_wt2mcif_rd_req_b_transport, cur_address=0xd0000068 base_addr=0xd0000060 size_in_byte=0x8


Info: dla_b_transport_payload.cpp: 54:DLA_B_TRANSPORT_PAYLOAD_TYPE_MC

Info: NV_NVDLA_mcif.cpp: 1539:NV_NVDLA_mcif::cdma_wt2mcif_rd_req_b_transport, write true to cdma_wt_rd_atom_enable_fifo_, num_free:163828


Info: NV_NVDLA_mcif.cpp: 1558:NV_NVDLA_mcif::cdma_wt2mcif_rd_req_b_transport, before sending data to cdma_wt_rd_req_fifo_ addr=0xd0000060, , num_free:81908


Info: NV_NVDLA_mcif.cpp: 1560:NV_NVDLA_mcif::cdma_wt2mcif_rd_req_b_transport, after sending data to cdma_wt_rd_req_fifo_ addr=0xd0000060


Info: NV_NVDLA_mcif.cpp: 1514:NV_NVDLA_mcif::cdma_wt2mcif_rd_req_b_transport, prepare AXI transaction for address: 0xd0000068


Info: NV_NVDLA_mcif.cpp: 1524:NV_NVDLA_mcif::cdma_wt2mcif_rd_req_b_transport, cur_address=0xd0000070 base_addr=0xd0000068 size_in_byte=0x8


Info: dla_b_transport_payload.cpp: 54:DLA_B_TRANSPORT_PAYLOAD_TYPE_MC

Info: NV_NVDLA_mcif.cpp: 1539:NV_NVDLA_mcif::cdma_wt2mcif_rd_req_b_transport, write true to cdma_wt_rd_atom_enable_fifo_, num_free:163827


Info: NV_NVDLA_mcif.cpp: 1558:NV_NVDLA_mcif::cdma_wt2mcif_rd_req_b_transport, before sending data to cdma_wt_rd_req_fifo_ addr=0xd0000068, , num_free:81907


Info: NV_NVDLA_mcif.cpp: 1560:NV_NVDLA_mcif::cdma_wt2mcif_rd_req_b_transport, after sending data to cdma_wt_rd_req_fifo_ addr=0xd0000068


Info: NV_NVDLA_mcif.cpp: 1514:NV_NVDLA_mcif::cdma_wt2mcif_rd_req_b_transport, prepare AXI transaction for address: 0xd0000070


Info: NV_NVDLA_mcif.cpp: 1524:NV_NVDLA_mcif::cdma_wt2mcif_rd_req_b_transport, cur_address=0xd0000078 base_addr=0xd0000070 size_in_byte=0x8


Info: dla_b_transport_payload.cpp: 54:DLA_B_TRANSPORT_PAYLOAD_TYPE_MC

Info: NV_NVDLA_mcif.cpp: 1539:NV_NVDLA_mcif::cdma_wt2mcif_rd_req_b_transport, write true to cdma_wt_rd_atom_enable_fifo_, num_free:163826


Info: NV_NVDLA_mcif.cpp: 1558:NV_NVDLA_mcif::cdma_wt2mcif_rd_req_b_transport, before sending data to cdma_wt_rd_req_fifo_ addr=0xd0000070, , num_free:81906


Info: NV_NVDLA_mcif.cpp: 1560:NV_NVDLA_mcif::cdma_wt2mcif_rd_req_b_transport, after sending data to cdma_wt_rd_req_fifo_ addr=0xd0000070


Info: NV_NVDLA_mcif.cpp: 1514:NV_NVDLA_mcif::cdma_wt2mcif_rd_req_b_transport, prepare AXI transaction for address: 0xd0000078


Info: NV_NVDLA_mcif.cpp: 1524:NV_NVDLA_mcif::cdma_wt2mcif_rd_req_b_transport, cur_address=0xd0000080 base_addr=0xd0000078 size_in_byte=0x8


Info: dla_b_transport_payload.cpp: 54:DLA_B_TRANSPORT_PAYLOAD_TYPE_MC

Info: NV_NVDLA_mcif.cpp: 1539:NV_NVDLA_mcif::cdma_wt2mcif_rd_req_b_transport, write true to cdma_wt_rd_atom_enable_fifo_, num_free:163825


Info: NV_NVDLA_mcif.cpp: 1558:NV_NVDLA_mcif::cdma_wt2mcif_rd_req_b_transport, before sending data to cdma_wt_rd_req_fifo_ addr=0xd0000078, , num_free:81905


Info: NV_NVDLA_mcif.cpp: 1560:NV_NVDLA_mcif::cdma_wt2mcif_rd_req_b_transport, after sending data to cdma_wt_rd_req_fifo_ addr=0xd0000078


Info: NV_NVDLA_mcif.cpp: 1563:NV_NVDLA_mcif::cdma_wt2mcif_rd_req_b_transport, after spliting DMA transaction


Info: NV_NVDLA_cdma.cpp: 3342:NV_NVDLA_cdma::SendWeightDmaReadRequest, end.


Info: NV_NVDLA_cdma.cpp: 1925:NV_NVDLA_cdma::DirectConvWeightRequestSequencerCommon, end


Info: NV_NVDLA_cdma.cpp: 525:NV_NVDLA_cdma::WeightReadRequestSequenceThread, after DirectConvWeightRequestSequencerCommon


Info: NV_NVDLA_cdma.cpp: 539:NV_NVDLA_cdma::WeightReadRequestSequenceThread HW layer done


Info: NV_NVDLA_cdma.cpp: 454:before wait cdma_kickoff_


Info: NvdlaAxiAdaptor.cpp: 78:NvdlaAxiAdaptor::axi_rd_wr_thread, get new request, wake up.


Info: NvdlaAxiAdaptor.cpp: 86:NvdlaAxiAdaptor::axi_rd_wr_thread, send read request start. address=0xc0000000


Info: NvdlaAxiAdaptor.cpp: 90:NvdlaAxiAdaptor::axi_rd_wr_thread, before standard_axi (read)


Info: NV_NVDLA_mcif.cpp: 2509:NV_NVDLA_mcif::ext2mcif_rd_rsp_b_transport


Info: NV_NVDLA_mcif.cpp: 2510:axi_id: 0x8


Info: NV_NVDLA_mcif.cpp: 2511:axi_data_ptr: 0x0x367f2f90


Info: NV_NVDLA_mcif.cpp: 2512:axi_length: 8


Info: NV_NVDLA_mcif.cpp: 2513:axi_byte_enable_ptr: 0x0x367f2fb0


Info: NV_NVDLA_mcif.cpp: 2514:axi_byte_enable_length: 8


Info: NV_NVDLA_mcif.cpp: 2528:NV_NVDLA_mcif::ext2mcif_rd_rsp_b_transport, dma_sent_size: 0x0


Info: NV_NVDLA_mcif.cpp: 2565:NV_NVDLA_mcif::ext2mcif_rd_rsp_b_transport, read cdma_dat_rd_atom_enable_fifo_, cdma_dat payload atom mask is 0x1


Info: NV_NVDLA_mcif.cpp: 2650:NV_NVDLA_mcif::ext2mcif_rd_rsp_b_transport, num_free:81920, axi_atom_ptr value:


Info: NV_NVDLA_mcif.cpp: 2652:    0x0


Info: NV_NVDLA_mcif.cpp: 2652:    0x0


Info: NV_NVDLA_mcif.cpp: 2652:    0x0


Info: NV_NVDLA_mcif.cpp: 2652:    0x6f


Info: NV_NVDLA_mcif.cpp: 2652:    0x0


Info: NV_NVDLA_mcif.cpp: 2652:    0x10


Info: NV_NVDLA_mcif.cpp: 2652:    0x0


Info: NV_NVDLA_mcif.cpp: 2652:    0x0


Info: NV_NVDLA_mcif.cpp: 2655:NV_NVDLA_mcif::ext2mcif_rd_rsp_b_transport, cdma_dat payload atom mask is 0x1, write an atom to mcif2cdma_dat_rd_rsp_fifo_, num_free:81919.


Info: NvdlaAxiAdaptor.cpp: 94:NvdlaAxiAdaptor::axi_rd_wr_thread, after standard_axi (read)


Info: NvdlaAxiAdaptor.cpp: 97:NvdlaAxiAdaptor::axi_rd_wr_thread, send read request done


Info: NvdlaAxiAdaptor.cpp: 76:NvdlaAxiAdaptor::axi_rd_wr_thread, no pending request, waiting.


Info: NV_NVDLA_mcif.cpp: 1579:NV_NVDLA_mcif::ReadResp_mcif2cdma_wt, update atom_num_left from cdma_wt2mcif_rd_req_atom_num_fifo_, atom_num_left is 0x8


Info: NV_NVDLA_mcif.cpp: 1581:NV_NVDLA_mcif::ReadResp_mcif2cdma_wt, atom_num_left is 0x8


Info: NV_NVDLA_mcif.cpp: 1588:NV_NVDLA_mcif::ReadResp_mcif2cdma_wt, num_available:0


Info: NV_NVDLA_mcif.cpp: 2905:NV_NVDLA_mcif::ReadRequestArbiter, get new request, wake up.


Info: NV_NVDLA_mcif.cpp: 3081:NV_NVDLA_mcif::ReadRequestArbiter, send read request, payload from cdma_wt, begin, atom:1, num_free:81920 credit_mcif2cdma_wt_rd_rsp_fifo_=81919.


Info: NvdlaAxiAdaptor.cpp: 240:before NvdlaAxiAdaptor::customized_rd_req_b_transport address=0xd0000000


Info: NV_NVDLA_csb_master.cpp: 54:NV_NVDLA_csb_master::nvdla2csb_b_transport, base_addr: 0x1000


Info: NV_NVDLA_csb_master.cpp: 58:NV_NVDLA_csb_master::nvdla2csb_b_transport, csb req to GLB_BASE, 


Info: NV_NVDLA_csb_master.cpp: 59:Addr: 0x100c


Info: NV_NVDLA_csb_master.cpp: 60:Data: 0x7


Info: NV_NVDLA_csb_master.cpp: 61:Is write: 0x0


Info: NV_NVDLA_csb_master.cpp: 62:nposted: 0x0


Info: glb_reg_model.cpp: 44:glb_reg_model::GlbAccessRegister addr=0x100c data=0x7 is_write=0


Info: NV_NVDLA_csb_master.cpp: 273:NV_NVDLA_csb_master::glb2csb_resp_b_transport. Err bit: 0x0 Data: 0x0


Info: NvdlaAxiAdaptor.cpp: 242:after NvdlaAxiAdaptor::customized_rd_req_b_transport


Info: NV_NVDLA_mcif.cpp: 3083:NV_NVDLA_mcif::ReadRequestArbiter, send read request, cdma_wt_rd_req_payload_ from cdma_wt, end.


Info: NV_NVDLA_mcif.cpp: 3081:NV_NVDLA_mcif::ReadRequestArbiter, send read request, payload from cdma_wt, begin, atom:1, num_free:81920 credit_mcif2cdma_wt_rd_rsp_fifo_=81918.


Info: NvdlaAxiAdaptor.cpp: 240:before NvdlaAxiAdaptor::customized_rd_req_b_transport address=0xd0000008


Info: NV_NVDLA_mcif.cpp: 1458:NV_NVDLA_mcif::ReadResp_mcif2cdma_dat, read 1st atom of the 64B from mcif2cdma_dat_rd_rsp_fifo_


Info: NV_NVDLA_mcif.cpp: 1467:NV_NVDLA_mcif::ReadResp_mcif2cdma_dat, dma_rd_rsp_payload->pd.dma_read_data.mask is 0x1


Info: NV_NVDLA_mcif.cpp: 1468:NV_NVDLA_mcif::ReadResp_mcif2cdma_dat, dma_rd_rsp_payload->pd.dma_read_data.data are :


Info: NV_NVDLA_mcif.cpp: 1470:    0x10006f000000


Info: NV_NVDLA_mcif.cpp: 1470:    0x0


Info: NV_NVDLA_mcif.cpp: 1470:    0x646165523a3a6669


Info: NV_NVDLA_mcif.cpp: 1470:    0x69636d5f70736552


Info: NV_NVDLA_mcif.cpp: 1470:    0x645f616d64633266


Info: NV_NVDLA_mcif.cpp: 1470:    0x6d6f7461202c7461


Info: NV_NVDLA_mcif.cpp: 1470:    0x66656c5f6d756e5f


Info: NV_NVDLA_mcif.cpp: 1470:    0x3178302073692074


Info: NV_NVDLA_mcif.cpp: 1472:NV_NVDLA_mcif::ReadResp_mcif2cdma_dat, before NV_NVDLA_mcif_base::mcif2cdma_dat_rd_rsp_b_transport(dma_rd_rsp_payload, dma_delay_)


Info: NV_NVDLA_cdma.cpp: 3462:NV_NVDLA_cdma::ActDmaResponseHandler is called. mask=1 valid atom number=0x1, fifo->free():80


Info: NV_NVDLA_cdma.cpp: 3468:NV_NVDLA_cdma::ActDmaResponseHandler, payload_iter=0. CDMA_FEATURE_DATA


Info: NV_NVDLA_mcif.cpp: 1474:NV_NVDLA_mcif::ReadResp_mcif2cdma_dat, after NV_NVDLA_mcif_base::mcif2cdma_dat_rd_rsp_b_transport(dma_rd_rsp_payload, dma_delay_)


Info: NV_NVDLA_mcif.cpp: 1444:NV_NVDLA_mcif::ReadResp_mcif2cdma_dat, num_available:0


Info: NvdlaAxiAdaptor.cpp: 78:NvdlaAxiAdaptor::axi_rd_wr_thread, get new request, wake up.


Info: NvdlaAxiAdaptor.cpp: 86:NvdlaAxiAdaptor::axi_rd_wr_thread, send read request start. address=0xd0000000


Info: NvdlaAxiAdaptor.cpp: 90:NvdlaAxiAdaptor::axi_rd_wr_thread, before standard_axi (read)


Info: NV_NVDLA_mcif.cpp: 2509:NV_NVDLA_mcif::ext2mcif_rd_rsp_b_transport


Info: NV_NVDLA_mcif.cpp: 2510:axi_id: 0x9


Info: NV_NVDLA_mcif.cpp: 2511:axi_data_ptr: 0x0x367f2f90


Info: NV_NVDLA_mcif.cpp: 2512:axi_length: 8


Info: NV_NVDLA_mcif.cpp: 2513:axi_byte_enable_ptr: 0x0x3676e750


Info: NV_NVDLA_mcif.cpp: 2514:axi_byte_enable_length: 8


Info: NV_NVDLA_mcif.cpp: 2528:NV_NVDLA_mcif::ext2mcif_rd_rsp_b_transport, dma_sent_size: 0x0


Info: NV_NVDLA_mcif.cpp: 2569:NV_NVDLA_mcif::ext2mcif_rd_rsp_b_transport, read cdma_wt_rd_atom_enable_fifo_, cdma_wt payload atom mask is 0x1


Info: NV_NVDLA_mcif.cpp: 2658:NV_NVDLA_mcif::ext2mcif_rd_rsp_b_transport, num_free:81920, axi_atom_ptr value:


Info: NV_NVDLA_mcif.cpp: 2660:    0x75


Info: NV_NVDLA_mcif.cpp: 2660:    0x94


Info: NV_NVDLA_mcif.cpp: 2660:    0x61


Info: NV_NVDLA_mcif.cpp: 2660:    0x0


Info: NV_NVDLA_mcif.cpp: 2660:    0xaa


Info: NV_NVDLA_mcif.cpp: 2660:    0x8e


Info: NV_NVDLA_mcif.cpp: 2660:    0xfd


Info: NV_NVDLA_mcif.cpp: 2660:    0x3f


Info: NV_NVDLA_mcif.cpp: 2663:NV_NVDLA_mcif::ext2mcif_rd_rsp_b_transport, cdma_wt payload atom mask is 0x1, write an atom to mcif2cdma_wt_rd_rsp_fifo_, num_free:81919.


Info: NvdlaAxiAdaptor.cpp: 94:NvdlaAxiAdaptor::axi_rd_wr_thread, after standard_axi (read)


Info: NvdlaAxiAdaptor.cpp: 97:NvdlaAxiAdaptor::axi_rd_wr_thread, send read request done


Info: NvdlaAxiAdaptor.cpp: 76:NvdlaAxiAdaptor::axi_rd_wr_thread, no pending request, waiting.


Info: NV_NVDLA_cdma.cpp: 1573:cdma2buf_dat_wr_b_transport addr=0x0 hsel=0 atom_stored=1


Info: NV_NVDLA_cbuf.cpp: 69:NV_NVDLA_cbuf::cdma2buf_dat_wr_b_transport, payload->addr=0x0


Info: NV_NVDLA_cbuf.cpp: 70:NV_NVDLA_cbuf::cdma2buf_dat_wr_b_transport, payload->hsel=0


Info: NV_NVDLA_cbuf.cpp: 71:NV_NVDLA_cbuf::cdma2buf_dat_wr_b_transport, cbuf_ram_byte_addr is 0x0


Info: NV_NVDLA_cbuf.cpp: 72:NV_NVDLA_cbuf::cdma2buf_dat_wr_b_transport, payload->data:


Info: NV_NVDLA_cbuf.cpp: 74:    0x00


Info: NV_NVDLA_cbuf.cpp: 74:    0x00


Info: NV_NVDLA_cbuf.cpp: 74:    0x00


Info: NV_NVDLA_cbuf.cpp: 74:    0x6f


Info: NV_NVDLA_cbuf.cpp: 74:    0x00


Info: NV_NVDLA_cbuf.cpp: 74:    0x10


Info: NV_NVDLA_cbuf.cpp: 74:    0x00


Info: NV_NVDLA_cbuf.cpp: 74:    0x00


Info: NV_NVDLA_csc.cpp: 2758:NV_NVDLA_csc::dat_up_cdma2sc_b_transport, data_entry_idx_available_ is 0x0


Info: NV_NVDLA_csc.cpp: 2759:NV_NVDLA_csc::dat_up_cdma2sc_b_transport, slice_idx_available_[0] is 0x1


Info: NV_NVDLA_cdma.cpp: 1595:DirectConvDataResponseSequencerCommon. after dat_up_cdma2sc_b_transport. payload->dat_entries=0x1, payload->dat_slices=0x1


Info: NV_NVDLA_cdma.cpp: 443:NV_NVDLA_cdma::ActDataReadResponseSequenceThread end of layer


Info: NV_NVDLA_cdma.cpp: 447:CDMA Data Fetch Done. consumer pointer is 0


Info: NV_NVDLA_csb_master.cpp: 54:NV_NVDLA_csb_master::nvdla2csb_b_transport, base_addr: 0x1000


Info: NV_NVDLA_csb_master.cpp: 58:NV_NVDLA_csb_master::nvdla2csb_b_transport, csb req to GLB_BASE, 


Info: NV_NVDLA_csb_master.cpp: 59:Addr: 0x100c


Info: NV_NVDLA_csb_master.cpp: 60:Data: 0x7


Info: NV_NVDLA_csb_master.cpp: 61:Is write: 0x0


Info: NV_NVDLA_csb_master.cpp: 62:nposted: 0x0


Info: glb_reg_model.cpp: 44:glb_reg_model::GlbAccessRegister addr=0x100c data=0x7 is_write=0


Info: NV_NVDLA_csb_master.cpp: 273:NV_NVDLA_csb_master::glb2csb_resp_b_transport. Err bit: 0x0 Data: 0x0


Info: NV_NVDLA_glb.cpp: 308:calling NV_NVDLA_glb::Update_nvdla_intr_cdma_dat_0


Info: NvdlaAxiAdaptor.cpp: 242:after NvdlaAxiAdaptor::customized_rd_req_b_transport


Info: NV_NVDLA_mcif.cpp: 3083:NV_NVDLA_mcif::ReadRequestArbiter, send read request, cdma_wt_rd_req_payload_ from cdma_wt, end.


Info: NV_NVDLA_mcif.cpp: 3081:NV_NVDLA_mcif::ReadRequestArbiter, send read request, payload from cdma_wt, begin, atom:1, num_free:81919 credit_mcif2cdma_wt_rd_rsp_fifo_=81917.


Info: NvdlaAxiAdaptor.cpp: 240:before NvdlaAxiAdaptor::customized_rd_req_b_transport address=0xd0000010


Info: NV_NVDLA_mcif.cpp: 1591:NV_NVDLA_mcif::ReadResp_mcif2cdma_wt, read 1st atom of the 64B from mcif2cdma_wt_rd_rsp_fifo_


Info: NV_NVDLA_mcif.cpp: 1600:NV_NVDLA_mcif::ReadResp_mcif2cdma_wt, dma_rd_rsp_payload->pd.dma_read_data.mask is 0x1


Info: NV_NVDLA_mcif.cpp: 1601:NV_NVDLA_mcif::ReadResp_mcif2cdma_wt, dma_rd_rsp_payload->pd.dma_read_data.data are :


Info: NV_NVDLA_mcif.cpp: 1603:    0x3ffd8eaa00619475


Info: NV_NVDLA_mcif.cpp: 1603:    0x0


Info: NV_NVDLA_mcif.cpp: 1603:    0x646165523a3a6669


Info: NV_NVDLA_mcif.cpp: 1603:    0x69636d5f70736552


Info: NV_NVDLA_mcif.cpp: 1603:    0x775f616d64633266


Info: NV_NVDLA_mcif.cpp: 1603:    0x5f6d6f7461202c74


Info: NV_NVDLA_mcif.cpp: 1603:    0x7466656c5f6d756e


Info: NV_NVDLA_mcif.cpp: 1603:    0xa38783020736920


Info: NV_NVDLA_mcif.cpp: 1605:NV_NVDLA_mcif::ReadResp_mcif2cdma_wt, before NV_NVDLA_mcif_base::mcif2cdma_wt_rd_rsp_b_transport(dma_rd_rsp_payload, dma_delay_)


Info: NV_NVDLA_cdma.cpp: 3491:before reading cdma_wt_info_fifo_


Info: NV_NVDLA_cdma.cpp: 3493:after reading cdma_wt_info_fifo_


Info: NV_NVDLA_cdma.cpp: 3503:NV_NVDLA_cdma::WeightDmaResponseHandler, payload_iter=0


Info: NV_NVDLA_cdma.cpp: 3510:NV_NVDLA_cdma::WeightDmaResponseHandler. CDMA_WEIGHT_DATA


Info: NV_NVDLA_mcif.cpp: 1607:NV_NVDLA_mcif::ReadResp_mcif2cdma_wt, after NV_NVDLA_mcif_base::mcif2cdma_wt_rd_rsp_b_transport(dma_rd_rsp_payload, dma_delay_)


Info: NV_NVDLA_mcif.cpp: 1581:NV_NVDLA_mcif::ReadResp_mcif2cdma_wt, atom_num_left is 0x7


Info: NV_NVDLA_mcif.cpp: 1588:NV_NVDLA_mcif::ReadResp_mcif2cdma_wt, num_available:0


Info: NV_NVDLA_csc.cpp: 2703:NV_NVDLA_csc::WaitUntilCBufferHasEnoughtAvailiableDataEntriesFullInput


Info: NV_NVDLA_csc.cpp: 2704:    data_entry_idx_available_ is 0x1


Info: NV_NVDLA_csc.cpp: 2705:    data_entry_idx_free_ is 0x0


Info: NV_NVDLA_csc.cpp: 2706:    required_entry_num is 0x1


Info: NV_NVDLA_csc.cpp: 670:NV_NVDLA_csc::SendDataToMacSequencerDirectConvCommon, WaitUntilCBufferHasEnoughtAvailiableDataEntriesFullInput, wait cbuffer Done.


Info: NV_NVDLA_csc.cpp: 684:NV_NVDLA_csc::SendDataToMacSequencerDirectConvCommon, out_surface_num is: 0x1


Info: NV_NVDLA_csc.cpp: 685:NV_NVDLA_csc::SendDataToMacSequencerDirectConvCommon, stripe_num is: 0x1


Info: NV_NVDLA_csc.cpp: 686:NV_NVDLA_csc::SendDataToMacSequencerDirectConvCommon, last_super_surface_element_num is: 0x8


Info: NV_NVDLA_csc.cpp: 2728:NV_NVDLA_csc::WaitUntilThereIsEnoughSpaceInCaccu. cacc_free_entry_num_=512, num=1


Info: NV_NVDLA_csc.cpp: 731:NV_NVDLA_csc::SendDataToMacSequencerDirectConvCommon, before WaitUntilKernelsAreReady.


Info: NV_NVDLA_csc.cpp: 2739:NV_NVDLA_csc::WaitUntilKernelsAreReady, kernel_switch_round_data_ = 0 kernel_switch_round_weight_ = 0


Info: NvdlaAxiAdaptor.cpp: 78:NvdlaAxiAdaptor::axi_rd_wr_thread, get new request, wake up.


Info: NvdlaAxiAdaptor.cpp: 86:NvdlaAxiAdaptor::axi_rd_wr_thread, send read request start. address=0xd0000008


Info: NvdlaAxiAdaptor.cpp: 90:NvdlaAxiAdaptor::axi_rd_wr_thread, before standard_axi (read)


Info: NV_NVDLA_mcif.cpp: 2509:NV_NVDLA_mcif::ext2mcif_rd_rsp_b_transport


Info: NV_NVDLA_mcif.cpp: 2510:axi_id: 0x9


Info: NV_NVDLA_mcif.cpp: 2511:axi_data_ptr: 0x0x36665e20


Info: NV_NVDLA_mcif.cpp: 2512:axi_length: 8


Info: NV_NVDLA_mcif.cpp: 2513:axi_byte_enable_ptr: 0x0x36620480


Info: NV_NVDLA_mcif.cpp: 2514:axi_byte_enable_length: 8


Info: NV_NVDLA_mcif.cpp: 2528:NV_NVDLA_mcif::ext2mcif_rd_rsp_b_transport, dma_sent_size: 0x0


Info: NV_NVDLA_mcif.cpp: 2569:NV_NVDLA_mcif::ext2mcif_rd_rsp_b_transport, read cdma_wt_rd_atom_enable_fifo_, cdma_wt payload atom mask is 0x1


Info: NV_NVDLA_mcif.cpp: 2658:NV_NVDLA_mcif::ext2mcif_rd_rsp_b_transport, num_free:81920, axi_atom_ptr value:


Info: NV_NVDLA_mcif.cpp: 2660:    0x0


Info: NV_NVDLA_mcif.cpp: 2660:    0x0


Info: NV_NVDLA_mcif.cpp: 2660:    0x0


Info: NV_NVDLA_mcif.cpp: 2660:    0x0


Info: NV_NVDLA_mcif.cpp: 2660:    0x0


Info: NV_NVDLA_mcif.cpp: 2660:    0x0


Info: NV_NVDLA_mcif.cpp: 2660:    0x0


Info: NV_NVDLA_mcif.cpp: 2660:    0x0


Info: NV_NVDLA_mcif.cpp: 2663:NV_NVDLA_mcif::ext2mcif_rd_rsp_b_transport, cdma_wt payload atom mask is 0x1, write an atom to mcif2cdma_wt_rd_rsp_fifo_, num_free:81919.


Info: NvdlaAxiAdaptor.cpp: 94:NvdlaAxiAdaptor::axi_rd_wr_thread, after standard_axi (read)


Info: NvdlaAxiAdaptor.cpp: 97:NvdlaAxiAdaptor::axi_rd_wr_thread, send read request done


Info: NvdlaAxiAdaptor.cpp: 76:NvdlaAxiAdaptor::axi_rd_wr_thread, no pending request, waiting.


Info: NV_NVDLA_cdma.cpp: 1998:read from weight_read_rsp_fifo_


Info: NV_NVDLA_cdma.cpp: 2007:WaitUntilCBufferHasEnoughFreeWeightEntry start. weight_bytes_fetched=0x8 weight_byte_idx_planed_=0x8


Info: NV_NVDLA_cdma.cpp: 3403:NV_NVDLA_cdma::WaitUntilCBufferHasEnoughFreeWeightEntry, break


Info: NV_NVDLA_cdma.cpp: 3404:    weight_entry_idx_planed_ is 0x0


Info: NV_NVDLA_cdma.cpp: 3405:    weight_entry_idx_free_ is 0xfff


Info: NV_NVDLA_cdma.cpp: 2009:WaitUntilCBufferHasEnoughFreeWeightEntry end


Info: NV_NVDLA_cdma.cpp: 2031:NV_NVDLA_cdma::DirectConvWeightResponseSequencerCommon, cdma2buf_wt_wr_payload.addr is 0xe00


Info: NV_NVDLA_cdma.cpp: 2032:NV_NVDLA_cdma::DirectConvWeightResponseSequencerCommon, cdma2buf_wt_wr_payload.hsel is 0x0


Info: NV_NVDLA_cdma.cpp: 2033:NV_NVDLA_cdma::DirectConvWeightResponseSequencerCommon, cdma2buf_wt_wr_payload.data are :


Info: NV_NVDLA_cbuf.cpp: 97:NV_NVDLA_cbuf::cdma2buf_wt_wr_b_transport, payload->addr=0xe00


Info: NV_NVDLA_cbuf.cpp: 98:NV_NVDLA_cbuf::cdma2buf_wt_wr_b_transport, payload->hsel=0


Info: NV_NVDLA_cbuf.cpp: 99:NV_NVDLA_cbuf::cdma2buf_wt_wr_b_transport, cbuf_ram_byte_addr is 0x7000


Info: NV_NVDLA_cbuf.cpp: 100:NV_NVDLA_cbuf::cdma2buf_wt_wr_b_transport, payload->data:


Info: NV_NVDLA_cbuf.cpp: 102:    0x75


Info: NV_NVDLA_cbuf.cpp: 102:    0x94


Info: NV_NVDLA_cbuf.cpp: 102:    0x61


Info: NV_NVDLA_cbuf.cpp: 102:    0x00


Info: NV_NVDLA_cbuf.cpp: 102:    0xaa


Info: NV_NVDLA_cbuf.cpp: 102:    0x8e


Info: NV_NVDLA_cbuf.cpp: 102:    0xfd


Info: NV_NVDLA_cbuf.cpp: 102:    0x3f


Info: NV_NVDLA_cdma.cpp: 2050:NV_NVDLA_cdma::DirectConvWeightResponseSequencerCommon current_kernel_per_group =1


Info: NV_NVDLA_cdma.cpp: 2057:NV_NVDLA_cdma::DirectConvWeightResponseSequencerCommon, wt_up_cdma2sc_en is true


Info: NV_NVDLA_cdma.cpp: 2066:cdma: weight_bytes_fetched=0x8 weight_bytes_fetched_prev=0x0


Info: NV_NVDLA_cdma.cpp: 2067:cdma: kg_wt_kernels=0x1 kg_wt_entries=0x1 wt_entries_fetched=0x1 prev_wt_entries_fetched=0x0


Info: NV_NVDLA_csb_master.cpp: 54:NV_NVDLA_csb_master::nvdla2csb_b_transport, base_addr: 0x1000


Info: NV_NVDLA_csb_master.cpp: 58:NV_NVDLA_csb_master::nvdla2csb_b_transport, csb req to GLB_BASE, 


Info: NV_NVDLA_csb_master.cpp: 59:Addr: 0x100c


Info: NV_NVDLA_csb_master.cpp: 60:Data: 0x7


Info: NV_NVDLA_csb_master.cpp: 61:Is write: 0x0


Info: NV_NVDLA_csb_master.cpp: 62:nposted: 0x0


Info: glb_reg_model.cpp: 44:glb_reg_model::GlbAccessRegister addr=0x100c data=0x7 is_write=0


Info: NV_NVDLA_csb_master.cpp: 273:NV_NVDLA_csb_master::glb2csb_resp_b_transport. Err bit: 0x0 Data: 0x10000


Info: NvdlaAxiAdaptor.cpp: 242:after NvdlaAxiAdaptor::customized_rd_req_b_transport


Info: NV_NVDLA_mcif.cpp: 3083:NV_NVDLA_mcif::ReadRequestArbiter, send read request, cdma_wt_rd_req_payload_ from cdma_wt, end.


Info: NV_NVDLA_mcif.cpp: 3081:NV_NVDLA_mcif::ReadRequestArbiter, send read request, payload from cdma_wt, begin, atom:1, num_free:81919 credit_mcif2cdma_wt_rd_rsp_fifo_=81917.


Info: NvdlaAxiAdaptor.cpp: 240:before NvdlaAxiAdaptor::customized_rd_req_b_transport address=0xd0000018


Info: NV_NVDLA_mcif.cpp: 1591:NV_NVDLA_mcif::ReadResp_mcif2cdma_wt, read 1st atom of the 64B from mcif2cdma_wt_rd_rsp_fifo_


Info: NV_NVDLA_mcif.cpp: 1600:NV_NVDLA_mcif::ReadResp_mcif2cdma_wt, dma_rd_rsp_payload->pd.dma_read_data.mask is 0x1


Info: NV_NVDLA_mcif.cpp: 1601:NV_NVDLA_mcif::ReadResp_mcif2cdma_wt, dma_rd_rsp_payload->pd.dma_read_data.data are :


Info: NV_NVDLA_mcif.cpp: 1603:    0x0


Info: NV_NVDLA_mcif.cpp: 1603:    0x0


Info: NV_NVDLA_mcif.cpp: 1603:    0x646165523a3a6669


Info: NV_NVDLA_mcif.cpp: 1603:    0x69636d5f70736552


Info: NV_NVDLA_mcif.cpp: 1603:    0x775f616d64633266


Info: NV_NVDLA_mcif.cpp: 1603:    0x5f6d6f7461202c74


Info: NV_NVDLA_mcif.cpp: 1603:    0x7466656c5f6d756e


Info: NV_NVDLA_mcif.cpp: 1603:    0xa37783020736920


Info: NV_NVDLA_mcif.cpp: 1605:NV_NVDLA_mcif::ReadResp_mcif2cdma_wt, before NV_NVDLA_mcif_base::mcif2cdma_wt_rd_rsp_b_transport(dma_rd_rsp_payload, dma_delay_)


Info: NV_NVDLA_cdma.cpp: 3503:NV_NVDLA_cdma::WeightDmaResponseHandler, payload_iter=0


Info: NV_NVDLA_cdma.cpp: 3510:NV_NVDLA_cdma::WeightDmaResponseHandler. CDMA_WEIGHT_DATA


Info: NV_NVDLA_mcif.cpp: 1607:NV_NVDLA_mcif::ReadResp_mcif2cdma_wt, after NV_NVDLA_mcif_base::mcif2cdma_wt_rd_rsp_b_transport(dma_rd_rsp_payload, dma_delay_)


Info: NV_NVDLA_mcif.cpp: 1581:NV_NVDLA_mcif::ReadResp_mcif2cdma_wt, atom_num_left is 0x6


Info: NV_NVDLA_mcif.cpp: 1588:NV_NVDLA_mcif::ReadResp_mcif2cdma_wt, num_available:0


Info: NV_NVDLA_cdma.cpp: 962:reading wt2sc_up_entry_fifo_


Info: NV_NVDLA_cdma.cpp: 975:cdma: wt_kernels=0x1 wt_entries=0x1 wmb_entries=0x0


Info: NV_NVDLA_csc.cpp: 2768:NV_NVDLA_csc::wt_up_cdma2sc_b_transport, weight_entry_idx_available_ is 0x1


Info: NV_NVDLA_csc.cpp: 2769:NV_NVDLA_csc::wt_up_cdma2sc_b_transport, wmb_entry_idx_available_ is 0x0


Info: NV_NVDLA_cdma.cpp: 977:wt_up_cdma2sc_b_transport done


Info: NV_NVDLA_cdma.cpp: 959:wt_up_cdma2sc_b_transport start


Info: NV_NVDLA_cdma.cpp: 960:reading wt2sc_up_kernel_fifo_


Info: NV_NVDLA_csc.cpp: 1104:WaitUntilThereAreEnoughKernel end


Info: NV_NVDLA_csc.cpp: 1108:channel_operation_iter=0


Info: NV_NVDLA_csc.cpp: 1148:block_operation_iter=0


Info: NV_NVDLA_csc.cpp: 1150:stripe_operation_iter=0


Info: NV_NVDLA_csc.cpp: 1179:kernel_iter=0


Info: NV_NVDLA_csc.cpp: 1187:NV_NVDLA_csc::SendWeightToMacSequencerDirectConvCommon, iterator values:


Info: NV_NVDLA_csc.cpp: 1188:    kernel_group_iter          is 0


Info: NV_NVDLA_csc.cpp: 1189:    out_line_iter              is 0


Info: NV_NVDLA_csc.cpp: 1190:    channel_operation_iter     is 0


Info: NV_NVDLA_csc.cpp: 1191:    block_operation_iter       is 0


Info: NV_NVDLA_csc.cpp: 1192:    stripe_operation_iter      is 0


Info: NV_NVDLA_csc.cpp: 1193:    kernel_iter                is 0


Info: NV_NVDLA_csc.cpp: 1194:    kernel_atom_size_index     is 0x0


Info: NV_NVDLA_csc.cpp: 1195:    begin_byte_within_one_entry is 0x0


Info: NV_NVDLA_csc.cpp: 1196:    cbuf_entry_addr            is 0xe00


Info: NV_NVDLA_csc.cpp: 1218:NV_NVDLA_csc::SendWeightToMacSequencerDirectConvCommon, begin byte address is aligned with entry size.  sc2buf_wt_rd_payload.nvdla_ram_addr_ADDR_WIDTH_12_BE_1.addr is 0xe00


Info: NV_NVDLA_cbuf.cpp: 146:NV_NVDLA_cbuf::sc2buf_wt_rd_b_transport, payload_addr=0xe00


Info: NV_NVDLA_cbuf.cpp: 147:NV_NVDLA_cbuf::sc2buf_wt_rd_b_transport, cbuf_ram_byte_addr is 0x7000


Info: NV_NVDLA_cbuf.cpp: 150:NV_NVDLA_cbuf::sc2buf_wt_rd_b_transport, cbuf_ram_ data is


Info: NV_NVDLA_cbuf.cpp: 152:    0x75


Info: NV_NVDLA_cbuf.cpp: 152:    0x94


Info: NV_NVDLA_cbuf.cpp: 152:    0x61


Info: NV_NVDLA_cbuf.cpp: 152:    0x00


Info: NV_NVDLA_cbuf.cpp: 152:    0xaa


Info: NV_NVDLA_cbuf.cpp: 152:    0x8e


Info: NV_NVDLA_cbuf.cpp: 152:    0xfd


Info: NV_NVDLA_cbuf.cpp: 152:    0x3f


Info: NV_NVDLA_csc.cpp: 1426:sc2mac_a_wt_payload (part a) is


Info: NV_NVDLA_csc.cpp: 1430:    mask[0]=0x000000000000000f


Info: NV_NVDLA_csc.cpp: 1431:    mask[1]=0x0000000000000007


Info: NV_NVDLA_csc.cpp: 1432:    sel is 0x1


Info: NV_NVDLA_cmac.cpp: 144:sc2mac_wt_b_transport: weight before MAC on 0 MAC cell:


Info: NV_NVDLA_cmac.cpp: 147:75

Info: NV_NVDLA_cmac.cpp: 147:94

Info: NV_NVDLA_cmac.cpp: 147:61

Info: NV_NVDLA_cmac.cpp: 147:00

Info: NV_NVDLA_cmac.cpp: 147:aa

Info: NV_NVDLA_cmac.cpp: 147:8e

Info: NV_NVDLA_cmac.cpp: 147:fd

Info: NV_NVDLA_cmac.cpp: 147:3f

Info: NV_NVDLA_cmac.cpp: 149:


Info: NV_NVDLA_csc.cpp: 1482:end of stripe_operation_iter=0


Info: NV_NVDLA_csc.cpp: 1484:end of block_operation_iter=0


Info: NV_NVDLA_csc.cpp: 1486:end of channel_operation_iter=0


Info: NV_NVDLA_csc.cpp: 1488:end of out_line_iter=0


Info: NV_NVDLA_csc.cpp: 1534:end of kernel_group_iter=0


Info: NV_NVDLA_csc.cpp: 733:NV_NVDLA_csc::SendDataToMacSequencerDirectConvCommon, a group of weight for a stripe operation was ready.


Info: NV_NVDLA_csc.cpp: 749:NV_NVDLA_csc::SendDataToMacSequencerDirectConvCommon, got a channel_end, out_surface_iter is 0x0, out_surface_num is 0x1, stripe_iter is 0x0, stripe_num is 0x1


Info: NV_NVDLA_csc.cpp: 814:NV_NVDLA_csc::SendDataToMacSequencerDirectConvCommon, sc2buf_dat_rd_b_transport


Info: NV_NVDLA_csc.cpp: 815:    out_surface_iter           is 0


Info: NV_NVDLA_csc.cpp: 816:    stripe_iter                is 0


Info: NV_NVDLA_csc.cpp: 817:    batch_iter                 is 0


Info: NV_NVDLA_csc.cpp: 818:    super_surface_iter         is 0


Info: NV_NVDLA_csc.cpp: 819:    kernel_atom_iter           is 0


Info: NV_NVDLA_csc.cpp: 820:    output_atom_iter           is 0


Info: NV_NVDLA_csc.cpp: 821:    output_atom_coor_width     is 0


Info: NV_NVDLA_csc.cpp: 822:    output_atom_coor_height    is 0


Info: NV_NVDLA_csc.cpp: 823:    input_atom_coor_width      is 0


Info: NV_NVDLA_csc.cpp: 824:    input_atom_coor_height     is 0


Info: NV_NVDLA_csc.cpp: 825:    cbuf_entry_addr            is 0x0


Info: NV_NVDLA_cbuf.cpp: 123:NV_NVDLA_cbuf::sc2buf_dat_rd_b_transport, payload_addr=0x0


Info: NV_NVDLA_cbuf.cpp: 124:NV_NVDLA_cbuf::sc2buf_dat_rd_b_transport, cbuf_ram_byte_addr is 0x0


Info: NV_NVDLA_cbuf.cpp: 127:NV_NVDLA_cbuf::sc2buf_dat_rd_b_transport, cbuf_ram_ data is


Info: NV_NVDLA_cbuf.cpp: 129:    0x00


Info: NV_NVDLA_cbuf.cpp: 129:    0x00


Info: NV_NVDLA_cbuf.cpp: 129:    0x00


Info: NV_NVDLA_cbuf.cpp: 129:    0x6f


Info: NV_NVDLA_cbuf.cpp: 129:    0x00


Info: NV_NVDLA_cbuf.cpp: 129:    0x10


Info: NV_NVDLA_cbuf.cpp: 129:    0x00


Info: NV_NVDLA_cbuf.cpp: 129:    0x00


Info: NV_NVDLA_csc.cpp: 922:sc2mac_a_dat_payload: stripe_st=1


Info: NV_NVDLA_csc.cpp: 923: stripe_end=1


Info: NV_NVDLA_csc.cpp: 924: channel_end=1


Info: NV_NVDLA_csc.cpp: 925: layer_end=1


Info: NV_NVDLA_csc.cpp: 926: mask[0]=0x0000000000000002


Info: NV_NVDLA_csc.cpp: 927: mask[1]=0x0000000000000008


Info: NV_NVDLA_cmac.cpp: 180:sc2mac_dat_b_transport: data before MAC:


Info: NV_NVDLA_cmac.cpp: 183:00

Info: NV_NVDLA_cmac.cpp: 183:00

Info: NV_NVDLA_cmac.cpp: 183:10

Info: NV_NVDLA_cmac.cpp: 183:00

Info: NV_NVDLA_cmac.cpp: 183:6f

Info: NV_NVDLA_cmac.cpp: 183:00

Info: NV_NVDLA_cmac.cpp: 183:00

Info: NV_NVDLA_cmac.cpp: 183:00

Info: NV_NVDLA_cmac.cpp: 185:


Info: NV_NVDLA_cmac.cpp: 189:cmac_a Calling mac do_calc. mac_cell_iter=0


Info: NV_NVDLA_cmac.h: 123:Calculation_int8: mac_cell_enable_ is true


Info: NV_NVDLA_cmac.h: 124:    wt_mask[0]  : 0x000000000000000f


Info: NV_NVDLA_cmac.h: 125:    wt_mask[1]  : 0x0000000000000007


Info: NV_NVDLA_cmac.h: 126:    dat_mask[0] : 0x0000000000000002


Info: NV_NVDLA_cmac.h: 127:    dat_mask[1] : 0x0000000000000008


Info: NV_NVDLA_cmac.h: 163:    channel_iter is 0x0


Info: NV_NVDLA_cmac.h: 164:    Data        : 0x00


Info: NV_NVDLA_cmac.h: 165:    Weight      : 0x75


Info: NV_NVDLA_cmac.h: 169:    dat_mask_k0 : 0


Info: NV_NVDLA_cmac.h: 170:    wt_mask_k0  : 1


Info: NV_NVDLA_cmac.h: 172:CMAC_MAC_INPUT cell=0 precision=int8 mode=direct channel=0 active=0 dat_mask=0 wt_mask=1 data=0x00 weight=0x75 product=SKIP accu=0x0


Info: NV_NVDLA_cmac.h: 163:    channel_iter is 0x1


Info: NV_NVDLA_cmac.h: 164:    Data        : 0x00


Info: NV_NVDLA_cmac.h: 165:    Weight      : 0x94


Info: NV_NVDLA_cmac.h: 169:    dat_mask_k0 : 0


Info: NV_NVDLA_cmac.h: 170:    wt_mask_k0  : 1


Info: NV_NVDLA_cmac.h: 172:CMAC_MAC_INPUT cell=0 precision=int8 mode=direct channel=1 active=0 dat_mask=0 wt_mask=1 data=0x00 weight=0x94 product=SKIP accu=0x0


Info: NV_NVDLA_cmac.h: 163:    channel_iter is 0x2


Info: NV_NVDLA_cmac.h: 164:    Data        : 0x00


Info: NV_NVDLA_cmac.h: 165:    Weight      : 0x61


Info: NV_NVDLA_cmac.h: 169:    dat_mask_k0 : 0


Info: NV_NVDLA_cmac.h: 170:    wt_mask_k0  : 1


Info: NV_NVDLA_cmac.h: 172:CMAC_MAC_INPUT cell=0 precision=int8 mode=direct channel=2 active=0 dat_mask=0 wt_mask=1 data=0x00 weight=0x61 product=SKIP accu=0x0


Info: NV_NVDLA_cmac.h: 163:    channel_iter is 0x3


Info: NV_NVDLA_cmac.h: 164:    Data        : 0x6f


Info: NV_NVDLA_cmac.h: 165:    Weight      : 0x00


Info: NV_NVDLA_cmac.h: 169:    dat_mask_k0 : 1


Info: NV_NVDLA_cmac.h: 170:    wt_mask_k0  : 0


Info: NV_NVDLA_cmac.h: 172:CMAC_MAC_INPUT cell=0 precision=int8 mode=direct channel=3 active=0 dat_mask=1 wt_mask=0 data=0x6f weight=0x00 product=SKIP accu=0x0


Info: NV_NVDLA_cmac.h: 163:    channel_iter is 0x4


Info: NV_NVDLA_cmac.h: 164:    Data        : 0x00


Info: NV_NVDLA_cmac.h: 165:    Weight      : 0xaa


Info: NV_NVDLA_cmac.h: 180:    dat_mask_k1 : 0


Info: NV_NVDLA_cmac.h: 181:    wt_mask_k1  : 1


Info: NV_NVDLA_cmac.h: 183:CMAC_MAC_INPUT cell=0 precision=int8 mode=direct channel=4 active=0 dat_mask=0 wt_mask=1 data=0x00 weight=0xaa product=SKIP accu=0x0


Info: NV_NVDLA_cmac.h: 163:    channel_iter is 0x5


Info: NV_NVDLA_cmac.h: 164:    Data        : 0x10


Info: NV_NVDLA_cmac.h: 165:    Weight      : 0x8e


Info: NV_NVDLA_cmac.h: 180:    dat_mask_k1 : 1


Info: NV_NVDLA_cmac.h: 181:    wt_mask_k1  : 1


Info: NV_NVDLA_cmac.h: 192:CMAC_MAC_INPUT cell=0 precision=int8 mode=direct channel=5 active=1 dat_mask=1 wt_mask=1 data=0x10 weight=0x8e product=0xfffff8e0 accu=0xfffff8e0


Info: NV_NVDLA_cmac.h: 196:    product    : 0xfffff8e0


Info: NV_NVDLA_cmac.h: 197:    accu       : 0xfffff8e0


Info: NV_NVDLA_cmac.h: 163:    channel_iter is 0x6


Info: NV_NVDLA_cmac.h: 164:    Data        : 0x00


Info: NV_NVDLA_cmac.h: 165:    Weight      : 0xfd


Info: NV_NVDLA_cmac.h: 180:    dat_mask_k1 : 0


Info: NV_NVDLA_cmac.h: 181:    wt_mask_k1  : 1


Info: NV_NVDLA_cmac.h: 183:CMAC_MAC_INPUT cell=0 precision=int8 mode=direct channel=6 active=0 dat_mask=0 wt_mask=1 data=0x00 weight=0xfd product=SKIP accu=0xfffff8e0


Info: NV_NVDLA_cmac.h: 163:    channel_iter is 0x7


Info: NV_NVDLA_cmac.h: 164:    Data        : 0x00


Info: NV_NVDLA_cmac.h: 165:    Weight      : 0x3f


Info: NV_NVDLA_cmac.h: 180:    dat_mask_k1 : 0


Info: NV_NVDLA_cmac.h: 181:    wt_mask_k1  : 1


Info: NV_NVDLA_cmac.h: 183:CMAC_MAC_INPUT cell=0 precision=int8 mode=direct channel=7 active=0 dat_mask=0 wt_mask=1 data=0x00 weight=0x3f product=SKIP accu=0xfffff8e0


Info: NV_NVDLA_cmac.h: 200:    calculation_int8 result = 0xfffff8e0


Info: NV_NVDLA_cmac.cpp: 189:cmac_a Calling mac do_calc. mac_cell_iter=1


Info: NV_NVDLA_cmac.h: 123:Calculation_int8: mac_cell_enable_ is false


Info: NV_NVDLA_cmac.h: 124:    wt_mask[0]  : 0x0000000000000000


Info: NV_NVDLA_cmac.h: 125:    wt_mask[1]  : 0x0000000000000000


Info: NV_NVDLA_cmac.h: 126:    dat_mask[0] : 0x0000000000000002


Info: NV_NVDLA_cmac.h: 127:    dat_mask[1] : 0x0000000000000008


Info: NV_NVDLA_cmac.cpp: 189:cmac_a Calling mac do_calc. mac_cell_iter=2


Info: NV_NVDLA_cmac.h: 123:Calculation_int8: mac_cell_enable_ is false


Info: NV_NVDLA_cmac.h: 124:    wt_mask[0]  : 0x0000000000000000


Info: NV_NVDLA_cmac.h: 125:    wt_mask[1]  : 0x0000000000000000


Info: NV_NVDLA_cmac.h: 126:    dat_mask[0] : 0x0000000000000002


Info: NV_NVDLA_cmac.h: 127:    dat_mask[1] : 0x0000000000000008


Info: NV_NVDLA_cmac.cpp: 189:cmac_a Calling mac do_calc. mac_cell_iter=3


Info: NV_NVDLA_cmac.h: 123:Calculation_int8: mac_cell_enable_ is false


Info: NV_NVDLA_cmac.h: 124:    wt_mask[0]  : 0x0000000000000000


Info: NV_NVDLA_cmac.h: 125:    wt_mask[1]  : 0x0000000000000000


Info: NV_NVDLA_cmac.h: 126:    dat_mask[0] : 0x0000000000000002


Info: NV_NVDLA_cmac.h: 127:    dat_mask[1] : 0x0000000000000008


Info: NV_NVDLA_cmac.cpp: 202:cmac_a NV_NVDLA_cmac::mac2accu_dat_b_transport, mac2accu_payload is below


Info: NV_NVDLA_cmac.cpp: 203:    layer_end is 0x1


Info: NV_NVDLA_cmac.cpp: 204:    channel_end is 0x1


Info: NV_NVDLA_cmac.cpp: 205:    stripe_st is 0x1


Info: NV_NVDLA_cmac.cpp: 206:    stripe_end is 0x1


Info: NV_NVDLA_cmac.cpp: 207:    Mask is 0x1


Info: NV_NVDLA_cmac.cpp: 208:    Mode is 0x0


Info: NV_NVDLA_cmac.cpp: 211:Data[0x0,0x0]: 0xfffffffffffff8e0


Info: NV_NVDLA_cmac.cpp: 211:Data[0x0,0x1]: 0x00000000


Info: NV_NVDLA_cmac.cpp: 211:Data[0x0,0x2]: 0x00000000


Info: NV_NVDLA_cmac.cpp: 211:Data[0x0,0x3]: 0x00000000


Info: NV_NVDLA_cmac.cpp: 211:Data[0x1,0x0]: 0x00000000


Info: NV_NVDLA_cmac.cpp: 211:Data[0x1,0x1]: 0x00000000


Info: NV_NVDLA_cmac.cpp: 211:Data[0x1,0x2]: 0x00000000


Info: NV_NVDLA_cmac.cpp: 211:Data[0x1,0x3]: 0x00000000


Info: NV_NVDLA_cmac.cpp: 211:Data[0x2,0x0]: 0x00000000


Info: NV_NVDLA_cmac.cpp: 211:Data[0x2,0x1]: 0x00000000


Info: NV_NVDLA_cmac.cpp: 211:Data[0x2,0x2]: 0x00000000


Info: NV_NVDLA_cmac.cpp: 211:Data[0x2,0x3]: 0x00000000


Info: NV_NVDLA_cmac.cpp: 211:Data[0x3,0x0]: 0x00000000


Info: NV_NVDLA_cmac.cpp: 211:Data[0x3,0x1]: 0x00000000


Info: NV_NVDLA_cmac.cpp: 211:Data[0x3,0x2]: 0x00000000


Info: NV_NVDLA_cmac.cpp: 211:Data[0x3,0x3]: 0x00000000


Info: NV_NVDLA_cacc.cpp: 213:MARKFIFO: before write to mac_a2acc_fifo_


Info: NV_NVDLA_cacc.cpp: 215:MARKFIFO: after write to mac_a2acc_fifo_


Info: NV_NVDLA_cmac.cpp: 219:cmac_a NV_NVDLA_cmac::sc2mac_dat_b_transport, sent cmac_done notification


Info: NV_NVDLA_cmac.cpp: 180:sc2mac_dat_b_transport: data before MAC:


Info: NV_NVDLA_cmac.cpp: 183:00

Info: NV_NVDLA_cmac.cpp: 183:00

Info: NV_NVDLA_cmac.cpp: 183:10

Info: NV_NVDLA_cmac.cpp: 183:00

Info: NV_NVDLA_cmac.cpp: 183:6f

Info: NV_NVDLA_cmac.cpp: 183:00

Info: NV_NVDLA_cmac.cpp: 183:00

Info: NV_NVDLA_cmac.cpp: 183:00

Info: NV_NVDLA_cmac.cpp: 185:


Info: NV_NVDLA_cmac.cpp: 189:cmac_b Calling mac do_calc. mac_cell_iter=0


Info: NV_NVDLA_cmac.h: 123:Calculation_int8: mac_cell_enable_ is false


Info: NV_NVDLA_cmac.h: 124:    wt_mask[0]  : 0x0000000000000000


Info: NV_NVDLA_cmac.h: 125:    wt_mask[1]  : 0x0000000000000000


Info: NV_NVDLA_cmac.h: 126:    dat_mask[0] : 0x0000000000000002


Info: NV_NVDLA_cmac.h: 127:    dat_mask[1] : 0x0000000000000008


Info: NV_NVDLA_cmac.cpp: 189:cmac_b Calling mac do_calc. mac_cell_iter=1


Info: NV_NVDLA_cmac.h: 123:Calculation_int8: mac_cell_enable_ is false


Info: NV_NVDLA_cmac.h: 124:    wt_mask[0]  : 0x0000000000000000


Info: NV_NVDLA_cmac.h: 125:    wt_mask[1]  : 0x0000000000000000


Info: NV_NVDLA_cmac.h: 126:    dat_mask[0] : 0x0000000000000002


Info: NV_NVDLA_cmac.h: 127:    dat_mask[1] : 0x0000000000000008


Info: NV_NVDLA_cmac.cpp: 189:cmac_b Calling mac do_calc. mac_cell_iter=2


Info: NV_NVDLA_cmac.h: 123:Calculation_int8: mac_cell_enable_ is false


Info: NV_NVDLA_cmac.h: 124:    wt_mask[0]  : 0x0000000000000000


Info: NV_NVDLA_cmac.h: 125:    wt_mask[1]  : 0x0000000000000000


Info: NV_NVDLA_cmac.h: 126:    dat_mask[0] : 0x0000000000000002


Info: NV_NVDLA_cmac.h: 127:    dat_mask[1] : 0x0000000000000008


Info: NV_NVDLA_cmac.cpp: 189:cmac_b Calling mac do_calc. mac_cell_iter=3


Info: NV_NVDLA_cmac.h: 123:Calculation_int8: mac_cell_enable_ is false


Info: NV_NVDLA_cmac.h: 124:    wt_mask[0]  : 0x0000000000000000


Info: NV_NVDLA_cmac.h: 125:    wt_mask[1]  : 0x0000000000000000


Info: NV_NVDLA_cmac.h: 126:    dat_mask[0] : 0x0000000000000002


Info: NV_NVDLA_cmac.h: 127:    dat_mask[1] : 0x0000000000000008


Info: NV_NVDLA_cmac.cpp: 202:cmac_b NV_NVDLA_cmac::mac2accu_dat_b_transport, mac2accu_payload is below


Info: NV_NVDLA_cmac.cpp: 203:    layer_end is 0x1


Info: NV_NVDLA_cmac.cpp: 204:    channel_end is 0x1


Info: NV_NVDLA_cmac.cpp: 205:    stripe_st is 0x1


Info: NV_NVDLA_cmac.cpp: 206:    stripe_end is 0x1


Info: NV_NVDLA_cmac.cpp: 207:    Mask is 0x0


Info: NV_NVDLA_cmac.cpp: 208:    Mode is 0x0


Info: NV_NVDLA_cmac.cpp: 211:Data[0x0,0x0]: 0x00000000


Info: NV_NVDLA_cmac.cpp: 211:Data[0x0,0x1]: 0x00000000


Info: NV_NVDLA_cmac.cpp: 211:Data[0x0,0x2]: 0x00000000


Info: NV_NVDLA_cmac.cpp: 211:Data[0x0,0x3]: 0x00000000


Info: NV_NVDLA_cmac.cpp: 211:Data[0x1,0x0]: 0x00000000


Info: NV_NVDLA_cmac.cpp: 211:Data[0x1,0x1]: 0x00000000


Info: NV_NVDLA_cmac.cpp: 211:Data[0x1,0x2]: 0x00000000


Info: NV_NVDLA_cmac.cpp: 211:Data[0x1,0x3]: 0x00000000


Info: NV_NVDLA_cmac.cpp: 211:Data[0x2,0x0]: 0x00000000


Info: NV_NVDLA_cmac.cpp: 211:Data[0x2,0x1]: 0x00000000


Info: NV_NVDLA_cmac.cpp: 211:Data[0x2,0x2]: 0x00000000


Info: NV_NVDLA_cmac.cpp: 211:Data[0x2,0x3]: 0x00000000


Info: NV_NVDLA_cmac.cpp: 211:Data[0x3,0x0]: 0x00000000


Info: NV_NVDLA_cmac.cpp: 211:Data[0x3,0x1]: 0x00000000


Info: NV_NVDLA_cmac.cpp: 211:Data[0x3,0x2]: 0x00000000


Info: NV_NVDLA_cmac.cpp: 211:Data[0x3,0x3]: 0x00000000


Info: NV_NVDLA_cmac.cpp: 219:cmac_b NV_NVDLA_cmac::sc2mac_dat_b_transport, sent cmac_done notification


Info: NV_NVDLA_csc.cpp: 938:Updated credit: cacc_free_entry_num_=1ff


Info: NV_NVDLA_csc.cpp: 311:NV_NVDLA_csc::DataLoadSequenceThread, end of current layer. released_slice_num=0x1


Info: NV_NVDLA_csc.cpp: 316:NV_NVDLA_csc::DataLoadSequenceThread, end of current layer. data_entry_idx_free_=0x1


Info: NV_NVDLA_cdma.cpp: 3560:NV_NVDLA_cdma::dat_up_sc2cdma_b_transport


Info: NV_NVDLA_cdma.cpp: 3561:    payload->dat_entries is 0x1


Info: NV_NVDLA_cdma.cpp: 3562:    data_entry_idx_free_ is 0xe00


Info: NV_NVDLA_cmac.cpp: 93:cmac_a NV_NVDLA_cmac::CmacConsumerThread, group 0 opeartion done


Info: NV_NVDLA_cmac.cpp: 93:cmac_b NV_NVDLA_cmac::CmacConsumerThread, group 0 opeartion done


Info: NV_NVDLA_csc.cpp: 179:CscHardwareLayerExecutionTrigger Done


Info: NvdlaAxiAdaptor.cpp: 78:NvdlaAxiAdaptor::axi_rd_wr_thread, get new request, wake up.


Info: NvdlaAxiAdaptor.cpp: 86:NvdlaAxiAdaptor::axi_rd_wr_thread, send read request start. address=0xd0000010


Info: NvdlaAxiAdaptor.cpp: 90:NvdlaAxiAdaptor::axi_rd_wr_thread, before standard_axi (read)


Info: NV_NVDLA_mcif.cpp: 2509:NV_NVDLA_mcif::ext2mcif_rd_rsp_b_transport


Info: NV_NVDLA_mcif.cpp: 2510:axi_id: 0x9


Info: NV_NVDLA_mcif.cpp: 2511:axi_data_ptr: 0x0x367b0970


Info: NV_NVDLA_mcif.cpp: 2512:axi_length: 8


Info: NV_NVDLA_mcif.cpp: 2513:axi_byte_enable_ptr: 0x0x367b0950


Info: NV_NVDLA_mcif.cpp: 2514:axi_byte_enable_length: 8


Info: NV_NVDLA_mcif.cpp: 2528:NV_NVDLA_mcif::ext2mcif_rd_rsp_b_transport, dma_sent_size: 0x0


Info: NV_NVDLA_mcif.cpp: 2569:NV_NVDLA_mcif::ext2mcif_rd_rsp_b_transport, read cdma_wt_rd_atom_enable_fifo_, cdma_wt payload atom mask is 0x1


Info: NV_NVDLA_mcif.cpp: 2658:NV_NVDLA_mcif::ext2mcif_rd_rsp_b_transport, num_free:81920, axi_atom_ptr value:


Info: NV_NVDLA_mcif.cpp: 2660:    0x0


Info: NV_NVDLA_mcif.cpp: 2660:    0x0


Info: NV_NVDLA_mcif.cpp: 2660:    0x0


Info: NV_NVDLA_mcif.cpp: 2660:    0x0


Info: NV_NVDLA_mcif.cpp: 2660:    0x0


Info: NV_NVDLA_mcif.cpp: 2660:    0x0


Info: NV_NVDLA_mcif.cpp: 2660:    0x0


Info: NV_NVDLA_mcif.cpp: 2660:    0x0


Info: NV_NVDLA_mcif.cpp: 2663:NV_NVDLA_mcif::ext2mcif_rd_rsp_b_transport, cdma_wt payload atom mask is 0x1, write an atom to mcif2cdma_wt_rd_rsp_fifo_, num_free:81919.


Info: NvdlaAxiAdaptor.cpp: 94:NvdlaAxiAdaptor::axi_rd_wr_thread, after standard_axi (read)


Info: NvdlaAxiAdaptor.cpp: 97:NvdlaAxiAdaptor::axi_rd_wr_thread, send read request done


Info: NvdlaAxiAdaptor.cpp: 76:NvdlaAxiAdaptor::axi_rd_wr_thread, no pending request, waiting.


Info: NV_NVDLA_cdma.cpp: 1998:read from weight_read_rsp_fifo_


Info: NV_NVDLA_cdma.cpp: 2007:WaitUntilCBufferHasEnoughFreeWeightEntry start. weight_bytes_fetched=0x10 weight_byte_idx_planed_=0x10


Info: NV_NVDLA_cdma.cpp: 3403:NV_NVDLA_cdma::WaitUntilCBufferHasEnoughFreeWeightEntry, break


Info: NV_NVDLA_cdma.cpp: 3404:    weight_entry_idx_planed_ is 0x1


Info: NV_NVDLA_cdma.cpp: 3405:    weight_entry_idx_free_ is 0xfff


Info: NV_NVDLA_cdma.cpp: 2009:WaitUntilCBufferHasEnoughFreeWeightEntry end


Info: NV_NVDLA_cdma.cpp: 2031:NV_NVDLA_cdma::DirectConvWeightResponseSequencerCommon, cdma2buf_wt_wr_payload.addr is 0xe01


Info: NV_NVDLA_cdma.cpp: 2032:NV_NVDLA_cdma::DirectConvWeightResponseSequencerCommon, cdma2buf_wt_wr_payload.hsel is 0x0


Info: NV_NVDLA_cdma.cpp: 2033:NV_NVDLA_cdma::DirectConvWeightResponseSequencerCommon, cdma2buf_wt_wr_payload.data are :


Info: NV_NVDLA_cbuf.cpp: 97:NV_NVDLA_cbuf::cdma2buf_wt_wr_b_transport, payload->addr=0xe01


Info: NV_NVDLA_cbuf.cpp: 98:NV_NVDLA_cbuf::cdma2buf_wt_wr_b_transport, payload->hsel=0


Info: NV_NVDLA_cbuf.cpp: 99:NV_NVDLA_cbuf::cdma2buf_wt_wr_b_transport, cbuf_ram_byte_addr is 0x7008


Info: NV_NVDLA_cbuf.cpp: 100:NV_NVDLA_cbuf::cdma2buf_wt_wr_b_transport, payload->data:


Info: NV_NVDLA_cbuf.cpp: 102:    0x00


Info: NV_NVDLA_cbuf.cpp: 102:    0x00


Info: NV_NVDLA_cbuf.cpp: 102:    0x00


Info: NV_NVDLA_cbuf.cpp: 102:    0x00


Info: NV_NVDLA_cbuf.cpp: 102:    0x00


Info: NV_NVDLA_cbuf.cpp: 102:    0x00


Info: NV_NVDLA_cbuf.cpp: 102:    0x00


Info: NV_NVDLA_cbuf.cpp: 102:    0x00


Info: NV_NVDLA_cacc.cpp: 247:NV_NVDLA_cacc::CmacDataConcatThread, from A part


Info: NV_NVDLA_cacc.cpp: 250:half_payload.data[0x0]:0xfffff8e0


Info: NV_NVDLA_cacc.cpp: 250:half_payload.data[0x1]:0x00000000


Info: NV_NVDLA_cacc.cpp: 250:half_payload.data[0x2]:0x00000000


Info: NV_NVDLA_cacc.cpp: 250:half_payload.data[0x3]:0x00000000


Info: NV_NVDLA_cacc.cpp: 250:half_payload.data[0x4]:0x00000000


Info: NV_NVDLA_cacc.cpp: 250:half_payload.data[0x5]:0x00000000


Info: NV_NVDLA_cacc.cpp: 250:half_payload.data[0x6]:0x00000000


Info: NV_NVDLA_cacc.cpp: 250:half_payload.data[0x7]:0x00000000


Info: NV_NVDLA_cacc.cpp: 250:half_payload.data[0x8]:0x00000000


Info: NV_NVDLA_cacc.cpp: 250:half_payload.data[0x9]:0x00000000


Info: NV_NVDLA_cacc.cpp: 250:half_payload.data[0xa]:0x00000000


Info: NV_NVDLA_cacc.cpp: 250:half_payload.data[0xb]:0x00000000


Info: NV_NVDLA_cacc.cpp: 250:half_payload.data[0xc]:0x00000000


Info: NV_NVDLA_cacc.cpp: 250:half_payload.data[0xd]:0x00000000


Info: NV_NVDLA_cacc.cpp: 250:half_payload.data[0xe]:0x00000000


Info: NV_NVDLA_cacc.cpp: 250:half_payload.data[0xf]:0x00000000


Info: NV_NVDLA_cacc.cpp: 262:NV_NVDLA_cacc::CmacDataConcatThread, from B part


Info: NV_NVDLA_cacc.cpp: 265:half_payload.data[0x0]:0x00000000


Info: NV_NVDLA_cacc.cpp: 265:half_payload.data[0x1]:0x00000000


Info: NV_NVDLA_cacc.cpp: 265:half_payload.data[0x2]:0x00000000


Info: NV_NVDLA_cacc.cpp: 265:half_payload.data[0x3]:0x00000000


Info: NV_NVDLA_cacc.cpp: 265:half_payload.data[0x4]:0x00000000


Info: NV_NVDLA_cacc.cpp: 265:half_payload.data[0x5]:0x00000000


Info: NV_NVDLA_cacc.cpp: 265:half_payload.data[0x6]:0x00000000


Info: NV_NVDLA_cacc.cpp: 265:half_payload.data[0x7]:0x00000000


Info: NV_NVDLA_cacc.cpp: 265:half_payload.data[0x8]:0x00000000


Info: NV_NVDLA_cacc.cpp: 265:half_payload.data[0x9]:0x00000000


Info: NV_NVDLA_cacc.cpp: 265:half_payload.data[0xa]:0x00000000


Info: NV_NVDLA_cacc.cpp: 265:half_payload.data[0xb]:0x00000000


Info: NV_NVDLA_cacc.cpp: 265:half_payload.data[0xc]:0x00000000


Info: NV_NVDLA_cacc.cpp: 265:half_payload.data[0xd]:0x00000000


Info: NV_NVDLA_cacc.cpp: 265:half_payload.data[0xe]:0x00000000


Info: NV_NVDLA_cacc.cpp: 265:half_payload.data[0xf]:0x00000000


Info: NV_NVDLA_cacc.cpp: 796:mac2cacc_count = 1


Info: NV_NVDLA_cacc.cpp: 797:payload->pd.nvdla_stripe_info.stripe_end = 1


Info: NV_NVDLA_cacc.cpp: 798:payload->pd.nvdla_stripe_info.channel_end = 1


Info: NV_NVDLA_cacc.cpp: 841:NV_NVDLA_cacc::mac2accu_b_transport, assembly_sram_group_idx_working_ is 0x0


Info: NV_NVDLA_cacc.cpp: 847:NV_NVDLA_cacc::mac2accu_b_transport, assembly, the first stripe of a channel operation


Info: NV_NVDLA_cacc.cpp: 961:NV_NVDLA_cacc::mac2accu_b_transport, end of channel operation, assembly_sram_group_idx_available_=0x0


Info: NV_NVDLA_cacc.cpp: 967:NV_NVDLA_cacc::mac2accu_b_transport, end of channel operation, assembly_sram_group_idx_working_=0x1


Info: NV_NVDLA_cacc.cpp: 970:NV_NVDLA_cacc::mac2accu_b_transport, end of channel operation and end of stripe operation


Info: NV_NVDLA_cacc.cpp: 1001:NV_NVDLA_cacc::mac2accu_b_transport, end of layer.


Info: NV_NVDLA_cacc.cpp: 1002:NV_NVDLA_cacc::mac2accu_b_transport, end of layer, assembly_sram_group_idx_available_=0x0


Info: NV_NVDLA_cacc.cpp: 1003:NV_NVDLA_cacc::mac2accu_b_transport, end of layer, assembly_sram_group_idx_working_=0x1


Info: NV_NVDLA_cacc.cpp: 1012:cacc after cacc_done_.notify


Info: NV_NVDLA_csb_master.cpp: 54:NV_NVDLA_csb_master::nvdla2csb_b_transport, base_addr: 0x1000


Info: NV_NVDLA_csb_master.cpp: 58:NV_NVDLA_csb_master::nvdla2csb_b_transport, csb req to GLB_BASE, 


Info: NV_NVDLA_csb_master.cpp: 59:Addr: 0x100c


Info: NV_NVDLA_csb_master.cpp: 60:Data: 0x7


Info: NV_NVDLA_csb_master.cpp: 61:Is write: 0x0


Info: NV_NVDLA_csb_master.cpp: 62:nposted: 0x0


Info: glb_reg_model.cpp: 44:glb_reg_model::GlbAccessRegister addr=0x100c data=0x7 is_write=0


Info: NV_NVDLA_csb_master.cpp: 273:NV_NVDLA_csb_master::glb2csb_resp_b_transport. Err bit: 0x0 Data: 0x10000


Info: NV_NVDLA_cacc.cpp: 1019:assembly_sram_group_idx_available_=0x0


Info: NV_NVDLA_cacc.cpp: 1020:assembly_sram_group_idx_fetched_=0xffffffff


Info: NV_NVDLA_cacc.cpp: 682:NV_NVDLA_cacc::ReshapeSequencerDirectConvCommon, assembly_sram_group_idx_fetched_=0x0


Info: NV_NVDLA_cacc.cpp: 683:NV_NVDLA_cacc::ReshapeSequencerDirectConvCommon, delivery_sram_group_idx_available_=0x0


Info: NV_NVDLA_cacc.cpp: 684:NV_NVDLA_cacc::ReshapeSequencerDirectConvCommon, before truncation


Info: NV_NVDLA_cacc.cpp: 714:NV_NVDLA_cacc::ReshapeSequencerDirectConvCommon, assembly_sram_group_[0x0] is 0xfffffffffffff8e0


Info: NV_NVDLA_cacc.cpp: 715:NV_NVDLA_cacc::ReshapeSequencerDirectConvCommon, assembly_sram_group_[0x0][ACCU_ASSEMBLY_BIT_WIDTH_INT16-1] is 0x1


Info: NV_NVDLA_cacc.cpp: 716:NV_NVDLA_cacc::ReshapeSequencerDirectConvCommon, truncated_result is 0xffffffffffffffe3


Info: NV_NVDLA_cacc.cpp: 728:    delivery_sram_group_[0x0]: 0xffffffe3, saturation_num_perlayer_:0


Info: NV_NVDLA_cacc.cpp: 714:NV_NVDLA_cacc::ReshapeSequencerDirectConvCommon, assembly_sram_group_[0x1] is 0x0000000000000000


Info: NV_NVDLA_cacc.cpp: 715:NV_NVDLA_cacc::ReshapeSequencerDirectConvCommon, assembly_sram_group_[0x1][ACCU_ASSEMBLY_BIT_WIDTH_INT16-1] is 0x0


Info: NV_NVDLA_cacc.cpp: 716:NV_NVDLA_cacc::ReshapeSequencerDirectConvCommon, truncated_result is 0x               0


Info: NV_NVDLA_cacc.cpp: 728:    delivery_sram_group_[0x1]: 0x00000000, saturation_num_perlayer_:0


Info: NV_NVDLA_cacc.cpp: 714:NV_NVDLA_cacc::ReshapeSequencerDirectConvCommon, assembly_sram_group_[0x2] is 0x0000000000000000


Info: NV_NVDLA_cacc.cpp: 715:NV_NVDLA_cacc::ReshapeSequencerDirectConvCommon, assembly_sram_group_[0x2][ACCU_ASSEMBLY_BIT_WIDTH_INT16-1] is 0x0


Info: NV_NVDLA_cacc.cpp: 716:NV_NVDLA_cacc::ReshapeSequencerDirectConvCommon, truncated_result is 0x               0


Info: NV_NVDLA_cacc.cpp: 728:    delivery_sram_group_[0x2]: 0x00000000, saturation_num_perlayer_:0


Info: NV_NVDLA_cacc.cpp: 714:NV_NVDLA_cacc::ReshapeSequencerDirectConvCommon, assembly_sram_group_[0x3] is 0x0000000000000000


Info: NV_NVDLA_cacc.cpp: 715:NV_NVDLA_cacc::ReshapeSequencerDirectConvCommon, assembly_sram_group_[0x3][ACCU_ASSEMBLY_BIT_WIDTH_INT16-1] is 0x0


Info: NV_NVDLA_cacc.cpp: 716:NV_NVDLA_cacc::ReshapeSequencerDirectConvCommon, truncated_result is 0x               0


Info: NV_NVDLA_cacc.cpp: 728:    delivery_sram_group_[0x3]: 0x00000000, saturation_num_perlayer_:0


Info: NV_NVDLA_cacc.cpp: 714:NV_NVDLA_cacc::ReshapeSequencerDirectConvCommon, assembly_sram_group_[0x4] is 0x0000000000000000


Info: NV_NVDLA_cacc.cpp: 715:NV_NVDLA_cacc::ReshapeSequencerDirectConvCommon, assembly_sram_group_[0x4][ACCU_ASSEMBLY_BIT_WIDTH_INT16-1] is 0x0


Info: NV_NVDLA_cacc.cpp: 716:NV_NVDLA_cacc::ReshapeSequencerDirectConvCommon, truncated_result is 0x               0


Info: NV_NVDLA_cacc.cpp: 728:    delivery_sram_group_[0x4]: 0x00000000, saturation_num_perlayer_:0


Info: NV_NVDLA_cacc.cpp: 714:NV_NVDLA_cacc::ReshapeSequencerDirectConvCommon, assembly_sram_group_[0x5] is 0x0000000000000000


Info: NV_NVDLA_cacc.cpp: 715:NV_NVDLA_cacc::ReshapeSequencerDirectConvCommon, assembly_sram_group_[0x5][ACCU_ASSEMBLY_BIT_WIDTH_INT16-1] is 0x0


Info: NV_NVDLA_cacc.cpp: 716:NV_NVDLA_cacc::ReshapeSequencerDirectConvCommon, truncated_result is 0x               0


Info: NV_NVDLA_cacc.cpp: 728:    delivery_sram_group_[0x5]: 0x00000000, saturation_num_perlayer_:0


Info: NV_NVDLA_cacc.cpp: 714:NV_NVDLA_cacc::ReshapeSequencerDirectConvCommon, assembly_sram_group_[0x6] is 0x0000000000000000


Info: NV_NVDLA_cacc.cpp: 715:NV_NVDLA_cacc::ReshapeSequencerDirectConvCommon, assembly_sram_group_[0x6][ACCU_ASSEMBLY_BIT_WIDTH_INT16-1] is 0x0


Info: NV_NVDLA_cacc.cpp: 716:NV_NVDLA_cacc::ReshapeSequencerDirectConvCommon, truncated_result is 0x               0


Info: NV_NVDLA_cacc.cpp: 728:    delivery_sram_group_[0x6]: 0x00000000, saturation_num_perlayer_:0


Info: NV_NVDLA_cacc.cpp: 714:NV_NVDLA_cacc::ReshapeSequencerDirectConvCommon, assembly_sram_group_[0x7] is 0x0000000000000000


Info: NV_NVDLA_cacc.cpp: 715:NV_NVDLA_cacc::ReshapeSequencerDirectConvCommon, assembly_sram_group_[0x7][ACCU_ASSEMBLY_BIT_WIDTH_INT16-1] is 0x0


Info: NV_NVDLA_cacc.cpp: 716:NV_NVDLA_cacc::ReshapeSequencerDirectConvCommon, truncated_result is 0x               0


Info: NV_NVDLA_cacc.cpp: 728:    delivery_sram_group_[0x7]: 0x00000000, saturation_num_perlayer_:0


Info: NV_NVDLA_cacc.cpp: 753:NV_NVDLA_cacc::ReshapeSequencerDirectConvCommon, end of layer, assembly_sram_group_idx_fetched_=0x0


Info: NV_NVDLA_cacc.cpp: 754:NV_NVDLA_cacc::ReshapeSequencerDirectConvCommon, end of layer, delivery_sram_group_idx_available_=0x0


Info: NV_NVDLA_cacc.cpp: 283:NV_NVDLA_cacc::ReshapeSequenceThread after ReshapeSequencerDirectConvCommon


Info: NV_NVDLA_cacc.cpp: 281:NV_NVDLA_cacc::ReshapeSequenceThread before ReshapeSequencerDirectConvCommon


Info: NV_NVDLA_cacc.cpp: 203:cacc after wait cacc_done_


Info: NV_NVDLA_cacc.cpp: 114:NV_NVDLA_cacc::CaccConsumerThread, group 0 opeartion done


Info: NV_NVDLA_cacc.cpp: 1032:delivery_sram_group_idx_available_=0x0


Info: NV_NVDLA_cacc.cpp: 1033:delivery_sram_group_idx_fetched_=0xffffffff


Info: NV_NVDLA_cacc.cpp: 567:atom_num_sent=0 batch_atom_num=1


Info: NV_NVDLA_cacc.cpp: 568:delivery_sram_group_idx_available_=0x0


Info: NV_NVDLA_cacc.cpp: 569:delivery_sram_group_idx_fetched_=0x0


Info: NV_NVDLA_csc.cpp: 2830:NV_NVDLA_csc::accu2sc_credit_b_transport size=0x1 cacc_free_entry_num_=512


Info: NV_NVDLA_cacc.cpp: 598:NV_NVDLA_cacc::DeliverSequencerDirectConvCommon delivery_sram_group_idx_available_=0x0


Info: NV_NVDLA_cacc.cpp: 599:NV_NVDLA_cacc::DeliverSequencerDirectConvCommon delivery_sram_group_idx_fetched_=0x0


Info: NV_NVDLA_cacc.cpp: 601:CACC delivery Done. consumer pointer is 0


Info: NV_NVDLA_cacc.cpp: 291:NV_NVDLA_cacc::DeliverSequenceThread after DeliverSequencerDirectConvCommon


Info: NV_NVDLA_cacc.cpp: 289:NV_NVDLA_cacc::DeliverSequenceThread before DeliverSequencerDirectConvCommon


Info: NvdlaAxiAdaptor.cpp: 242:after NvdlaAxiAdaptor::customized_rd_req_b_transport


Info: NV_NVDLA_mcif.cpp: 3083:NV_NVDLA_mcif::ReadRequestArbiter, send read request, cdma_wt_rd_req_payload_ from cdma_wt, end.


Info: NV_NVDLA_mcif.cpp: 3081:NV_NVDLA_mcif::ReadRequestArbiter, send read request, payload from cdma_wt, begin, atom:1, num_free:81919 credit_mcif2cdma_wt_rd_rsp_fifo_=81917.


Info: NvdlaAxiAdaptor.cpp: 240:before NvdlaAxiAdaptor::customized_rd_req_b_transport address=0xd0000020


Info: NV_NVDLA_mcif.cpp: 1591:NV_NVDLA_mcif::ReadResp_mcif2cdma_wt, read 1st atom of the 64B from mcif2cdma_wt_rd_rsp_fifo_


Info: NV_NVDLA_mcif.cpp: 1600:NV_NVDLA_mcif::ReadResp_mcif2cdma_wt, dma_rd_rsp_payload->pd.dma_read_data.mask is 0x1


Info: NV_NVDLA_mcif.cpp: 1601:NV_NVDLA_mcif::ReadResp_mcif2cdma_wt, dma_rd_rsp_payload->pd.dma_read_data.data are :


Info: NV_NVDLA_mcif.cpp: 1603:    0x0


Info: NV_NVDLA_mcif.cpp: 1603:    0x0


Info: NV_NVDLA_mcif.cpp: 1603:    0x646165523a3a6669


Info: NV_NVDLA_mcif.cpp: 1603:    0x69636d5f70736552


Info: NV_NVDLA_mcif.cpp: 1603:    0x775f616d64633266


Info: NV_NVDLA_mcif.cpp: 1603:    0x5f6d6f7461202c74


Info: NV_NVDLA_mcif.cpp: 1603:    0x7466656c5f6d756e


Info: NV_NVDLA_mcif.cpp: 1603:    0xa36783020736920


Info: NV_NVDLA_mcif.cpp: 1605:NV_NVDLA_mcif::ReadResp_mcif2cdma_wt, before NV_NVDLA_mcif_base::mcif2cdma_wt_rd_rsp_b_transport(dma_rd_rsp_payload, dma_delay_)


Info: NV_NVDLA_cdma.cpp: 3503:NV_NVDLA_cdma::WeightDmaResponseHandler, payload_iter=0


Info: NV_NVDLA_cdma.cpp: 3510:NV_NVDLA_cdma::WeightDmaResponseHandler. CDMA_WEIGHT_DATA


Info: NV_NVDLA_mcif.cpp: 1607:NV_NVDLA_mcif::ReadResp_mcif2cdma_wt, after NV_NVDLA_mcif_base::mcif2cdma_wt_rd_rsp_b_transport(dma_rd_rsp_payload, dma_delay_)


Info: NV_NVDLA_mcif.cpp: 1581:NV_NVDLA_mcif::ReadResp_mcif2cdma_wt, atom_num_left is 0x5


Info: NV_NVDLA_mcif.cpp: 1588:NV_NVDLA_mcif::ReadResp_mcif2cdma_wt, num_available:0


Info: NV_NVDLA_cacc.cpp: 412:before cacc2sdp_payload


Info: NV_NVDLA_sdp.cpp: 1777:NV_NVDLA_sdp::cacc2sdp_b_transport:


Info: NV_NVDLA_sdp.cpp: 1780:0xffffffe3 

Info: NV_NVDLA_sdp.cpp: 1782:


Info: NV_NVDLA_cacc.cpp: 414:cacc2sdp_count=0


Info: NV_NVDLA_cacc.cpp: 412:before cacc2sdp_payload


Info: NV_NVDLA_sdp.cpp: 1777:NV_NVDLA_sdp::cacc2sdp_b_transport:


Info: NV_NVDLA_sdp.cpp: 1780:0x00000000 

Info: NV_NVDLA_sdp.cpp: 1782:


Info: NV_NVDLA_cacc.cpp: 414:cacc2sdp_count=1


Info: NV_NVDLA_cacc.cpp: 412:before cacc2sdp_payload


Info: NV_NVDLA_sdp.cpp: 1777:NV_NVDLA_sdp::cacc2sdp_b_transport:


Info: NV_NVDLA_sdp.cpp: 1780:0x00000000 

Info: NV_NVDLA_sdp.cpp: 1782:


Info: NV_NVDLA_cacc.cpp: 414:cacc2sdp_count=2


Info: NV_NVDLA_cacc.cpp: 412:before cacc2sdp_payload


Info: NV_NVDLA_sdp.cpp: 1777:NV_NVDLA_sdp::cacc2sdp_b_transport:


Info: NV_NVDLA_sdp.cpp: 1780:0x00000000 

Info: NV_NVDLA_sdp.cpp: 1782:


Info: NV_NVDLA_cacc.cpp: 414:cacc2sdp_count=3


Info: NV_NVDLA_cacc.cpp: 412:before cacc2sdp_payload


Info: NV_NVDLA_sdp.cpp: 1777:NV_NVDLA_sdp::cacc2sdp_b_transport:


Info: NV_NVDLA_sdp.cpp: 1780:0x00000000 

Info: NV_NVDLA_sdp.cpp: 1782:


Info: NV_NVDLA_cacc.cpp: 414:cacc2sdp_count=4


Info: NV_NVDLA_cacc.cpp: 412:before cacc2sdp_payload


Info: NV_NVDLA_sdp.cpp: 1777:NV_NVDLA_sdp::cacc2sdp_b_transport:


Info: NV_NVDLA_sdp.cpp: 1780:0x00000000 

Info: NV_NVDLA_sdp.cpp: 1782:


Info: NV_NVDLA_cacc.cpp: 414:cacc2sdp_count=5


Info: NV_NVDLA_cacc.cpp: 412:before cacc2sdp_payload


Info: NV_NVDLA_sdp.cpp: 1777:NV_NVDLA_sdp::cacc2sdp_b_transport:


Info: NV_NVDLA_sdp.cpp: 1780:0x00000000 

Info: NV_NVDLA_sdp.cpp: 1782:


Info: NV_NVDLA_cacc.cpp: 414:cacc2sdp_count=6


Info: NV_NVDLA_cacc.cpp: 412:before cacc2sdp_payload


Info: NV_NVDLA_sdp.cpp: 1777:NV_NVDLA_sdp::cacc2sdp_b_transport:


Info: NV_NVDLA_sdp.cpp: 1780:0x00000000 

Info: NV_NVDLA_sdp.cpp: 1782:


Info: NV_NVDLA_cacc.cpp: 414:cacc2sdp_count=7


Info: NV_NVDLA_cacc.cpp: 299:NV_NVDLA_cacc::SendToThread Layer end


Info: NV_NVDLA_cacc.cpp: 297:NV_NVDLA_cacc::SendToSDPThread Layer begin


Info: NV_NVDLA_glb.cpp: 340:calling NV_NVDLA_glb::Update_nvdla_intr_cacc_0


Info: NV_NVDLA_glb.cpp: 216:Generating Cacc interrupt0


Info: NvdlaAxiAdaptor.cpp: 78:NvdlaAxiAdaptor::axi_rd_wr_thread, get new request, wake up.


Info: NvdlaAxiAdaptor.cpp: 86:NvdlaAxiAdaptor::axi_rd_wr_thread, send read request start. address=0xd0000018


Info: NvdlaAxiAdaptor.cpp: 90:NvdlaAxiAdaptor::axi_rd_wr_thread, before standard_axi (read)


Info: NV_NVDLA_mcif.cpp: 2509:NV_NVDLA_mcif::ext2mcif_rd_rsp_b_transport


Info: NV_NVDLA_mcif.cpp: 2510:axi_id: 0x9


Info: NV_NVDLA_mcif.cpp: 2511:axi_data_ptr: 0x0x367aba40


Info: NV_NVDLA_mcif.cpp: 2512:axi_length: 8


Info: NV_NVDLA_mcif.cpp: 2513:axi_byte_enable_ptr: 0x0x367aba20


Info: NV_NVDLA_mcif.cpp: 2514:axi_byte_enable_length: 8


Info: NV_NVDLA_mcif.cpp: 2528:NV_NVDLA_mcif::ext2mcif_rd_rsp_b_transport, dma_sent_size: 0x0


Info: NV_NVDLA_mcif.cpp: 2569:NV_NVDLA_mcif::ext2mcif_rd_rsp_b_transport, read cdma_wt_rd_atom_enable_fifo_, cdma_wt payload atom mask is 0x1


Info: NV_NVDLA_mcif.cpp: 2658:NV_NVDLA_mcif::ext2mcif_rd_rsp_b_transport, num_free:81920, axi_atom_ptr value:


Info: NV_NVDLA_mcif.cpp: 2660:    0x0


Info: NV_NVDLA_mcif.cpp: 2660:    0x0


Info: NV_NVDLA_mcif.cpp: 2660:    0x0


Info: NV_NVDLA_mcif.cpp: 2660:    0x0


Info: NV_NVDLA_mcif.cpp: 2660:    0x0


Info: NV_NVDLA_mcif.cpp: 2660:    0x0


Info: NV_NVDLA_mcif.cpp: 2660:    0x0


Info: NV_NVDLA_mcif.cpp: 2660:    0x0


Info: NV_NVDLA_mcif.cpp: 2663:NV_NVDLA_mcif::ext2mcif_rd_rsp_b_transport, cdma_wt payload atom mask is 0x1, write an atom to mcif2cdma_wt_rd_rsp_fifo_, num_free:81919.


Info: NvdlaAxiAdaptor.cpp: 94:NvdlaAxiAdaptor::axi_rd_wr_thread, after standard_axi (read)


Info: NvdlaAxiAdaptor.cpp: 97:NvdlaAxiAdaptor::axi_rd_wr_thread, send read request done


Info: NvdlaAxiAdaptor.cpp: 76:NvdlaAxiAdaptor::axi_rd_wr_thread, no pending request, waiting.


Info: NV_NVDLA_cdma.cpp: 1998:read from weight_read_rsp_fifo_


Info: NV_NVDLA_cdma.cpp: 2007:WaitUntilCBufferHasEnoughFreeWeightEntry start. weight_bytes_fetched=0x18 weight_byte_idx_planed_=0x18


Info: NV_NVDLA_cdma.cpp: 3403:NV_NVDLA_cdma::WaitUntilCBufferHasEnoughFreeWeightEntry, break


Info: NV_NVDLA_cdma.cpp: 3404:    weight_entry_idx_planed_ is 0x2


Info: NV_NVDLA_cdma.cpp: 3405:    weight_entry_idx_free_ is 0xfff


Info: NV_NVDLA_cdma.cpp: 2009:WaitUntilCBufferHasEnoughFreeWeightEntry end


Info: NV_NVDLA_cdma.cpp: 2031:NV_NVDLA_cdma::DirectConvWeightResponseSequencerCommon, cdma2buf_wt_wr_payload.addr is 0xe02


Info: NV_NVDLA_cdma.cpp: 2032:NV_NVDLA_cdma::DirectConvWeightResponseSequencerCommon, cdma2buf_wt_wr_payload.hsel is 0x0


Info: NV_NVDLA_cdma.cpp: 2033:NV_NVDLA_cdma::DirectConvWeightResponseSequencerCommon, cdma2buf_wt_wr_payload.data are :


Info: NV_NVDLA_cbuf.cpp: 97:NV_NVDLA_cbuf::cdma2buf_wt_wr_b_transport, payload->addr=0xe02


Info: NV_NVDLA_cbuf.cpp: 98:NV_NVDLA_cbuf::cdma2buf_wt_wr_b_transport, payload->hsel=0


Info: NV_NVDLA_cbuf.cpp: 99:NV_NVDLA_cbuf::cdma2buf_wt_wr_b_transport, cbuf_ram_byte_addr is 0x7010


Info: NV_NVDLA_cbuf.cpp: 100:NV_NVDLA_cbuf::cdma2buf_wt_wr_b_transport, payload->data:


Info: NV_NVDLA_cbuf.cpp: 102:    0x00


Info: NV_NVDLA_cbuf.cpp: 102:    0x00


Info: NV_NVDLA_cbuf.cpp: 102:    0x00


Info: NV_NVDLA_cbuf.cpp: 102:    0x00


Info: NV_NVDLA_cbuf.cpp: 102:    0x00


Info: NV_NVDLA_cbuf.cpp: 102:    0x00


Info: NV_NVDLA_cbuf.cpp: 102:    0x00


Info: NV_NVDLA_cbuf.cpp: 102:    0x00


Info: NV_NVDLA_sdp.cpp: 980:NV_NVDLA_sdp::SdpDataOperationThread, after read cc2pp_fifo_


Info: NV_NVDLA_sdp.cpp: 982:SdpDataOperationDC: SDP_DP, input data from cacc


Info: NV_NVDLA_sdp.cpp: 984:ffffffe3, 

Info: NV_NVDLA_sdp.cpp: 986:


Info: NV_NVDLA_sdp.cpp: 991:SdpDataOperationDC: before load per-element BS/BN/EW data


Info: NV_NVDLA_sdp.cpp: 994:NV_NVDLA_sdp::SdpDataOperationDC, RDMA->DP


Info: NV_NVDLA_sdp.cpp: 996:0xffffffe3 

Info: NV_NVDLA_sdp.cpp: 998:


Info: NV_NVDLA_sdp.cpp: 999:NV_NVDLA_sdp::SdpDataOperationDC, RDMA->DP, X1_ALU


Info: NV_NVDLA_sdp.cpp: 1001:0x0 

Info: NV_NVDLA_sdp.cpp: 1003:


Info: NV_NVDLA_sdp.cpp: 1004:NV_NVDLA_sdp::SdpDataOperationDC, RDMA->DP, X1_MUL


Info: NV_NVDLA_sdp.cpp: 1006:0x0 

Info: NV_NVDLA_sdp.cpp: 1008:


Info: sdp_hls_wrapper.cpp: 519:HLS_API call NV_NVDLA_SDP_CORE_c on 1 iter


Info: sdp_hls_wrapper.cpp: 520:chn_in.data:


Info: sdp_hls_wrapper.cpp: 522:0xffffffe3 

Info: sdp_hls_wrapper.cpp: 524:


Info: sdp_hls_wrapper.cpp: 525:cfg_offset:          0x3dc324eb


Info: sdp_hls_wrapper.cpp: 526:cfg_scale:           0xffffa433


Info: sdp_hls_wrapper.cpp: 527:cfg_shift:           0x21


Info: sdp_hls_wrapper.cpp: 528:cfg_proc_precision:  0x0


Info: sdp_hls_wrapper.cpp: 529:cfg_out_precision:   0x0


Info: sdp_hls_wrapper.cpp: 531:chn_out.data:


Info: sdp_hls_wrapper.cpp: 533:0x0000007f 

Info: sdp_hls_wrapper.cpp: 534:0x00000000 

Info: sdp_hls_wrapper.cpp: 536:


Info: NV_NVDLA_sdp.cpp: 1031:NV_NVDLA_sdp::SdpDataOperationDC, DP->WDMA


Info: NV_NVDLA_sdp.cpp: 1033:0x7f 

Info: NV_NVDLA_sdp.cpp: 1035:


Info: NV_NVDLA_sdp.cpp: 1039: write wdma_fifo_, height[0], width[0], proc[0], total_num:1


Info: NV_NVDLA_sdp.cpp: 978:NV_NVDLA_sdp::SdpDataOperationThread, before read cc2pp_fifo_


Info: NV_NVDLA_sdp.cpp: 980:NV_NVDLA_sdp::SdpDataOperationThread, after read cc2pp_fifo_


Info: NV_NVDLA_sdp.cpp: 982:SdpDataOperationDC: SDP_DP, input data from cacc


Info: NV_NVDLA_sdp.cpp: 984:00000000, 

Info: NV_NVDLA_sdp.cpp: 986:


Info: NV_NVDLA_sdp.cpp: 991:SdpDataOperationDC: before load per-element BS/BN/EW data


Info: NV_NVDLA_sdp.cpp: 994:NV_NVDLA_sdp::SdpDataOperationDC, RDMA->DP


Info: NV_NVDLA_sdp.cpp: 996:0x0 

Info: NV_NVDLA_sdp.cpp: 998:


Info: NV_NVDLA_sdp.cpp: 999:NV_NVDLA_sdp::SdpDataOperationDC, RDMA->DP, X1_ALU


Info: NV_NVDLA_sdp.cpp: 1001:0x0 

Info: NV_NVDLA_sdp.cpp: 1003:


Info: NV_NVDLA_sdp.cpp: 1004:NV_NVDLA_sdp::SdpDataOperationDC, RDMA->DP, X1_MUL


Info: NV_NVDLA_sdp.cpp: 1006:0x0 

Info: NV_NVDLA_sdp.cpp: 1008:


Info: sdp_hls_wrapper.cpp: 519:HLS_API call NV_NVDLA_SDP_CORE_c on 2 iter


Info: sdp_hls_wrapper.cpp: 520:chn_in.data:


Info: sdp_hls_wrapper.cpp: 522:0x00000000 

Info: sdp_hls_wrapper.cpp: 524:


Info: sdp_hls_wrapper.cpp: 525:cfg_offset:          0x3dc324eb


Info: sdp_hls_wrapper.cpp: 526:cfg_scale:           0xffffa433


Info: sdp_hls_wrapper.cpp: 527:cfg_shift:           0x21


Info: sdp_hls_wrapper.cpp: 528:cfg_proc_precision:  0x0


Info: sdp_hls_wrapper.cpp: 529:cfg_out_precision:   0x0


Info: sdp_hls_wrapper.cpp: 531:chn_out.data:


Info: sdp_hls_wrapper.cpp: 533:0x0000007f 

Info: sdp_hls_wrapper.cpp: 534:0x00000000 

Info: sdp_hls_wrapper.cpp: 536:


Info: NV_NVDLA_sdp.cpp: 1031:NV_NVDLA_sdp::SdpDataOperationDC, DP->WDMA


Info: NV_NVDLA_sdp.cpp: 1033:0x7f 

Info: NV_NVDLA_sdp.cpp: 1035:


Info: NV_NVDLA_sdp.cpp: 1039: write wdma_fifo_, height[0], width[0], proc[1], total_num:2


Info: NV_NVDLA_sdp.cpp: 978:NV_NVDLA_sdp::SdpDataOperationThread, before read cc2pp_fifo_


Info: NV_NVDLA_sdp.cpp: 980:NV_NVDLA_sdp::SdpDataOperationThread, after read cc2pp_fifo_


Info: NV_NVDLA_sdp.cpp: 982:SdpDataOperationDC: SDP_DP, input data from cacc


Info: NV_NVDLA_sdp.cpp: 984:00000000, 

Info: NV_NVDLA_sdp.cpp: 986:


Info: NV_NVDLA_sdp.cpp: 991:SdpDataOperationDC: before load per-element BS/BN/EW data


Info: NV_NVDLA_sdp.cpp: 994:NV_NVDLA_sdp::SdpDataOperationDC, RDMA->DP


Info: NV_NVDLA_sdp.cpp: 996:0x0 

Info: NV_NVDLA_sdp.cpp: 998:


Info: NV_NVDLA_sdp.cpp: 999:NV_NVDLA_sdp::SdpDataOperationDC, RDMA->DP, X1_ALU


Info: NV_NVDLA_sdp.cpp: 1001:0x0 

Info: NV_NVDLA_sdp.cpp: 1003:


Info: NV_NVDLA_sdp.cpp: 1004:NV_NVDLA_sdp::SdpDataOperationDC, RDMA->DP, X1_MUL


Info: NV_NVDLA_sdp.cpp: 1006:0x0 

Info: NV_NVDLA_sdp.cpp: 1008:


Info: sdp_hls_wrapper.cpp: 519:HLS_API call NV_NVDLA_SDP_CORE_c on 3 iter


Info: sdp_hls_wrapper.cpp: 520:chn_in.data:


Info: sdp_hls_wrapper.cpp: 522:0x00000000 

Info: sdp_hls_wrapper.cpp: 524:


Info: sdp_hls_wrapper.cpp: 525:cfg_offset:          0x3dc324eb


Info: sdp_hls_wrapper.cpp: 526:cfg_scale:           0xffffa433


Info: sdp_hls_wrapper.cpp: 527:cfg_shift:           0x21


Info: sdp_hls_wrapper.cpp: 528:cfg_proc_precision:  0x0


Info: sdp_hls_wrapper.cpp: 529:cfg_out_precision:   0x0


Info: sdp_hls_wrapper.cpp: 531:chn_out.data:


Info: sdp_hls_wrapper.cpp: 533:0x0000007f 

Info: sdp_hls_wrapper.cpp: 534:0x00000000 

Info: sdp_hls_wrapper.cpp: 536:


Info: NV_NVDLA_sdp.cpp: 1031:NV_NVDLA_sdp::SdpDataOperationDC, DP->WDMA


Info: NV_NVDLA_sdp.cpp: 1033:0x7f 

Info: NV_NVDLA_sdp.cpp: 1035:


Info: NV_NVDLA_sdp.cpp: 1039: write wdma_fifo_, height[0], width[0], proc[2], total_num:3


Info: NV_NVDLA_sdp.cpp: 978:NV_NVDLA_sdp::SdpDataOperationThread, before read cc2pp_fifo_


Info: NV_NVDLA_sdp.cpp: 980:NV_NVDLA_sdp::SdpDataOperationThread, after read cc2pp_fifo_


Info: NV_NVDLA_sdp.cpp: 982:SdpDataOperationDC: SDP_DP, input data from cacc


Info: NV_NVDLA_sdp.cpp: 984:00000000, 

Info: NV_NVDLA_sdp.cpp: 986:


Info: NV_NVDLA_sdp.cpp: 991:SdpDataOperationDC: before load per-element BS/BN/EW data


Info: NV_NVDLA_sdp.cpp: 994:NV_NVDLA_sdp::SdpDataOperationDC, RDMA->DP


Info: NV_NVDLA_sdp.cpp: 996:0x0 

Info: NV_NVDLA_sdp.cpp: 998:


Info: NV_NVDLA_sdp.cpp: 999:NV_NVDLA_sdp::SdpDataOperationDC, RDMA->DP, X1_ALU


Info: NV_NVDLA_sdp.cpp: 1001:0x0 

Info: NV_NVDLA_sdp.cpp: 1003:


Info: NV_NVDLA_sdp.cpp: 1004:NV_NVDLA_sdp::SdpDataOperationDC, RDMA->DP, X1_MUL


Info: NV_NVDLA_sdp.cpp: 1006:0x0 

Info: NV_NVDLA_sdp.cpp: 1008:


Info: sdp_hls_wrapper.cpp: 519:HLS_API call NV_NVDLA_SDP_CORE_c on 4 iter


Info: sdp_hls_wrapper.cpp: 520:chn_in.data:


Info: sdp_hls_wrapper.cpp: 522:0x00000000 

Info: sdp_hls_wrapper.cpp: 524:


Info: sdp_hls_wrapper.cpp: 525:cfg_offset:          0x3dc324eb


Info: sdp_hls_wrapper.cpp: 526:cfg_scale:           0xffffa433


Info: sdp_hls_wrapper.cpp: 527:cfg_shift:           0x21


Info: sdp_hls_wrapper.cpp: 528:cfg_proc_precision:  0x0


Info: sdp_hls_wrapper.cpp: 529:cfg_out_precision:   0x0


Info: sdp_hls_wrapper.cpp: 531:chn_out.data:


Info: sdp_hls_wrapper.cpp: 533:0x0000007f 

Info: sdp_hls_wrapper.cpp: 534:0x00000000 

Info: sdp_hls_wrapper.cpp: 536:


Info: NV_NVDLA_sdp.cpp: 1031:NV_NVDLA_sdp::SdpDataOperationDC, DP->WDMA


Info: NV_NVDLA_sdp.cpp: 1033:0x7f 

Info: NV_NVDLA_sdp.cpp: 1035:


Info: NV_NVDLA_sdp.cpp: 1039: write wdma_fifo_, height[0], width[0], proc[3], total_num:4


Info: NV_NVDLA_sdp.cpp: 978:NV_NVDLA_sdp::SdpDataOperationThread, before read cc2pp_fifo_


Info: NV_NVDLA_sdp.cpp: 980:NV_NVDLA_sdp::SdpDataOperationThread, after read cc2pp_fifo_


Info: NV_NVDLA_sdp.cpp: 982:SdpDataOperationDC: SDP_DP, input data from cacc


Info: NV_NVDLA_sdp.cpp: 984:00000000, 

Info: NV_NVDLA_sdp.cpp: 986:


Info: NV_NVDLA_sdp.cpp: 991:SdpDataOperationDC: before load per-element BS/BN/EW data


Info: NV_NVDLA_sdp.cpp: 994:NV_NVDLA_sdp::SdpDataOperationDC, RDMA->DP


Info: NV_NVDLA_sdp.cpp: 996:0x0 

Info: NV_NVDLA_sdp.cpp: 998:


Info: NV_NVDLA_sdp.cpp: 999:NV_NVDLA_sdp::SdpDataOperationDC, RDMA->DP, X1_ALU


Info: NV_NVDLA_sdp.cpp: 1001:0x0 

Info: NV_NVDLA_sdp.cpp: 1003:


Info: NV_NVDLA_sdp.cpp: 1004:NV_NVDLA_sdp::SdpDataOperationDC, RDMA->DP, X1_MUL


Info: NV_NVDLA_sdp.cpp: 1006:0x0 

Info: NV_NVDLA_sdp.cpp: 1008:


Info: sdp_hls_wrapper.cpp: 519:HLS_API call NV_NVDLA_SDP_CORE_c on 5 iter


Info: sdp_hls_wrapper.cpp: 520:chn_in.data:


Info: sdp_hls_wrapper.cpp: 522:0x00000000 

Info: sdp_hls_wrapper.cpp: 524:


Info: sdp_hls_wrapper.cpp: 525:cfg_offset:          0x3dc324eb


Info: sdp_hls_wrapper.cpp: 526:cfg_scale:           0xffffa433


Info: sdp_hls_wrapper.cpp: 527:cfg_shift:           0x21


Info: sdp_hls_wrapper.cpp: 528:cfg_proc_precision:  0x0


Info: sdp_hls_wrapper.cpp: 529:cfg_out_precision:   0x0


Info: sdp_hls_wrapper.cpp: 531:chn_out.data:


Info: sdp_hls_wrapper.cpp: 533:0x0000007f 

Info: sdp_hls_wrapper.cpp: 534:0x00000000 

Info: sdp_hls_wrapper.cpp: 536:


Info: NV_NVDLA_sdp.cpp: 1031:NV_NVDLA_sdp::SdpDataOperationDC, DP->WDMA


Info: NV_NVDLA_sdp.cpp: 1033:0x7f 

Info: NV_NVDLA_sdp.cpp: 1035:


Info: NV_NVDLA_sdp.cpp: 1039: write wdma_fifo_, height[0], width[0], proc[4], total_num:5


Info: NV_NVDLA_sdp.cpp: 978:NV_NVDLA_sdp::SdpDataOperationThread, before read cc2pp_fifo_


Info: NV_NVDLA_sdp.cpp: 980:NV_NVDLA_sdp::SdpDataOperationThread, after read cc2pp_fifo_


Info: NV_NVDLA_sdp.cpp: 982:SdpDataOperationDC: SDP_DP, input data from cacc


Info: NV_NVDLA_sdp.cpp: 984:00000000, 

Info: NV_NVDLA_sdp.cpp: 986:


Info: NV_NVDLA_sdp.cpp: 991:SdpDataOperationDC: before load per-element BS/BN/EW data


Info: NV_NVDLA_sdp.cpp: 994:NV_NVDLA_sdp::SdpDataOperationDC, RDMA->DP


Info: NV_NVDLA_sdp.cpp: 996:0x0 

Info: NV_NVDLA_sdp.cpp: 998:


Info: NV_NVDLA_sdp.cpp: 999:NV_NVDLA_sdp::SdpDataOperationDC, RDMA->DP, X1_ALU


Info: NV_NVDLA_sdp.cpp: 1001:0x0 

Info: NV_NVDLA_sdp.cpp: 1003:


Info: NV_NVDLA_sdp.cpp: 1004:NV_NVDLA_sdp::SdpDataOperationDC, RDMA->DP, X1_MUL


Info: NV_NVDLA_sdp.cpp: 1006:0x0 

Info: NV_NVDLA_sdp.cpp: 1008:


Info: sdp_hls_wrapper.cpp: 519:HLS_API call NV_NVDLA_SDP_CORE_c on 6 iter


Info: sdp_hls_wrapper.cpp: 520:chn_in.data:


Info: sdp_hls_wrapper.cpp: 522:0x00000000 

Info: sdp_hls_wrapper.cpp: 524:


Info: sdp_hls_wrapper.cpp: 525:cfg_offset:          0x3dc324eb


Info: sdp_hls_wrapper.cpp: 526:cfg_scale:           0xffffa433


Info: sdp_hls_wrapper.cpp: 527:cfg_shift:           0x21


Info: sdp_hls_wrapper.cpp: 528:cfg_proc_precision:  0x0


Info: sdp_hls_wrapper.cpp: 529:cfg_out_precision:   0x0


Info: sdp_hls_wrapper.cpp: 531:chn_out.data:


Info: sdp_hls_wrapper.cpp: 533:0x0000007f 

Info: sdp_hls_wrapper.cpp: 534:0x00000000 

Info: sdp_hls_wrapper.cpp: 536:


Info: NV_NVDLA_sdp.cpp: 1031:NV_NVDLA_sdp::SdpDataOperationDC, DP->WDMA


Info: NV_NVDLA_sdp.cpp: 1033:0x7f 

Info: NV_NVDLA_sdp.cpp: 1035:


Info: NV_NVDLA_sdp.cpp: 1039: write wdma_fifo_, height[0], width[0], proc[5], total_num:6


Info: NV_NVDLA_sdp.cpp: 978:NV_NVDLA_sdp::SdpDataOperationThread, before read cc2pp_fifo_


Info: NV_NVDLA_sdp.cpp: 980:NV_NVDLA_sdp::SdpDataOperationThread, after read cc2pp_fifo_


Info: NV_NVDLA_sdp.cpp: 982:SdpDataOperationDC: SDP_DP, input data from cacc


Info: NV_NVDLA_sdp.cpp: 984:00000000, 

Info: NV_NVDLA_sdp.cpp: 986:


Info: NV_NVDLA_sdp.cpp: 991:SdpDataOperationDC: before load per-element BS/BN/EW data


Info: NV_NVDLA_sdp.cpp: 994:NV_NVDLA_sdp::SdpDataOperationDC, RDMA->DP


Info: NV_NVDLA_sdp.cpp: 996:0x0 

Info: NV_NVDLA_sdp.cpp: 998:


Info: NV_NVDLA_sdp.cpp: 999:NV_NVDLA_sdp::SdpDataOperationDC, RDMA->DP, X1_ALU


Info: NV_NVDLA_sdp.cpp: 1001:0x0 

Info: NV_NVDLA_sdp.cpp: 1003:


Info: NV_NVDLA_sdp.cpp: 1004:NV_NVDLA_sdp::SdpDataOperationDC, RDMA->DP, X1_MUL


Info: NV_NVDLA_sdp.cpp: 1006:0x0 

Info: NV_NVDLA_sdp.cpp: 1008:


Info: sdp_hls_wrapper.cpp: 519:HLS_API call NV_NVDLA_SDP_CORE_c on 7 iter


Info: sdp_hls_wrapper.cpp: 520:chn_in.data:


Info: sdp_hls_wrapper.cpp: 522:0x00000000 

Info: sdp_hls_wrapper.cpp: 524:


Info: sdp_hls_wrapper.cpp: 525:cfg_offset:          0x3dc324eb


Info: sdp_hls_wrapper.cpp: 526:cfg_scale:           0xffffa433


Info: sdp_hls_wrapper.cpp: 527:cfg_shift:           0x21


Info: sdp_hls_wrapper.cpp: 528:cfg_proc_precision:  0x0


Info: sdp_hls_wrapper.cpp: 529:cfg_out_precision:   0x0


Info: sdp_hls_wrapper.cpp: 531:chn_out.data:


Info: sdp_hls_wrapper.cpp: 533:0x0000007f 

Info: sdp_hls_wrapper.cpp: 534:0x00000000 

Info: sdp_hls_wrapper.cpp: 536:


Info: NV_NVDLA_sdp.cpp: 1031:NV_NVDLA_sdp::SdpDataOperationDC, DP->WDMA


Info: NV_NVDLA_sdp.cpp: 1033:0x7f 

Info: NV_NVDLA_sdp.cpp: 1035:


Info: NV_NVDLA_sdp.cpp: 1039: write wdma_fifo_, height[0], width[0], proc[6], total_num:7


Info: NV_NVDLA_sdp.cpp: 978:NV_NVDLA_sdp::SdpDataOperationThread, before read cc2pp_fifo_


Info: NV_NVDLA_sdp.cpp: 980:NV_NVDLA_sdp::SdpDataOperationThread, after read cc2pp_fifo_


Info: NV_NVDLA_sdp.cpp: 982:SdpDataOperationDC: SDP_DP, input data from cacc


Info: NV_NVDLA_sdp.cpp: 984:00000000, 

Info: NV_NVDLA_sdp.cpp: 986:


Info: NV_NVDLA_sdp.cpp: 991:SdpDataOperationDC: before load per-element BS/BN/EW data


Info: NV_NVDLA_sdp.cpp: 994:NV_NVDLA_sdp::SdpDataOperationDC, RDMA->DP


Info: NV_NVDLA_sdp.cpp: 996:0x0 

Info: NV_NVDLA_sdp.cpp: 998:


Info: NV_NVDLA_sdp.cpp: 999:NV_NVDLA_sdp::SdpDataOperationDC, RDMA->DP, X1_ALU


Info: NV_NVDLA_sdp.cpp: 1001:0x0 

Info: NV_NVDLA_sdp.cpp: 1003:


Info: NV_NVDLA_sdp.cpp: 1004:NV_NVDLA_sdp::SdpDataOperationDC, RDMA->DP, X1_MUL


Info: NV_NVDLA_sdp.cpp: 1006:0x0 

Info: NV_NVDLA_sdp.cpp: 1008:


Info: sdp_hls_wrapper.cpp: 519:HLS_API call NV_NVDLA_SDP_CORE_c on 8 iter


Info: sdp_hls_wrapper.cpp: 520:chn_in.data:


Info: sdp_hls_wrapper.cpp: 522:0x00000000 

Info: sdp_hls_wrapper.cpp: 524:


Info: sdp_hls_wrapper.cpp: 525:cfg_offset:          0x3dc324eb


Info: sdp_hls_wrapper.cpp: 526:cfg_scale:           0xffffa433


Info: sdp_hls_wrapper.cpp: 527:cfg_shift:           0x21


Info: sdp_hls_wrapper.cpp: 528:cfg_proc_precision:  0x0


Info: sdp_hls_wrapper.cpp: 529:cfg_out_precision:   0x0


Info: sdp_hls_wrapper.cpp: 531:chn_out.data:


Info: sdp_hls_wrapper.cpp: 533:0x0000007f 

Info: sdp_hls_wrapper.cpp: 534:0x00000000 

Info: sdp_hls_wrapper.cpp: 536:


Info: NV_NVDLA_sdp.cpp: 1031:NV_NVDLA_sdp::SdpDataOperationDC, DP->WDMA


Info: NV_NVDLA_sdp.cpp: 1033:0x7f 

Info: NV_NVDLA_sdp.cpp: 1035:


Info: NV_NVDLA_sdp.cpp: 1039: write wdma_fifo_, height[0], width[0], proc[7], total_num:8


Info: NV_NVDLA_sdp.cpp: 1423:NV_NVDLA_sdp::SdpDataOperationThread, layer operation end


Info: NV_NVDLA_csb_master.cpp: 54:NV_NVDLA_csb_master::nvdla2csb_b_transport, base_addr: 0x1000


Info: NV_NVDLA_csb_master.cpp: 58:NV_NVDLA_csb_master::nvdla2csb_b_transport, csb req to GLB_BASE, 


Info: NV_NVDLA_csb_master.cpp: 59:Addr: 0x100c


Info: NV_NVDLA_csb_master.cpp: 60:Data: 0x7


Info: NV_NVDLA_csb_master.cpp: 61:Is write: 0x0


Info: NV_NVDLA_csb_master.cpp: 62:nposted: 0x0


Info: glb_reg_model.cpp: 44:glb_reg_model::GlbAccessRegister addr=0x100c data=0x7 is_write=0


Info: NV_NVDLA_csb_master.cpp: 273:NV_NVDLA_csb_master::glb2csb_resp_b_transport. Err bit: 0x0 Data: 0x110000


Info: NvdlaAxiAdaptor.cpp: 242:after NvdlaAxiAdaptor::customized_rd_req_b_transport


Info: NV_NVDLA_mcif.cpp: 3083:NV_NVDLA_mcif::ReadRequestArbiter, send read request, cdma_wt_rd_req_payload_ from cdma_wt, end.


Info: NV_NVDLA_mcif.cpp: 3081:NV_NVDLA_mcif::ReadRequestArbiter, send read request, payload from cdma_wt, begin, atom:1, num_free:81919 credit_mcif2cdma_wt_rd_rsp_fifo_=81917.


Info: NvdlaAxiAdaptor.cpp: 240:before NvdlaAxiAdaptor::customized_rd_req_b_transport address=0xd0000028


Info: NV_NVDLA_mcif.cpp: 1591:NV_NVDLA_mcif::ReadResp_mcif2cdma_wt, read 1st atom of the 64B from mcif2cdma_wt_rd_rsp_fifo_


Info: NV_NVDLA_mcif.cpp: 1600:NV_NVDLA_mcif::ReadResp_mcif2cdma_wt, dma_rd_rsp_payload->pd.dma_read_data.mask is 0x1


Info: NV_NVDLA_mcif.cpp: 1601:NV_NVDLA_mcif::ReadResp_mcif2cdma_wt, dma_rd_rsp_payload->pd.dma_read_data.data are :


Info: NV_NVDLA_mcif.cpp: 1603:    0x0


Info: NV_NVDLA_mcif.cpp: 1603:    0x0


Info: NV_NVDLA_mcif.cpp: 1603:    0x646165523a3a6669


Info: NV_NVDLA_mcif.cpp: 1603:    0x69636d5f70736552


Info: NV_NVDLA_mcif.cpp: 1603:    0x775f616d64633266


Info: NV_NVDLA_mcif.cpp: 1603:    0x5f6d6f7461202c74


Info: NV_NVDLA_mcif.cpp: 1603:    0x7466656c5f6d756e


Info: NV_NVDLA_mcif.cpp: 1603:    0xa35783020736920


Info: NV_NVDLA_mcif.cpp: 1605:NV_NVDLA_mcif::ReadResp_mcif2cdma_wt, before NV_NVDLA_mcif_base::mcif2cdma_wt_rd_rsp_b_transport(dma_rd_rsp_payload, dma_delay_)


Info: NV_NVDLA_cdma.cpp: 3503:NV_NVDLA_cdma::WeightDmaResponseHandler, payload_iter=0


Info: NV_NVDLA_cdma.cpp: 3510:NV_NVDLA_cdma::WeightDmaResponseHandler. CDMA_WEIGHT_DATA


Info: NV_NVDLA_mcif.cpp: 1607:NV_NVDLA_mcif::ReadResp_mcif2cdma_wt, after NV_NVDLA_mcif_base::mcif2cdma_wt_rd_rsp_b_transport(dma_rd_rsp_payload, dma_delay_)


Info: NV_NVDLA_mcif.cpp: 1581:NV_NVDLA_mcif::ReadResp_mcif2cdma_wt, atom_num_left is 0x4


Info: NV_NVDLA_mcif.cpp: 1588:NV_NVDLA_mcif::ReadResp_mcif2cdma_wt, num_available:0


Info: NV_NVDLA_sdp.cpp: 2213:before: sdp2mcif_wr_req_b_transport, is_cmd:0


Info: NV_NVDLA_mcif.cpp: 1822:write to sdp2mcif_wr_data_fifo_, num_free:40960


Info: NV_NVDLA_mcif.cpp: 1823:sdp2mcif_wr_data_fifo_ data:


Info: NV_NVDLA_mcif.cpp: 1825:7f 

Info: NV_NVDLA_mcif.cpp: 1825:7f 

Info: NV_NVDLA_mcif.cpp: 1825:7f 

Info: NV_NVDLA_mcif.cpp: 1825:7f 

Info: NV_NVDLA_mcif.cpp: 1825:7f 

Info: NV_NVDLA_mcif.cpp: 1825:7f 

Info: NV_NVDLA_mcif.cpp: 1825:7f 

Info: NV_NVDLA_mcif.cpp: 1825:7f 

Info: NV_NVDLA_mcif.cpp: 1827:


Info: NV_NVDLA_mcif.cpp: 1834:one write request done on sdp


Info: NV_NVDLA_sdp.cpp: 2215:after: sdp2mcif_wr_req_b_transport


Info: NV_NVDLA_sdp.cpp: 2108:NV_NVDLA_sdp::SendDmaWriteRequest, dma_wr_req_data_payload_, atoms_sent=1


Info: NV_NVDLA_sdp.cpp: 2110:0x7f 

Info: NV_NVDLA_sdp.cpp: 2110:0x7f 

Info: NV_NVDLA_sdp.cpp: 2110:0x7f 

Info: NV_NVDLA_sdp.cpp: 2110:0x7f 

Info: NV_NVDLA_sdp.cpp: 2110:0x7f 

Info: NV_NVDLA_sdp.cpp: 2110:0x7f 

Info: NV_NVDLA_sdp.cpp: 2110:0x7f 

Info: NV_NVDLA_sdp.cpp: 2110:0x7f 

Info: NV_NVDLA_sdp.cpp: 2112:


Info: NV_NVDLA_sdp.cpp: 2196:SendDmaWriteRequest: notify write complete on group:0, is_mc:1


Info: NV_NVDLA_sdp.cpp: 2201:exit:SendDmaWriteRequest


Info: NvdlaAxiAdaptor.cpp: 78:NvdlaAxiAdaptor::axi_rd_wr_thread, get new request, wake up.


Info: NvdlaAxiAdaptor.cpp: 86:NvdlaAxiAdaptor::axi_rd_wr_thread, send read request start. address=0xd0000020


Info: NvdlaAxiAdaptor.cpp: 90:NvdlaAxiAdaptor::axi_rd_wr_thread, before standard_axi (read)


Info: NV_NVDLA_mcif.cpp: 2509:NV_NVDLA_mcif::ext2mcif_rd_rsp_b_transport


Info: NV_NVDLA_mcif.cpp: 2510:axi_id: 0x9


Info: NV_NVDLA_mcif.cpp: 2511:axi_data_ptr: 0x0x367ab460


Info: NV_NVDLA_mcif.cpp: 2512:axi_length: 8


Info: NV_NVDLA_mcif.cpp: 2513:axi_byte_enable_ptr: 0x0x367ab440


Info: NV_NVDLA_mcif.cpp: 2514:axi_byte_enable_length: 8


Info: NV_NVDLA_mcif.cpp: 2528:NV_NVDLA_mcif::ext2mcif_rd_rsp_b_transport, dma_sent_size: 0x0


Info: NV_NVDLA_mcif.cpp: 2569:NV_NVDLA_mcif::ext2mcif_rd_rsp_b_transport, read cdma_wt_rd_atom_enable_fifo_, cdma_wt payload atom mask is 0x1


Info: NV_NVDLA_mcif.cpp: 2658:NV_NVDLA_mcif::ext2mcif_rd_rsp_b_transport, num_free:81920, axi_atom_ptr value:


Info: NV_NVDLA_mcif.cpp: 2660:    0x0


Info: NV_NVDLA_mcif.cpp: 2660:    0x0


Info: NV_NVDLA_mcif.cpp: 2660:    0x0


Info: NV_NVDLA_mcif.cpp: 2660:    0x0


Info: NV_NVDLA_mcif.cpp: 2660:    0x0


Info: NV_NVDLA_mcif.cpp: 2660:    0x0


Info: NV_NVDLA_mcif.cpp: 2660:    0x0


Info: NV_NVDLA_mcif.cpp: 2660:    0x0


Info: NV_NVDLA_mcif.cpp: 2663:NV_NVDLA_mcif::ext2mcif_rd_rsp_b_transport, cdma_wt payload atom mask is 0x1, write an atom to mcif2cdma_wt_rd_rsp_fifo_, num_free:81919.


Info: NvdlaAxiAdaptor.cpp: 94:NvdlaAxiAdaptor::axi_rd_wr_thread, after standard_axi (read)


Info: NvdlaAxiAdaptor.cpp: 97:NvdlaAxiAdaptor::axi_rd_wr_thread, send read request done


Info: NvdlaAxiAdaptor.cpp: 76:NvdlaAxiAdaptor::axi_rd_wr_thread, no pending request, waiting.


Info: NV_NVDLA_cdma.cpp: 1998:read from weight_read_rsp_fifo_


Info: NV_NVDLA_cdma.cpp: 2007:WaitUntilCBufferHasEnoughFreeWeightEntry start. weight_bytes_fetched=0x20 weight_byte_idx_planed_=0x20


Info: NV_NVDLA_cdma.cpp: 3403:NV_NVDLA_cdma::WaitUntilCBufferHasEnoughFreeWeightEntry, break


Info: NV_NVDLA_cdma.cpp: 3404:    weight_entry_idx_planed_ is 0x3


Info: NV_NVDLA_cdma.cpp: 3405:    weight_entry_idx_free_ is 0xfff


Info: NV_NVDLA_cdma.cpp: 2009:WaitUntilCBufferHasEnoughFreeWeightEntry end


Info: NV_NVDLA_cdma.cpp: 2031:NV_NVDLA_cdma::DirectConvWeightResponseSequencerCommon, cdma2buf_wt_wr_payload.addr is 0xe03


Info: NV_NVDLA_cdma.cpp: 2032:NV_NVDLA_cdma::DirectConvWeightResponseSequencerCommon, cdma2buf_wt_wr_payload.hsel is 0x0


Info: NV_NVDLA_cdma.cpp: 2033:NV_NVDLA_cdma::DirectConvWeightResponseSequencerCommon, cdma2buf_wt_wr_payload.data are :


Info: NV_NVDLA_cbuf.cpp: 97:NV_NVDLA_cbuf::cdma2buf_wt_wr_b_transport, payload->addr=0xe03


Info: NV_NVDLA_cbuf.cpp: 98:NV_NVDLA_cbuf::cdma2buf_wt_wr_b_transport, payload->hsel=0


Info: NV_NVDLA_cbuf.cpp: 99:NV_NVDLA_cbuf::cdma2buf_wt_wr_b_transport, cbuf_ram_byte_addr is 0x7018


Info: NV_NVDLA_cbuf.cpp: 100:NV_NVDLA_cbuf::cdma2buf_wt_wr_b_transport, payload->data:


Info: NV_NVDLA_cbuf.cpp: 102:    0x00


Info: NV_NVDLA_cbuf.cpp: 102:    0x00


Info: NV_NVDLA_cbuf.cpp: 102:    0x00


Info: NV_NVDLA_cbuf.cpp: 102:    0x00


Info: NV_NVDLA_cbuf.cpp: 102:    0x00


Info: NV_NVDLA_cbuf.cpp: 102:    0x00


Info: NV_NVDLA_cbuf.cpp: 102:    0x00


Info: NV_NVDLA_cbuf.cpp: 102:    0x00


Info: NV_NVDLA_mcif.cpp: 1916:NV_NVDLA_mcif::WriteRequest_sdp2mcif, after read an atom from sdp2mcif_wr_data_fifo_


Info: NV_NVDLA_mcif.cpp: 1918:7f 

Info: NV_NVDLA_mcif.cpp: 1918:7f 

Info: NV_NVDLA_mcif.cpp: 1918:7f 

Info: NV_NVDLA_mcif.cpp: 1918:7f 

Info: NV_NVDLA_mcif.cpp: 1918:7f 

Info: NV_NVDLA_mcif.cpp: 1918:7f 

Info: NV_NVDLA_mcif.cpp: 1918:7f 

Info: NV_NVDLA_mcif.cpp: 1918:7f 

Info: NV_NVDLA_mcif.cpp: 1920:


Info: NV_NVDLA_mcif.cpp: 1930:NV_NVDLA_mcif::WriteRequest_sdp2mcif, required ack.


Info: NV_NVDLA_mcif.cpp: 1941:NV_NVDLA_mcif::WriteRequest_sdp2mcif, sending write command to sdp_wr_req_fifo_.


Info: NV_NVDLA_mcif.cpp: 1942:    addr: 0xf0000000


Info: NV_NVDLA_mcif.cpp: 1943:    size: 8


Info: NV_NVDLA_csb_master.cpp: 54:NV_NVDLA_csb_master::nvdla2csb_b_transport, base_addr: 0x1000


Info: NV_NVDLA_csb_master.cpp: 58:NV_NVDLA_csb_master::nvdla2csb_b_transport, csb req to GLB_BASE, 


Info: NV_NVDLA_csb_master.cpp: 59:Addr: 0x100c


Info: NV_NVDLA_csb_master.cpp: 60:Data: 0x7


Info: NV_NVDLA_csb_master.cpp: 61:Is write: 0x0


Info: NV_NVDLA_csb_master.cpp: 62:nposted: 0x0


Info: glb_reg_model.cpp: 44:glb_reg_model::GlbAccessRegister addr=0x100c data=0x7 is_write=0


Info: NV_NVDLA_csb_master.cpp: 273:NV_NVDLA_csb_master::glb2csb_resp_b_transport. Err bit: 0x0 Data: 0x110000


Info: NV_NVDLA_sdp.cpp: 273:sdp after wait sdp_done_


Info: NV_NVDLA_sdp.cpp: 205:NV_NVDLA_sdp::SdpConsumerThread, group 0 opeartion done


Info: NvdlaAxiAdaptor.cpp: 242:after NvdlaAxiAdaptor::customized_rd_req_b_transport


Info: NV_NVDLA_mcif.cpp: 3083:NV_NVDLA_mcif::ReadRequestArbiter, send read request, cdma_wt_rd_req_payload_ from cdma_wt, end.


Info: NV_NVDLA_mcif.cpp: 3081:NV_NVDLA_mcif::ReadRequestArbiter, send read request, payload from cdma_wt, begin, atom:1, num_free:81919 credit_mcif2cdma_wt_rd_rsp_fifo_=81917.


Info: NvdlaAxiAdaptor.cpp: 240:before NvdlaAxiAdaptor::customized_rd_req_b_transport address=0xd0000030


Info: NV_NVDLA_mcif.cpp: 1591:NV_NVDLA_mcif::ReadResp_mcif2cdma_wt, read 1st atom of the 64B from mcif2cdma_wt_rd_rsp_fifo_


Info: NV_NVDLA_mcif.cpp: 1600:NV_NVDLA_mcif::ReadResp_mcif2cdma_wt, dma_rd_rsp_payload->pd.dma_read_data.mask is 0x1


Info: NV_NVDLA_mcif.cpp: 1601:NV_NVDLA_mcif::ReadResp_mcif2cdma_wt, dma_rd_rsp_payload->pd.dma_read_data.data are :


Info: NV_NVDLA_mcif.cpp: 1603:    0x0


Info: NV_NVDLA_mcif.cpp: 1603:    0x0


Info: NV_NVDLA_mcif.cpp: 1603:    0x646165523a3a6669


Info: NV_NVDLA_mcif.cpp: 1603:    0x69636d5f70736552


Info: NV_NVDLA_mcif.cpp: 1603:    0x775f616d64633266


Info: NV_NVDLA_mcif.cpp: 1603:    0x5f6d6f7461202c74


Info: NV_NVDLA_mcif.cpp: 1603:    0x7466656c5f6d756e


Info: NV_NVDLA_mcif.cpp: 1603:    0xa34783020736920


Info: NV_NVDLA_mcif.cpp: 1605:NV_NVDLA_mcif::ReadResp_mcif2cdma_wt, before NV_NVDLA_mcif_base::mcif2cdma_wt_rd_rsp_b_transport(dma_rd_rsp_payload, dma_delay_)


Info: NV_NVDLA_cdma.cpp: 3503:NV_NVDLA_cdma::WeightDmaResponseHandler, payload_iter=0


Info: NV_NVDLA_cdma.cpp: 3510:NV_NVDLA_cdma::WeightDmaResponseHandler. CDMA_WEIGHT_DATA


Info: NV_NVDLA_mcif.cpp: 1607:NV_NVDLA_mcif::ReadResp_mcif2cdma_wt, after NV_NVDLA_mcif_base::mcif2cdma_wt_rd_rsp_b_transport(dma_rd_rsp_payload, dma_delay_)


Info: NV_NVDLA_mcif.cpp: 1581:NV_NVDLA_mcif::ReadResp_mcif2cdma_wt, atom_num_left is 0x3


Info: NV_NVDLA_mcif.cpp: 1588:NV_NVDLA_mcif::ReadResp_mcif2cdma_wt, num_available:0


Info: NV_NVDLA_mcif.cpp: 3112:NV_NVDLA_mcif::WriteRequestArbiter, send write request, payload from sdp.


Info: NvdlaAxiAdaptor.cpp: 230:before NvdlaAxiAdaptor::customized_wr_req_b_transport address=0xf0000000


Info: NvdlaAxiAdaptor.cpp: 232:after NvdlaAxiAdaptor::customized_wr_req_b_transport


Info: NV_NVDLA_mcif.cpp: 3098:Calling WriteRequestArbiter


Info: NvdlaAxiAdaptor.cpp: 78:NvdlaAxiAdaptor::axi_rd_wr_thread, get new request, wake up.


Info: NvdlaAxiAdaptor.cpp: 86:NvdlaAxiAdaptor::axi_rd_wr_thread, send read request start. address=0xd0000028


Info: NvdlaAxiAdaptor.cpp: 90:NvdlaAxiAdaptor::axi_rd_wr_thread, before standard_axi (read)


Info: NV_NVDLA_mcif.cpp: 2509:NV_NVDLA_mcif::ext2mcif_rd_rsp_b_transport


Info: NV_NVDLA_mcif.cpp: 2510:axi_id: 0x9


Info: NV_NVDLA_mcif.cpp: 2511:axi_data_ptr: 0x0x367ab1d0


Info: NV_NVDLA_mcif.cpp: 2512:axi_length: 8


Info: NV_NVDLA_mcif.cpp: 2513:axi_byte_enable_ptr: 0x0x367ab1b0


Info: NV_NVDLA_mcif.cpp: 2514:axi_byte_enable_length: 8


Info: NV_NVDLA_mcif.cpp: 2528:NV_NVDLA_mcif::ext2mcif_rd_rsp_b_transport, dma_sent_size: 0x0


Info: NV_NVDLA_mcif.cpp: 2569:NV_NVDLA_mcif::ext2mcif_rd_rsp_b_transport, read cdma_wt_rd_atom_enable_fifo_, cdma_wt payload atom mask is 0x1


Info: NV_NVDLA_mcif.cpp: 2658:NV_NVDLA_mcif::ext2mcif_rd_rsp_b_transport, num_free:81920, axi_atom_ptr value:


Info: NV_NVDLA_mcif.cpp: 2660:    0x0


Info: NV_NVDLA_mcif.cpp: 2660:    0x0


Info: NV_NVDLA_mcif.cpp: 2660:    0x0


Info: NV_NVDLA_mcif.cpp: 2660:    0x0


Info: NV_NVDLA_mcif.cpp: 2660:    0x0


Info: NV_NVDLA_mcif.cpp: 2660:    0x0


Info: NV_NVDLA_mcif.cpp: 2660:    0x0


Info: NV_NVDLA_mcif.cpp: 2660:    0x0


Info: NV_NVDLA_mcif.cpp: 2663:NV_NVDLA_mcif::ext2mcif_rd_rsp_b_transport, cdma_wt payload atom mask is 0x1, write an atom to mcif2cdma_wt_rd_rsp_fifo_, num_free:81919.


Info: NvdlaAxiAdaptor.cpp: 94:NvdlaAxiAdaptor::axi_rd_wr_thread, after standard_axi (read)


Info: NvdlaAxiAdaptor.cpp: 97:NvdlaAxiAdaptor::axi_rd_wr_thread, send read request done


Info: NvdlaAxiAdaptor.cpp: 102:NvdlaAxiAdaptor::axi_rd_wr_thread, send write request start. address=0xf0000000


Info: NvdlaAxiAdaptor.cpp: 106:NvdlaAxiAdaptor::axi_rd_wr_thread, before standard_axi (write)


Info: NV_NVDLA_mcif.cpp: 2682:NV_NVDLA_mcif::ext2mcif_wr_rsp_b_transport.


Info: NV_NVDLA_mcif.cpp: 2708:NV_NVDLA_mcif::ext2sdp_wr_rsp_b_transport, sdp_wr_req_expected_ack=0x1


Info: NV_NVDLA_mcif.cpp: 2710:send wr rsp to sdp


Info: NV_NVDLA_cdma.cpp: 1998:read from weight_read_rsp_fifo_


Info: NV_NVDLA_cdma.cpp: 2007:WaitUntilCBufferHasEnoughFreeWeightEntry start. weight_bytes_fetched=0x28 weight_byte_idx_planed_=0x28


Info: NV_NVDLA_cdma.cpp: 3403:NV_NVDLA_cdma::WaitUntilCBufferHasEnoughFreeWeightEntry, break


Info: NV_NVDLA_cdma.cpp: 3404:    weight_entry_idx_planed_ is 0x4


Info: NV_NVDLA_cdma.cpp: 3405:    weight_entry_idx_free_ is 0xfff


Info: NV_NVDLA_cdma.cpp: 2009:WaitUntilCBufferHasEnoughFreeWeightEntry end


Info: NV_NVDLA_cdma.cpp: 2031:NV_NVDLA_cdma::DirectConvWeightResponseSequencerCommon, cdma2buf_wt_wr_payload.addr is 0xe04


Info: NV_NVDLA_cdma.cpp: 2032:NV_NVDLA_cdma::DirectConvWeightResponseSequencerCommon, cdma2buf_wt_wr_payload.hsel is 0x0


Info: NV_NVDLA_cdma.cpp: 2033:NV_NVDLA_cdma::DirectConvWeightResponseSequencerCommon, cdma2buf_wt_wr_payload.data are :


Info: NV_NVDLA_cbuf.cpp: 97:NV_NVDLA_cbuf::cdma2buf_wt_wr_b_transport, payload->addr=0xe04


Info: NV_NVDLA_cbuf.cpp: 98:NV_NVDLA_cbuf::cdma2buf_wt_wr_b_transport, payload->hsel=0


Info: NV_NVDLA_cbuf.cpp: 99:NV_NVDLA_cbuf::cdma2buf_wt_wr_b_transport, cbuf_ram_byte_addr is 0x7020


Info: NV_NVDLA_cbuf.cpp: 100:NV_NVDLA_cbuf::cdma2buf_wt_wr_b_transport, payload->data:


Info: NV_NVDLA_cbuf.cpp: 102:    0x00


Info: NV_NVDLA_cbuf.cpp: 102:    0x00


Info: NV_NVDLA_cbuf.cpp: 102:    0x00


Info: NV_NVDLA_cbuf.cpp: 102:    0x00


Info: NV_NVDLA_cbuf.cpp: 102:    0x00


Info: NV_NVDLA_cbuf.cpp: 102:    0x00


Info: NV_NVDLA_cbuf.cpp: 102:    0x00


Info: NV_NVDLA_cbuf.cpp: 102:    0x00


Info: NV_NVDLA_csb_master.cpp: 54:NV_NVDLA_csb_master::nvdla2csb_b_transport, base_addr: 0x1000


Info: NV_NVDLA_csb_master.cpp: 58:NV_NVDLA_csb_master::nvdla2csb_b_transport, csb req to GLB_BASE, 


Info: NV_NVDLA_csb_master.cpp: 59:Addr: 0x100c


Info: NV_NVDLA_csb_master.cpp: 60:Data: 0x7


Info: NV_NVDLA_csb_master.cpp: 61:Is write: 0x0


Info: NV_NVDLA_csb_master.cpp: 62:nposted: 0x0


Info: glb_reg_model.cpp: 44:glb_reg_model::GlbAccessRegister addr=0x100c data=0x7 is_write=0


Info: NV_NVDLA_csb_master.cpp: 273:NV_NVDLA_csb_master::glb2csb_resp_b_transport. Err bit: 0x0 Data: 0x110000


Info: NV_NVDLA_sdp.cpp: 2240:NV_NVDLA_sdp::WriteResponseThreadMc is called


Info: NV_NVDLA_sdp.cpp: 2244:NV_NVDLA_sdp::WriteResponseThreadMc, sent sdp_done notification


Info: NvdlaAxiAdaptor.cpp: 242:after NvdlaAxiAdaptor::customized_rd_req_b_transport


Info: NV_NVDLA_mcif.cpp: 3083:NV_NVDLA_mcif::ReadRequestArbiter, send read request, cdma_wt_rd_req_payload_ from cdma_wt, end.


Info: NV_NVDLA_mcif.cpp: 3081:NV_NVDLA_mcif::ReadRequestArbiter, send read request, payload from cdma_wt, begin, atom:1, num_free:81919 credit_mcif2cdma_wt_rd_rsp_fifo_=81917.


Info: NvdlaAxiAdaptor.cpp: 240:before NvdlaAxiAdaptor::customized_rd_req_b_transport address=0xd0000038


Info: NV_NVDLA_mcif.cpp: 1591:NV_NVDLA_mcif::ReadResp_mcif2cdma_wt, read 1st atom of the 64B from mcif2cdma_wt_rd_rsp_fifo_


Info: NV_NVDLA_mcif.cpp: 1600:NV_NVDLA_mcif::ReadResp_mcif2cdma_wt, dma_rd_rsp_payload->pd.dma_read_data.mask is 0x1


Info: NV_NVDLA_mcif.cpp: 1601:NV_NVDLA_mcif::ReadResp_mcif2cdma_wt, dma_rd_rsp_payload->pd.dma_read_data.data are :


Info: NV_NVDLA_mcif.cpp: 1603:    0x0


Info: NV_NVDLA_mcif.cpp: 1603:    0x0


Info: NV_NVDLA_mcif.cpp: 1603:    0x646165523a3a6669


Info: NV_NVDLA_mcif.cpp: 1603:    0x69636d5f70736552


Info: NV_NVDLA_mcif.cpp: 1603:    0x775f616d64633266


Info: NV_NVDLA_mcif.cpp: 1603:    0x5f6d6f7461202c74


Info: NV_NVDLA_mcif.cpp: 1603:    0x7466656c5f6d756e


Info: NV_NVDLA_mcif.cpp: 1603:    0xa33783020736920


Info: NV_NVDLA_mcif.cpp: 1605:NV_NVDLA_mcif::ReadResp_mcif2cdma_wt, before NV_NVDLA_mcif_base::mcif2cdma_wt_rd_rsp_b_transport(dma_rd_rsp_payload, dma_delay_)


Info: NV_NVDLA_cdma.cpp: 3503:NV_NVDLA_cdma::WeightDmaResponseHandler, payload_iter=0


Info: NV_NVDLA_cdma.cpp: 3510:NV_NVDLA_cdma::WeightDmaResponseHandler. CDMA_WEIGHT_DATA


Info: NV_NVDLA_mcif.cpp: 1607:NV_NVDLA_mcif::ReadResp_mcif2cdma_wt, after NV_NVDLA_mcif_base::mcif2cdma_wt_rd_rsp_b_transport(dma_rd_rsp_payload, dma_delay_)


Info: NV_NVDLA_mcif.cpp: 1581:NV_NVDLA_mcif::ReadResp_mcif2cdma_wt, atom_num_left is 0x2


Info: NV_NVDLA_mcif.cpp: 1588:NV_NVDLA_mcif::ReadResp_mcif2cdma_wt, num_available:0


Info: NvdlaAxiAdaptor.cpp: 110:NvdlaAxiAdaptor::axi_rd_wr_thread, after standard_axi (write)


Info: NvdlaAxiAdaptor.cpp: 113:NvdlaAxiAdaptor::axi_rd_wr_thread, send write request done


Info: NvdlaAxiAdaptor.cpp: 76:NvdlaAxiAdaptor::axi_rd_wr_thread, no pending request, waiting.


Info: NvdlaAxiAdaptor.cpp: 78:NvdlaAxiAdaptor::axi_rd_wr_thread, get new request, wake up.


Info: NvdlaAxiAdaptor.cpp: 86:NvdlaAxiAdaptor::axi_rd_wr_thread, send read request start. address=0xd0000030


Info: NvdlaAxiAdaptor.cpp: 90:NvdlaAxiAdaptor::axi_rd_wr_thread, before standard_axi (read)


Info: NV_NVDLA_mcif.cpp: 2509:NV_NVDLA_mcif::ext2mcif_rd_rsp_b_transport


Info: NV_NVDLA_mcif.cpp: 2510:axi_id: 0x9


Info: NV_NVDLA_mcif.cpp: 2511:axi_data_ptr: 0x0x367ab720


Info: NV_NVDLA_mcif.cpp: 2512:axi_length: 8


Info: NV_NVDLA_mcif.cpp: 2513:axi_byte_enable_ptr: 0x0x367ab700


Info: NV_NVDLA_mcif.cpp: 2514:axi_byte_enable_length: 8


Info: NV_NVDLA_mcif.cpp: 2528:NV_NVDLA_mcif::ext2mcif_rd_rsp_b_transport, dma_sent_size: 0x0


Info: NV_NVDLA_mcif.cpp: 2569:NV_NVDLA_mcif::ext2mcif_rd_rsp_b_transport, read cdma_wt_rd_atom_enable_fifo_, cdma_wt payload atom mask is 0x1


Info: NV_NVDLA_mcif.cpp: 2658:NV_NVDLA_mcif::ext2mcif_rd_rsp_b_transport, num_free:81920, axi_atom_ptr value:


Info: NV_NVDLA_mcif.cpp: 2660:    0x0


Info: NV_NVDLA_mcif.cpp: 2660:    0x0


Info: NV_NVDLA_mcif.cpp: 2660:    0x0


Info: NV_NVDLA_mcif.cpp: 2660:    0x0


Info: NV_NVDLA_mcif.cpp: 2660:    0x0


Info: NV_NVDLA_mcif.cpp: 2660:    0x0


Info: NV_NVDLA_mcif.cpp: 2660:    0x0


Info: NV_NVDLA_mcif.cpp: 2660:    0x0


Info: NV_NVDLA_mcif.cpp: 2663:NV_NVDLA_mcif::ext2mcif_rd_rsp_b_transport, cdma_wt payload atom mask is 0x1, write an atom to mcif2cdma_wt_rd_rsp_fifo_, num_free:81919.


Info: NvdlaAxiAdaptor.cpp: 94:NvdlaAxiAdaptor::axi_rd_wr_thread, after standard_axi (read)


Info: NvdlaAxiAdaptor.cpp: 97:NvdlaAxiAdaptor::axi_rd_wr_thread, send read request done


Info: NvdlaAxiAdaptor.cpp: 76:NvdlaAxiAdaptor::axi_rd_wr_thread, no pending request, waiting.


Info: NV_NVDLA_cdma.cpp: 1998:read from weight_read_rsp_fifo_


Info: NV_NVDLA_cdma.cpp: 2007:WaitUntilCBufferHasEnoughFreeWeightEntry start. weight_bytes_fetched=0x30 weight_byte_idx_planed_=0x30


Info: NV_NVDLA_cdma.cpp: 3403:NV_NVDLA_cdma::WaitUntilCBufferHasEnoughFreeWeightEntry, break


Info: NV_NVDLA_cdma.cpp: 3404:    weight_entry_idx_planed_ is 0x5


Info: NV_NVDLA_cdma.cpp: 3405:    weight_entry_idx_free_ is 0xfff


Info: NV_NVDLA_cdma.cpp: 2009:WaitUntilCBufferHasEnoughFreeWeightEntry end


Info: NV_NVDLA_cdma.cpp: 2031:NV_NVDLA_cdma::DirectConvWeightResponseSequencerCommon, cdma2buf_wt_wr_payload.addr is 0xe05


Info: NV_NVDLA_cdma.cpp: 2032:NV_NVDLA_cdma::DirectConvWeightResponseSequencerCommon, cdma2buf_wt_wr_payload.hsel is 0x0


Info: NV_NVDLA_cdma.cpp: 2033:NV_NVDLA_cdma::DirectConvWeightResponseSequencerCommon, cdma2buf_wt_wr_payload.data are :


Info: NV_NVDLA_cbuf.cpp: 97:NV_NVDLA_cbuf::cdma2buf_wt_wr_b_transport, payload->addr=0xe05


Info: NV_NVDLA_cbuf.cpp: 98:NV_NVDLA_cbuf::cdma2buf_wt_wr_b_transport, payload->hsel=0


Info: NV_NVDLA_cbuf.cpp: 99:NV_NVDLA_cbuf::cdma2buf_wt_wr_b_transport, cbuf_ram_byte_addr is 0x7028


Info: NV_NVDLA_cbuf.cpp: 100:NV_NVDLA_cbuf::cdma2buf_wt_wr_b_transport, payload->data:


Info: NV_NVDLA_cbuf.cpp: 102:    0x00


Info: NV_NVDLA_cbuf.cpp: 102:    0x00


Info: NV_NVDLA_cbuf.cpp: 102:    0x00


Info: NV_NVDLA_cbuf.cpp: 102:    0x00


Info: NV_NVDLA_cbuf.cpp: 102:    0x00


Info: NV_NVDLA_cbuf.cpp: 102:    0x00


Info: NV_NVDLA_cbuf.cpp: 102:    0x00


Info: NV_NVDLA_cbuf.cpp: 102:    0x00


Info: NV_NVDLA_csb_master.cpp: 54:NV_NVDLA_csb_master::nvdla2csb_b_transport, base_addr: 0x1000


Info: NV_NVDLA_csb_master.cpp: 58:NV_NVDLA_csb_master::nvdla2csb_b_transport, csb req to GLB_BASE, 


Info: NV_NVDLA_csb_master.cpp: 59:Addr: 0x100c


Info: NV_NVDLA_csb_master.cpp: 60:Data: 0x7


Info: NV_NVDLA_csb_master.cpp: 61:Is write: 0x0


Info: NV_NVDLA_csb_master.cpp: 62:nposted: 0x0


Info: glb_reg_model.cpp: 44:glb_reg_model::GlbAccessRegister addr=0x100c data=0x7 is_write=0


Info: NV_NVDLA_csb_master.cpp: 273:NV_NVDLA_csb_master::glb2csb_resp_b_transport. Err bit: 0x0 Data: 0x110000


Info: NvdlaAxiAdaptor.cpp: 242:after NvdlaAxiAdaptor::customized_rd_req_b_transport


Info: NV_NVDLA_mcif.cpp: 3083:NV_NVDLA_mcif::ReadRequestArbiter, send read request, cdma_wt_rd_req_payload_ from cdma_wt, end.


Info: NV_NVDLA_mcif.cpp: 3081:NV_NVDLA_mcif::ReadRequestArbiter, send read request, payload from cdma_wt, begin, atom:1, num_free:81919 credit_mcif2cdma_wt_rd_rsp_fifo_=81917.


Info: NvdlaAxiAdaptor.cpp: 240:before NvdlaAxiAdaptor::customized_rd_req_b_transport address=0xd0000040


Info: NV_NVDLA_mcif.cpp: 1591:NV_NVDLA_mcif::ReadResp_mcif2cdma_wt, read 1st atom of the 64B from mcif2cdma_wt_rd_rsp_fifo_


Info: NV_NVDLA_mcif.cpp: 1600:NV_NVDLA_mcif::ReadResp_mcif2cdma_wt, dma_rd_rsp_payload->pd.dma_read_data.mask is 0x1


Info: NV_NVDLA_mcif.cpp: 1601:NV_NVDLA_mcif::ReadResp_mcif2cdma_wt, dma_rd_rsp_payload->pd.dma_read_data.data are :


Info: NV_NVDLA_mcif.cpp: 1603:    0x0


Info: NV_NVDLA_mcif.cpp: 1603:    0x0


Info: NV_NVDLA_mcif.cpp: 1603:    0x646165523a3a6669


Info: NV_NVDLA_mcif.cpp: 1603:    0x69636d5f70736552


Info: NV_NVDLA_mcif.cpp: 1603:    0x775f616d64633266


Info: NV_NVDLA_mcif.cpp: 1603:    0x5f6d6f7461202c74


Info: NV_NVDLA_mcif.cpp: 1603:    0x7466656c5f6d756e


Info: NV_NVDLA_mcif.cpp: 1603:    0xa32783020736920


Info: NV_NVDLA_mcif.cpp: 1605:NV_NVDLA_mcif::ReadResp_mcif2cdma_wt, before NV_NVDLA_mcif_base::mcif2cdma_wt_rd_rsp_b_transport(dma_rd_rsp_payload, dma_delay_)


Info: NV_NVDLA_cdma.cpp: 3503:NV_NVDLA_cdma::WeightDmaResponseHandler, payload_iter=0


Info: NV_NVDLA_cdma.cpp: 3510:NV_NVDLA_cdma::WeightDmaResponseHandler. CDMA_WEIGHT_DATA


Info: NV_NVDLA_mcif.cpp: 1607:NV_NVDLA_mcif::ReadResp_mcif2cdma_wt, after NV_NVDLA_mcif_base::mcif2cdma_wt_rd_rsp_b_transport(dma_rd_rsp_payload, dma_delay_)


Info: NV_NVDLA_mcif.cpp: 1581:NV_NVDLA_mcif::ReadResp_mcif2cdma_wt, atom_num_left is 0x1


Info: NV_NVDLA_mcif.cpp: 1588:NV_NVDLA_mcif::ReadResp_mcif2cdma_wt, num_available:0


Info: NvdlaAxiAdaptor.cpp: 78:NvdlaAxiAdaptor::axi_rd_wr_thread, get new request, wake up.


Info: NvdlaAxiAdaptor.cpp: 86:NvdlaAxiAdaptor::axi_rd_wr_thread, send read request start. address=0xd0000038


Info: NvdlaAxiAdaptor.cpp: 90:NvdlaAxiAdaptor::axi_rd_wr_thread, before standard_axi (read)


Info: NV_NVDLA_mcif.cpp: 2509:NV_NVDLA_mcif::ext2mcif_rd_rsp_b_transport


Info: NV_NVDLA_mcif.cpp: 2510:axi_id: 0x9


Info: NV_NVDLA_mcif.cpp: 2511:axi_data_ptr: 0x0x36794a80


Info: NV_NVDLA_mcif.cpp: 2512:axi_length: 8


Info: NV_NVDLA_mcif.cpp: 2513:axi_byte_enable_ptr: 0x0x36794a60


Info: NV_NVDLA_mcif.cpp: 2514:axi_byte_enable_length: 8


Info: NV_NVDLA_mcif.cpp: 2528:NV_NVDLA_mcif::ext2mcif_rd_rsp_b_transport, dma_sent_size: 0x0


Info: NV_NVDLA_mcif.cpp: 2569:NV_NVDLA_mcif::ext2mcif_rd_rsp_b_transport, read cdma_wt_rd_atom_enable_fifo_, cdma_wt payload atom mask is 0x1


Info: NV_NVDLA_mcif.cpp: 2658:NV_NVDLA_mcif::ext2mcif_rd_rsp_b_transport, num_free:81920, axi_atom_ptr value:


Info: NV_NVDLA_mcif.cpp: 2660:    0x0


Info: NV_NVDLA_mcif.cpp: 2660:    0x0


Info: NV_NVDLA_mcif.cpp: 2660:    0x0


Info: NV_NVDLA_mcif.cpp: 2660:    0x0


Info: NV_NVDLA_mcif.cpp: 2660:    0x0


Info: NV_NVDLA_mcif.cpp: 2660:    0x0


Info: NV_NVDLA_mcif.cpp: 2660:    0x0


Info: NV_NVDLA_mcif.cpp: 2660:    0x0


Info: NV_NVDLA_mcif.cpp: 2663:NV_NVDLA_mcif::ext2mcif_rd_rsp_b_transport, cdma_wt payload atom mask is 0x1, write an atom to mcif2cdma_wt_rd_rsp_fifo_, num_free:81919.


Info: NvdlaAxiAdaptor.cpp: 94:NvdlaAxiAdaptor::axi_rd_wr_thread, after standard_axi (read)


Info: NvdlaAxiAdaptor.cpp: 97:NvdlaAxiAdaptor::axi_rd_wr_thread, send read request done


Info: NvdlaAxiAdaptor.cpp: 76:NvdlaAxiAdaptor::axi_rd_wr_thread, no pending request, waiting.


Info: NV_NVDLA_cdma.cpp: 1998:read from weight_read_rsp_fifo_


Info: NV_NVDLA_cdma.cpp: 2007:WaitUntilCBufferHasEnoughFreeWeightEntry start. weight_bytes_fetched=0x38 weight_byte_idx_planed_=0x38


Info: NV_NVDLA_cdma.cpp: 3403:NV_NVDLA_cdma::WaitUntilCBufferHasEnoughFreeWeightEntry, break


Info: NV_NVDLA_cdma.cpp: 3404:    weight_entry_idx_planed_ is 0x6


Info: NV_NVDLA_cdma.cpp: 3405:    weight_entry_idx_free_ is 0xfff


Info: NV_NVDLA_cdma.cpp: 2009:WaitUntilCBufferHasEnoughFreeWeightEntry end


Info: NV_NVDLA_cdma.cpp: 2031:NV_NVDLA_cdma::DirectConvWeightResponseSequencerCommon, cdma2buf_wt_wr_payload.addr is 0xe06


Info: NV_NVDLA_cdma.cpp: 2032:NV_NVDLA_cdma::DirectConvWeightResponseSequencerCommon, cdma2buf_wt_wr_payload.hsel is 0x0


Info: NV_NVDLA_cdma.cpp: 2033:NV_NVDLA_cdma::DirectConvWeightResponseSequencerCommon, cdma2buf_wt_wr_payload.data are :


Info: NV_NVDLA_cbuf.cpp: 97:NV_NVDLA_cbuf::cdma2buf_wt_wr_b_transport, payload->addr=0xe06


Info: NV_NVDLA_cbuf.cpp: 98:NV_NVDLA_cbuf::cdma2buf_wt_wr_b_transport, payload->hsel=0


Info: NV_NVDLA_cbuf.cpp: 99:NV_NVDLA_cbuf::cdma2buf_wt_wr_b_transport, cbuf_ram_byte_addr is 0x7030


Info: NV_NVDLA_cbuf.cpp: 100:NV_NVDLA_cbuf::cdma2buf_wt_wr_b_transport, payload->data:


Info: NV_NVDLA_cbuf.cpp: 102:    0x00


Info: NV_NVDLA_cbuf.cpp: 102:    0x00


Info: NV_NVDLA_cbuf.cpp: 102:    0x00


Info: NV_NVDLA_cbuf.cpp: 102:    0x00


Info: NV_NVDLA_cbuf.cpp: 102:    0x00


Info: NV_NVDLA_cbuf.cpp: 102:    0x00


Info: NV_NVDLA_cbuf.cpp: 102:    0x00


Info: NV_NVDLA_cbuf.cpp: 102:    0x00


Info: NV_NVDLA_csb_master.cpp: 54:NV_NVDLA_csb_master::nvdla2csb_b_transport, base_addr: 0x1000


Info: NV_NVDLA_csb_master.cpp: 58:NV_NVDLA_csb_master::nvdla2csb_b_transport, csb req to GLB_BASE, 


Info: NV_NVDLA_csb_master.cpp: 59:Addr: 0x100c


Info: NV_NVDLA_csb_master.cpp: 60:Data: 0x7


Info: NV_NVDLA_csb_master.cpp: 61:Is write: 0x0


Info: NV_NVDLA_csb_master.cpp: 62:nposted: 0x0


Info: glb_reg_model.cpp: 44:glb_reg_model::GlbAccessRegister addr=0x100c data=0x7 is_write=0


Info: NV_NVDLA_csb_master.cpp: 273:NV_NVDLA_csb_master::glb2csb_resp_b_transport. Err bit: 0x0 Data: 0x110000


Info: NvdlaAxiAdaptor.cpp: 242:after NvdlaAxiAdaptor::customized_rd_req_b_transport


Info: NV_NVDLA_mcif.cpp: 3083:NV_NVDLA_mcif::ReadRequestArbiter, send read request, cdma_wt_rd_req_payload_ from cdma_wt, end.


Info: NV_NVDLA_mcif.cpp: 3081:NV_NVDLA_mcif::ReadRequestArbiter, send read request, payload from cdma_wt, begin, atom:1, num_free:81919 credit_mcif2cdma_wt_rd_rsp_fifo_=81917.


Info: NvdlaAxiAdaptor.cpp: 240:before NvdlaAxiAdaptor::customized_rd_req_b_transport address=0xd0000048


Info: NV_NVDLA_mcif.cpp: 1591:NV_NVDLA_mcif::ReadResp_mcif2cdma_wt, read 1st atom of the 64B from mcif2cdma_wt_rd_rsp_fifo_


Info: NV_NVDLA_mcif.cpp: 1600:NV_NVDLA_mcif::ReadResp_mcif2cdma_wt, dma_rd_rsp_payload->pd.dma_read_data.mask is 0x1


Info: NV_NVDLA_mcif.cpp: 1601:NV_NVDLA_mcif::ReadResp_mcif2cdma_wt, dma_rd_rsp_payload->pd.dma_read_data.data are :


Info: NV_NVDLA_mcif.cpp: 1603:    0x0


Info: NV_NVDLA_mcif.cpp: 1603:    0x0


Info: NV_NVDLA_mcif.cpp: 1603:    0x646165523a3a6669


Info: NV_NVDLA_mcif.cpp: 1603:    0x69636d5f70736552


Info: NV_NVDLA_mcif.cpp: 1603:    0x775f616d64633266


Info: NV_NVDLA_mcif.cpp: 1603:    0x5f6d6f7461202c74


Info: NV_NVDLA_mcif.cpp: 1603:    0x7466656c5f6d756e


Info: NV_NVDLA_mcif.cpp: 1603:    0xa31783020736920


Info: NV_NVDLA_mcif.cpp: 1605:NV_NVDLA_mcif::ReadResp_mcif2cdma_wt, before NV_NVDLA_mcif_base::mcif2cdma_wt_rd_rsp_b_transport(dma_rd_rsp_payload, dma_delay_)


Info: NV_NVDLA_cdma.cpp: 3503:NV_NVDLA_cdma::WeightDmaResponseHandler, payload_iter=0


Info: NV_NVDLA_cdma.cpp: 3510:NV_NVDLA_cdma::WeightDmaResponseHandler. CDMA_WEIGHT_DATA


Info: NV_NVDLA_mcif.cpp: 1607:NV_NVDLA_mcif::ReadResp_mcif2cdma_wt, after NV_NVDLA_mcif_base::mcif2cdma_wt_rd_rsp_b_transport(dma_rd_rsp_payload, dma_delay_)


Info: NV_NVDLA_mcif.cpp: 1577:NV_NVDLA_mcif::ReadResp_mcif2cdma_wt, num_available:1


Info: NV_NVDLA_mcif.cpp: 1579:NV_NVDLA_mcif::ReadResp_mcif2cdma_wt, update atom_num_left from cdma_wt2mcif_rd_req_atom_num_fifo_, atom_num_left is 0x8


Info: NV_NVDLA_mcif.cpp: 1581:NV_NVDLA_mcif::ReadResp_mcif2cdma_wt, atom_num_left is 0x8


Info: NV_NVDLA_mcif.cpp: 1588:NV_NVDLA_mcif::ReadResp_mcif2cdma_wt, num_available:0


Info: NvdlaAxiAdaptor.cpp: 78:NvdlaAxiAdaptor::axi_rd_wr_thread, get new request, wake up.


Info: NvdlaAxiAdaptor.cpp: 86:NvdlaAxiAdaptor::axi_rd_wr_thread, send read request start. address=0xd0000040


Info: NvdlaAxiAdaptor.cpp: 90:NvdlaAxiAdaptor::axi_rd_wr_thread, before standard_axi (read)


Info: NV_NVDLA_mcif.cpp: 2509:NV_NVDLA_mcif::ext2mcif_rd_rsp_b_transport


Info: NV_NVDLA_mcif.cpp: 2510:axi_id: 0x9


Info: NV_NVDLA_mcif.cpp: 2511:axi_data_ptr: 0x0x367941e0


Info: NV_NVDLA_mcif.cpp: 2512:axi_length: 8


Info: NV_NVDLA_mcif.cpp: 2513:axi_byte_enable_ptr: 0x0x367941c0


Info: NV_NVDLA_mcif.cpp: 2514:axi_byte_enable_length: 8


Info: NV_NVDLA_mcif.cpp: 2528:NV_NVDLA_mcif::ext2mcif_rd_rsp_b_transport, dma_sent_size: 0x0


Info: NV_NVDLA_mcif.cpp: 2569:NV_NVDLA_mcif::ext2mcif_rd_rsp_b_transport, read cdma_wt_rd_atom_enable_fifo_, cdma_wt payload atom mask is 0x1


Info: NV_NVDLA_mcif.cpp: 2658:NV_NVDLA_mcif::ext2mcif_rd_rsp_b_transport, num_free:81920, axi_atom_ptr value:


Info: NV_NVDLA_mcif.cpp: 2660:    0x0


Info: NV_NVDLA_mcif.cpp: 2660:    0x0


Info: NV_NVDLA_mcif.cpp: 2660:    0x0


Info: NV_NVDLA_mcif.cpp: 2660:    0x0


Info: NV_NVDLA_mcif.cpp: 2660:    0x0


Info: NV_NVDLA_mcif.cpp: 2660:    0x0


Info: NV_NVDLA_mcif.cpp: 2660:    0x0


Info: NV_NVDLA_mcif.cpp: 2660:    0x0


Info: NV_NVDLA_mcif.cpp: 2663:NV_NVDLA_mcif::ext2mcif_rd_rsp_b_transport, cdma_wt payload atom mask is 0x1, write an atom to mcif2cdma_wt_rd_rsp_fifo_, num_free:81919.


Info: NvdlaAxiAdaptor.cpp: 94:NvdlaAxiAdaptor::axi_rd_wr_thread, after standard_axi (read)


Info: NvdlaAxiAdaptor.cpp: 97:NvdlaAxiAdaptor::axi_rd_wr_thread, send read request done


Info: NvdlaAxiAdaptor.cpp: 76:NvdlaAxiAdaptor::axi_rd_wr_thread, no pending request, waiting.


Info: NV_NVDLA_cdma.cpp: 1998:read from weight_read_rsp_fifo_


Info: NV_NVDLA_cdma.cpp: 2007:WaitUntilCBufferHasEnoughFreeWeightEntry start. weight_bytes_fetched=0x40 weight_byte_idx_planed_=0x40


Info: NV_NVDLA_cdma.cpp: 3403:NV_NVDLA_cdma::WaitUntilCBufferHasEnoughFreeWeightEntry, break


Info: NV_NVDLA_cdma.cpp: 3404:    weight_entry_idx_planed_ is 0x7


Info: NV_NVDLA_cdma.cpp: 3405:    weight_entry_idx_free_ is 0xfff


Info: NV_NVDLA_cdma.cpp: 2009:WaitUntilCBufferHasEnoughFreeWeightEntry end


Info: NV_NVDLA_cdma.cpp: 2031:NV_NVDLA_cdma::DirectConvWeightResponseSequencerCommon, cdma2buf_wt_wr_payload.addr is 0xe07


Info: NV_NVDLA_cdma.cpp: 2032:NV_NVDLA_cdma::DirectConvWeightResponseSequencerCommon, cdma2buf_wt_wr_payload.hsel is 0x0


Info: NV_NVDLA_cdma.cpp: 2033:NV_NVDLA_cdma::DirectConvWeightResponseSequencerCommon, cdma2buf_wt_wr_payload.data are :


Info: NV_NVDLA_cbuf.cpp: 97:NV_NVDLA_cbuf::cdma2buf_wt_wr_b_transport, payload->addr=0xe07


Info: NV_NVDLA_cbuf.cpp: 98:NV_NVDLA_cbuf::cdma2buf_wt_wr_b_transport, payload->hsel=0


Info: NV_NVDLA_cbuf.cpp: 99:NV_NVDLA_cbuf::cdma2buf_wt_wr_b_transport, cbuf_ram_byte_addr is 0x7038


Info: NV_NVDLA_cbuf.cpp: 100:NV_NVDLA_cbuf::cdma2buf_wt_wr_b_transport, payload->data:


Info: NV_NVDLA_cbuf.cpp: 102:    0x00


Info: NV_NVDLA_cbuf.cpp: 102:    0x00


Info: NV_NVDLA_cbuf.cpp: 102:    0x00


Info: NV_NVDLA_cbuf.cpp: 102:    0x00


Info: NV_NVDLA_cbuf.cpp: 102:    0x00


Info: NV_NVDLA_cbuf.cpp: 102:    0x00


Info: NV_NVDLA_cbuf.cpp: 102:    0x00


Info: NV_NVDLA_cbuf.cpp: 102:    0x00


Info: NV_NVDLA_csb_master.cpp: 54:NV_NVDLA_csb_master::nvdla2csb_b_transport, base_addr: 0x1000


Info: NV_NVDLA_csb_master.cpp: 58:NV_NVDLA_csb_master::nvdla2csb_b_transport, csb req to GLB_BASE, 


Info: NV_NVDLA_csb_master.cpp: 59:Addr: 0x100c


Info: NV_NVDLA_csb_master.cpp: 60:Data: 0x7


Info: NV_NVDLA_csb_master.cpp: 61:Is write: 0x0


Info: NV_NVDLA_csb_master.cpp: 62:nposted: 0x0


Info: glb_reg_model.cpp: 44:glb_reg_model::GlbAccessRegister addr=0x100c data=0x7 is_write=0


Info: NV_NVDLA_csb_master.cpp: 273:NV_NVDLA_csb_master::glb2csb_resp_b_transport. Err bit: 0x0 Data: 0x110000


Info: NvdlaAxiAdaptor.cpp: 242:after NvdlaAxiAdaptor::customized_rd_req_b_transport


Info: NV_NVDLA_mcif.cpp: 3083:NV_NVDLA_mcif::ReadRequestArbiter, send read request, cdma_wt_rd_req_payload_ from cdma_wt, end.


Info: NV_NVDLA_mcif.cpp: 3081:NV_NVDLA_mcif::ReadRequestArbiter, send read request, payload from cdma_wt, begin, atom:1, num_free:81919 credit_mcif2cdma_wt_rd_rsp_fifo_=81917.


Info: NvdlaAxiAdaptor.cpp: 240:before NvdlaAxiAdaptor::customized_rd_req_b_transport address=0xd0000050


Info: NV_NVDLA_mcif.cpp: 1591:NV_NVDLA_mcif::ReadResp_mcif2cdma_wt, read 1st atom of the 64B from mcif2cdma_wt_rd_rsp_fifo_


Info: NV_NVDLA_mcif.cpp: 1600:NV_NVDLA_mcif::ReadResp_mcif2cdma_wt, dma_rd_rsp_payload->pd.dma_read_data.mask is 0x1


Info: NV_NVDLA_mcif.cpp: 1601:NV_NVDLA_mcif::ReadResp_mcif2cdma_wt, dma_rd_rsp_payload->pd.dma_read_data.data are :


Info: NV_NVDLA_mcif.cpp: 1603:    0x0


Info: NV_NVDLA_mcif.cpp: 1603:    0x0


Info: NV_NVDLA_mcif.cpp: 1603:    0x646165523a3a6669


Info: NV_NVDLA_mcif.cpp: 1603:    0x69636d5f70736552


Info: NV_NVDLA_mcif.cpp: 1603:    0x775f616d64633266


Info: NV_NVDLA_mcif.cpp: 1603:    0x5f6d6f7461202c74


Info: NV_NVDLA_mcif.cpp: 1603:    0x7466656c5f6d756e


Info: NV_NVDLA_mcif.cpp: 1603:    0xa38783020736920


Info: NV_NVDLA_mcif.cpp: 1605:NV_NVDLA_mcif::ReadResp_mcif2cdma_wt, before NV_NVDLA_mcif_base::mcif2cdma_wt_rd_rsp_b_transport(dma_rd_rsp_payload, dma_delay_)


Info: NV_NVDLA_cdma.cpp: 3491:before reading cdma_wt_info_fifo_


Info: NV_NVDLA_cdma.cpp: 3493:after reading cdma_wt_info_fifo_


Info: NV_NVDLA_cdma.cpp: 3503:NV_NVDLA_cdma::WeightDmaResponseHandler, payload_iter=0


Info: NV_NVDLA_cdma.cpp: 3510:NV_NVDLA_cdma::WeightDmaResponseHandler. CDMA_WEIGHT_DATA


Info: NV_NVDLA_mcif.cpp: 1607:NV_NVDLA_mcif::ReadResp_mcif2cdma_wt, after NV_NVDLA_mcif_base::mcif2cdma_wt_rd_rsp_b_transport(dma_rd_rsp_payload, dma_delay_)


Info: NV_NVDLA_mcif.cpp: 1581:NV_NVDLA_mcif::ReadResp_mcif2cdma_wt, atom_num_left is 0x7


Info: NV_NVDLA_mcif.cpp: 1588:NV_NVDLA_mcif::ReadResp_mcif2cdma_wt, num_available:0


Info: NvdlaAxiAdaptor.cpp: 78:NvdlaAxiAdaptor::axi_rd_wr_thread, get new request, wake up.


Info: NvdlaAxiAdaptor.cpp: 86:NvdlaAxiAdaptor::axi_rd_wr_thread, send read request start. address=0xd0000048


Info: NvdlaAxiAdaptor.cpp: 90:NvdlaAxiAdaptor::axi_rd_wr_thread, before standard_axi (read)


Info: NV_NVDLA_mcif.cpp: 2509:NV_NVDLA_mcif::ext2mcif_rd_rsp_b_transport


Info: NV_NVDLA_mcif.cpp: 2510:axi_id: 0x9


Info: NV_NVDLA_mcif.cpp: 2511:axi_data_ptr: 0x0x36791f20


Info: NV_NVDLA_mcif.cpp: 2512:axi_length: 8


Info: NV_NVDLA_mcif.cpp: 2513:axi_byte_enable_ptr: 0x0x36793d90


Info: NV_NVDLA_mcif.cpp: 2514:axi_byte_enable_length: 8


Info: NV_NVDLA_mcif.cpp: 2528:NV_NVDLA_mcif::ext2mcif_rd_rsp_b_transport, dma_sent_size: 0x0


Info: NV_NVDLA_mcif.cpp: 2569:NV_NVDLA_mcif::ext2mcif_rd_rsp_b_transport, read cdma_wt_rd_atom_enable_fifo_, cdma_wt payload atom mask is 0x1


Info: NV_NVDLA_mcif.cpp: 2658:NV_NVDLA_mcif::ext2mcif_rd_rsp_b_transport, num_free:81920, axi_atom_ptr value:


Info: NV_NVDLA_mcif.cpp: 2660:    0x0


Info: NV_NVDLA_mcif.cpp: 2660:    0x0


Info: NV_NVDLA_mcif.cpp: 2660:    0x0


Info: NV_NVDLA_mcif.cpp: 2660:    0x0


Info: NV_NVDLA_mcif.cpp: 2660:    0x0


Info: NV_NVDLA_mcif.cpp: 2660:    0x0


Info: NV_NVDLA_mcif.cpp: 2660:    0x0


Info: NV_NVDLA_mcif.cpp: 2660:    0x0


Info: NV_NVDLA_mcif.cpp: 2663:NV_NVDLA_mcif::ext2mcif_rd_rsp_b_transport, cdma_wt payload atom mask is 0x1, write an atom to mcif2cdma_wt_rd_rsp_fifo_, num_free:81919.


Info: NvdlaAxiAdaptor.cpp: 94:NvdlaAxiAdaptor::axi_rd_wr_thread, after standard_axi (read)


Info: NvdlaAxiAdaptor.cpp: 97:NvdlaAxiAdaptor::axi_rd_wr_thread, send read request done


Info: NvdlaAxiAdaptor.cpp: 76:NvdlaAxiAdaptor::axi_rd_wr_thread, no pending request, waiting.


Info: NV_NVDLA_cdma.cpp: 1998:read from weight_read_rsp_fifo_


Info: NV_NVDLA_cdma.cpp: 2007:WaitUntilCBufferHasEnoughFreeWeightEntry start. weight_bytes_fetched=0x48 weight_byte_idx_planed_=0x48


Info: NV_NVDLA_cdma.cpp: 3403:NV_NVDLA_cdma::WaitUntilCBufferHasEnoughFreeWeightEntry, break


Info: NV_NVDLA_cdma.cpp: 3404:    weight_entry_idx_planed_ is 0x8


Info: NV_NVDLA_cdma.cpp: 3405:    weight_entry_idx_free_ is 0xfff


Info: NV_NVDLA_cdma.cpp: 2009:WaitUntilCBufferHasEnoughFreeWeightEntry end


Info: NV_NVDLA_cdma.cpp: 2031:NV_NVDLA_cdma::DirectConvWeightResponseSequencerCommon, cdma2buf_wt_wr_payload.addr is 0xe08


Info: NV_NVDLA_cdma.cpp: 2032:NV_NVDLA_cdma::DirectConvWeightResponseSequencerCommon, cdma2buf_wt_wr_payload.hsel is 0x0


Info: NV_NVDLA_cdma.cpp: 2033:NV_NVDLA_cdma::DirectConvWeightResponseSequencerCommon, cdma2buf_wt_wr_payload.data are :


Info: NV_NVDLA_cbuf.cpp: 97:NV_NVDLA_cbuf::cdma2buf_wt_wr_b_transport, payload->addr=0xe08


Info: NV_NVDLA_cbuf.cpp: 98:NV_NVDLA_cbuf::cdma2buf_wt_wr_b_transport, payload->hsel=0


Info: NV_NVDLA_cbuf.cpp: 99:NV_NVDLA_cbuf::cdma2buf_wt_wr_b_transport, cbuf_ram_byte_addr is 0x7040


Info: NV_NVDLA_cbuf.cpp: 100:NV_NVDLA_cbuf::cdma2buf_wt_wr_b_transport, payload->data:


Info: NV_NVDLA_cbuf.cpp: 102:    0x00


Info: NV_NVDLA_cbuf.cpp: 102:    0x00


Info: NV_NVDLA_cbuf.cpp: 102:    0x00


Info: NV_NVDLA_cbuf.cpp: 102:    0x00


Info: NV_NVDLA_cbuf.cpp: 102:    0x00


Info: NV_NVDLA_cbuf.cpp: 102:    0x00


Info: NV_NVDLA_cbuf.cpp: 102:    0x00


Info: NV_NVDLA_cbuf.cpp: 102:    0x00


Info: NV_NVDLA_csb_master.cpp: 54:NV_NVDLA_csb_master::nvdla2csb_b_transport, base_addr: 0x1000


Info: NV_NVDLA_csb_master.cpp: 58:NV_NVDLA_csb_master::nvdla2csb_b_transport, csb req to GLB_BASE, 


Info: NV_NVDLA_csb_master.cpp: 59:Addr: 0x100c


Info: NV_NVDLA_csb_master.cpp: 60:Data: 0x7


Info: NV_NVDLA_csb_master.cpp: 61:Is write: 0x0


Info: NV_NVDLA_csb_master.cpp: 62:nposted: 0x0


Info: glb_reg_model.cpp: 44:glb_reg_model::GlbAccessRegister addr=0x100c data=0x7 is_write=0


Info: NV_NVDLA_csb_master.cpp: 273:NV_NVDLA_csb_master::glb2csb_resp_b_transport. Err bit: 0x0 Data: 0x110000


Info: NvdlaAxiAdaptor.cpp: 242:after NvdlaAxiAdaptor::customized_rd_req_b_transport


Info: NV_NVDLA_mcif.cpp: 3083:NV_NVDLA_mcif::ReadRequestArbiter, send read request, cdma_wt_rd_req_payload_ from cdma_wt, end.


Info: NV_NVDLA_mcif.cpp: 3081:NV_NVDLA_mcif::ReadRequestArbiter, send read request, payload from cdma_wt, begin, atom:1, num_free:81919 credit_mcif2cdma_wt_rd_rsp_fifo_=81917.


Info: NvdlaAxiAdaptor.cpp: 240:before NvdlaAxiAdaptor::customized_rd_req_b_transport address=0xd0000058


Info: NV_NVDLA_mcif.cpp: 1591:NV_NVDLA_mcif::ReadResp_mcif2cdma_wt, read 1st atom of the 64B from mcif2cdma_wt_rd_rsp_fifo_


Info: NV_NVDLA_mcif.cpp: 1600:NV_NVDLA_mcif::ReadResp_mcif2cdma_wt, dma_rd_rsp_payload->pd.dma_read_data.mask is 0x1


Info: NV_NVDLA_mcif.cpp: 1601:NV_NVDLA_mcif::ReadResp_mcif2cdma_wt, dma_rd_rsp_payload->pd.dma_read_data.data are :


Info: NV_NVDLA_mcif.cpp: 1603:    0x0


Info: NV_NVDLA_mcif.cpp: 1603:    0x0


Info: NV_NVDLA_mcif.cpp: 1603:    0x646165523a3a6669


Info: NV_NVDLA_mcif.cpp: 1603:    0x69636d5f70736552


Info: NV_NVDLA_mcif.cpp: 1603:    0x775f616d64633266


Info: NV_NVDLA_mcif.cpp: 1603:    0x5f6d6f7461202c74


Info: NV_NVDLA_mcif.cpp: 1603:    0x7466656c5f6d756e


Info: NV_NVDLA_mcif.cpp: 1603:    0xa37783020736920


Info: NV_NVDLA_mcif.cpp: 1605:NV_NVDLA_mcif::ReadResp_mcif2cdma_wt, before NV_NVDLA_mcif_base::mcif2cdma_wt_rd_rsp_b_transport(dma_rd_rsp_payload, dma_delay_)


Info: NV_NVDLA_cdma.cpp: 3503:NV_NVDLA_cdma::WeightDmaResponseHandler, payload_iter=0


Info: NV_NVDLA_cdma.cpp: 3510:NV_NVDLA_cdma::WeightDmaResponseHandler. CDMA_WEIGHT_DATA


Info: NV_NVDLA_mcif.cpp: 1607:NV_NVDLA_mcif::ReadResp_mcif2cdma_wt, after NV_NVDLA_mcif_base::mcif2cdma_wt_rd_rsp_b_transport(dma_rd_rsp_payload, dma_delay_)


Info: NV_NVDLA_mcif.cpp: 1581:NV_NVDLA_mcif::ReadResp_mcif2cdma_wt, atom_num_left is 0x6


Info: NV_NVDLA_mcif.cpp: 1588:NV_NVDLA_mcif::ReadResp_mcif2cdma_wt, num_available:0


Info: NvdlaAxiAdaptor.cpp: 78:NvdlaAxiAdaptor::axi_rd_wr_thread, get new request, wake up.


Info: NvdlaAxiAdaptor.cpp: 86:NvdlaAxiAdaptor::axi_rd_wr_thread, send read request start. address=0xd0000050


Info: NvdlaAxiAdaptor.cpp: 90:NvdlaAxiAdaptor::axi_rd_wr_thread, before standard_axi (read)


Info: NV_NVDLA_mcif.cpp: 2509:NV_NVDLA_mcif::ext2mcif_rd_rsp_b_transport


Info: NV_NVDLA_mcif.cpp: 2510:axi_id: 0x9


Info: NV_NVDLA_mcif.cpp: 2511:axi_data_ptr: 0x0x36791cb0


Info: NV_NVDLA_mcif.cpp: 2512:axi_length: 8


Info: NV_NVDLA_mcif.cpp: 2513:axi_byte_enable_ptr: 0x0x36791f40


Info: NV_NVDLA_mcif.cpp: 2514:axi_byte_enable_length: 8


Info: NV_NVDLA_mcif.cpp: 2528:NV_NVDLA_mcif::ext2mcif_rd_rsp_b_transport, dma_sent_size: 0x0


Info: NV_NVDLA_mcif.cpp: 2569:NV_NVDLA_mcif::ext2mcif_rd_rsp_b_transport, read cdma_wt_rd_atom_enable_fifo_, cdma_wt payload atom mask is 0x1


Info: NV_NVDLA_mcif.cpp: 2658:NV_NVDLA_mcif::ext2mcif_rd_rsp_b_transport, num_free:81920, axi_atom_ptr value:


Info: NV_NVDLA_mcif.cpp: 2660:    0x0


Info: NV_NVDLA_mcif.cpp: 2660:    0x0


Info: NV_NVDLA_mcif.cpp: 2660:    0x0


Info: NV_NVDLA_mcif.cpp: 2660:    0x0


Info: NV_NVDLA_mcif.cpp: 2660:    0x0


Info: NV_NVDLA_mcif.cpp: 2660:    0x0


Info: NV_NVDLA_mcif.cpp: 2660:    0x0


Info: NV_NVDLA_mcif.cpp: 2660:    0x0


Info: NV_NVDLA_mcif.cpp: 2663:NV_NVDLA_mcif::ext2mcif_rd_rsp_b_transport, cdma_wt payload atom mask is 0x1, write an atom to mcif2cdma_wt_rd_rsp_fifo_, num_free:81919.


Info: NvdlaAxiAdaptor.cpp: 94:NvdlaAxiAdaptor::axi_rd_wr_thread, after standard_axi (read)


Info: NvdlaAxiAdaptor.cpp: 97:NvdlaAxiAdaptor::axi_rd_wr_thread, send read request done


Info: NvdlaAxiAdaptor.cpp: 76:NvdlaAxiAdaptor::axi_rd_wr_thread, no pending request, waiting.


Info: NV_NVDLA_cdma.cpp: 1998:read from weight_read_rsp_fifo_


Info: NV_NVDLA_cdma.cpp: 2007:WaitUntilCBufferHasEnoughFreeWeightEntry start. weight_bytes_fetched=0x50 weight_byte_idx_planed_=0x50


Info: NV_NVDLA_cdma.cpp: 3403:NV_NVDLA_cdma::WaitUntilCBufferHasEnoughFreeWeightEntry, break


Info: NV_NVDLA_cdma.cpp: 3404:    weight_entry_idx_planed_ is 0x9


Info: NV_NVDLA_cdma.cpp: 3405:    weight_entry_idx_free_ is 0xfff


Info: NV_NVDLA_cdma.cpp: 2009:WaitUntilCBufferHasEnoughFreeWeightEntry end


Info: NV_NVDLA_cdma.cpp: 2031:NV_NVDLA_cdma::DirectConvWeightResponseSequencerCommon, cdma2buf_wt_wr_payload.addr is 0xe09


Info: NV_NVDLA_cdma.cpp: 2032:NV_NVDLA_cdma::DirectConvWeightResponseSequencerCommon, cdma2buf_wt_wr_payload.hsel is 0x0


Info: NV_NVDLA_cdma.cpp: 2033:NV_NVDLA_cdma::DirectConvWeightResponseSequencerCommon, cdma2buf_wt_wr_payload.data are :


Info: NV_NVDLA_cbuf.cpp: 97:NV_NVDLA_cbuf::cdma2buf_wt_wr_b_transport, payload->addr=0xe09


Info: NV_NVDLA_cbuf.cpp: 98:NV_NVDLA_cbuf::cdma2buf_wt_wr_b_transport, payload->hsel=0


Info: NV_NVDLA_cbuf.cpp: 99:NV_NVDLA_cbuf::cdma2buf_wt_wr_b_transport, cbuf_ram_byte_addr is 0x7048


Info: NV_NVDLA_cbuf.cpp: 100:NV_NVDLA_cbuf::cdma2buf_wt_wr_b_transport, payload->data:


Info: NV_NVDLA_cbuf.cpp: 102:    0x00


Info: NV_NVDLA_cbuf.cpp: 102:    0x00


Info: NV_NVDLA_cbuf.cpp: 102:    0x00


Info: NV_NVDLA_cbuf.cpp: 102:    0x00


Info: NV_NVDLA_cbuf.cpp: 102:    0x00


Info: NV_NVDLA_cbuf.cpp: 102:    0x00


Info: NV_NVDLA_cbuf.cpp: 102:    0x00


Info: NV_NVDLA_cbuf.cpp: 102:    0x00


Info: NV_NVDLA_csb_master.cpp: 54:NV_NVDLA_csb_master::nvdla2csb_b_transport, base_addr: 0x1000


Info: NV_NVDLA_csb_master.cpp: 58:NV_NVDLA_csb_master::nvdla2csb_b_transport, csb req to GLB_BASE, 


Info: NV_NVDLA_csb_master.cpp: 59:Addr: 0x100c


Info: NV_NVDLA_csb_master.cpp: 60:Data: 0x7


Info: NV_NVDLA_csb_master.cpp: 61:Is write: 0x0


Info: NV_NVDLA_csb_master.cpp: 62:nposted: 0x0


Info: glb_reg_model.cpp: 44:glb_reg_model::GlbAccessRegister addr=0x100c data=0x7 is_write=0


Info: NV_NVDLA_csb_master.cpp: 273:NV_NVDLA_csb_master::glb2csb_resp_b_transport. Err bit: 0x0 Data: 0x110000


Info: NvdlaAxiAdaptor.cpp: 242:after NvdlaAxiAdaptor::customized_rd_req_b_transport


Info: NV_NVDLA_mcif.cpp: 3083:NV_NVDLA_mcif::ReadRequestArbiter, send read request, cdma_wt_rd_req_payload_ from cdma_wt, end.


Info: NV_NVDLA_mcif.cpp: 3081:NV_NVDLA_mcif::ReadRequestArbiter, send read request, payload from cdma_wt, begin, atom:1, num_free:81919 credit_mcif2cdma_wt_rd_rsp_fifo_=81917.


Info: NvdlaAxiAdaptor.cpp: 240:before NvdlaAxiAdaptor::customized_rd_req_b_transport address=0xd0000060


Info: NV_NVDLA_mcif.cpp: 1591:NV_NVDLA_mcif::ReadResp_mcif2cdma_wt, read 1st atom of the 64B from mcif2cdma_wt_rd_rsp_fifo_


Info: NV_NVDLA_mcif.cpp: 1600:NV_NVDLA_mcif::ReadResp_mcif2cdma_wt, dma_rd_rsp_payload->pd.dma_read_data.mask is 0x1


Info: NV_NVDLA_mcif.cpp: 1601:NV_NVDLA_mcif::ReadResp_mcif2cdma_wt, dma_rd_rsp_payload->pd.dma_read_data.data are :


Info: NV_NVDLA_mcif.cpp: 1603:    0x0


Info: NV_NVDLA_mcif.cpp: 1603:    0x0


Info: NV_NVDLA_mcif.cpp: 1603:    0x646165523a3a6669


Info: NV_NVDLA_mcif.cpp: 1603:    0x69636d5f70736552


Info: NV_NVDLA_mcif.cpp: 1603:    0x775f616d64633266


Info: NV_NVDLA_mcif.cpp: 1603:    0x5f6d6f7461202c74


Info: NV_NVDLA_mcif.cpp: 1603:    0x7466656c5f6d756e


Info: NV_NVDLA_mcif.cpp: 1603:    0xa36783020736920


Info: NV_NVDLA_mcif.cpp: 1605:NV_NVDLA_mcif::ReadResp_mcif2cdma_wt, before NV_NVDLA_mcif_base::mcif2cdma_wt_rd_rsp_b_transport(dma_rd_rsp_payload, dma_delay_)


Info: NV_NVDLA_cdma.cpp: 3503:NV_NVDLA_cdma::WeightDmaResponseHandler, payload_iter=0


Info: NV_NVDLA_cdma.cpp: 3510:NV_NVDLA_cdma::WeightDmaResponseHandler. CDMA_WEIGHT_DATA


Info: NV_NVDLA_mcif.cpp: 1607:NV_NVDLA_mcif::ReadResp_mcif2cdma_wt, after NV_NVDLA_mcif_base::mcif2cdma_wt_rd_rsp_b_transport(dma_rd_rsp_payload, dma_delay_)


Info: NV_NVDLA_mcif.cpp: 1581:NV_NVDLA_mcif::ReadResp_mcif2cdma_wt, atom_num_left is 0x5


Info: NV_NVDLA_mcif.cpp: 1588:NV_NVDLA_mcif::ReadResp_mcif2cdma_wt, num_available:0


Info: NvdlaAxiAdaptor.cpp: 78:NvdlaAxiAdaptor::axi_rd_wr_thread, get new request, wake up.


Info: NvdlaAxiAdaptor.cpp: 86:NvdlaAxiAdaptor::axi_rd_wr_thread, send read request start. address=0xd0000058


Info: NvdlaAxiAdaptor.cpp: 90:NvdlaAxiAdaptor::axi_rd_wr_thread, before standard_axi (read)


Info: NV_NVDLA_mcif.cpp: 2509:NV_NVDLA_mcif::ext2mcif_rd_rsp_b_transport


Info: NV_NVDLA_mcif.cpp: 2510:axi_id: 0x9


Info: NV_NVDLA_mcif.cpp: 2511:axi_data_ptr: 0x0x367922d0


Info: NV_NVDLA_mcif.cpp: 2512:axi_length: 8


Info: NV_NVDLA_mcif.cpp: 2513:axi_byte_enable_ptr: 0x0x36791cd0


Info: NV_NVDLA_mcif.cpp: 2514:axi_byte_enable_length: 8


Info: NV_NVDLA_mcif.cpp: 2528:NV_NVDLA_mcif::ext2mcif_rd_rsp_b_transport, dma_sent_size: 0x0


Info: NV_NVDLA_mcif.cpp: 2569:NV_NVDLA_mcif::ext2mcif_rd_rsp_b_transport, read cdma_wt_rd_atom_enable_fifo_, cdma_wt payload atom mask is 0x1


Info: NV_NVDLA_mcif.cpp: 2658:NV_NVDLA_mcif::ext2mcif_rd_rsp_b_transport, num_free:81920, axi_atom_ptr value:


Info: NV_NVDLA_mcif.cpp: 2660:    0x0


Info: NV_NVDLA_mcif.cpp: 2660:    0x0


Info: NV_NVDLA_mcif.cpp: 2660:    0x0


Info: NV_NVDLA_mcif.cpp: 2660:    0x0


Info: NV_NVDLA_mcif.cpp: 2660:    0x0


Info: NV_NVDLA_mcif.cpp: 2660:    0x0


Info: NV_NVDLA_mcif.cpp: 2660:    0x0


Info: NV_NVDLA_mcif.cpp: 2660:    0x0


Info: NV_NVDLA_mcif.cpp: 2663:NV_NVDLA_mcif::ext2mcif_rd_rsp_b_transport, cdma_wt payload atom mask is 0x1, write an atom to mcif2cdma_wt_rd_rsp_fifo_, num_free:81919.


Info: NvdlaAxiAdaptor.cpp: 94:NvdlaAxiAdaptor::axi_rd_wr_thread, after standard_axi (read)


Info: NvdlaAxiAdaptor.cpp: 97:NvdlaAxiAdaptor::axi_rd_wr_thread, send read request done


Info: NvdlaAxiAdaptor.cpp: 76:NvdlaAxiAdaptor::axi_rd_wr_thread, no pending request, waiting.


Info: NV_NVDLA_cdma.cpp: 1998:read from weight_read_rsp_fifo_


Info: NV_NVDLA_cdma.cpp: 2007:WaitUntilCBufferHasEnoughFreeWeightEntry start. weight_bytes_fetched=0x58 weight_byte_idx_planed_=0x58


Info: NV_NVDLA_cdma.cpp: 3403:NV_NVDLA_cdma::WaitUntilCBufferHasEnoughFreeWeightEntry, break


Info: NV_NVDLA_cdma.cpp: 3404:    weight_entry_idx_planed_ is 0xa


Info: NV_NVDLA_cdma.cpp: 3405:    weight_entry_idx_free_ is 0xfff


Info: NV_NVDLA_cdma.cpp: 2009:WaitUntilCBufferHasEnoughFreeWeightEntry end


Info: NV_NVDLA_cdma.cpp: 2031:NV_NVDLA_cdma::DirectConvWeightResponseSequencerCommon, cdma2buf_wt_wr_payload.addr is 0xe0a


Info: NV_NVDLA_cdma.cpp: 2032:NV_NVDLA_cdma::DirectConvWeightResponseSequencerCommon, cdma2buf_wt_wr_payload.hsel is 0x0


Info: NV_NVDLA_cdma.cpp: 2033:NV_NVDLA_cdma::DirectConvWeightResponseSequencerCommon, cdma2buf_wt_wr_payload.data are :


Info: NV_NVDLA_cbuf.cpp: 97:NV_NVDLA_cbuf::cdma2buf_wt_wr_b_transport, payload->addr=0xe0a


Info: NV_NVDLA_cbuf.cpp: 98:NV_NVDLA_cbuf::cdma2buf_wt_wr_b_transport, payload->hsel=0


Info: NV_NVDLA_cbuf.cpp: 99:NV_NVDLA_cbuf::cdma2buf_wt_wr_b_transport, cbuf_ram_byte_addr is 0x7050


Info: NV_NVDLA_cbuf.cpp: 100:NV_NVDLA_cbuf::cdma2buf_wt_wr_b_transport, payload->data:


Info: NV_NVDLA_cbuf.cpp: 102:    0x00


Info: NV_NVDLA_cbuf.cpp: 102:    0x00


Info: NV_NVDLA_cbuf.cpp: 102:    0x00


Info: NV_NVDLA_cbuf.cpp: 102:    0x00


Info: NV_NVDLA_cbuf.cpp: 102:    0x00


Info: NV_NVDLA_cbuf.cpp: 102:    0x00


Info: NV_NVDLA_cbuf.cpp: 102:    0x00


Info: NV_NVDLA_cbuf.cpp: 102:    0x00


Info: NV_NVDLA_csb_master.cpp: 54:NV_NVDLA_csb_master::nvdla2csb_b_transport, base_addr: 0x1000


Info: NV_NVDLA_csb_master.cpp: 58:NV_NVDLA_csb_master::nvdla2csb_b_transport, csb req to GLB_BASE, 


Info: NV_NVDLA_csb_master.cpp: 59:Addr: 0x100c


Info: NV_NVDLA_csb_master.cpp: 60:Data: 0x7


Info: NV_NVDLA_csb_master.cpp: 61:Is write: 0x0


Info: NV_NVDLA_csb_master.cpp: 62:nposted: 0x0


Info: glb_reg_model.cpp: 44:glb_reg_model::GlbAccessRegister addr=0x100c data=0x7 is_write=0


Info: NV_NVDLA_csb_master.cpp: 273:NV_NVDLA_csb_master::glb2csb_resp_b_transport. Err bit: 0x0 Data: 0x110000


Info: NvdlaAxiAdaptor.cpp: 242:after NvdlaAxiAdaptor::customized_rd_req_b_transport


Info: NV_NVDLA_mcif.cpp: 3083:NV_NVDLA_mcif::ReadRequestArbiter, send read request, cdma_wt_rd_req_payload_ from cdma_wt, end.


Info: NV_NVDLA_mcif.cpp: 3081:NV_NVDLA_mcif::ReadRequestArbiter, send read request, payload from cdma_wt, begin, atom:1, num_free:81919 credit_mcif2cdma_wt_rd_rsp_fifo_=81917.


Info: NvdlaAxiAdaptor.cpp: 240:before NvdlaAxiAdaptor::customized_rd_req_b_transport address=0xd0000068


Info: NV_NVDLA_mcif.cpp: 1591:NV_NVDLA_mcif::ReadResp_mcif2cdma_wt, read 1st atom of the 64B from mcif2cdma_wt_rd_rsp_fifo_


Info: NV_NVDLA_mcif.cpp: 1600:NV_NVDLA_mcif::ReadResp_mcif2cdma_wt, dma_rd_rsp_payload->pd.dma_read_data.mask is 0x1


Info: NV_NVDLA_mcif.cpp: 1601:NV_NVDLA_mcif::ReadResp_mcif2cdma_wt, dma_rd_rsp_payload->pd.dma_read_data.data are :


Info: NV_NVDLA_mcif.cpp: 1603:    0x0


Info: NV_NVDLA_mcif.cpp: 1603:    0x0


Info: NV_NVDLA_mcif.cpp: 1603:    0x646165523a3a6669


Info: NV_NVDLA_mcif.cpp: 1603:    0x69636d5f70736552


Info: NV_NVDLA_mcif.cpp: 1603:    0x775f616d64633266


Info: NV_NVDLA_mcif.cpp: 1603:    0x5f6d6f7461202c74


Info: NV_NVDLA_mcif.cpp: 1603:    0x7466656c5f6d756e


Info: NV_NVDLA_mcif.cpp: 1603:    0xa35783020736920


Info: NV_NVDLA_mcif.cpp: 1605:NV_NVDLA_mcif::ReadResp_mcif2cdma_wt, before NV_NVDLA_mcif_base::mcif2cdma_wt_rd_rsp_b_transport(dma_rd_rsp_payload, dma_delay_)


Info: NV_NVDLA_cdma.cpp: 3503:NV_NVDLA_cdma::WeightDmaResponseHandler, payload_iter=0


Info: NV_NVDLA_cdma.cpp: 3510:NV_NVDLA_cdma::WeightDmaResponseHandler. CDMA_WEIGHT_DATA


Info: NV_NVDLA_mcif.cpp: 1607:NV_NVDLA_mcif::ReadResp_mcif2cdma_wt, after NV_NVDLA_mcif_base::mcif2cdma_wt_rd_rsp_b_transport(dma_rd_rsp_payload, dma_delay_)


Info: NV_NVDLA_mcif.cpp: 1581:NV_NVDLA_mcif::ReadResp_mcif2cdma_wt, atom_num_left is 0x4


Info: NV_NVDLA_mcif.cpp: 1588:NV_NVDLA_mcif::ReadResp_mcif2cdma_wt, num_available:0


Info: NvdlaAxiAdaptor.cpp: 78:NvdlaAxiAdaptor::axi_rd_wr_thread, get new request, wake up.


Info: NvdlaAxiAdaptor.cpp: 86:NvdlaAxiAdaptor::axi_rd_wr_thread, send read request start. address=0xd0000060


Info: NvdlaAxiAdaptor.cpp: 90:NvdlaAxiAdaptor::axi_rd_wr_thread, before standard_axi (read)


Info: NV_NVDLA_mcif.cpp: 2509:NV_NVDLA_mcif::ext2mcif_rd_rsp_b_transport


Info: NV_NVDLA_mcif.cpp: 2510:axi_id: 0x9


Info: NV_NVDLA_mcif.cpp: 2511:axi_data_ptr: 0x0x367919f0


Info: NV_NVDLA_mcif.cpp: 2512:axi_length: 8


Info: NV_NVDLA_mcif.cpp: 2513:axi_byte_enable_ptr: 0x0x367922f0


Info: NV_NVDLA_mcif.cpp: 2514:axi_byte_enable_length: 8


Info: NV_NVDLA_mcif.cpp: 2528:NV_NVDLA_mcif::ext2mcif_rd_rsp_b_transport, dma_sent_size: 0x0


Info: NV_NVDLA_mcif.cpp: 2569:NV_NVDLA_mcif::ext2mcif_rd_rsp_b_transport, read cdma_wt_rd_atom_enable_fifo_, cdma_wt payload atom mask is 0x1


Info: NV_NVDLA_mcif.cpp: 2658:NV_NVDLA_mcif::ext2mcif_rd_rsp_b_transport, num_free:81920, axi_atom_ptr value:


Info: NV_NVDLA_mcif.cpp: 2660:    0x0


Info: NV_NVDLA_mcif.cpp: 2660:    0x0


Info: NV_NVDLA_mcif.cpp: 2660:    0x0


Info: NV_NVDLA_mcif.cpp: 2660:    0x0


Info: NV_NVDLA_mcif.cpp: 2660:    0x0


Info: NV_NVDLA_mcif.cpp: 2660:    0x0


Info: NV_NVDLA_mcif.cpp: 2660:    0x0


Info: NV_NVDLA_mcif.cpp: 2660:    0x0


Info: NV_NVDLA_mcif.cpp: 2663:NV_NVDLA_mcif::ext2mcif_rd_rsp_b_transport, cdma_wt payload atom mask is 0x1, write an atom to mcif2cdma_wt_rd_rsp_fifo_, num_free:81919.


Info: NvdlaAxiAdaptor.cpp: 94:NvdlaAxiAdaptor::axi_rd_wr_thread, after standard_axi (read)


Info: NvdlaAxiAdaptor.cpp: 97:NvdlaAxiAdaptor::axi_rd_wr_thread, send read request done


Info: NvdlaAxiAdaptor.cpp: 76:NvdlaAxiAdaptor::axi_rd_wr_thread, no pending request, waiting.


Info: NV_NVDLA_cdma.cpp: 1998:read from weight_read_rsp_fifo_


Info: NV_NVDLA_cdma.cpp: 2007:WaitUntilCBufferHasEnoughFreeWeightEntry start. weight_bytes_fetched=0x60 weight_byte_idx_planed_=0x60


Info: NV_NVDLA_cdma.cpp: 3403:NV_NVDLA_cdma::WaitUntilCBufferHasEnoughFreeWeightEntry, break


Info: NV_NVDLA_cdma.cpp: 3404:    weight_entry_idx_planed_ is 0xb


Info: NV_NVDLA_cdma.cpp: 3405:    weight_entry_idx_free_ is 0xfff


Info: NV_NVDLA_cdma.cpp: 2009:WaitUntilCBufferHasEnoughFreeWeightEntry end


Info: NV_NVDLA_cdma.cpp: 2031:NV_NVDLA_cdma::DirectConvWeightResponseSequencerCommon, cdma2buf_wt_wr_payload.addr is 0xe0b


Info: NV_NVDLA_cdma.cpp: 2032:NV_NVDLA_cdma::DirectConvWeightResponseSequencerCommon, cdma2buf_wt_wr_payload.hsel is 0x0


Info: NV_NVDLA_cdma.cpp: 2033:NV_NVDLA_cdma::DirectConvWeightResponseSequencerCommon, cdma2buf_wt_wr_payload.data are :


Info: NV_NVDLA_cbuf.cpp: 97:NV_NVDLA_cbuf::cdma2buf_wt_wr_b_transport, payload->addr=0xe0b


Info: NV_NVDLA_cbuf.cpp: 98:NV_NVDLA_cbuf::cdma2buf_wt_wr_b_transport, payload->hsel=0


Info: NV_NVDLA_cbuf.cpp: 99:NV_NVDLA_cbuf::cdma2buf_wt_wr_b_transport, cbuf_ram_byte_addr is 0x7058


Info: NV_NVDLA_cbuf.cpp: 100:NV_NVDLA_cbuf::cdma2buf_wt_wr_b_transport, payload->data:


Info: NV_NVDLA_cbuf.cpp: 102:    0x00


Info: NV_NVDLA_cbuf.cpp: 102:    0x00


Info: NV_NVDLA_cbuf.cpp: 102:    0x00


Info: NV_NVDLA_cbuf.cpp: 102:    0x00


Info: NV_NVDLA_cbuf.cpp: 102:    0x00


Info: NV_NVDLA_cbuf.cpp: 102:    0x00


Info: NV_NVDLA_cbuf.cpp: 102:    0x00


Info: NV_NVDLA_cbuf.cpp: 102:    0x00


Info: NV_NVDLA_csb_master.cpp: 54:NV_NVDLA_csb_master::nvdla2csb_b_transport, base_addr: 0x1000


Info: NV_NVDLA_csb_master.cpp: 58:NV_NVDLA_csb_master::nvdla2csb_b_transport, csb req to GLB_BASE, 


Info: NV_NVDLA_csb_master.cpp: 59:Addr: 0x100c


Info: NV_NVDLA_csb_master.cpp: 60:Data: 0x7


Info: NV_NVDLA_csb_master.cpp: 61:Is write: 0x0


Info: NV_NVDLA_csb_master.cpp: 62:nposted: 0x0


Info: glb_reg_model.cpp: 44:glb_reg_model::GlbAccessRegister addr=0x100c data=0x7 is_write=0


Info: NV_NVDLA_csb_master.cpp: 273:NV_NVDLA_csb_master::glb2csb_resp_b_transport. Err bit: 0x0 Data: 0x110000


Info: NvdlaAxiAdaptor.cpp: 242:after NvdlaAxiAdaptor::customized_rd_req_b_transport


Info: NV_NVDLA_mcif.cpp: 3083:NV_NVDLA_mcif::ReadRequestArbiter, send read request, cdma_wt_rd_req_payload_ from cdma_wt, end.


Info: NV_NVDLA_mcif.cpp: 3081:NV_NVDLA_mcif::ReadRequestArbiter, send read request, payload from cdma_wt, begin, atom:1, num_free:81919 credit_mcif2cdma_wt_rd_rsp_fifo_=81917.


Info: NvdlaAxiAdaptor.cpp: 240:before NvdlaAxiAdaptor::customized_rd_req_b_transport address=0xd0000070


Info: NV_NVDLA_mcif.cpp: 1591:NV_NVDLA_mcif::ReadResp_mcif2cdma_wt, read 1st atom of the 64B from mcif2cdma_wt_rd_rsp_fifo_


Info: NV_NVDLA_mcif.cpp: 1600:NV_NVDLA_mcif::ReadResp_mcif2cdma_wt, dma_rd_rsp_payload->pd.dma_read_data.mask is 0x1


Info: NV_NVDLA_mcif.cpp: 1601:NV_NVDLA_mcif::ReadResp_mcif2cdma_wt, dma_rd_rsp_payload->pd.dma_read_data.data are :


Info: NV_NVDLA_mcif.cpp: 1603:    0x0


Info: NV_NVDLA_mcif.cpp: 1603:    0x0


Info: NV_NVDLA_mcif.cpp: 1603:    0x646165523a3a6669


Info: NV_NVDLA_mcif.cpp: 1603:    0x69636d5f70736552


Info: NV_NVDLA_mcif.cpp: 1603:    0x775f616d64633266


Info: NV_NVDLA_mcif.cpp: 1603:    0x5f6d6f7461202c74


Info: NV_NVDLA_mcif.cpp: 1603:    0x7466656c5f6d756e


Info: NV_NVDLA_mcif.cpp: 1603:    0xa34783020736920


Info: NV_NVDLA_mcif.cpp: 1605:NV_NVDLA_mcif::ReadResp_mcif2cdma_wt, before NV_NVDLA_mcif_base::mcif2cdma_wt_rd_rsp_b_transport(dma_rd_rsp_payload, dma_delay_)


Info: NV_NVDLA_cdma.cpp: 3503:NV_NVDLA_cdma::WeightDmaResponseHandler, payload_iter=0


Info: NV_NVDLA_cdma.cpp: 3510:NV_NVDLA_cdma::WeightDmaResponseHandler. CDMA_WEIGHT_DATA


Info: NV_NVDLA_mcif.cpp: 1607:NV_NVDLA_mcif::ReadResp_mcif2cdma_wt, after NV_NVDLA_mcif_base::mcif2cdma_wt_rd_rsp_b_transport(dma_rd_rsp_payload, dma_delay_)


Info: NV_NVDLA_mcif.cpp: 1581:NV_NVDLA_mcif::ReadResp_mcif2cdma_wt, atom_num_left is 0x3


Info: NV_NVDLA_mcif.cpp: 1588:NV_NVDLA_mcif::ReadResp_mcif2cdma_wt, num_available:0


Info: NvdlaAxiAdaptor.cpp: 78:NvdlaAxiAdaptor::axi_rd_wr_thread, get new request, wake up.


Info: NvdlaAxiAdaptor.cpp: 86:NvdlaAxiAdaptor::axi_rd_wr_thread, send read request start. address=0xd0000068


Info: NvdlaAxiAdaptor.cpp: 90:NvdlaAxiAdaptor::axi_rd_wr_thread, before standard_axi (read)


Info: NV_NVDLA_mcif.cpp: 2509:NV_NVDLA_mcif::ext2mcif_rd_rsp_b_transport


Info: NV_NVDLA_mcif.cpp: 2510:axi_id: 0x9


Info: NV_NVDLA_mcif.cpp: 2511:axi_data_ptr: 0x0x3678c190


Info: NV_NVDLA_mcif.cpp: 2512:axi_length: 8


Info: NV_NVDLA_mcif.cpp: 2513:axi_byte_enable_ptr: 0x0x36791a10


Info: NV_NVDLA_mcif.cpp: 2514:axi_byte_enable_length: 8


Info: NV_NVDLA_mcif.cpp: 2528:NV_NVDLA_mcif::ext2mcif_rd_rsp_b_transport, dma_sent_size: 0x0


Info: NV_NVDLA_mcif.cpp: 2569:NV_NVDLA_mcif::ext2mcif_rd_rsp_b_transport, read cdma_wt_rd_atom_enable_fifo_, cdma_wt payload atom mask is 0x1


Info: NV_NVDLA_mcif.cpp: 2658:NV_NVDLA_mcif::ext2mcif_rd_rsp_b_transport, num_free:81920, axi_atom_ptr value:


Info: NV_NVDLA_mcif.cpp: 2660:    0x0


Info: NV_NVDLA_mcif.cpp: 2660:    0x0


Info: NV_NVDLA_mcif.cpp: 2660:    0x0


Info: NV_NVDLA_mcif.cpp: 2660:    0x0


Info: NV_NVDLA_mcif.cpp: 2660:    0x0


Info: NV_NVDLA_mcif.cpp: 2660:    0x0


Info: NV_NVDLA_mcif.cpp: 2660:    0x0


Info: NV_NVDLA_mcif.cpp: 2660:    0x0


Info: NV_NVDLA_mcif.cpp: 2663:NV_NVDLA_mcif::ext2mcif_rd_rsp_b_transport, cdma_wt payload atom mask is 0x1, write an atom to mcif2cdma_wt_rd_rsp_fifo_, num_free:81919.


Info: NvdlaAxiAdaptor.cpp: 94:NvdlaAxiAdaptor::axi_rd_wr_thread, after standard_axi (read)


Info: NvdlaAxiAdaptor.cpp: 97:NvdlaAxiAdaptor::axi_rd_wr_thread, send read request done


Info: NvdlaAxiAdaptor.cpp: 76:NvdlaAxiAdaptor::axi_rd_wr_thread, no pending request, waiting.


Info: NV_NVDLA_cdma.cpp: 1998:read from weight_read_rsp_fifo_


Info: NV_NVDLA_cdma.cpp: 2007:WaitUntilCBufferHasEnoughFreeWeightEntry start. weight_bytes_fetched=0x68 weight_byte_idx_planed_=0x68


Info: NV_NVDLA_cdma.cpp: 3403:NV_NVDLA_cdma::WaitUntilCBufferHasEnoughFreeWeightEntry, break


Info: NV_NVDLA_cdma.cpp: 3404:    weight_entry_idx_planed_ is 0xc


Info: NV_NVDLA_cdma.cpp: 3405:    weight_entry_idx_free_ is 0xfff


Info: NV_NVDLA_cdma.cpp: 2009:WaitUntilCBufferHasEnoughFreeWeightEntry end


Info: NV_NVDLA_cdma.cpp: 2031:NV_NVDLA_cdma::DirectConvWeightResponseSequencerCommon, cdma2buf_wt_wr_payload.addr is 0xe0c


Info: NV_NVDLA_cdma.cpp: 2032:NV_NVDLA_cdma::DirectConvWeightResponseSequencerCommon, cdma2buf_wt_wr_payload.hsel is 0x0


Info: NV_NVDLA_cdma.cpp: 2033:NV_NVDLA_cdma::DirectConvWeightResponseSequencerCommon, cdma2buf_wt_wr_payload.data are :


Info: NV_NVDLA_cbuf.cpp: 97:NV_NVDLA_cbuf::cdma2buf_wt_wr_b_transport, payload->addr=0xe0c


Info: NV_NVDLA_cbuf.cpp: 98:NV_NVDLA_cbuf::cdma2buf_wt_wr_b_transport, payload->hsel=0


Info: NV_NVDLA_cbuf.cpp: 99:NV_NVDLA_cbuf::cdma2buf_wt_wr_b_transport, cbuf_ram_byte_addr is 0x7060


Info: NV_NVDLA_cbuf.cpp: 100:NV_NVDLA_cbuf::cdma2buf_wt_wr_b_transport, payload->data:


Info: NV_NVDLA_cbuf.cpp: 102:    0x00


Info: NV_NVDLA_cbuf.cpp: 102:    0x00


Info: NV_NVDLA_cbuf.cpp: 102:    0x00


Info: NV_NVDLA_cbuf.cpp: 102:    0x00


Info: NV_NVDLA_cbuf.cpp: 102:    0x00


Info: NV_NVDLA_cbuf.cpp: 102:    0x00


Info: NV_NVDLA_cbuf.cpp: 102:    0x00


Info: NV_NVDLA_cbuf.cpp: 102:    0x00


Info: NV_NVDLA_csb_master.cpp: 54:NV_NVDLA_csb_master::nvdla2csb_b_transport, base_addr: 0x1000


Info: NV_NVDLA_csb_master.cpp: 58:NV_NVDLA_csb_master::nvdla2csb_b_transport, csb req to GLB_BASE, 


Info: NV_NVDLA_csb_master.cpp: 59:Addr: 0x100c


Info: NV_NVDLA_csb_master.cpp: 60:Data: 0x7


Info: NV_NVDLA_csb_master.cpp: 61:Is write: 0x0


Info: NV_NVDLA_csb_master.cpp: 62:nposted: 0x0


Info: glb_reg_model.cpp: 44:glb_reg_model::GlbAccessRegister addr=0x100c data=0x7 is_write=0


Info: NV_NVDLA_csb_master.cpp: 273:NV_NVDLA_csb_master::glb2csb_resp_b_transport. Err bit: 0x0 Data: 0x110000


Info: NvdlaAxiAdaptor.cpp: 242:after NvdlaAxiAdaptor::customized_rd_req_b_transport


Info: NV_NVDLA_mcif.cpp: 3083:NV_NVDLA_mcif::ReadRequestArbiter, send read request, cdma_wt_rd_req_payload_ from cdma_wt, end.


Info: NV_NVDLA_mcif.cpp: 3081:NV_NVDLA_mcif::ReadRequestArbiter, send read request, payload from cdma_wt, begin, atom:1, num_free:81919 credit_mcif2cdma_wt_rd_rsp_fifo_=81917.


Info: NvdlaAxiAdaptor.cpp: 240:before NvdlaAxiAdaptor::customized_rd_req_b_transport address=0xd0000078


Info: NV_NVDLA_mcif.cpp: 1591:NV_NVDLA_mcif::ReadResp_mcif2cdma_wt, read 1st atom of the 64B from mcif2cdma_wt_rd_rsp_fifo_


Info: NV_NVDLA_mcif.cpp: 1600:NV_NVDLA_mcif::ReadResp_mcif2cdma_wt, dma_rd_rsp_payload->pd.dma_read_data.mask is 0x1


Info: NV_NVDLA_mcif.cpp: 1601:NV_NVDLA_mcif::ReadResp_mcif2cdma_wt, dma_rd_rsp_payload->pd.dma_read_data.data are :


Info: NV_NVDLA_mcif.cpp: 1603:    0x0


Info: NV_NVDLA_mcif.cpp: 1603:    0x0


Info: NV_NVDLA_mcif.cpp: 1603:    0x646165523a3a6669


Info: NV_NVDLA_mcif.cpp: 1603:    0x69636d5f70736552


Info: NV_NVDLA_mcif.cpp: 1603:    0x775f616d64633266


Info: NV_NVDLA_mcif.cpp: 1603:    0x5f6d6f7461202c74


Info: NV_NVDLA_mcif.cpp: 1603:    0x7466656c5f6d756e


Info: NV_NVDLA_mcif.cpp: 1603:    0xa33783020736920


Info: NV_NVDLA_mcif.cpp: 1605:NV_NVDLA_mcif::ReadResp_mcif2cdma_wt, before NV_NVDLA_mcif_base::mcif2cdma_wt_rd_rsp_b_transport(dma_rd_rsp_payload, dma_delay_)


Info: NV_NVDLA_cdma.cpp: 3503:NV_NVDLA_cdma::WeightDmaResponseHandler, payload_iter=0


Info: NV_NVDLA_cdma.cpp: 3510:NV_NVDLA_cdma::WeightDmaResponseHandler. CDMA_WEIGHT_DATA


Info: NV_NVDLA_mcif.cpp: 1607:NV_NVDLA_mcif::ReadResp_mcif2cdma_wt, after NV_NVDLA_mcif_base::mcif2cdma_wt_rd_rsp_b_transport(dma_rd_rsp_payload, dma_delay_)


Info: NV_NVDLA_mcif.cpp: 1581:NV_NVDLA_mcif::ReadResp_mcif2cdma_wt, atom_num_left is 0x2


Info: NV_NVDLA_mcif.cpp: 1588:NV_NVDLA_mcif::ReadResp_mcif2cdma_wt, num_available:0


Info: NvdlaAxiAdaptor.cpp: 78:NvdlaAxiAdaptor::axi_rd_wr_thread, get new request, wake up.


Info: NvdlaAxiAdaptor.cpp: 86:NvdlaAxiAdaptor::axi_rd_wr_thread, send read request start. address=0xd0000070


Info: NvdlaAxiAdaptor.cpp: 90:NvdlaAxiAdaptor::axi_rd_wr_thread, before standard_axi (read)


Info: NV_NVDLA_mcif.cpp: 2509:NV_NVDLA_mcif::ext2mcif_rd_rsp_b_transport


Info: NV_NVDLA_mcif.cpp: 2510:axi_id: 0x9


Info: NV_NVDLA_mcif.cpp: 2511:axi_data_ptr: 0x0x3678b690


Info: NV_NVDLA_mcif.cpp: 2512:axi_length: 8


Info: NV_NVDLA_mcif.cpp: 2513:axi_byte_enable_ptr: 0x0x3678c1b0


Info: NV_NVDLA_mcif.cpp: 2514:axi_byte_enable_length: 8


Info: NV_NVDLA_mcif.cpp: 2528:NV_NVDLA_mcif::ext2mcif_rd_rsp_b_transport, dma_sent_size: 0x0


Info: NV_NVDLA_mcif.cpp: 2569:NV_NVDLA_mcif::ext2mcif_rd_rsp_b_transport, read cdma_wt_rd_atom_enable_fifo_, cdma_wt payload atom mask is 0x1


Info: NV_NVDLA_mcif.cpp: 2658:NV_NVDLA_mcif::ext2mcif_rd_rsp_b_transport, num_free:81920, axi_atom_ptr value:


Info: NV_NVDLA_mcif.cpp: 2660:    0x0


Info: NV_NVDLA_mcif.cpp: 2660:    0x0


Info: NV_NVDLA_mcif.cpp: 2660:    0x0


Info: NV_NVDLA_mcif.cpp: 2660:    0x0


Info: NV_NVDLA_mcif.cpp: 2660:    0x0


Info: NV_NVDLA_mcif.cpp: 2660:    0x0


Info: NV_NVDLA_mcif.cpp: 2660:    0x0


Info: NV_NVDLA_mcif.cpp: 2660:    0x0


Info: NV_NVDLA_mcif.cpp: 2663:NV_NVDLA_mcif::ext2mcif_rd_rsp_b_transport, cdma_wt payload atom mask is 0x1, write an atom to mcif2cdma_wt_rd_rsp_fifo_, num_free:81919.


Info: NvdlaAxiAdaptor.cpp: 94:NvdlaAxiAdaptor::axi_rd_wr_thread, after standard_axi (read)


Info: NvdlaAxiAdaptor.cpp: 97:NvdlaAxiAdaptor::axi_rd_wr_thread, send read request done


Info: NvdlaAxiAdaptor.cpp: 76:NvdlaAxiAdaptor::axi_rd_wr_thread, no pending request, waiting.


Info: NV_NVDLA_cdma.cpp: 1998:read from weight_read_rsp_fifo_


Info: NV_NVDLA_cdma.cpp: 2007:WaitUntilCBufferHasEnoughFreeWeightEntry start. weight_bytes_fetched=0x70 weight_byte_idx_planed_=0x70


Info: NV_NVDLA_cdma.cpp: 3403:NV_NVDLA_cdma::WaitUntilCBufferHasEnoughFreeWeightEntry, break


Info: NV_NVDLA_cdma.cpp: 3404:    weight_entry_idx_planed_ is 0xd


Info: NV_NVDLA_cdma.cpp: 3405:    weight_entry_idx_free_ is 0xfff


Info: NV_NVDLA_cdma.cpp: 2009:WaitUntilCBufferHasEnoughFreeWeightEntry end


Info: NV_NVDLA_cdma.cpp: 2031:NV_NVDLA_cdma::DirectConvWeightResponseSequencerCommon, cdma2buf_wt_wr_payload.addr is 0xe0d


Info: NV_NVDLA_cdma.cpp: 2032:NV_NVDLA_cdma::DirectConvWeightResponseSequencerCommon, cdma2buf_wt_wr_payload.hsel is 0x0


Info: NV_NVDLA_cdma.cpp: 2033:NV_NVDLA_cdma::DirectConvWeightResponseSequencerCommon, cdma2buf_wt_wr_payload.data are :


Info: NV_NVDLA_cbuf.cpp: 97:NV_NVDLA_cbuf::cdma2buf_wt_wr_b_transport, payload->addr=0xe0d


Info: NV_NVDLA_cbuf.cpp: 98:NV_NVDLA_cbuf::cdma2buf_wt_wr_b_transport, payload->hsel=0


Info: NV_NVDLA_cbuf.cpp: 99:NV_NVDLA_cbuf::cdma2buf_wt_wr_b_transport, cbuf_ram_byte_addr is 0x7068


Info: NV_NVDLA_cbuf.cpp: 100:NV_NVDLA_cbuf::cdma2buf_wt_wr_b_transport, payload->data:


Info: NV_NVDLA_cbuf.cpp: 102:    0x00


Info: NV_NVDLA_cbuf.cpp: 102:    0x00


Info: NV_NVDLA_cbuf.cpp: 102:    0x00


Info: NV_NVDLA_cbuf.cpp: 102:    0x00


Info: NV_NVDLA_cbuf.cpp: 102:    0x00


Info: NV_NVDLA_cbuf.cpp: 102:    0x00


Info: NV_NVDLA_cbuf.cpp: 102:    0x00


Info: NV_NVDLA_cbuf.cpp: 102:    0x00


Info: NV_NVDLA_csb_master.cpp: 54:NV_NVDLA_csb_master::nvdla2csb_b_transport, base_addr: 0x1000


Info: NV_NVDLA_csb_master.cpp: 58:NV_NVDLA_csb_master::nvdla2csb_b_transport, csb req to GLB_BASE, 


Info: NV_NVDLA_csb_master.cpp: 59:Addr: 0x100c


Info: NV_NVDLA_csb_master.cpp: 60:Data: 0x7


Info: NV_NVDLA_csb_master.cpp: 61:Is write: 0x0


Info: NV_NVDLA_csb_master.cpp: 62:nposted: 0x0


Info: glb_reg_model.cpp: 44:glb_reg_model::GlbAccessRegister addr=0x100c data=0x7 is_write=0


Info: NV_NVDLA_csb_master.cpp: 273:NV_NVDLA_csb_master::glb2csb_resp_b_transport. Err bit: 0x0 Data: 0x110000


Info: NvdlaAxiAdaptor.cpp: 242:after NvdlaAxiAdaptor::customized_rd_req_b_transport


Info: NV_NVDLA_mcif.cpp: 3083:NV_NVDLA_mcif::ReadRequestArbiter, send read request, cdma_wt_rd_req_payload_ from cdma_wt, end.


Info: NV_NVDLA_mcif.cpp: 2903:NV_NVDLA_mcif::ReadRequestArbiter, no pending request, waiting.


Info: NV_NVDLA_mcif.cpp: 1591:NV_NVDLA_mcif::ReadResp_mcif2cdma_wt, read 1st atom of the 64B from mcif2cdma_wt_rd_rsp_fifo_


Info: NV_NVDLA_mcif.cpp: 1600:NV_NVDLA_mcif::ReadResp_mcif2cdma_wt, dma_rd_rsp_payload->pd.dma_read_data.mask is 0x1


Info: NV_NVDLA_mcif.cpp: 1601:NV_NVDLA_mcif::ReadResp_mcif2cdma_wt, dma_rd_rsp_payload->pd.dma_read_data.data are :


Info: NV_NVDLA_mcif.cpp: 1603:    0x0


Info: NV_NVDLA_mcif.cpp: 1603:    0x0


Info: NV_NVDLA_mcif.cpp: 1603:    0x646165523a3a6669


Info: NV_NVDLA_mcif.cpp: 1603:    0x69636d5f70736552


Info: NV_NVDLA_mcif.cpp: 1603:    0x775f616d64633266


Info: NV_NVDLA_mcif.cpp: 1603:    0x5f6d6f7461202c74


Info: NV_NVDLA_mcif.cpp: 1603:    0x7466656c5f6d756e


Info: NV_NVDLA_mcif.cpp: 1603:    0xa32783020736920


Info: NV_NVDLA_mcif.cpp: 1605:NV_NVDLA_mcif::ReadResp_mcif2cdma_wt, before NV_NVDLA_mcif_base::mcif2cdma_wt_rd_rsp_b_transport(dma_rd_rsp_payload, dma_delay_)


Info: NV_NVDLA_cdma.cpp: 3503:NV_NVDLA_cdma::WeightDmaResponseHandler, payload_iter=0


Info: NV_NVDLA_cdma.cpp: 3510:NV_NVDLA_cdma::WeightDmaResponseHandler. CDMA_WEIGHT_DATA


Info: NV_NVDLA_mcif.cpp: 1607:NV_NVDLA_mcif::ReadResp_mcif2cdma_wt, after NV_NVDLA_mcif_base::mcif2cdma_wt_rd_rsp_b_transport(dma_rd_rsp_payload, dma_delay_)


Info: NV_NVDLA_mcif.cpp: 1581:NV_NVDLA_mcif::ReadResp_mcif2cdma_wt, atom_num_left is 0x1


Info: NV_NVDLA_mcif.cpp: 1588:NV_NVDLA_mcif::ReadResp_mcif2cdma_wt, num_available:0


Info: NvdlaAxiAdaptor.cpp: 78:NvdlaAxiAdaptor::axi_rd_wr_thread, get new request, wake up.


Info: NvdlaAxiAdaptor.cpp: 86:NvdlaAxiAdaptor::axi_rd_wr_thread, send read request start. address=0xd0000078


Info: NvdlaAxiAdaptor.cpp: 90:NvdlaAxiAdaptor::axi_rd_wr_thread, before standard_axi (read)


Info: NV_NVDLA_mcif.cpp: 2509:NV_NVDLA_mcif::ext2mcif_rd_rsp_b_transport


Info: NV_NVDLA_mcif.cpp: 2510:axi_id: 0x9


Info: NV_NVDLA_mcif.cpp: 2511:axi_data_ptr: 0x0x36791730


Info: NV_NVDLA_mcif.cpp: 2512:axi_length: 8


Info: NV_NVDLA_mcif.cpp: 2513:axi_byte_enable_ptr: 0x0x3678b6b0


Info: NV_NVDLA_mcif.cpp: 2514:axi_byte_enable_length: 8


Info: NV_NVDLA_mcif.cpp: 2528:NV_NVDLA_mcif::ext2mcif_rd_rsp_b_transport, dma_sent_size: 0x0


Info: NV_NVDLA_mcif.cpp: 2569:NV_NVDLA_mcif::ext2mcif_rd_rsp_b_transport, read cdma_wt_rd_atom_enable_fifo_, cdma_wt payload atom mask is 0x1


Info: NV_NVDLA_mcif.cpp: 2658:NV_NVDLA_mcif::ext2mcif_rd_rsp_b_transport, num_free:81920, axi_atom_ptr value:


Info: NV_NVDLA_mcif.cpp: 2660:    0x0


Info: NV_NVDLA_mcif.cpp: 2660:    0x0


Info: NV_NVDLA_mcif.cpp: 2660:    0x0


Info: NV_NVDLA_mcif.cpp: 2660:    0x0


Info: NV_NVDLA_mcif.cpp: 2660:    0x0


Info: NV_NVDLA_mcif.cpp: 2660:    0x0


Info: NV_NVDLA_mcif.cpp: 2660:    0x0


Info: NV_NVDLA_mcif.cpp: 2660:    0x0


Info: NV_NVDLA_mcif.cpp: 2663:NV_NVDLA_mcif::ext2mcif_rd_rsp_b_transport, cdma_wt payload atom mask is 0x1, write an atom to mcif2cdma_wt_rd_rsp_fifo_, num_free:81919.


Info: NvdlaAxiAdaptor.cpp: 94:NvdlaAxiAdaptor::axi_rd_wr_thread, after standard_axi (read)


Info: NvdlaAxiAdaptor.cpp: 97:NvdlaAxiAdaptor::axi_rd_wr_thread, send read request done


Info: NvdlaAxiAdaptor.cpp: 76:NvdlaAxiAdaptor::axi_rd_wr_thread, no pending request, waiting.


Info: NV_NVDLA_mcif.cpp: 2905:NV_NVDLA_mcif::ReadRequestArbiter, get new request, wake up.


Info: NV_NVDLA_mcif.cpp: 2903:NV_NVDLA_mcif::ReadRequestArbiter, no pending request, waiting.


Info: NV_NVDLA_cdma.cpp: 1998:read from weight_read_rsp_fifo_


Info: NV_NVDLA_cdma.cpp: 2007:WaitUntilCBufferHasEnoughFreeWeightEntry start. weight_bytes_fetched=0x78 weight_byte_idx_planed_=0x78


Info: NV_NVDLA_cdma.cpp: 3403:NV_NVDLA_cdma::WaitUntilCBufferHasEnoughFreeWeightEntry, break


Info: NV_NVDLA_cdma.cpp: 3404:    weight_entry_idx_planed_ is 0xe


Info: NV_NVDLA_cdma.cpp: 3405:    weight_entry_idx_free_ is 0xfff


Info: NV_NVDLA_cdma.cpp: 2009:WaitUntilCBufferHasEnoughFreeWeightEntry end


Info: NV_NVDLA_cdma.cpp: 2031:NV_NVDLA_cdma::DirectConvWeightResponseSequencerCommon, cdma2buf_wt_wr_payload.addr is 0xe0e


Info: NV_NVDLA_cdma.cpp: 2032:NV_NVDLA_cdma::DirectConvWeightResponseSequencerCommon, cdma2buf_wt_wr_payload.hsel is 0x0


Info: NV_NVDLA_cdma.cpp: 2033:NV_NVDLA_cdma::DirectConvWeightResponseSequencerCommon, cdma2buf_wt_wr_payload.data are :


Info: NV_NVDLA_cbuf.cpp: 97:NV_NVDLA_cbuf::cdma2buf_wt_wr_b_transport, payload->addr=0xe0e


Info: NV_NVDLA_cbuf.cpp: 98:NV_NVDLA_cbuf::cdma2buf_wt_wr_b_transport, payload->hsel=0


Info: NV_NVDLA_cbuf.cpp: 99:NV_NVDLA_cbuf::cdma2buf_wt_wr_b_transport, cbuf_ram_byte_addr is 0x7070


Info: NV_NVDLA_cbuf.cpp: 100:NV_NVDLA_cbuf::cdma2buf_wt_wr_b_transport, payload->data:


Info: NV_NVDLA_cbuf.cpp: 102:    0x00


Info: NV_NVDLA_cbuf.cpp: 102:    0x00


Info: NV_NVDLA_cbuf.cpp: 102:    0x00


Info: NV_NVDLA_cbuf.cpp: 102:    0x00


Info: NV_NVDLA_cbuf.cpp: 102:    0x00


Info: NV_NVDLA_cbuf.cpp: 102:    0x00


Info: NV_NVDLA_cbuf.cpp: 102:    0x00


Info: NV_NVDLA_cbuf.cpp: 102:    0x00


Info: NV_NVDLA_csb_master.cpp: 54:NV_NVDLA_csb_master::nvdla2csb_b_transport, base_addr: 0x1000


Info: NV_NVDLA_csb_master.cpp: 58:NV_NVDLA_csb_master::nvdla2csb_b_transport, csb req to GLB_BASE, 


Info: NV_NVDLA_csb_master.cpp: 59:Addr: 0x100c


Info: NV_NVDLA_csb_master.cpp: 60:Data: 0x7


Info: NV_NVDLA_csb_master.cpp: 61:Is write: 0x0


Info: NV_NVDLA_csb_master.cpp: 62:nposted: 0x0


Info: glb_reg_model.cpp: 44:glb_reg_model::GlbAccessRegister addr=0x100c data=0x7 is_write=0


Info: NV_NVDLA_csb_master.cpp: 273:NV_NVDLA_csb_master::glb2csb_resp_b_transport. Err bit: 0x0 Data: 0x110000


Info: NV_NVDLA_mcif.cpp: 1591:NV_NVDLA_mcif::ReadResp_mcif2cdma_wt, read 1st atom of the 64B from mcif2cdma_wt_rd_rsp_fifo_


Info: NV_NVDLA_mcif.cpp: 1600:NV_NVDLA_mcif::ReadResp_mcif2cdma_wt, dma_rd_rsp_payload->pd.dma_read_data.mask is 0x1


Info: NV_NVDLA_mcif.cpp: 1601:NV_NVDLA_mcif::ReadResp_mcif2cdma_wt, dma_rd_rsp_payload->pd.dma_read_data.data are :


Info: NV_NVDLA_mcif.cpp: 1603:    0x0


Info: NV_NVDLA_mcif.cpp: 1603:    0x0


Info: NV_NVDLA_mcif.cpp: 1603:    0x646165523a3a6669


Info: NV_NVDLA_mcif.cpp: 1603:    0x69636d5f70736552


Info: NV_NVDLA_mcif.cpp: 1603:    0x775f616d64633266


Info: NV_NVDLA_mcif.cpp: 1603:    0x5f6d6f7461202c74


Info: NV_NVDLA_mcif.cpp: 1603:    0x7466656c5f6d756e


Info: NV_NVDLA_mcif.cpp: 1603:    0xa31783020736920


Info: NV_NVDLA_mcif.cpp: 1605:NV_NVDLA_mcif::ReadResp_mcif2cdma_wt, before NV_NVDLA_mcif_base::mcif2cdma_wt_rd_rsp_b_transport(dma_rd_rsp_payload, dma_delay_)


Info: NV_NVDLA_cdma.cpp: 3503:NV_NVDLA_cdma::WeightDmaResponseHandler, payload_iter=0


Info: NV_NVDLA_cdma.cpp: 3510:NV_NVDLA_cdma::WeightDmaResponseHandler. CDMA_WEIGHT_DATA


Info: NV_NVDLA_mcif.cpp: 1607:NV_NVDLA_mcif::ReadResp_mcif2cdma_wt, after NV_NVDLA_mcif_base::mcif2cdma_wt_rd_rsp_b_transport(dma_rd_rsp_payload, dma_delay_)


Info: NV_NVDLA_mcif.cpp: 1577:NV_NVDLA_mcif::ReadResp_mcif2cdma_wt, num_available:0


Info: NV_NVDLA_mcif.cpp: 2905:NV_NVDLA_mcif::ReadRequestArbiter, get new request, wake up.


Info: NV_NVDLA_mcif.cpp: 2903:NV_NVDLA_mcif::ReadRequestArbiter, no pending request, waiting.


Info: NV_NVDLA_cdma.cpp: 1998:read from weight_read_rsp_fifo_


Info: NV_NVDLA_cdma.cpp: 2007:WaitUntilCBufferHasEnoughFreeWeightEntry start. weight_bytes_fetched=0x80 weight_byte_idx_planed_=0x80


Info: NV_NVDLA_cdma.cpp: 3403:NV_NVDLA_cdma::WaitUntilCBufferHasEnoughFreeWeightEntry, break


Info: NV_NVDLA_cdma.cpp: 3404:    weight_entry_idx_planed_ is 0xf


Info: NV_NVDLA_cdma.cpp: 3405:    weight_entry_idx_free_ is 0xfff


Info: NV_NVDLA_cdma.cpp: 2009:WaitUntilCBufferHasEnoughFreeWeightEntry end


Info: NV_NVDLA_cdma.cpp: 2031:NV_NVDLA_cdma::DirectConvWeightResponseSequencerCommon, cdma2buf_wt_wr_payload.addr is 0xe0f


Info: NV_NVDLA_cdma.cpp: 2032:NV_NVDLA_cdma::DirectConvWeightResponseSequencerCommon, cdma2buf_wt_wr_payload.hsel is 0x0


Info: NV_NVDLA_cdma.cpp: 2033:NV_NVDLA_cdma::DirectConvWeightResponseSequencerCommon, cdma2buf_wt_wr_payload.data are :


Info: NV_NVDLA_cbuf.cpp: 97:NV_NVDLA_cbuf::cdma2buf_wt_wr_b_transport, payload->addr=0xe0f


Info: NV_NVDLA_cbuf.cpp: 98:NV_NVDLA_cbuf::cdma2buf_wt_wr_b_transport, payload->hsel=0


Info: NV_NVDLA_cbuf.cpp: 99:NV_NVDLA_cbuf::cdma2buf_wt_wr_b_transport, cbuf_ram_byte_addr is 0x7078


Info: NV_NVDLA_cbuf.cpp: 100:NV_NVDLA_cbuf::cdma2buf_wt_wr_b_transport, payload->data:


Info: NV_NVDLA_cbuf.cpp: 102:    0x00


Info: NV_NVDLA_cbuf.cpp: 102:    0x00


Info: NV_NVDLA_cbuf.cpp: 102:    0x00


Info: NV_NVDLA_cbuf.cpp: 102:    0x00


Info: NV_NVDLA_cbuf.cpp: 102:    0x00


Info: NV_NVDLA_cbuf.cpp: 102:    0x00


Info: NV_NVDLA_cbuf.cpp: 102:    0x00


Info: NV_NVDLA_cbuf.cpp: 102:    0x00


Info: NV_NVDLA_cdma.cpp: 2082:End of DirectConvWeightResponseSequencerCommon: weight_bytes_fetched=0x80 wt_entries_fetched=0x10


Info: NV_NVDLA_cdma.cpp: 622:CDMA Weight Fetch Done. consumer pointer is 0


Info: NV_NVDLA_csb_master.cpp: 54:NV_NVDLA_csb_master::nvdla2csb_b_transport, base_addr: 0x1000


Info: NV_NVDLA_csb_master.cpp: 58:NV_NVDLA_csb_master::nvdla2csb_b_transport, csb req to GLB_BASE, 


Info: NV_NVDLA_csb_master.cpp: 59:Addr: 0x100c


Info: NV_NVDLA_csb_master.cpp: 60:Data: 0x7


Info: NV_NVDLA_csb_master.cpp: 61:Is write: 0x0


Info: NV_NVDLA_csb_master.cpp: 62:nposted: 0x0


Info: glb_reg_model.cpp: 44:glb_reg_model::GlbAccessRegister addr=0x100c data=0x7 is_write=0


Info: NV_NVDLA_csb_master.cpp: 273:NV_NVDLA_csb_master::glb2csb_resp_b_transport. Err bit: 0x0 Data: 0x110000


Info: NV_NVDLA_glb.cpp: 324:calling NV_NVDLA_glb::Update_nvdla_intr_cdma_wt_0


Info: NV_NVDLA_cdma.cpp: 219:NV_NVDLA_cdma::CdmaHardwareLayerExecutionTrigger. HW Layer done


Info: NV_NVDLA_csb_master.cpp: 54:NV_NVDLA_csb_master::nvdla2csb_b_transport, base_addr: 0x1000


Info: NV_NVDLA_csb_master.cpp: 58:NV_NVDLA_csb_master::nvdla2csb_b_transport, csb req to GLB_BASE, 


Info: NV_NVDLA_csb_master.cpp: 59:Addr: 0x100c


Info: NV_NVDLA_csb_master.cpp: 60:Data: 0x7


Info: NV_NVDLA_csb_master.cpp: 61:Is write: 0x0


Info: NV_NVDLA_csb_master.cpp: 62:nposted: 0x0


Info: glb_reg_model.cpp: 44:glb_reg_model::GlbAccessRegister addr=0x100c data=0x7 is_write=0


Info: NV_NVDLA_csb_master.cpp: 273:NV_NVDLA_csb_master::glb2csb_resp_b_transport. Err bit: 0x0 Data: 0x150000


Info: NV_NVDLA_csb_master.cpp: 54:NV_NVDLA_csb_master::nvdla2csb_b_transport, base_addr: 0x1000


Info: NV_NVDLA_csb_master.cpp: 58:NV_NVDLA_csb_master::nvdla2csb_b_transport, csb req to GLB_BASE, 


Info: NV_NVDLA_csb_master.cpp: 59:Addr: 0x100c


Info: NV_NVDLA_csb_master.cpp: 60:Data: 0x7


Info: NV_NVDLA_csb_master.cpp: 61:Is write: 0x0


Info: NV_NVDLA_csb_master.cpp: 62:nposted: 0x0


Info: glb_reg_model.cpp: 44:glb_reg_model::GlbAccessRegister addr=0x100c data=0x7 is_write=0


Info: NV_NVDLA_csb_master.cpp: 273:NV_NVDLA_csb_master::glb2csb_resp_b_transport. Err bit: 0x0 Data: 0x150000


Info: NV_NVDLA_csb_master.cpp: 54:NV_NVDLA_csb_master::nvdla2csb_b_transport, base_addr: 0x1000


Info: NV_NVDLA_csb_master.cpp: 58:NV_NVDLA_csb_master::nvdla2csb_b_transport, csb req to GLB_BASE, 


Info: NV_NVDLA_csb_master.cpp: 59:Addr: 0x100c


Info: NV_NVDLA_csb_master.cpp: 60:Data: 0x7


Info: NV_NVDLA_csb_master.cpp: 61:Is write: 0x0


Info: NV_NVDLA_csb_master.cpp: 62:nposted: 0x0


Info: glb_reg_model.cpp: 44:glb_reg_model::GlbAccessRegister addr=0x100c data=0x7 is_write=0


Info: NV_NVDLA_csb_master.cpp: 273:NV_NVDLA_csb_master::glb2csb_resp_b_transport. Err bit: 0x0 Data: 0x150000


Info: NV_NVDLA_csb_master.cpp: 54:NV_NVDLA_csb_master::nvdla2csb_b_transport, base_addr: 0x1000


Info: NV_NVDLA_csb_master.cpp: 58:NV_NVDLA_csb_master::nvdla2csb_b_transport, csb req to GLB_BASE, 


Info: NV_NVDLA_csb_master.cpp: 59:Addr: 0x100c


Info: NV_NVDLA_csb_master.cpp: 60:Data: 0x7


Info: NV_NVDLA_csb_master.cpp: 61:Is write: 0x0


Info: NV_NVDLA_csb_master.cpp: 62:nposted: 0x0


Info: glb_reg_model.cpp: 44:glb_reg_model::GlbAccessRegister addr=0x100c data=0x7 is_write=0


Info: NV_NVDLA_csb_master.cpp: 273:NV_NVDLA_csb_master::glb2csb_resp_b_transport. Err bit: 0x0 Data: 0x150000


Info: NV_NVDLA_csb_master.cpp: 54:NV_NVDLA_csb_master::nvdla2csb_b_transport, base_addr: 0x1000


Info: NV_NVDLA_csb_master.cpp: 58:NV_NVDLA_csb_master::nvdla2csb_b_transport, csb req to GLB_BASE, 


Info: NV_NVDLA_csb_master.cpp: 59:Addr: 0x100c


Info: NV_NVDLA_csb_master.cpp: 60:Data: 0x7


Info: NV_NVDLA_csb_master.cpp: 61:Is write: 0x0


Info: NV_NVDLA_csb_master.cpp: 62:nposted: 0x0


Info: glb_reg_model.cpp: 44:glb_reg_model::GlbAccessRegister addr=0x100c data=0x7 is_write=0


Info: NV_NVDLA_csb_master.cpp: 273:NV_NVDLA_csb_master::glb2csb_resp_b_transport. Err bit: 0x0 Data: 0x150000


Info: NV_NVDLA_csb_master.cpp: 54:NV_NVDLA_csb_master::nvdla2csb_b_transport, base_addr: 0x1000


Info: NV_NVDLA_csb_master.cpp: 58:NV_NVDLA_csb_master::nvdla2csb_b_transport, csb req to GLB_BASE, 


Info: NV_NVDLA_csb_master.cpp: 59:Addr: 0x100c


Info: NV_NVDLA_csb_master.cpp: 60:Data: 0x7


Info: NV_NVDLA_csb_master.cpp: 61:Is write: 0x0


Info: NV_NVDLA_csb_master.cpp: 62:nposted: 0x0


Info: glb_reg_model.cpp: 44:glb_reg_model::GlbAccessRegister addr=0x100c data=0x7 is_write=0


Info: NV_NVDLA_csb_master.cpp: 273:NV_NVDLA_csb_master::glb2csb_resp_b_transport. Err bit: 0x0 Data: 0x150000


Info: NV_NVDLA_csb_master.cpp: 54:NV_NVDLA_csb_master::nvdla2csb_b_transport, base_addr: 0x1000


Info: NV_NVDLA_csb_master.cpp: 58:NV_NVDLA_csb_master::nvdla2csb_b_transport, csb req to GLB_BASE, 


Info: NV_NVDLA_csb_master.cpp: 59:Addr: 0x100c


Info: NV_NVDLA_csb_master.cpp: 60:Data: 0x7


Info: NV_NVDLA_csb_master.cpp: 61:Is write: 0x0


Info: NV_NVDLA_csb_master.cpp: 62:nposted: 0x0


Info: glb_reg_model.cpp: 44:glb_reg_model::GlbAccessRegister addr=0x100c data=0x7 is_write=0


Info: NV_NVDLA_csb_master.cpp: 273:NV_NVDLA_csb_master::glb2csb_resp_b_transport. Err bit: 0x0 Data: 0x150000


Info: NV_NVDLA_csb_master.cpp: 54:NV_NVDLA_csb_master::nvdla2csb_b_transport, base_addr: 0x1000


Info: NV_NVDLA_csb_master.cpp: 58:NV_NVDLA_csb_master::nvdla2csb_b_transport, csb req to GLB_BASE, 


Info: NV_NVDLA_csb_master.cpp: 59:Addr: 0x100c


Info: NV_NVDLA_csb_master.cpp: 60:Data: 0x7


Info: NV_NVDLA_csb_master.cpp: 61:Is write: 0x0


Info: NV_NVDLA_csb_master.cpp: 62:nposted: 0x0


Info: glb_reg_model.cpp: 44:glb_reg_model::GlbAccessRegister addr=0x100c data=0x7 is_write=0


Info: NV_NVDLA_csb_master.cpp: 273:NV_NVDLA_csb_master::glb2csb_resp_b_transport. Err bit: 0x0 Data: 0x150000


Info: NV_NVDLA_csb_master.cpp: 54:NV_NVDLA_csb_master::nvdla2csb_b_transport, base_addr: 0x1000


Info: NV_NVDLA_csb_master.cpp: 58:NV_NVDLA_csb_master::nvdla2csb_b_transport, csb req to GLB_BASE, 


Info: NV_NVDLA_csb_master.cpp: 59:Addr: 0x100c


Info: NV_NVDLA_csb_master.cpp: 60:Data: 0x7


Info: NV_NVDLA_csb_master.cpp: 61:Is write: 0x0


Info: NV_NVDLA_csb_master.cpp: 62:nposted: 0x0


Info: glb_reg_model.cpp: 44:glb_reg_model::GlbAccessRegister addr=0x100c data=0x7 is_write=0


Info: NV_NVDLA_csb_master.cpp: 273:NV_NVDLA_csb_master::glb2csb_resp_b_transport. Err bit: 0x0 Data: 0x150000


Info: NV_NVDLA_csb_master.cpp: 54:NV_NVDLA_csb_master::nvdla2csb_b_transport, base_addr: 0x1000


Info: NV_NVDLA_csb_master.cpp: 58:NV_NVDLA_csb_master::nvdla2csb_b_transport, csb req to GLB_BASE, 


Info: NV_NVDLA_csb_master.cpp: 59:Addr: 0x100c


Info: NV_NVDLA_csb_master.cpp: 60:Data: 0x7


Info: NV_NVDLA_csb_master.cpp: 61:Is write: 0x0


Info: NV_NVDLA_csb_master.cpp: 62:nposted: 0x0


Info: glb_reg_model.cpp: 44:glb_reg_model::GlbAccessRegister addr=0x100c data=0x7 is_write=0


Info: NV_NVDLA_csb_master.cpp: 273:NV_NVDLA_csb_master::glb2csb_resp_b_transport. Err bit: 0x0 Data: 0x150000


Info: NV_NVDLA_csb_master.cpp: 54:NV_NVDLA_csb_master::nvdla2csb_b_transport, base_addr: 0x1000


Info: NV_NVDLA_csb_master.cpp: 58:NV_NVDLA_csb_master::nvdla2csb_b_transport, csb req to GLB_BASE, 


Info: NV_NVDLA_csb_master.cpp: 59:Addr: 0x100c


Info: NV_NVDLA_csb_master.cpp: 60:Data: 0x7


Info: NV_NVDLA_csb_master.cpp: 61:Is write: 0x0


Info: NV_NVDLA_csb_master.cpp: 62:nposted: 0x0


Info: glb_reg_model.cpp: 44:glb_reg_model::GlbAccessRegister addr=0x100c data=0x7 is_write=0


Info: NV_NVDLA_csb_master.cpp: 273:NV_NVDLA_csb_master::glb2csb_resp_b_transport. Err bit: 0x0 Data: 0x150000


Info: NV_NVDLA_csb_master.cpp: 54:NV_NVDLA_csb_master::nvdla2csb_b_transport, base_addr: 0x1000


Info: NV_NVDLA_csb_master.cpp: 58:NV_NVDLA_csb_master::nvdla2csb_b_transport, csb req to GLB_BASE, 


Info: NV_NVDLA_csb_master.cpp: 59:Addr: 0x100c


Info: NV_NVDLA_csb_master.cpp: 60:Data: 0x7


Info: NV_NVDLA_csb_master.cpp: 61:Is write: 0x0


Info: NV_NVDLA_csb_master.cpp: 62:nposted: 0x0


Info: glb_reg_model.cpp: 44:glb_reg_model::GlbAccessRegister addr=0x100c data=0x7 is_write=0


Info: NV_NVDLA_csb_master.cpp: 273:NV_NVDLA_csb_master::glb2csb_resp_b_transport. Err bit: 0x0 Data: 0x150000


Info: NV_NVDLA_csb_master.cpp: 54:NV_NVDLA_csb_master::nvdla2csb_b_transport, base_addr: 0x1000


Info: NV_NVDLA_csb_master.cpp: 58:NV_NVDLA_csb_master::nvdla2csb_b_transport, csb req to GLB_BASE, 


Info: NV_NVDLA_csb_master.cpp: 59:Addr: 0x100c


Info: NV_NVDLA_csb_master.cpp: 60:Data: 0x7


Info: NV_NVDLA_csb_master.cpp: 61:Is write: 0x0


Info: NV_NVDLA_csb_master.cpp: 62:nposted: 0x0


Info: glb_reg_model.cpp: 44:glb_reg_model::GlbAccessRegister addr=0x100c data=0x7 is_write=0


Info: NV_NVDLA_csb_master.cpp: 273:NV_NVDLA_csb_master::glb2csb_resp_b_transport. Err bit: 0x0 Data: 0x150000


Info: NV_NVDLA_csb_master.cpp: 54:NV_NVDLA_csb_master::nvdla2csb_b_transport, base_addr: 0x1000


Info: NV_NVDLA_csb_master.cpp: 58:NV_NVDLA_csb_master::nvdla2csb_b_transport, csb req to GLB_BASE, 


Info: NV_NVDLA_csb_master.cpp: 59:Addr: 0x100c


Info: NV_NVDLA_csb_master.cpp: 60:Data: 0x7


Info: NV_NVDLA_csb_master.cpp: 61:Is write: 0x0


Info: NV_NVDLA_csb_master.cpp: 62:nposted: 0x0


Info: glb_reg_model.cpp: 44:glb_reg_model::GlbAccessRegister addr=0x100c data=0x7 is_write=0


Info: NV_NVDLA_csb_master.cpp: 273:NV_NVDLA_csb_master::glb2csb_resp_b_transport. Err bit: 0x0 Data: 0x150000


Info: NV_NVDLA_csb_master.cpp: 54:NV_NVDLA_csb_master::nvdla2csb_b_transport, base_addr: 0x1000


Info: NV_NVDLA_csb_master.cpp: 58:NV_NVDLA_csb_master::nvdla2csb_b_transport, csb req to GLB_BASE, 


Info: NV_NVDLA_csb_master.cpp: 59:Addr: 0x100c


Info: NV_NVDLA_csb_master.cpp: 60:Data: 0x7


Info: NV_NVDLA_csb_master.cpp: 61:Is write: 0x0


Info: NV_NVDLA_csb_master.cpp: 62:nposted: 0x0


Info: glb_reg_model.cpp: 44:glb_reg_model::GlbAccessRegister addr=0x100c data=0x7 is_write=0


Info: NV_NVDLA_csb_master.cpp: 273:NV_NVDLA_csb_master::glb2csb_resp_b_transport. Err bit: 0x0 Data: 0x150000


Info: NV_NVDLA_csb_master.cpp: 54:NV_NVDLA_csb_master::nvdla2csb_b_transport, base_addr: 0x1000


Info: NV_NVDLA_csb_master.cpp: 58:NV_NVDLA_csb_master::nvdla2csb_b_transport, csb req to GLB_BASE, 


Info: NV_NVDLA_csb_master.cpp: 59:Addr: 0x100c


Info: NV_NVDLA_csb_master.cpp: 60:Data: 0x7


Info: NV_NVDLA_csb_master.cpp: 61:Is write: 0x0


Info: NV_NVDLA_csb_master.cpp: 62:nposted: 0x0


Info: glb_reg_model.cpp: 44:glb_reg_model::GlbAccessRegister addr=0x100c data=0x7 is_write=0


Info: NV_NVDLA_csb_master.cpp: 273:NV_NVDLA_csb_master::glb2csb_resp_b_transport. Err bit: 0x0 Data: 0x150000


Info: NV_NVDLA_csb_master.cpp: 54:NV_NVDLA_csb_master::nvdla2csb_b_transport, base_addr: 0x1000


Info: NV_NVDLA_csb_master.cpp: 58:NV_NVDLA_csb_master::nvdla2csb_b_transport, csb req to GLB_BASE, 


Info: NV_NVDLA_csb_master.cpp: 59:Addr: 0x100c


Info: NV_NVDLA_csb_master.cpp: 60:Data: 0x7


Info: NV_NVDLA_csb_master.cpp: 61:Is write: 0x0


Info: NV_NVDLA_csb_master.cpp: 62:nposted: 0x0


Info: glb_reg_model.cpp: 44:glb_reg_model::GlbAccessRegister addr=0x100c data=0x7 is_write=0


Info: NV_NVDLA_csb_master.cpp: 273:NV_NVDLA_csb_master::glb2csb_resp_b_transport. Err bit: 0x0 Data: 0x150000


Info: NV_NVDLA_csb_master.cpp: 54:NV_NVDLA_csb_master::nvdla2csb_b_transport, base_addr: 0x1000


Info: NV_NVDLA_csb_master.cpp: 58:NV_NVDLA_csb_master::nvdla2csb_b_transport, csb req to GLB_BASE, 


Info: NV_NVDLA_csb_master.cpp: 59:Addr: 0x100c


Info: NV_NVDLA_csb_master.cpp: 60:Data: 0x7


Info: NV_NVDLA_csb_master.cpp: 61:Is write: 0x0


Info: NV_NVDLA_csb_master.cpp: 62:nposted: 0x0


Info: glb_reg_model.cpp: 44:glb_reg_model::GlbAccessRegister addr=0x100c data=0x7 is_write=0


Info: NV_NVDLA_csb_master.cpp: 273:NV_NVDLA_csb_master::glb2csb_resp_b_transport. Err bit: 0x0 Data: 0x150000


Info: NV_NVDLA_csb_master.cpp: 54:NV_NVDLA_csb_master::nvdla2csb_b_transport, base_addr: 0x1000


Info: NV_NVDLA_csb_master.cpp: 58:NV_NVDLA_csb_master::nvdla2csb_b_transport, csb req to GLB_BASE, 


Info: NV_NVDLA_csb_master.cpp: 59:Addr: 0x100c


Info: NV_NVDLA_csb_master.cpp: 60:Data: 0x7


Info: NV_NVDLA_csb_master.cpp: 61:Is write: 0x0


Info: NV_NVDLA_csb_master.cpp: 62:nposted: 0x0


Info: glb_reg_model.cpp: 44:glb_reg_model::GlbAccessRegister addr=0x100c data=0x7 is_write=0


Info: NV_NVDLA_csb_master.cpp: 273:NV_NVDLA_csb_master::glb2csb_resp_b_transport. Err bit: 0x0 Data: 0x150000


Info: NV_NVDLA_csb_master.cpp: 54:NV_NVDLA_csb_master::nvdla2csb_b_transport, base_addr: 0x1000


Info: NV_NVDLA_csb_master.cpp: 58:NV_NVDLA_csb_master::nvdla2csb_b_transport, csb req to GLB_BASE, 


Info: NV_NVDLA_csb_master.cpp: 59:Addr: 0x100c


Info: NV_NVDLA_csb_master.cpp: 60:Data: 0x7


Info: NV_NVDLA_csb_master.cpp: 61:Is write: 0x0


Info: NV_NVDLA_csb_master.cpp: 62:nposted: 0x0


Info: glb_reg_model.cpp: 44:glb_reg_model::GlbAccessRegister addr=0x100c data=0x7 is_write=0


Info: NV_NVDLA_csb_master.cpp: 273:NV_NVDLA_csb_master::glb2csb_resp_b_transport. Err bit: 0x0 Data: 0x150000


Info: NV_NVDLA_csb_master.cpp: 54:NV_NVDLA_csb_master::nvdla2csb_b_transport, base_addr: 0x1000


Info: NV_NVDLA_csb_master.cpp: 58:NV_NVDLA_csb_master::nvdla2csb_b_transport, csb req to GLB_BASE, 


Info: NV_NVDLA_csb_master.cpp: 59:Addr: 0x100c


Info: NV_NVDLA_csb_master.cpp: 60:Data: 0x7


Info: NV_NVDLA_csb_master.cpp: 61:Is write: 0x0


Info: NV_NVDLA_csb_master.cpp: 62:nposted: 0x0


Info: glb_reg_model.cpp: 44:glb_reg_model::GlbAccessRegister addr=0x100c data=0x7 is_write=0


Info: NV_NVDLA_csb_master.cpp: 273:NV_NVDLA_csb_master::glb2csb_resp_b_transport. Err bit: 0x0 Data: 0x150000


Info: NV_NVDLA_csb_master.cpp: 54:NV_NVDLA_csb_master::nvdla2csb_b_transport, base_addr: 0x1000


Info: NV_NVDLA_csb_master.cpp: 58:NV_NVDLA_csb_master::nvdla2csb_b_transport, csb req to GLB_BASE, 


Info: NV_NVDLA_csb_master.cpp: 59:Addr: 0x100c


Info: NV_NVDLA_csb_master.cpp: 60:Data: 0x7


Info: NV_NVDLA_csb_master.cpp: 61:Is write: 0x0


Info: NV_NVDLA_csb_master.cpp: 62:nposted: 0x0


Info: glb_reg_model.cpp: 44:glb_reg_model::GlbAccessRegister addr=0x100c data=0x7 is_write=0


Info: NV_NVDLA_csb_master.cpp: 273:NV_NVDLA_csb_master::glb2csb_resp_b_transport. Err bit: 0x0 Data: 0x150000


Info: NV_NVDLA_csb_master.cpp: 54:NV_NVDLA_csb_master::nvdla2csb_b_transport, base_addr: 0x1000


Info: NV_NVDLA_csb_master.cpp: 58:NV_NVDLA_csb_master::nvdla2csb_b_transport, csb req to GLB_BASE, 


Info: NV_NVDLA_csb_master.cpp: 59:Addr: 0x100c


Info: NV_NVDLA_csb_master.cpp: 60:Data: 0x7


Info: NV_NVDLA_csb_master.cpp: 61:Is write: 0x0


Info: NV_NVDLA_csb_master.cpp: 62:nposted: 0x0


Info: glb_reg_model.cpp: 44:glb_reg_model::GlbAccessRegister addr=0x100c data=0x7 is_write=0


Info: NV_NVDLA_csb_master.cpp: 273:NV_NVDLA_csb_master::glb2csb_resp_b_transport. Err bit: 0x0 Data: 0x150000


Info: NV_NVDLA_csb_master.cpp: 54:NV_NVDLA_csb_master::nvdla2csb_b_transport, base_addr: 0x1000


Info: NV_NVDLA_csb_master.cpp: 58:NV_NVDLA_csb_master::nvdla2csb_b_transport, csb req to GLB_BASE, 


Info: NV_NVDLA_csb_master.cpp: 59:Addr: 0x100c


Info: NV_NVDLA_csb_master.cpp: 60:Data: 0x7


Info: NV_NVDLA_csb_master.cpp: 61:Is write: 0x0


Info: NV_NVDLA_csb_master.cpp: 62:nposted: 0x0


Info: glb_reg_model.cpp: 44:glb_reg_model::GlbAccessRegister addr=0x100c data=0x7 is_write=0


Info: NV_NVDLA_csb_master.cpp: 273:NV_NVDLA_csb_master::glb2csb_resp_b_transport. Err bit: 0x0 Data: 0x150000


Info: NV_NVDLA_csb_master.cpp: 54:NV_NVDLA_csb_master::nvdla2csb_b_transport, base_addr: 0x1000


Info: NV_NVDLA_csb_master.cpp: 58:NV_NVDLA_csb_master::nvdla2csb_b_transport, csb req to GLB_BASE, 


Info: NV_NVDLA_csb_master.cpp: 59:Addr: 0x100c


Info: NV_NVDLA_csb_master.cpp: 60:Data: 0x7


Info: NV_NVDLA_csb_master.cpp: 61:Is write: 0x0


Info: NV_NVDLA_csb_master.cpp: 62:nposted: 0x0


Info: glb_reg_model.cpp: 44:glb_reg_model::GlbAccessRegister addr=0x100c data=0x7 is_write=0


Info: NV_NVDLA_csb_master.cpp: 273:NV_NVDLA_csb_master::glb2csb_resp_b_transport. Err bit: 0x0 Data: 0x150000


Info: NV_NVDLA_csb_master.cpp: 54:NV_NVDLA_csb_master::nvdla2csb_b_transport, base_addr: 0x1000


Info: NV_NVDLA_csb_master.cpp: 58:NV_NVDLA_csb_master::nvdla2csb_b_transport, csb req to GLB_BASE, 


Info: NV_NVDLA_csb_master.cpp: 59:Addr: 0x100c


Info: NV_NVDLA_csb_master.cpp: 60:Data: 0x7


Info: NV_NVDLA_csb_master.cpp: 61:Is write: 0x0


Info: NV_NVDLA_csb_master.cpp: 62:nposted: 0x0


Info: glb_reg_model.cpp: 44:glb_reg_model::GlbAccessRegister addr=0x100c data=0x7 is_write=0


Info: NV_NVDLA_csb_master.cpp: 273:NV_NVDLA_csb_master::glb2csb_resp_b_transport. Err bit: 0x0 Data: 0x150000


Info: NV_NVDLA_csb_master.cpp: 54:NV_NVDLA_csb_master::nvdla2csb_b_transport, base_addr: 0x1000


Info: NV_NVDLA_csb_master.cpp: 58:NV_NVDLA_csb_master::nvdla2csb_b_transport, csb req to GLB_BASE, 


Info: NV_NVDLA_csb_master.cpp: 59:Addr: 0x100c


Info: NV_NVDLA_csb_master.cpp: 60:Data: 0x7


Info: NV_NVDLA_csb_master.cpp: 61:Is write: 0x0


Info: NV_NVDLA_csb_master.cpp: 62:nposted: 0x0


Info: glb_reg_model.cpp: 44:glb_reg_model::GlbAccessRegister addr=0x100c data=0x7 is_write=0


Info: NV_NVDLA_csb_master.cpp: 273:NV_NVDLA_csb_master::glb2csb_resp_b_transport. Err bit: 0x0 Data: 0x150000


Info: NV_NVDLA_csb_master.cpp: 54:NV_NVDLA_csb_master::nvdla2csb_b_transport, base_addr: 0x1000


Info: NV_NVDLA_csb_master.cpp: 58:NV_NVDLA_csb_master::nvdla2csb_b_transport, csb req to GLB_BASE, 


Info: NV_NVDLA_csb_master.cpp: 59:Addr: 0x100c


Info: NV_NVDLA_csb_master.cpp: 60:Data: 0x7


Info: NV_NVDLA_csb_master.cpp: 61:Is write: 0x0


Info: NV_NVDLA_csb_master.cpp: 62:nposted: 0x0


Info: glb_reg_model.cpp: 44:glb_reg_model::GlbAccessRegister addr=0x100c data=0x7 is_write=0


Info: NV_NVDLA_csb_master.cpp: 273:NV_NVDLA_csb_master::glb2csb_resp_b_transport. Err bit: 0x0 Data: 0x150000


Info: NV_NVDLA_csb_master.cpp: 54:NV_NVDLA_csb_master::nvdla2csb_b_transport, base_addr: 0x1000


Info: NV_NVDLA_csb_master.cpp: 58:NV_NVDLA_csb_master::nvdla2csb_b_transport, csb req to GLB_BASE, 


Info: NV_NVDLA_csb_master.cpp: 59:Addr: 0x100c


Info: NV_NVDLA_csb_master.cpp: 60:Data: 0x7


Info: NV_NVDLA_csb_master.cpp: 61:Is write: 0x0


Info: NV_NVDLA_csb_master.cpp: 62:nposted: 0x0


Info: glb_reg_model.cpp: 44:glb_reg_model::GlbAccessRegister addr=0x100c data=0x7 is_write=0


Info: NV_NVDLA_csb_master.cpp: 273:NV_NVDLA_csb_master::glb2csb_resp_b_transport. Err bit: 0x0 Data: 0x150000


Info: NV_NVDLA_csb_master.cpp: 54:NV_NVDLA_csb_master::nvdla2csb_b_transport, base_addr: 0x1000


Info: NV_NVDLA_csb_master.cpp: 58:NV_NVDLA_csb_master::nvdla2csb_b_transport, csb req to GLB_BASE, 


Info: NV_NVDLA_csb_master.cpp: 59:Addr: 0x100c


Info: NV_NVDLA_csb_master.cpp: 60:Data: 0x7


Info: NV_NVDLA_csb_master.cpp: 61:Is write: 0x0


Info: NV_NVDLA_csb_master.cpp: 62:nposted: 0x0


Info: glb_reg_model.cpp: 44:glb_reg_model::GlbAccessRegister addr=0x100c data=0x7 is_write=0


Info: NV_NVDLA_csb_master.cpp: 273:NV_NVDLA_csb_master::glb2csb_resp_b_transport. Err bit: 0x0 Data: 0x150000


Info: NV_NVDLA_csb_master.cpp: 54:NV_NVDLA_csb_master::nvdla2csb_b_transport, base_addr: 0x1000


Info: NV_NVDLA_csb_master.cpp: 58:NV_NVDLA_csb_master::nvdla2csb_b_transport, csb req to GLB_BASE, 


Info: NV_NVDLA_csb_master.cpp: 59:Addr: 0x100c


Info: NV_NVDLA_csb_master.cpp: 60:Data: 0x7


Info: NV_NVDLA_csb_master.cpp: 61:Is write: 0x0


Info: NV_NVDLA_csb_master.cpp: 62:nposted: 0x0


Info: glb_reg_model.cpp: 44:glb_reg_model::GlbAccessRegister addr=0x100c data=0x7 is_write=0


Info: NV_NVDLA_csb_master.cpp: 273:NV_NVDLA_csb_master::glb2csb_resp_b_transport. Err bit: 0x0 Data: 0x150000


Info: NV_NVDLA_csb_master.cpp: 54:NV_NVDLA_csb_master::nvdla2csb_b_transport, base_addr: 0x1000


Info: NV_NVDLA_csb_master.cpp: 58:NV_NVDLA_csb_master::nvdla2csb_b_transport, csb req to GLB_BASE, 


Info: NV_NVDLA_csb_master.cpp: 59:Addr: 0x100c


Info: NV_NVDLA_csb_master.cpp: 60:Data: 0x7


Info: NV_NVDLA_csb_master.cpp: 61:Is write: 0x0


Info: NV_NVDLA_csb_master.cpp: 62:nposted: 0x0


Info: glb_reg_model.cpp: 44:glb_reg_model::GlbAccessRegister addr=0x100c data=0x7 is_write=0


Info: NV_NVDLA_csb_master.cpp: 273:NV_NVDLA_csb_master::glb2csb_resp_b_transport. Err bit: 0x0 Data: 0x150000


Info: NV_NVDLA_csb_master.cpp: 54:NV_NVDLA_csb_master::nvdla2csb_b_transport, base_addr: 0x1000


Info: NV_NVDLA_csb_master.cpp: 58:NV_NVDLA_csb_master::nvdla2csb_b_transport, csb req to GLB_BASE, 


Info: NV_NVDLA_csb_master.cpp: 59:Addr: 0x100c


Info: NV_NVDLA_csb_master.cpp: 60:Data: 0x7


Info: NV_NVDLA_csb_master.cpp: 61:Is write: 0x0


Info: NV_NVDLA_csb_master.cpp: 62:nposted: 0x0


Info: glb_reg_model.cpp: 44:glb_reg_model::GlbAccessRegister addr=0x100c data=0x7 is_write=0


Info: NV_NVDLA_csb_master.cpp: 273:NV_NVDLA_csb_master::glb2csb_resp_b_transport. Err bit: 0x0 Data: 0x150000


Info: NV_NVDLA_csb_master.cpp: 54:NV_NVDLA_csb_master::nvdla2csb_b_transport, base_addr: 0x1000


Info: NV_NVDLA_csb_master.cpp: 58:NV_NVDLA_csb_master::nvdla2csb_b_transport, csb req to GLB_BASE, 


Info: NV_NVDLA_csb_master.cpp: 59:Addr: 0x100c


Info: NV_NVDLA_csb_master.cpp: 60:Data: 0x7


Info: NV_NVDLA_csb_master.cpp: 61:Is write: 0x0


Info: NV_NVDLA_csb_master.cpp: 62:nposted: 0x0


Info: glb_reg_model.cpp: 44:glb_reg_model::GlbAccessRegister addr=0x100c data=0x7 is_write=0


Info: NV_NVDLA_csb_master.cpp: 273:NV_NVDLA_csb_master::glb2csb_resp_b_transport. Err bit: 0x0 Data: 0x150000


Info: NV_NVDLA_csb_master.cpp: 54:NV_NVDLA_csb_master::nvdla2csb_b_transport, base_addr: 0x1000


Info: NV_NVDLA_csb_master.cpp: 58:NV_NVDLA_csb_master::nvdla2csb_b_transport, csb req to GLB_BASE, 


Info: NV_NVDLA_csb_master.cpp: 59:Addr: 0x100c


Info: NV_NVDLA_csb_master.cpp: 60:Data: 0x7


Info: NV_NVDLA_csb_master.cpp: 61:Is write: 0x0


Info: NV_NVDLA_csb_master.cpp: 62:nposted: 0x0


Info: glb_reg_model.cpp: 44:glb_reg_model::GlbAccessRegister addr=0x100c data=0x7 is_write=0


Info: NV_NVDLA_csb_master.cpp: 273:NV_NVDLA_csb_master::glb2csb_resp_b_transport. Err bit: 0x0 Data: 0x150000


Info: NV_NVDLA_csb_master.cpp: 54:NV_NVDLA_csb_master::nvdla2csb_b_transport, base_addr: 0x1000


Info: NV_NVDLA_csb_master.cpp: 58:NV_NVDLA_csb_master::nvdla2csb_b_transport, csb req to GLB_BASE, 


Info: NV_NVDLA_csb_master.cpp: 59:Addr: 0x100c


Info: NV_NVDLA_csb_master.cpp: 60:Data: 0x7


Info: NV_NVDLA_csb_master.cpp: 61:Is write: 0x0


Info: NV_NVDLA_csb_master.cpp: 62:nposted: 0x0


Info: glb_reg_model.cpp: 44:glb_reg_model::GlbAccessRegister addr=0x100c data=0x7 is_write=0


Info: NV_NVDLA_csb_master.cpp: 273:NV_NVDLA_csb_master::glb2csb_resp_b_transport. Err bit: 0x0 Data: 0x150000


Info: NV_NVDLA_csb_master.cpp: 54:NV_NVDLA_csb_master::nvdla2csb_b_transport, base_addr: 0x1000


Info: NV_NVDLA_csb_master.cpp: 58:NV_NVDLA_csb_master::nvdla2csb_b_transport, csb req to GLB_BASE, 


Info: NV_NVDLA_csb_master.cpp: 59:Addr: 0x100c


Info: NV_NVDLA_csb_master.cpp: 60:Data: 0x7


Info: NV_NVDLA_csb_master.cpp: 61:Is write: 0x0


Info: NV_NVDLA_csb_master.cpp: 62:nposted: 0x0


Info: glb_reg_model.cpp: 44:glb_reg_model::GlbAccessRegister addr=0x100c data=0x7 is_write=0


Info: NV_NVDLA_csb_master.cpp: 273:NV_NVDLA_csb_master::glb2csb_resp_b_transport. Err bit: 0x0 Data: 0x150000


Info: NV_NVDLA_csb_master.cpp: 54:NV_NVDLA_csb_master::nvdla2csb_b_transport, base_addr: 0x1000


Info: NV_NVDLA_csb_master.cpp: 58:NV_NVDLA_csb_master::nvdla2csb_b_transport, csb req to GLB_BASE, 


Info: NV_NVDLA_csb_master.cpp: 59:Addr: 0x100c


Info: NV_NVDLA_csb_master.cpp: 60:Data: 0x7


Info: NV_NVDLA_csb_master.cpp: 61:Is write: 0x0


Info: NV_NVDLA_csb_master.cpp: 62:nposted: 0x0


Info: glb_reg_model.cpp: 44:glb_reg_model::GlbAccessRegister addr=0x100c data=0x7 is_write=0


Info: NV_NVDLA_csb_master.cpp: 273:NV_NVDLA_csb_master::glb2csb_resp_b_transport. Err bit: 0x0 Data: 0x150000


Info: NV_NVDLA_csb_master.cpp: 54:NV_NVDLA_csb_master::nvdla2csb_b_transport, base_addr: 0x1000


Info: NV_NVDLA_csb_master.cpp: 58:NV_NVDLA_csb_master::nvdla2csb_b_transport, csb req to GLB_BASE, 


Info: NV_NVDLA_csb_master.cpp: 59:Addr: 0x100c


Info: NV_NVDLA_csb_master.cpp: 60:Data: 0x7


Info: NV_NVDLA_csb_master.cpp: 61:Is write: 0x0


Info: NV_NVDLA_csb_master.cpp: 62:nposted: 0x0


Info: glb_reg_model.cpp: 44:glb_reg_model::GlbAccessRegister addr=0x100c data=0x7 is_write=0


Info: NV_NVDLA_csb_master.cpp: 273:NV_NVDLA_csb_master::glb2csb_resp_b_transport. Err bit: 0x0 Data: 0x150000


Info: NV_NVDLA_csb_master.cpp: 54:NV_NVDLA_csb_master::nvdla2csb_b_transport, base_addr: 0x1000


Info: NV_NVDLA_csb_master.cpp: 58:NV_NVDLA_csb_master::nvdla2csb_b_transport, csb req to GLB_BASE, 


Info: NV_NVDLA_csb_master.cpp: 59:Addr: 0x100c


Info: NV_NVDLA_csb_master.cpp: 60:Data: 0x7


Info: NV_NVDLA_csb_master.cpp: 61:Is write: 0x0


Info: NV_NVDLA_csb_master.cpp: 62:nposted: 0x0


Info: glb_reg_model.cpp: 44:glb_reg_model::GlbAccessRegister addr=0x100c data=0x7 is_write=0


Info: NV_NVDLA_csb_master.cpp: 273:NV_NVDLA_csb_master::glb2csb_resp_b_transport. Err bit: 0x0 Data: 0x150000


Info: NV_NVDLA_csb_master.cpp: 54:NV_NVDLA_csb_master::nvdla2csb_b_transport, base_addr: 0x1000


Info: NV_NVDLA_csb_master.cpp: 58:NV_NVDLA_csb_master::nvdla2csb_b_transport, csb req to GLB_BASE, 


Info: NV_NVDLA_csb_master.cpp: 59:Addr: 0x100c


Info: NV_NVDLA_csb_master.cpp: 60:Data: 0x7


Info: NV_NVDLA_csb_master.cpp: 61:Is write: 0x0


Info: NV_NVDLA_csb_master.cpp: 62:nposted: 0x0


Info: glb_reg_model.cpp: 44:glb_reg_model::GlbAccessRegister addr=0x100c data=0x7 is_write=0


Info: NV_NVDLA_csb_master.cpp: 273:NV_NVDLA_csb_master::glb2csb_resp_b_transport. Err bit: 0x0 Data: 0x150000


Info: NV_NVDLA_csb_master.cpp: 54:NV_NVDLA_csb_master::nvdla2csb_b_transport, base_addr: 0x1000


Info: NV_NVDLA_csb_master.cpp: 58:NV_NVDLA_csb_master::nvdla2csb_b_transport, csb req to GLB_BASE, 


Info: NV_NVDLA_csb_master.cpp: 59:Addr: 0x100c


Info: NV_NVDLA_csb_master.cpp: 60:Data: 0x7


Info: NV_NVDLA_csb_master.cpp: 61:Is write: 0x0


Info: NV_NVDLA_csb_master.cpp: 62:nposted: 0x0


Info: glb_reg_model.cpp: 44:glb_reg_model::GlbAccessRegister addr=0x100c data=0x7 is_write=0


Info: NV_NVDLA_csb_master.cpp: 273:NV_NVDLA_csb_master::glb2csb_resp_b_transport. Err bit: 0x0 Data: 0x150000


Info: NV_NVDLA_csb_master.cpp: 54:NV_NVDLA_csb_master::nvdla2csb_b_transport, base_addr: 0x1000


Info: NV_NVDLA_csb_master.cpp: 58:NV_NVDLA_csb_master::nvdla2csb_b_transport, csb req to GLB_BASE, 


Info: NV_NVDLA_csb_master.cpp: 59:Addr: 0x100c


Info: NV_NVDLA_csb_master.cpp: 60:Data: 0x7


Info: NV_NVDLA_csb_master.cpp: 61:Is write: 0x0


Info: NV_NVDLA_csb_master.cpp: 62:nposted: 0x0


Info: glb_reg_model.cpp: 44:glb_reg_model::GlbAccessRegister addr=0x100c data=0x7 is_write=0


Info: NV_NVDLA_csb_master.cpp: 273:NV_NVDLA_csb_master::glb2csb_resp_b_transport. Err bit: 0x0 Data: 0x150000


Info: NV_NVDLA_csb_master.cpp: 54:NV_NVDLA_csb_master::nvdla2csb_b_transport, base_addr: 0x1000


Info: NV_NVDLA_csb_master.cpp: 58:NV_NVDLA_csb_master::nvdla2csb_b_transport, csb req to GLB_BASE, 


Info: NV_NVDLA_csb_master.cpp: 59:Addr: 0x100c


Info: NV_NVDLA_csb_master.cpp: 60:Data: 0x7


Info: NV_NVDLA_csb_master.cpp: 61:Is write: 0x0


Info: NV_NVDLA_csb_master.cpp: 62:nposted: 0x0


Info: glb_reg_model.cpp: 44:glb_reg_model::GlbAccessRegister addr=0x100c data=0x7 is_write=0


Info: NV_NVDLA_csb_master.cpp: 273:NV_NVDLA_csb_master::glb2csb_resp_b_transport. Err bit: 0x0 Data: 0x150000


Info: NV_NVDLA_csb_master.cpp: 54:NV_NVDLA_csb_master::nvdla2csb_b_transport, base_addr: 0x1000


Info: NV_NVDLA_csb_master.cpp: 58:NV_NVDLA_csb_master::nvdla2csb_b_transport, csb req to GLB_BASE, 


Info: NV_NVDLA_csb_master.cpp: 59:Addr: 0x100c


Info: NV_NVDLA_csb_master.cpp: 60:Data: 0x7


Info: NV_NVDLA_csb_master.cpp: 61:Is write: 0x0


Info: NV_NVDLA_csb_master.cpp: 62:nposted: 0x0


Info: glb_reg_model.cpp: 44:glb_reg_model::GlbAccessRegister addr=0x100c data=0x7 is_write=0


Info: NV_NVDLA_csb_master.cpp: 273:NV_NVDLA_csb_master::glb2csb_resp_b_transport. Err bit: 0x0 Data: 0x150000


Info: NV_NVDLA_csb_master.cpp: 54:NV_NVDLA_csb_master::nvdla2csb_b_transport, base_addr: 0x1000


Info: NV_NVDLA_csb_master.cpp: 58:NV_NVDLA_csb_master::nvdla2csb_b_transport, csb req to GLB_BASE, 


Info: NV_NVDLA_csb_master.cpp: 59:Addr: 0x100c


Info: NV_NVDLA_csb_master.cpp: 60:Data: 0x7


Info: NV_NVDLA_csb_master.cpp: 61:Is write: 0x0


Info: NV_NVDLA_csb_master.cpp: 62:nposted: 0x0


Info: glb_reg_model.cpp: 44:glb_reg_model::GlbAccessRegister addr=0x100c data=0x7 is_write=0


Info: NV_NVDLA_csb_master.cpp: 273:NV_NVDLA_csb_master::glb2csb_resp_b_transport. Err bit: 0x0 Data: 0x150000


Info: NV_NVDLA_csb_master.cpp: 54:NV_NVDLA_csb_master::nvdla2csb_b_transport, base_addr: 0x1000


Info: NV_NVDLA_csb_master.cpp: 58:NV_NVDLA_csb_master::nvdla2csb_b_transport, csb req to GLB_BASE, 


Info: NV_NVDLA_csb_master.cpp: 59:Addr: 0x100c


Info: NV_NVDLA_csb_master.cpp: 60:Data: 0x7


Info: NV_NVDLA_csb_master.cpp: 61:Is write: 0x0


Info: NV_NVDLA_csb_master.cpp: 62:nposted: 0x0


Info: glb_reg_model.cpp: 44:glb_reg_model::GlbAccessRegister addr=0x100c data=0x7 is_write=0


Info: NV_NVDLA_csb_master.cpp: 273:NV_NVDLA_csb_master::glb2csb_resp_b_transport. Err bit: 0x0 Data: 0x150000


Info: NV_NVDLA_csb_master.cpp: 54:NV_NVDLA_csb_master::nvdla2csb_b_transport, base_addr: 0x1000


Info: NV_NVDLA_csb_master.cpp: 58:NV_NVDLA_csb_master::nvdla2csb_b_transport, csb req to GLB_BASE, 


Info: NV_NVDLA_csb_master.cpp: 59:Addr: 0x100c


Info: NV_NVDLA_csb_master.cpp: 60:Data: 0x7


Info: NV_NVDLA_csb_master.cpp: 61:Is write: 0x0


Info: NV_NVDLA_csb_master.cpp: 62:nposted: 0x0


Info: glb_reg_model.cpp: 44:glb_reg_model::GlbAccessRegister addr=0x100c data=0x7 is_write=0


Info: NV_NVDLA_csb_master.cpp: 273:NV_NVDLA_csb_master::glb2csb_resp_b_transport. Err bit: 0x0 Data: 0x150000


Info: NV_NVDLA_csb_master.cpp: 54:NV_NVDLA_csb_master::nvdla2csb_b_transport, base_addr: 0x1000


Info: NV_NVDLA_csb_master.cpp: 58:NV_NVDLA_csb_master::nvdla2csb_b_transport, csb req to GLB_BASE, 


Info: NV_NVDLA_csb_master.cpp: 59:Addr: 0x100c


Info: NV_NVDLA_csb_master.cpp: 60:Data: 0x7


Info: NV_NVDLA_csb_master.cpp: 61:Is write: 0x0


Info: NV_NVDLA_csb_master.cpp: 62:nposted: 0x0


Info: glb_reg_model.cpp: 44:glb_reg_model::GlbAccessRegister addr=0x100c data=0x7 is_write=0


Info: NV_NVDLA_csb_master.cpp: 273:NV_NVDLA_csb_master::glb2csb_resp_b_transport. Err bit: 0x0 Data: 0x150000


Info: NV_NVDLA_csb_master.cpp: 54:NV_NVDLA_csb_master::nvdla2csb_b_transport, base_addr: 0x1000


Info: NV_NVDLA_csb_master.cpp: 58:NV_NVDLA_csb_master::nvdla2csb_b_transport, csb req to GLB_BASE, 


Info: NV_NVDLA_csb_master.cpp: 59:Addr: 0x100c


Info: NV_NVDLA_csb_master.cpp: 60:Data: 0x7


Info: NV_NVDLA_csb_master.cpp: 61:Is write: 0x0


Info: NV_NVDLA_csb_master.cpp: 62:nposted: 0x0


Info: glb_reg_model.cpp: 44:glb_reg_model::GlbAccessRegister addr=0x100c data=0x7 is_write=0


Info: NV_NVDLA_csb_master.cpp: 273:NV_NVDLA_csb_master::glb2csb_resp_b_transport. Err bit: 0x0 Data: 0x150000


Info: NV_NVDLA_csb_master.cpp: 54:NV_NVDLA_csb_master::nvdla2csb_b_transport, base_addr: 0x1000


Info: NV_NVDLA_csb_master.cpp: 58:NV_NVDLA_csb_master::nvdla2csb_b_transport, csb req to GLB_BASE, 


Info: NV_NVDLA_csb_master.cpp: 59:Addr: 0x100c


Info: NV_NVDLA_csb_master.cpp: 60:Data: 0x7


Info: NV_NVDLA_csb_master.cpp: 61:Is write: 0x0


Info: NV_NVDLA_csb_master.cpp: 62:nposted: 0x0


Info: glb_reg_model.cpp: 44:glb_reg_model::GlbAccessRegister addr=0x100c data=0x7 is_write=0


Info: NV_NVDLA_csb_master.cpp: 273:NV_NVDLA_csb_master::glb2csb_resp_b_transport. Err bit: 0x0 Data: 0x150000


Info: NV_NVDLA_csb_master.cpp: 54:NV_NVDLA_csb_master::nvdla2csb_b_transport, base_addr: 0x1000


Info: NV_NVDLA_csb_master.cpp: 58:NV_NVDLA_csb_master::nvdla2csb_b_transport, csb req to GLB_BASE, 


Info: NV_NVDLA_csb_master.cpp: 59:Addr: 0x100c


Info: NV_NVDLA_csb_master.cpp: 60:Data: 0x7


Info: NV_NVDLA_csb_master.cpp: 61:Is write: 0x0


Info: NV_NVDLA_csb_master.cpp: 62:nposted: 0x0


Info: glb_reg_model.cpp: 44:glb_reg_model::GlbAccessRegister addr=0x100c data=0x7 is_write=0


Info: NV_NVDLA_csb_master.cpp: 273:NV_NVDLA_csb_master::glb2csb_resp_b_transport. Err bit: 0x0 Data: 0x150000


Info: NV_NVDLA_csb_master.cpp: 54:NV_NVDLA_csb_master::nvdla2csb_b_transport, base_addr: 0x1000


Info: NV_NVDLA_csb_master.cpp: 58:NV_NVDLA_csb_master::nvdla2csb_b_transport, csb req to GLB_BASE, 


Info: NV_NVDLA_csb_master.cpp: 59:Addr: 0x100c


Info: NV_NVDLA_csb_master.cpp: 60:Data: 0x7


Info: NV_NVDLA_csb_master.cpp: 61:Is write: 0x0


Info: NV_NVDLA_csb_master.cpp: 62:nposted: 0x0


Info: glb_reg_model.cpp: 44:glb_reg_model::GlbAccessRegister addr=0x100c data=0x7 is_write=0


Info: NV_NVDLA_csb_master.cpp: 273:NV_NVDLA_csb_master::glb2csb_resp_b_transport. Err bit: 0x0 Data: 0x150000


Info: NV_NVDLA_csb_master.cpp: 54:NV_NVDLA_csb_master::nvdla2csb_b_transport, base_addr: 0x1000


Info: NV_NVDLA_csb_master.cpp: 58:NV_NVDLA_csb_master::nvdla2csb_b_transport, csb req to GLB_BASE, 


Info: NV_NVDLA_csb_master.cpp: 59:Addr: 0x100c


Info: NV_NVDLA_csb_master.cpp: 60:Data: 0x7


Info: NV_NVDLA_csb_master.cpp: 61:Is write: 0x0


Info: NV_NVDLA_csb_master.cpp: 62:nposted: 0x0


Info: glb_reg_model.cpp: 44:glb_reg_model::GlbAccessRegister addr=0x100c data=0x7 is_write=0


Info: NV_NVDLA_csb_master.cpp: 273:NV_NVDLA_csb_master::glb2csb_resp_b_transport. Err bit: 0x0 Data: 0x150000


Info: NV_NVDLA_csb_master.cpp: 54:NV_NVDLA_csb_master::nvdla2csb_b_transport, base_addr: 0x1000


Info: NV_NVDLA_csb_master.cpp: 58:NV_NVDLA_csb_master::nvdla2csb_b_transport, csb req to GLB_BASE, 


Info: NV_NVDLA_csb_master.cpp: 59:Addr: 0x100c


Info: NV_NVDLA_csb_master.cpp: 60:Data: 0x7


Info: NV_NVDLA_csb_master.cpp: 61:Is write: 0x0


Info: NV_NVDLA_csb_master.cpp: 62:nposted: 0x0


Info: glb_reg_model.cpp: 44:glb_reg_model::GlbAccessRegister addr=0x100c data=0x7 is_write=0


Info: NV_NVDLA_csb_master.cpp: 273:NV_NVDLA_csb_master::glb2csb_resp_b_transport. Err bit: 0x0 Data: 0x150000


Info: NV_NVDLA_csb_master.cpp: 54:NV_NVDLA_csb_master::nvdla2csb_b_transport, base_addr: 0x1000


Info: NV_NVDLA_csb_master.cpp: 58:NV_NVDLA_csb_master::nvdla2csb_b_transport, csb req to GLB_BASE, 


Info: NV_NVDLA_csb_master.cpp: 59:Addr: 0x100c


Info: NV_NVDLA_csb_master.cpp: 60:Data: 0x7


Info: NV_NVDLA_csb_master.cpp: 61:Is write: 0x0


Info: NV_NVDLA_csb_master.cpp: 62:nposted: 0x0


Info: glb_reg_model.cpp: 44:glb_reg_model::GlbAccessRegister addr=0x100c data=0x7 is_write=0


Info: NV_NVDLA_csb_master.cpp: 273:NV_NVDLA_csb_master::glb2csb_resp_b_transport. Err bit: 0x0 Data: 0x150000


Info: NV_NVDLA_csb_master.cpp: 54:NV_NVDLA_csb_master::nvdla2csb_b_transport, base_addr: 0x1000


Info: NV_NVDLA_csb_master.cpp: 58:NV_NVDLA_csb_master::nvdla2csb_b_transport, csb req to GLB_BASE, 


Info: NV_NVDLA_csb_master.cpp: 59:Addr: 0x100c


Info: NV_NVDLA_csb_master.cpp: 60:Data: 0x7


Info: NV_NVDLA_csb_master.cpp: 61:Is write: 0x0


Info: NV_NVDLA_csb_master.cpp: 62:nposted: 0x0


Info: glb_reg_model.cpp: 44:glb_reg_model::GlbAccessRegister addr=0x100c data=0x7 is_write=0


Info: NV_NVDLA_csb_master.cpp: 273:NV_NVDLA_csb_master::glb2csb_resp_b_transport. Err bit: 0x0 Data: 0x150000


Info: NV_NVDLA_csb_master.cpp: 54:NV_NVDLA_csb_master::nvdla2csb_b_transport, base_addr: 0x1000


Info: NV_NVDLA_csb_master.cpp: 58:NV_NVDLA_csb_master::nvdla2csb_b_transport, csb req to GLB_BASE, 


Info: NV_NVDLA_csb_master.cpp: 59:Addr: 0x100c


Info: NV_NVDLA_csb_master.cpp: 60:Data: 0x7


Info: NV_NVDLA_csb_master.cpp: 61:Is write: 0x0


Info: NV_NVDLA_csb_master.cpp: 62:nposted: 0x0


Info: glb_reg_model.cpp: 44:glb_reg_model::GlbAccessRegister addr=0x100c data=0x7 is_write=0


Info: NV_NVDLA_csb_master.cpp: 273:NV_NVDLA_csb_master::glb2csb_resp_b_transport. Err bit: 0x0 Data: 0x150000


Info: NV_NVDLA_csb_master.cpp: 54:NV_NVDLA_csb_master::nvdla2csb_b_transport, base_addr: 0x1000


Info: NV_NVDLA_csb_master.cpp: 58:NV_NVDLA_csb_master::nvdla2csb_b_transport, csb req to GLB_BASE, 


Info: NV_NVDLA_csb_master.cpp: 59:Addr: 0x100c


Info: NV_NVDLA_csb_master.cpp: 60:Data: 0x7


Info: NV_NVDLA_csb_master.cpp: 61:Is write: 0x0


Info: NV_NVDLA_csb_master.cpp: 62:nposted: 0x0


Info: glb_reg_model.cpp: 44:glb_reg_model::GlbAccessRegister addr=0x100c data=0x7 is_write=0


Info: NV_NVDLA_csb_master.cpp: 273:NV_NVDLA_csb_master::glb2csb_resp_b_transport. Err bit: 0x0 Data: 0x150000


Info: NV_NVDLA_csb_master.cpp: 54:NV_NVDLA_csb_master::nvdla2csb_b_transport, base_addr: 0x1000


Info: NV_NVDLA_csb_master.cpp: 58:NV_NVDLA_csb_master::nvdla2csb_b_transport, csb req to GLB_BASE, 


Info: NV_NVDLA_csb_master.cpp: 59:Addr: 0x100c


Info: NV_NVDLA_csb_master.cpp: 60:Data: 0x7


Info: NV_NVDLA_csb_master.cpp: 61:Is write: 0x0


Info: NV_NVDLA_csb_master.cpp: 62:nposted: 0x0


Info: glb_reg_model.cpp: 44:glb_reg_model::GlbAccessRegister addr=0x100c data=0x7 is_write=0


Info: NV_NVDLA_csb_master.cpp: 273:NV_NVDLA_csb_master::glb2csb_resp_b_transport. Err bit: 0x0 Data: 0x150000


Info: NV_NVDLA_csb_master.cpp: 54:NV_NVDLA_csb_master::nvdla2csb_b_transport, base_addr: 0x1000


Info: NV_NVDLA_csb_master.cpp: 58:NV_NVDLA_csb_master::nvdla2csb_b_transport, csb req to GLB_BASE, 


Info: NV_NVDLA_csb_master.cpp: 59:Addr: 0x100c


Info: NV_NVDLA_csb_master.cpp: 60:Data: 0x7


Info: NV_NVDLA_csb_master.cpp: 61:Is write: 0x0


Info: NV_NVDLA_csb_master.cpp: 62:nposted: 0x0


Info: glb_reg_model.cpp: 44:glb_reg_model::GlbAccessRegister addr=0x100c data=0x7 is_write=0


Info: NV_NVDLA_csb_master.cpp: 273:NV_NVDLA_csb_master::glb2csb_resp_b_transport. Err bit: 0x0 Data: 0x150000


Info: NV_NVDLA_csb_master.cpp: 54:NV_NVDLA_csb_master::nvdla2csb_b_transport, base_addr: 0x1000


Info: NV_NVDLA_csb_master.cpp: 58:NV_NVDLA_csb_master::nvdla2csb_b_transport, csb req to GLB_BASE, 


Info: NV_NVDLA_csb_master.cpp: 59:Addr: 0x100c


Info: NV_NVDLA_csb_master.cpp: 60:Data: 0x7


Info: NV_NVDLA_csb_master.cpp: 61:Is write: 0x0


Info: NV_NVDLA_csb_master.cpp: 62:nposted: 0x0


Info: glb_reg_model.cpp: 44:glb_reg_model::GlbAccessRegister addr=0x100c data=0x7 is_write=0


Info: NV_NVDLA_csb_master.cpp: 273:NV_NVDLA_csb_master::glb2csb_resp_b_transport. Err bit: 0x0 Data: 0x150000


Info: NV_NVDLA_csb_master.cpp: 54:NV_NVDLA_csb_master::nvdla2csb_b_transport, base_addr: 0x1000


Info: NV_NVDLA_csb_master.cpp: 58:NV_NVDLA_csb_master::nvdla2csb_b_transport, csb req to GLB_BASE, 


Info: NV_NVDLA_csb_master.cpp: 59:Addr: 0x100c


Info: NV_NVDLA_csb_master.cpp: 60:Data: 0x7


Info: NV_NVDLA_csb_master.cpp: 61:Is write: 0x0


Info: NV_NVDLA_csb_master.cpp: 62:nposted: 0x0


Info: glb_reg_model.cpp: 44:glb_reg_model::GlbAccessRegister addr=0x100c data=0x7 is_write=0


Info: NV_NVDLA_csb_master.cpp: 273:NV_NVDLA_csb_master::glb2csb_resp_b_transport. Err bit: 0x0 Data: 0x150000


Info: NV_NVDLA_csb_master.cpp: 54:NV_NVDLA_csb_master::nvdla2csb_b_transport, base_addr: 0x1000


Info: NV_NVDLA_csb_master.cpp: 58:NV_NVDLA_csb_master::nvdla2csb_b_transport, csb req to GLB_BASE, 


Info: NV_NVDLA_csb_master.cpp: 59:Addr: 0x100c


Info: NV_NVDLA_csb_master.cpp: 60:Data: 0x7


Info: NV_NVDLA_csb_master.cpp: 61:Is write: 0x0


Info: NV_NVDLA_csb_master.cpp: 62:nposted: 0x0


Info: glb_reg_model.cpp: 44:glb_reg_model::GlbAccessRegister addr=0x100c data=0x7 is_write=0


Info: NV_NVDLA_csb_master.cpp: 273:NV_NVDLA_csb_master::glb2csb_resp_b_transport. Err bit: 0x0 Data: 0x150000


Info: NV_NVDLA_csb_master.cpp: 54:NV_NVDLA_csb_master::nvdla2csb_b_transport, base_addr: 0x1000


Info: NV_NVDLA_csb_master.cpp: 58:NV_NVDLA_csb_master::nvdla2csb_b_transport, csb req to GLB_BASE, 


Info: NV_NVDLA_csb_master.cpp: 59:Addr: 0x100c


Info: NV_NVDLA_csb_master.cpp: 60:Data: 0x7


Info: NV_NVDLA_csb_master.cpp: 61:Is write: 0x0


Info: NV_NVDLA_csb_master.cpp: 62:nposted: 0x0


Info: glb_reg_model.cpp: 44:glb_reg_model::GlbAccessRegister addr=0x100c data=0x7 is_write=0


Info: NV_NVDLA_csb_master.cpp: 273:NV_NVDLA_csb_master::glb2csb_resp_b_transport. Err bit: 0x0 Data: 0x150000


Info: NV_NVDLA_csb_master.cpp: 54:NV_NVDLA_csb_master::nvdla2csb_b_transport, base_addr: 0x1000


Info: NV_NVDLA_csb_master.cpp: 58:NV_NVDLA_csb_master::nvdla2csb_b_transport, csb req to GLB_BASE, 


Info: NV_NVDLA_csb_master.cpp: 59:Addr: 0x100c


Info: NV_NVDLA_csb_master.cpp: 60:Data: 0x7


Info: NV_NVDLA_csb_master.cpp: 61:Is write: 0x0


Info: NV_NVDLA_csb_master.cpp: 62:nposted: 0x0


Info: glb_reg_model.cpp: 44:glb_reg_model::GlbAccessRegister addr=0x100c data=0x7 is_write=0


Info: NV_NVDLA_csb_master.cpp: 273:NV_NVDLA_csb_master::glb2csb_resp_b_transport. Err bit: 0x0 Data: 0x150000


Info: NV_NVDLA_csb_master.cpp: 54:NV_NVDLA_csb_master::nvdla2csb_b_transport, base_addr: 0x1000


Info: NV_NVDLA_csb_master.cpp: 58:NV_NVDLA_csb_master::nvdla2csb_b_transport, csb req to GLB_BASE, 


Info: NV_NVDLA_csb_master.cpp: 59:Addr: 0x100c


Info: NV_NVDLA_csb_master.cpp: 60:Data: 0x7


Info: NV_NVDLA_csb_master.cpp: 61:Is write: 0x0


Info: NV_NVDLA_csb_master.cpp: 62:nposted: 0x0


Info: glb_reg_model.cpp: 44:glb_reg_model::GlbAccessRegister addr=0x100c data=0x7 is_write=0


Info: NV_NVDLA_csb_master.cpp: 273:NV_NVDLA_csb_master::glb2csb_resp_b_transport. Err bit: 0x0 Data: 0x150000


Info: NV_NVDLA_csb_master.cpp: 54:NV_NVDLA_csb_master::nvdla2csb_b_transport, base_addr: 0x1000


Info: NV_NVDLA_csb_master.cpp: 58:NV_NVDLA_csb_master::nvdla2csb_b_transport, csb req to GLB_BASE, 


Info: NV_NVDLA_csb_master.cpp: 59:Addr: 0x100c


Info: NV_NVDLA_csb_master.cpp: 60:Data: 0x7


Info: NV_NVDLA_csb_master.cpp: 61:Is write: 0x0


Info: NV_NVDLA_csb_master.cpp: 62:nposted: 0x0


Info: glb_reg_model.cpp: 44:glb_reg_model::GlbAccessRegister addr=0x100c data=0x7 is_write=0


Info: NV_NVDLA_csb_master.cpp: 273:NV_NVDLA_csb_master::glb2csb_resp_b_transport. Err bit: 0x0 Data: 0x150000


Info: NV_NVDLA_csb_master.cpp: 54:NV_NVDLA_csb_master::nvdla2csb_b_transport, base_addr: 0x1000


Info: NV_NVDLA_csb_master.cpp: 58:NV_NVDLA_csb_master::nvdla2csb_b_transport, csb req to GLB_BASE, 


Info: NV_NVDLA_csb_master.cpp: 59:Addr: 0x100c


Info: NV_NVDLA_csb_master.cpp: 60:Data: 0x7


Info: NV_NVDLA_csb_master.cpp: 61:Is write: 0x0


Info: NV_NVDLA_csb_master.cpp: 62:nposted: 0x0


Info: glb_reg_model.cpp: 44:glb_reg_model::GlbAccessRegister addr=0x100c data=0x7 is_write=0


Info: NV_NVDLA_csb_master.cpp: 273:NV_NVDLA_csb_master::glb2csb_resp_b_transport. Err bit: 0x0 Data: 0x150000


Info: NV_NVDLA_csb_master.cpp: 54:NV_NVDLA_csb_master::nvdla2csb_b_transport, base_addr: 0x1000


Info: NV_NVDLA_csb_master.cpp: 58:NV_NVDLA_csb_master::nvdla2csb_b_transport, csb req to GLB_BASE, 


Info: NV_NVDLA_csb_master.cpp: 59:Addr: 0x100c


Info: NV_NVDLA_csb_master.cpp: 60:Data: 0x7


Info: NV_NVDLA_csb_master.cpp: 61:Is write: 0x0


Info: NV_NVDLA_csb_master.cpp: 62:nposted: 0x0


Info: glb_reg_model.cpp: 44:glb_reg_model::GlbAccessRegister addr=0x100c data=0x7 is_write=0


Info: NV_NVDLA_csb_master.cpp: 273:NV_NVDLA_csb_master::glb2csb_resp_b_transport. Err bit: 0x0 Data: 0x150000


Info: NV_NVDLA_csb_master.cpp: 54:NV_NVDLA_csb_master::nvdla2csb_b_transport, base_addr: 0x1000


Info: NV_NVDLA_csb_master.cpp: 58:NV_NVDLA_csb_master::nvdla2csb_b_transport, csb req to GLB_BASE, 


Info: NV_NVDLA_csb_master.cpp: 59:Addr: 0x100c


Info: NV_NVDLA_csb_master.cpp: 60:Data: 0x7


Info: NV_NVDLA_csb_master.cpp: 61:Is write: 0x0


Info: NV_NVDLA_csb_master.cpp: 62:nposted: 0x0


Info: glb_reg_model.cpp: 44:glb_reg_model::GlbAccessRegister addr=0x100c data=0x7 is_write=0


Info: NV_NVDLA_csb_master.cpp: 273:NV_NVDLA_csb_master::glb2csb_resp_b_transport. Err bit: 0x0 Data: 0x150000


Info: NV_NVDLA_csb_master.cpp: 54:NV_NVDLA_csb_master::nvdla2csb_b_transport, base_addr: 0x1000


Info: NV_NVDLA_csb_master.cpp: 58:NV_NVDLA_csb_master::nvdla2csb_b_transport, csb req to GLB_BASE, 


Info: NV_NVDLA_csb_master.cpp: 59:Addr: 0x100c


Info: NV_NVDLA_csb_master.cpp: 60:Data: 0x7


Info: NV_NVDLA_csb_master.cpp: 61:Is write: 0x0


Info: NV_NVDLA_csb_master.cpp: 62:nposted: 0x0


Info: glb_reg_model.cpp: 44:glb_reg_model::GlbAccessRegister addr=0x100c data=0x7 is_write=0


Info: NV_NVDLA_csb_master.cpp: 273:NV_NVDLA_csb_master::glb2csb_resp_b_transport. Err bit: 0x0 Data: 0x150000


Info: NV_NVDLA_csb_master.cpp: 54:NV_NVDLA_csb_master::nvdla2csb_b_transport, base_addr: 0x1000


Info: NV_NVDLA_csb_master.cpp: 58:NV_NVDLA_csb_master::nvdla2csb_b_transport, csb req to GLB_BASE, 


Info: NV_NVDLA_csb_master.cpp: 59:Addr: 0x100c


Info: NV_NVDLA_csb_master.cpp: 60:Data: 0x7


Info: NV_NVDLA_csb_master.cpp: 61:Is write: 0x0


Info: NV_NVDLA_csb_master.cpp: 62:nposted: 0x0


Info: glb_reg_model.cpp: 44:glb_reg_model::GlbAccessRegister addr=0x100c data=0x7 is_write=0


Info: NV_NVDLA_csb_master.cpp: 273:NV_NVDLA_csb_master::glb2csb_resp_b_transport. Err bit: 0x0 Data: 0x150000


Info: NV_NVDLA_csb_master.cpp: 54:NV_NVDLA_csb_master::nvdla2csb_b_transport, base_addr: 0x1000


Info: NV_NVDLA_csb_master.cpp: 58:NV_NVDLA_csb_master::nvdla2csb_b_transport, csb req to GLB_BASE, 


Info: NV_NVDLA_csb_master.cpp: 59:Addr: 0x100c


Info: NV_NVDLA_csb_master.cpp: 60:Data: 0x7


Info: NV_NVDLA_csb_master.cpp: 61:Is write: 0x0


Info: NV_NVDLA_csb_master.cpp: 62:nposted: 0x0


Info: glb_reg_model.cpp: 44:glb_reg_model::GlbAccessRegister addr=0x100c data=0x7 is_write=0


Info: NV_NVDLA_csb_master.cpp: 273:NV_NVDLA_csb_master::glb2csb_resp_b_transport. Err bit: 0x0 Data: 0x150000


Info: NV_NVDLA_csb_master.cpp: 54:NV_NVDLA_csb_master::nvdla2csb_b_transport, base_addr: 0x1000


Info: NV_NVDLA_csb_master.cpp: 58:NV_NVDLA_csb_master::nvdla2csb_b_transport, csb req to GLB_BASE, 


Info: NV_NVDLA_csb_master.cpp: 59:Addr: 0x100c


Info: NV_NVDLA_csb_master.cpp: 60:Data: 0x7


Info: NV_NVDLA_csb_master.cpp: 61:Is write: 0x0


Info: NV_NVDLA_csb_master.cpp: 62:nposted: 0x0


Info: glb_reg_model.cpp: 44:glb_reg_model::GlbAccessRegister addr=0x100c data=0x7 is_write=0


Info: NV_NVDLA_csb_master.cpp: 273:NV_NVDLA_csb_master::glb2csb_resp_b_transport. Err bit: 0x0 Data: 0x150000


Info: NV_NVDLA_csb_master.cpp: 54:NV_NVDLA_csb_master::nvdla2csb_b_transport, base_addr: 0x1000


Info: NV_NVDLA_csb_master.cpp: 58:NV_NVDLA_csb_master::nvdla2csb_b_transport, csb req to GLB_BASE, 


Info: NV_NVDLA_csb_master.cpp: 59:Addr: 0x100c


Info: NV_NVDLA_csb_master.cpp: 60:Data: 0x7


Info: NV_NVDLA_csb_master.cpp: 61:Is write: 0x0


Info: NV_NVDLA_csb_master.cpp: 62:nposted: 0x0


Info: glb_reg_model.cpp: 44:glb_reg_model::GlbAccessRegister addr=0x100c data=0x7 is_write=0


Info: NV_NVDLA_csb_master.cpp: 273:NV_NVDLA_csb_master::glb2csb_resp_b_transport. Err bit: 0x0 Data: 0x150000


Info: NV_NVDLA_csb_master.cpp: 54:NV_NVDLA_csb_master::nvdla2csb_b_transport, base_addr: 0x1000


Info: NV_NVDLA_csb_master.cpp: 58:NV_NVDLA_csb_master::nvdla2csb_b_transport, csb req to GLB_BASE, 


Info: NV_NVDLA_csb_master.cpp: 59:Addr: 0x100c


Info: NV_NVDLA_csb_master.cpp: 60:Data: 0x7


Info: NV_NVDLA_csb_master.cpp: 61:Is write: 0x0


Info: NV_NVDLA_csb_master.cpp: 62:nposted: 0x0


Info: glb_reg_model.cpp: 44:glb_reg_model::GlbAccessRegister addr=0x100c data=0x7 is_write=0


Info: NV_NVDLA_csb_master.cpp: 273:NV_NVDLA_csb_master::glb2csb_resp_b_transport. Err bit: 0x0 Data: 0x150000


Info: NV_NVDLA_csb_master.cpp: 54:NV_NVDLA_csb_master::nvdla2csb_b_transport, base_addr: 0x1000


Info: NV_NVDLA_csb_master.cpp: 58:NV_NVDLA_csb_master::nvdla2csb_b_transport, csb req to GLB_BASE, 


Info: NV_NVDLA_csb_master.cpp: 59:Addr: 0x100c


Info: NV_NVDLA_csb_master.cpp: 60:Data: 0x7


Info: NV_NVDLA_csb_master.cpp: 61:Is write: 0x0


Info: NV_NVDLA_csb_master.cpp: 62:nposted: 0x0


Info: glb_reg_model.cpp: 44:glb_reg_model::GlbAccessRegister addr=0x100c data=0x7 is_write=0


Info: NV_NVDLA_csb_master.cpp: 273:NV_NVDLA_csb_master::glb2csb_resp_b_transport. Err bit: 0x0 Data: 0x150000


Info: NV_NVDLA_csb_master.cpp: 54:NV_NVDLA_csb_master::nvdla2csb_b_transport, base_addr: 0x1000


Info: NV_NVDLA_csb_master.cpp: 58:NV_NVDLA_csb_master::nvdla2csb_b_transport, csb req to GLB_BASE, 


Info: NV_NVDLA_csb_master.cpp: 59:Addr: 0x100c


Info: NV_NVDLA_csb_master.cpp: 60:Data: 0x7


Info: NV_NVDLA_csb_master.cpp: 61:Is write: 0x0


Info: NV_NVDLA_csb_master.cpp: 62:nposted: 0x0


Info: glb_reg_model.cpp: 44:glb_reg_model::GlbAccessRegister addr=0x100c data=0x7 is_write=0


Info: NV_NVDLA_csb_master.cpp: 273:NV_NVDLA_csb_master::glb2csb_resp_b_transport. Err bit: 0x0 Data: 0x150000


Info: NV_NVDLA_csb_master.cpp: 54:NV_NVDLA_csb_master::nvdla2csb_b_transport, base_addr: 0x1000


Info: NV_NVDLA_csb_master.cpp: 58:NV_NVDLA_csb_master::nvdla2csb_b_transport, csb req to GLB_BASE, 


Info: NV_NVDLA_csb_master.cpp: 59:Addr: 0x100c


Info: NV_NVDLA_csb_master.cpp: 60:Data: 0x7


Info: NV_NVDLA_csb_master.cpp: 61:Is write: 0x0


Info: NV_NVDLA_csb_master.cpp: 62:nposted: 0x0


Info: glb_reg_model.cpp: 44:glb_reg_model::GlbAccessRegister addr=0x100c data=0x7 is_write=0


Info: NV_NVDLA_csb_master.cpp: 273:NV_NVDLA_csb_master::glb2csb_resp_b_transport. Err bit: 0x0 Data: 0x150000


Info: NV_NVDLA_csb_master.cpp: 54:NV_NVDLA_csb_master::nvdla2csb_b_transport, base_addr: 0x1000


Info: NV_NVDLA_csb_master.cpp: 58:NV_NVDLA_csb_master::nvdla2csb_b_transport, csb req to GLB_BASE, 


Info: NV_NVDLA_csb_master.cpp: 59:Addr: 0x100c


Info: NV_NVDLA_csb_master.cpp: 60:Data: 0x7


Info: NV_NVDLA_csb_master.cpp: 61:Is write: 0x0


Info: NV_NVDLA_csb_master.cpp: 62:nposted: 0x0


Info: glb_reg_model.cpp: 44:glb_reg_model::GlbAccessRegister addr=0x100c data=0x7 is_write=0


Info: NV_NVDLA_csb_master.cpp: 273:NV_NVDLA_csb_master::glb2csb_resp_b_transport. Err bit: 0x0 Data: 0x150000


Info: NV_NVDLA_csb_master.cpp: 54:NV_NVDLA_csb_master::nvdla2csb_b_transport, base_addr: 0x1000


Info: NV_NVDLA_csb_master.cpp: 58:NV_NVDLA_csb_master::nvdla2csb_b_transport, csb req to GLB_BASE, 


Info: NV_NVDLA_csb_master.cpp: 59:Addr: 0x100c


Info: NV_NVDLA_csb_master.cpp: 60:Data: 0x7


Info: NV_NVDLA_csb_master.cpp: 61:Is write: 0x0


Info: NV_NVDLA_csb_master.cpp: 62:nposted: 0x0


Info: glb_reg_model.cpp: 44:glb_reg_model::GlbAccessRegister addr=0x100c data=0x7 is_write=0


Info: NV_NVDLA_csb_master.cpp: 273:NV_NVDLA_csb_master::glb2csb_resp_b_transport. Err bit: 0x0 Data: 0x150000


Info: NV_NVDLA_csb_master.cpp: 54:NV_NVDLA_csb_master::nvdla2csb_b_transport, base_addr: 0x1000


Info: NV_NVDLA_csb_master.cpp: 58:NV_NVDLA_csb_master::nvdla2csb_b_transport, csb req to GLB_BASE, 


Info: NV_NVDLA_csb_master.cpp: 59:Addr: 0x100c


Info: NV_NVDLA_csb_master.cpp: 60:Data: 0x7


Info: NV_NVDLA_csb_master.cpp: 61:Is write: 0x0


Info: NV_NVDLA_csb_master.cpp: 62:nposted: 0x0


Info: glb_reg_model.cpp: 44:glb_reg_model::GlbAccessRegister addr=0x100c data=0x7 is_write=0


Info: NV_NVDLA_csb_master.cpp: 273:NV_NVDLA_csb_master::glb2csb_resp_b_transport. Err bit: 0x0 Data: 0x150000


Info: NV_NVDLA_csb_master.cpp: 54:NV_NVDLA_csb_master::nvdla2csb_b_transport, base_addr: 0x1000


Info: NV_NVDLA_csb_master.cpp: 58:NV_NVDLA_csb_master::nvdla2csb_b_transport, csb req to GLB_BASE, 


Info: NV_NVDLA_csb_master.cpp: 59:Addr: 0x100c


Info: NV_NVDLA_csb_master.cpp: 60:Data: 0x7


Info: NV_NVDLA_csb_master.cpp: 61:Is write: 0x0


Info: NV_NVDLA_csb_master.cpp: 62:nposted: 0x0


Info: glb_reg_model.cpp: 44:glb_reg_model::GlbAccessRegister addr=0x100c data=0x7 is_write=0


Info: NV_NVDLA_csb_master.cpp: 273:NV_NVDLA_csb_master::glb2csb_resp_b_transport. Err bit: 0x0 Data: 0x150000


Info: NV_NVDLA_csb_master.cpp: 54:NV_NVDLA_csb_master::nvdla2csb_b_transport, base_addr: 0x1000


Info: NV_NVDLA_csb_master.cpp: 58:NV_NVDLA_csb_master::nvdla2csb_b_transport, csb req to GLB_BASE, 


Info: NV_NVDLA_csb_master.cpp: 59:Addr: 0x100c


Info: NV_NVDLA_csb_master.cpp: 60:Data: 0x7


Info: NV_NVDLA_csb_master.cpp: 61:Is write: 0x0


Info: NV_NVDLA_csb_master.cpp: 62:nposted: 0x0


Info: glb_reg_model.cpp: 44:glb_reg_model::GlbAccessRegister addr=0x100c data=0x7 is_write=0


Info: NV_NVDLA_csb_master.cpp: 273:NV_NVDLA_csb_master::glb2csb_resp_b_transport. Err bit: 0x0 Data: 0x150000


Info: NV_NVDLA_csb_master.cpp: 54:NV_NVDLA_csb_master::nvdla2csb_b_transport, base_addr: 0x1000


Info: NV_NVDLA_csb_master.cpp: 58:NV_NVDLA_csb_master::nvdla2csb_b_transport, csb req to GLB_BASE, 


Info: NV_NVDLA_csb_master.cpp: 59:Addr: 0x100c


Info: NV_NVDLA_csb_master.cpp: 60:Data: 0x7


Info: NV_NVDLA_csb_master.cpp: 61:Is write: 0x0


Info: NV_NVDLA_csb_master.cpp: 62:nposted: 0x0


Info: glb_reg_model.cpp: 44:glb_reg_model::GlbAccessRegister addr=0x100c data=0x7 is_write=0


Info: NV_NVDLA_csb_master.cpp: 273:NV_NVDLA_csb_master::glb2csb_resp_b_transport. Err bit: 0x0 Data: 0x150000


Info: NV_NVDLA_csb_master.cpp: 54:NV_NVDLA_csb_master::nvdla2csb_b_transport, base_addr: 0x1000


Info: NV_NVDLA_csb_master.cpp: 58:NV_NVDLA_csb_master::nvdla2csb_b_transport, csb req to GLB_BASE, 


Info: NV_NVDLA_csb_master.cpp: 59:Addr: 0x100c


Info: NV_NVDLA_csb_master.cpp: 60:Data: 0x7


Info: NV_NVDLA_csb_master.cpp: 61:Is write: 0x0


Info: NV_NVDLA_csb_master.cpp: 62:nposted: 0x0


Info: glb_reg_model.cpp: 44:glb_reg_model::GlbAccessRegister addr=0x100c data=0x7 is_write=0


Info: NV_NVDLA_csb_master.cpp: 273:NV_NVDLA_csb_master::glb2csb_resp_b_transport. Err bit: 0x0 Data: 0x150000


Info: NV_NVDLA_csb_master.cpp: 54:NV_NVDLA_csb_master::nvdla2csb_b_transport, base_addr: 0x1000


Info: NV_NVDLA_csb_master.cpp: 58:NV_NVDLA_csb_master::nvdla2csb_b_transport, csb req to GLB_BASE, 


Info: NV_NVDLA_csb_master.cpp: 59:Addr: 0x100c


Info: NV_NVDLA_csb_master.cpp: 60:Data: 0x7


Info: NV_NVDLA_csb_master.cpp: 61:Is write: 0x0


Info: NV_NVDLA_csb_master.cpp: 62:nposted: 0x0


Info: glb_reg_model.cpp: 44:glb_reg_model::GlbAccessRegister addr=0x100c data=0x7 is_write=0


Info: NV_NVDLA_csb_master.cpp: 273:NV_NVDLA_csb_master::glb2csb_resp_b_transport. Err bit: 0x0 Data: 0x150000


Info: NV_NVDLA_csb_master.cpp: 54:NV_NVDLA_csb_master::nvdla2csb_b_transport, base_addr: 0x1000


Info: NV_NVDLA_csb_master.cpp: 58:NV_NVDLA_csb_master::nvdla2csb_b_transport, csb req to GLB_BASE, 


Info: NV_NVDLA_csb_master.cpp: 59:Addr: 0x100c


Info: NV_NVDLA_csb_master.cpp: 60:Data: 0x7


Info: NV_NVDLA_csb_master.cpp: 61:Is write: 0x0


Info: NV_NVDLA_csb_master.cpp: 62:nposted: 0x0


Info: glb_reg_model.cpp: 44:glb_reg_model::GlbAccessRegister addr=0x100c data=0x7 is_write=0


Info: NV_NVDLA_csb_master.cpp: 273:NV_NVDLA_csb_master::glb2csb_resp_b_transport. Err bit: 0x0 Data: 0x150000


Info: NV_NVDLA_csb_master.cpp: 54:NV_NVDLA_csb_master::nvdla2csb_b_transport, base_addr: 0x1000


Info: NV_NVDLA_csb_master.cpp: 58:NV_NVDLA_csb_master::nvdla2csb_b_transport, csb req to GLB_BASE, 


Info: NV_NVDLA_csb_master.cpp: 59:Addr: 0x100c


Info: NV_NVDLA_csb_master.cpp: 60:Data: 0x7


Info: NV_NVDLA_csb_master.cpp: 61:Is write: 0x0


Info: NV_NVDLA_csb_master.cpp: 62:nposted: 0x0


Info: glb_reg_model.cpp: 44:glb_reg_model::GlbAccessRegister addr=0x100c data=0x7 is_write=0


Info: NV_NVDLA_csb_master.cpp: 273:NV_NVDLA_csb_master::glb2csb_resp_b_transport. Err bit: 0x0 Data: 0x150000


Info: NV_NVDLA_csb_master.cpp: 54:NV_NVDLA_csb_master::nvdla2csb_b_transport, base_addr: 0x1000


Info: NV_NVDLA_csb_master.cpp: 58:NV_NVDLA_csb_master::nvdla2csb_b_transport, csb req to GLB_BASE, 


Info: NV_NVDLA_csb_master.cpp: 59:Addr: 0x100c


Info: NV_NVDLA_csb_master.cpp: 60:Data: 0x7


Info: NV_NVDLA_csb_master.cpp: 61:Is write: 0x0


Info: NV_NVDLA_csb_master.cpp: 62:nposted: 0x0


Info: glb_reg_model.cpp: 44:glb_reg_model::GlbAccessRegister addr=0x100c data=0x7 is_write=0


Info: NV_NVDLA_csb_master.cpp: 273:NV_NVDLA_csb_master::glb2csb_resp_b_transport. Err bit: 0x0 Data: 0x150000


Info: NV_NVDLA_csb_master.cpp: 54:NV_NVDLA_csb_master::nvdla2csb_b_transport, base_addr: 0x1000


Info: NV_NVDLA_csb_master.cpp: 58:NV_NVDLA_csb_master::nvdla2csb_b_transport, csb req to GLB_BASE, 


Info: NV_NVDLA_csb_master.cpp: 59:Addr: 0x100c


Info: NV_NVDLA_csb_master.cpp: 60:Data: 0x7


Info: NV_NVDLA_csb_master.cpp: 61:Is write: 0x0


Info: NV_NVDLA_csb_master.cpp: 62:nposted: 0x0


Info: glb_reg_model.cpp: 44:glb_reg_model::GlbAccessRegister addr=0x100c data=0x7 is_write=0


Info: NV_NVDLA_csb_master.cpp: 273:NV_NVDLA_csb_master::glb2csb_resp_b_transport. Err bit: 0x0 Data: 0x150000


Info: NV_NVDLA_csb_master.cpp: 54:NV_NVDLA_csb_master::nvdla2csb_b_transport, base_addr: 0x1000


Info: NV_NVDLA_csb_master.cpp: 58:NV_NVDLA_csb_master::nvdla2csb_b_transport, csb req to GLB_BASE, 


Info: NV_NVDLA_csb_master.cpp: 59:Addr: 0x100c


Info: NV_NVDLA_csb_master.cpp: 60:Data: 0x7


Info: NV_NVDLA_csb_master.cpp: 61:Is write: 0x0


Info: NV_NVDLA_csb_master.cpp: 62:nposted: 0x0


Info: glb_reg_model.cpp: 44:glb_reg_model::GlbAccessRegister addr=0x100c data=0x7 is_write=0


Info: NV_NVDLA_csb_master.cpp: 273:NV_NVDLA_csb_master::glb2csb_resp_b_transport. Err bit: 0x0 Data: 0x150000


Info: NV_NVDLA_csb_master.cpp: 54:NV_NVDLA_csb_master::nvdla2csb_b_transport, base_addr: 0x1000


Info: NV_NVDLA_csb_master.cpp: 58:NV_NVDLA_csb_master::nvdla2csb_b_transport, csb req to GLB_BASE, 


Info: NV_NVDLA_csb_master.cpp: 59:Addr: 0x100c


Info: NV_NVDLA_csb_master.cpp: 60:Data: 0x7


Info: NV_NVDLA_csb_master.cpp: 61:Is write: 0x0


Info: NV_NVDLA_csb_master.cpp: 62:nposted: 0x0


Info: glb_reg_model.cpp: 44:glb_reg_model::GlbAccessRegister addr=0x100c data=0x7 is_write=0


Info: NV_NVDLA_csb_master.cpp: 273:NV_NVDLA_csb_master::glb2csb_resp_b_transport. Err bit: 0x0 Data: 0x150000


Info: NV_NVDLA_csb_master.cpp: 54:NV_NVDLA_csb_master::nvdla2csb_b_transport, base_addr: 0x1000


Info: NV_NVDLA_csb_master.cpp: 58:NV_NVDLA_csb_master::nvdla2csb_b_transport, csb req to GLB_BASE, 


Info: NV_NVDLA_csb_master.cpp: 59:Addr: 0x100c


Info: NV_NVDLA_csb_master.cpp: 60:Data: 0x7


Info: NV_NVDLA_csb_master.cpp: 61:Is write: 0x0


Info: NV_NVDLA_csb_master.cpp: 62:nposted: 0x0


Info: glb_reg_model.cpp: 44:glb_reg_model::GlbAccessRegister addr=0x100c data=0x7 is_write=0


Info: NV_NVDLA_csb_master.cpp: 273:NV_NVDLA_csb_master::glb2csb_resp_b_transport. Err bit: 0x0 Data: 0x150000


Info: NV_NVDLA_csb_master.cpp: 54:NV_NVDLA_csb_master::nvdla2csb_b_transport, base_addr: 0x1000


Info: NV_NVDLA_csb_master.cpp: 58:NV_NVDLA_csb_master::nvdla2csb_b_transport, csb req to GLB_BASE, 


Info: NV_NVDLA_csb_master.cpp: 59:Addr: 0x100c


Info: NV_NVDLA_csb_master.cpp: 60:Data: 0x7


Info: NV_NVDLA_csb_master.cpp: 61:Is write: 0x0


Info: NV_NVDLA_csb_master.cpp: 62:nposted: 0x0


Info: glb_reg_model.cpp: 44:glb_reg_model::GlbAccessRegister addr=0x100c data=0x7 is_write=0


Info: NV_NVDLA_csb_master.cpp: 273:NV_NVDLA_csb_master::glb2csb_resp_b_transport. Err bit: 0x0 Data: 0x150000


Info: NV_NVDLA_csb_master.cpp: 54:NV_NVDLA_csb_master::nvdla2csb_b_transport, base_addr: 0x1000


Info: NV_NVDLA_csb_master.cpp: 58:NV_NVDLA_csb_master::nvdla2csb_b_transport, csb req to GLB_BASE, 


Info: NV_NVDLA_csb_master.cpp: 59:Addr: 0x100c


Info: NV_NVDLA_csb_master.cpp: 60:Data: 0x7


Info: NV_NVDLA_csb_master.cpp: 61:Is write: 0x0


Info: NV_NVDLA_csb_master.cpp: 62:nposted: 0x0


Info: glb_reg_model.cpp: 44:glb_reg_model::GlbAccessRegister addr=0x100c data=0x7 is_write=0


Info: NV_NVDLA_csb_master.cpp: 273:NV_NVDLA_csb_master::glb2csb_resp_b_transport. Err bit: 0x0 Data: 0x150000


Info: NV_NVDLA_csb_master.cpp: 54:NV_NVDLA_csb_master::nvdla2csb_b_transport, base_addr: 0x1000


Info: NV_NVDLA_csb_master.cpp: 58:NV_NVDLA_csb_master::nvdla2csb_b_transport, csb req to GLB_BASE, 


Info: NV_NVDLA_csb_master.cpp: 59:Addr: 0x100c


Info: NV_NVDLA_csb_master.cpp: 60:Data: 0x7


Info: NV_NVDLA_csb_master.cpp: 61:Is write: 0x0


Info: NV_NVDLA_csb_master.cpp: 62:nposted: 0x0


Info: glb_reg_model.cpp: 44:glb_reg_model::GlbAccessRegister addr=0x100c data=0x7 is_write=0


Info: NV_NVDLA_csb_master.cpp: 273:NV_NVDLA_csb_master::glb2csb_resp_b_transport. Err bit: 0x0 Data: 0x150000


Info: NV_NVDLA_csb_master.cpp: 54:NV_NVDLA_csb_master::nvdla2csb_b_transport, base_addr: 0x1000


Info: NV_NVDLA_csb_master.cpp: 58:NV_NVDLA_csb_master::nvdla2csb_b_transport, csb req to GLB_BASE, 


Info: NV_NVDLA_csb_master.cpp: 59:Addr: 0x100c


Info: NV_NVDLA_csb_master.cpp: 60:Data: 0x7


Info: NV_NVDLA_csb_master.cpp: 61:Is write: 0x0


Info: NV_NVDLA_csb_master.cpp: 62:nposted: 0x0


Info: glb_reg_model.cpp: 44:glb_reg_model::GlbAccessRegister addr=0x100c data=0x7 is_write=0


Info: NV_NVDLA_csb_master.cpp: 273:NV_NVDLA_csb_master::glb2csb_resp_b_transport. Err bit: 0x0 Data: 0x150000


Info: NV_NVDLA_csb_master.cpp: 54:NV_NVDLA_csb_master::nvdla2csb_b_transport, base_addr: 0x1000


Info: NV_NVDLA_csb_master.cpp: 58:NV_NVDLA_csb_master::nvdla2csb_b_transport, csb req to GLB_BASE, 


Info: NV_NVDLA_csb_master.cpp: 59:Addr: 0x100c


Info: NV_NVDLA_csb_master.cpp: 60:Data: 0x7


Info: NV_NVDLA_csb_master.cpp: 61:Is write: 0x0


Info: NV_NVDLA_csb_master.cpp: 62:nposted: 0x0


Info: glb_reg_model.cpp: 44:glb_reg_model::GlbAccessRegister addr=0x100c data=0x7 is_write=0


Info: NV_NVDLA_csb_master.cpp: 273:NV_NVDLA_csb_master::glb2csb_resp_b_transport. Err bit: 0x0 Data: 0x150000


Info: NV_NVDLA_csb_master.cpp: 54:NV_NVDLA_csb_master::nvdla2csb_b_transport, base_addr: 0x1000


Info: NV_NVDLA_csb_master.cpp: 58:NV_NVDLA_csb_master::nvdla2csb_b_transport, csb req to GLB_BASE, 


Info: NV_NVDLA_csb_master.cpp: 59:Addr: 0x100c


Info: NV_NVDLA_csb_master.cpp: 60:Data: 0x7


Info: NV_NVDLA_csb_master.cpp: 61:Is write: 0x0


Info: NV_NVDLA_csb_master.cpp: 62:nposted: 0x0


Info: glb_reg_model.cpp: 44:glb_reg_model::GlbAccessRegister addr=0x100c data=0x7 is_write=0


Info: NV_NVDLA_csb_master.cpp: 273:NV_NVDLA_csb_master::glb2csb_resp_b_transport. Err bit: 0x0 Data: 0x150000


Info: NV_NVDLA_csb_master.cpp: 54:NV_NVDLA_csb_master::nvdla2csb_b_transport, base_addr: 0x1000


Info: NV_NVDLA_csb_master.cpp: 58:NV_NVDLA_csb_master::nvdla2csb_b_transport, csb req to GLB_BASE, 


Info: NV_NVDLA_csb_master.cpp: 59:Addr: 0x100c


Info: NV_NVDLA_csb_master.cpp: 60:Data: 0x7


Info: NV_NVDLA_csb_master.cpp: 61:Is write: 0x0


Info: NV_NVDLA_csb_master.cpp: 62:nposted: 0x0


Info: glb_reg_model.cpp: 44:glb_reg_model::GlbAccessRegister addr=0x100c data=0x7 is_write=0


Info: NV_NVDLA_csb_master.cpp: 273:NV_NVDLA_csb_master::glb2csb_resp_b_transport. Err bit: 0x0 Data: 0x150000


Info: NV_NVDLA_csb_master.cpp: 54:NV_NVDLA_csb_master::nvdla2csb_b_transport, base_addr: 0x1000


Info: NV_NVDLA_csb_master.cpp: 58:NV_NVDLA_csb_master::nvdla2csb_b_transport, csb req to GLB_BASE, 


Info: NV_NVDLA_csb_master.cpp: 59:Addr: 0x100c


Info: NV_NVDLA_csb_master.cpp: 60:Data: 0x7


Info: NV_NVDLA_csb_master.cpp: 61:Is write: 0x0


Info: NV_NVDLA_csb_master.cpp: 62:nposted: 0x0


Info: glb_reg_model.cpp: 44:glb_reg_model::GlbAccessRegister addr=0x100c data=0x7 is_write=0


Info: NV_NVDLA_csb_master.cpp: 273:NV_NVDLA_csb_master::glb2csb_resp_b_transport. Err bit: 0x0 Data: 0x150000


Info: NV_NVDLA_csb_master.cpp: 54:NV_NVDLA_csb_master::nvdla2csb_b_transport, base_addr: 0x1000


Info: NV_NVDLA_csb_master.cpp: 58:NV_NVDLA_csb_master::nvdla2csb_b_transport, csb req to GLB_BASE, 


Info: NV_NVDLA_csb_master.cpp: 59:Addr: 0x100c


Info: NV_NVDLA_csb_master.cpp: 60:Data: 0x7


Info: NV_NVDLA_csb_master.cpp: 61:Is write: 0x0


Info: NV_NVDLA_csb_master.cpp: 62:nposted: 0x0


Info: glb_reg_model.cpp: 44:glb_reg_model::GlbAccessRegister addr=0x100c data=0x7 is_write=0


Info: NV_NVDLA_csb_master.cpp: 273:NV_NVDLA_csb_master::glb2csb_resp_b_transport. Err bit: 0x0 Data: 0x150000


Info: NV_NVDLA_csb_master.cpp: 54:NV_NVDLA_csb_master::nvdla2csb_b_transport, base_addr: 0x1000


Info: NV_NVDLA_csb_master.cpp: 58:NV_NVDLA_csb_master::nvdla2csb_b_transport, csb req to GLB_BASE, 


Info: NV_NVDLA_csb_master.cpp: 59:Addr: 0x100c


Info: NV_NVDLA_csb_master.cpp: 60:Data: 0x7


Info: NV_NVDLA_csb_master.cpp: 61:Is write: 0x0


Info: NV_NVDLA_csb_master.cpp: 62:nposted: 0x0


Info: glb_reg_model.cpp: 44:glb_reg_model::GlbAccessRegister addr=0x100c data=0x7 is_write=0


Info: NV_NVDLA_csb_master.cpp: 273:NV_NVDLA_csb_master::glb2csb_resp_b_transport. Err bit: 0x0 Data: 0x150000


Info: NV_NVDLA_csb_master.cpp: 54:NV_NVDLA_csb_master::nvdla2csb_b_transport, base_addr: 0x1000


Info: NV_NVDLA_csb_master.cpp: 58:NV_NVDLA_csb_master::nvdla2csb_b_transport, csb req to GLB_BASE, 


Info: NV_NVDLA_csb_master.cpp: 59:Addr: 0x100c


Info: NV_NVDLA_csb_master.cpp: 60:Data: 0x7


Info: NV_NVDLA_csb_master.cpp: 61:Is write: 0x0


Info: NV_NVDLA_csb_master.cpp: 62:nposted: 0x0


Info: glb_reg_model.cpp: 44:glb_reg_model::GlbAccessRegister addr=0x100c data=0x7 is_write=0


Info: NV_NVDLA_csb_master.cpp: 273:NV_NVDLA_csb_master::glb2csb_resp_b_transport. Err bit: 0x0 Data: 0x150000


Info: NV_NVDLA_csb_master.cpp: 54:NV_NVDLA_csb_master::nvdla2csb_b_transport, base_addr: 0x1000


Info: NV_NVDLA_csb_master.cpp: 58:NV_NVDLA_csb_master::nvdla2csb_b_transport, csb req to GLB_BASE, 


Info: NV_NVDLA_csb_master.cpp: 59:Addr: 0x100c


Info: NV_NVDLA_csb_master.cpp: 60:Data: 0x7


Info: NV_NVDLA_csb_master.cpp: 61:Is write: 0x0


Info: NV_NVDLA_csb_master.cpp: 62:nposted: 0x0


Info: glb_reg_model.cpp: 44:glb_reg_model::GlbAccessRegister addr=0x100c data=0x7 is_write=0


Info: NV_NVDLA_csb_master.cpp: 273:NV_NVDLA_csb_master::glb2csb_resp_b_transport. Err bit: 0x0 Data: 0x150000


Info: NV_NVDLA_csb_master.cpp: 54:NV_NVDLA_csb_master::nvdla2csb_b_transport, base_addr: 0x1000


Info: NV_NVDLA_csb_master.cpp: 58:NV_NVDLA_csb_master::nvdla2csb_b_transport, csb req to GLB_BASE, 


Info: NV_NVDLA_csb_master.cpp: 59:Addr: 0x100c


Info: NV_NVDLA_csb_master.cpp: 60:Data: 0x7


Info: NV_NVDLA_csb_master.cpp: 61:Is write: 0x0


Info: NV_NVDLA_csb_master.cpp: 62:nposted: 0x0


Info: glb_reg_model.cpp: 44:glb_reg_model::GlbAccessRegister addr=0x100c data=0x7 is_write=0


Info: NV_NVDLA_csb_master.cpp: 273:NV_NVDLA_csb_master::glb2csb_resp_b_transport. Err bit: 0x0 Data: 0x150000


Info: NV_NVDLA_csb_master.cpp: 54:NV_NVDLA_csb_master::nvdla2csb_b_transport, base_addr: 0x1000


Info: NV_NVDLA_csb_master.cpp: 58:NV_NVDLA_csb_master::nvdla2csb_b_transport, csb req to GLB_BASE, 


Info: NV_NVDLA_csb_master.cpp: 59:Addr: 0x100c


Info: NV_NVDLA_csb_master.cpp: 60:Data: 0x7


Info: NV_NVDLA_csb_master.cpp: 61:Is write: 0x0


Info: NV_NVDLA_csb_master.cpp: 62:nposted: 0x0


Info: glb_reg_model.cpp: 44:glb_reg_model::GlbAccessRegister addr=0x100c data=0x7 is_write=0


Info: NV_NVDLA_csb_master.cpp: 273:NV_NVDLA_csb_master::glb2csb_resp_b_transport. Err bit: 0x0 Data: 0x150000


Info: NV_NVDLA_csb_master.cpp: 54:NV_NVDLA_csb_master::nvdla2csb_b_transport, base_addr: 0x1000


Info: NV_NVDLA_csb_master.cpp: 58:NV_NVDLA_csb_master::nvdla2csb_b_transport, csb req to GLB_BASE, 


Info: NV_NVDLA_csb_master.cpp: 59:Addr: 0x100c


Info: NV_NVDLA_csb_master.cpp: 60:Data: 0x7


Info: NV_NVDLA_csb_master.cpp: 61:Is write: 0x0


Info: NV_NVDLA_csb_master.cpp: 62:nposted: 0x0


Info: glb_reg_model.cpp: 44:glb_reg_model::GlbAccessRegister addr=0x100c data=0x7 is_write=0


Info: NV_NVDLA_csb_master.cpp: 273:NV_NVDLA_csb_master::glb2csb_resp_b_transport. Err bit: 0x0 Data: 0x150000


Info: NV_NVDLA_csb_master.cpp: 54:NV_NVDLA_csb_master::nvdla2csb_b_transport, base_addr: 0x1000


Info: NV_NVDLA_csb_master.cpp: 58:NV_NVDLA_csb_master::nvdla2csb_b_transport, csb req to GLB_BASE, 


Info: NV_NVDLA_csb_master.cpp: 59:Addr: 0x100c


Info: NV_NVDLA_csb_master.cpp: 60:Data: 0x7


Info: NV_NVDLA_csb_master.cpp: 61:Is write: 0x0


Info: NV_NVDLA_csb_master.cpp: 62:nposted: 0x0


Info: glb_reg_model.cpp: 44:glb_reg_model::GlbAccessRegister addr=0x100c data=0x7 is_write=0


Info: NV_NVDLA_csb_master.cpp: 273:NV_NVDLA_csb_master::glb2csb_resp_b_transport. Err bit: 0x0 Data: 0x150000


Info: NV_NVDLA_csb_master.cpp: 54:NV_NVDLA_csb_master::nvdla2csb_b_transport, base_addr: 0x1000


Info: NV_NVDLA_csb_master.cpp: 58:NV_NVDLA_csb_master::nvdla2csb_b_transport, csb req to GLB_BASE, 


Info: NV_NVDLA_csb_master.cpp: 59:Addr: 0x100c


Info: NV_NVDLA_csb_master.cpp: 60:Data: 0x7


Info: NV_NVDLA_csb_master.cpp: 61:Is write: 0x0


Info: NV_NVDLA_csb_master.cpp: 62:nposted: 0x0


Info: glb_reg_model.cpp: 44:glb_reg_model::GlbAccessRegister addr=0x100c data=0x7 is_write=0


Info: NV_NVDLA_csb_master.cpp: 273:NV_NVDLA_csb_master::glb2csb_resp_b_transport. Err bit: 0x0 Data: 0x150000


Info: NV_NVDLA_csb_master.cpp: 54:NV_NVDLA_csb_master::nvdla2csb_b_transport, base_addr: 0x1000


Info: NV_NVDLA_csb_master.cpp: 58:NV_NVDLA_csb_master::nvdla2csb_b_transport, csb req to GLB_BASE, 


Info: NV_NVDLA_csb_master.cpp: 59:Addr: 0x100c


Info: NV_NVDLA_csb_master.cpp: 60:Data: 0x7


Info: NV_NVDLA_csb_master.cpp: 61:Is write: 0x0


Info: NV_NVDLA_csb_master.cpp: 62:nposted: 0x0


Info: glb_reg_model.cpp: 44:glb_reg_model::GlbAccessRegister addr=0x100c data=0x7 is_write=0


Info: NV_NVDLA_csb_master.cpp: 273:NV_NVDLA_csb_master::glb2csb_resp_b_transport. Err bit: 0x0 Data: 0x150000


Info: NV_NVDLA_csb_master.cpp: 54:NV_NVDLA_csb_master::nvdla2csb_b_transport, base_addr: 0x1000


Info: NV_NVDLA_csb_master.cpp: 58:NV_NVDLA_csb_master::nvdla2csb_b_transport, csb req to GLB_BASE, 


Info: NV_NVDLA_csb_master.cpp: 59:Addr: 0x100c


Info: NV_NVDLA_csb_master.cpp: 60:Data: 0x7


Info: NV_NVDLA_csb_master.cpp: 61:Is write: 0x0


Info: NV_NVDLA_csb_master.cpp: 62:nposted: 0x0


Info: glb_reg_model.cpp: 44:glb_reg_model::GlbAccessRegister addr=0x100c data=0x7 is_write=0


Info: NV_NVDLA_csb_master.cpp: 273:NV_NVDLA_csb_master::glb2csb_resp_b_transport. Err bit: 0x0 Data: 0x150000


Info: NV_NVDLA_csb_master.cpp: 54:NV_NVDLA_csb_master::nvdla2csb_b_transport, base_addr: 0x1000


Info: NV_NVDLA_csb_master.cpp: 58:NV_NVDLA_csb_master::nvdla2csb_b_transport, csb req to GLB_BASE, 


Info: NV_NVDLA_csb_master.cpp: 59:Addr: 0x100c


Info: NV_NVDLA_csb_master.cpp: 60:Data: 0x7


Info: NV_NVDLA_csb_master.cpp: 61:Is write: 0x0


Info: NV_NVDLA_csb_master.cpp: 62:nposted: 0x0


Info: glb_reg_model.cpp: 44:glb_reg_model::GlbAccessRegister addr=0x100c data=0x7 is_write=0


Info: NV_NVDLA_csb_master.cpp: 273:NV_NVDLA_csb_master::glb2csb_resp_b_transport. Err bit: 0x0 Data: 0x150000


Info: NV_NVDLA_csb_master.cpp: 54:NV_NVDLA_csb_master::nvdla2csb_b_transport, base_addr: 0x1000


Info: NV_NVDLA_csb_master.cpp: 58:NV_NVDLA_csb_master::nvdla2csb_b_transport, csb req to GLB_BASE, 


Info: NV_NVDLA_csb_master.cpp: 59:Addr: 0x100c


Info: NV_NVDLA_csb_master.cpp: 60:Data: 0x7


Info: NV_NVDLA_csb_master.cpp: 61:Is write: 0x0


Info: NV_NVDLA_csb_master.cpp: 62:nposted: 0x0


Info: glb_reg_model.cpp: 44:glb_reg_model::GlbAccessRegister addr=0x100c data=0x7 is_write=0


Info: NV_NVDLA_csb_master.cpp: 273:NV_NVDLA_csb_master::glb2csb_resp_b_transport. Err bit: 0x0 Data: 0x150000


Info: NV_NVDLA_csb_master.cpp: 54:NV_NVDLA_csb_master::nvdla2csb_b_transport, base_addr: 0x1000


Info: NV_NVDLA_csb_master.cpp: 58:NV_NVDLA_csb_master::nvdla2csb_b_transport, csb req to GLB_BASE, 


Info: NV_NVDLA_csb_master.cpp: 59:Addr: 0x100c


Info: NV_NVDLA_csb_master.cpp: 60:Data: 0x7


Info: NV_NVDLA_csb_master.cpp: 61:Is write: 0x0


Info: NV_NVDLA_csb_master.cpp: 62:nposted: 0x0


Info: glb_reg_model.cpp: 44:glb_reg_model::GlbAccessRegister addr=0x100c data=0x7 is_write=0


Info: NV_NVDLA_csb_master.cpp: 273:NV_NVDLA_csb_master::glb2csb_resp_b_transport. Err bit: 0x0 Data: 0x150000


Info: NV_NVDLA_csb_master.cpp: 54:NV_NVDLA_csb_master::nvdla2csb_b_transport, base_addr: 0x1000


Info: NV_NVDLA_csb_master.cpp: 58:NV_NVDLA_csb_master::nvdla2csb_b_transport, csb req to GLB_BASE, 


Info: NV_NVDLA_csb_master.cpp: 59:Addr: 0x100c


Info: NV_NVDLA_csb_master.cpp: 60:Data: 0x7


Info: NV_NVDLA_csb_master.cpp: 61:Is write: 0x0


Info: NV_NVDLA_csb_master.cpp: 62:nposted: 0x0


Info: glb_reg_model.cpp: 44:glb_reg_model::GlbAccessRegister addr=0x100c data=0x7 is_write=0


Info: NV_NVDLA_csb_master.cpp: 273:NV_NVDLA_csb_master::glb2csb_resp_b_transport. Err bit: 0x0 Data: 0x150000


Info: NV_NVDLA_csb_master.cpp: 54:NV_NVDLA_csb_master::nvdla2csb_b_transport, base_addr: 0x1000


Info: NV_NVDLA_csb_master.cpp: 58:NV_NVDLA_csb_master::nvdla2csb_b_transport, csb req to GLB_BASE, 


Info: NV_NVDLA_csb_master.cpp: 59:Addr: 0x100c


Info: NV_NVDLA_csb_master.cpp: 60:Data: 0x7


Info: NV_NVDLA_csb_master.cpp: 61:Is write: 0x0


Info: NV_NVDLA_csb_master.cpp: 62:nposted: 0x0


Info: glb_reg_model.cpp: 44:glb_reg_model::GlbAccessRegister addr=0x100c data=0x7 is_write=0


Info: NV_NVDLA_csb_master.cpp: 273:NV_NVDLA_csb_master::glb2csb_resp_b_transport. Err bit: 0x0 Data: 0x150000


Info: NV_NVDLA_csb_master.cpp: 54:NV_NVDLA_csb_master::nvdla2csb_b_transport, base_addr: 0x1000


Info: NV_NVDLA_csb_master.cpp: 58:NV_NVDLA_csb_master::nvdla2csb_b_transport, csb req to GLB_BASE, 


Info: NV_NVDLA_csb_master.cpp: 59:Addr: 0x100c


Info: NV_NVDLA_csb_master.cpp: 60:Data: 0x7


Info: NV_NVDLA_csb_master.cpp: 61:Is write: 0x0


Info: NV_NVDLA_csb_master.cpp: 62:nposted: 0x0


Info: glb_reg_model.cpp: 44:glb_reg_model::GlbAccessRegister addr=0x100c data=0x7 is_write=0


Info: NV_NVDLA_csb_master.cpp: 273:NV_NVDLA_csb_master::glb2csb_resp_b_transport. Err bit: 0x0 Data: 0x150000


Info: NV_NVDLA_csb_master.cpp: 54:NV_NVDLA_csb_master::nvdla2csb_b_transport, base_addr: 0x1000


Info: NV_NVDLA_csb_master.cpp: 58:NV_NVDLA_csb_master::nvdla2csb_b_transport, csb req to GLB_BASE, 


Info: NV_NVDLA_csb_master.cpp: 59:Addr: 0x100c


Info: NV_NVDLA_csb_master.cpp: 60:Data: 0x7


Info: NV_NVDLA_csb_master.cpp: 61:Is write: 0x0


Info: NV_NVDLA_csb_master.cpp: 62:nposted: 0x0


Info: glb_reg_model.cpp: 44:glb_reg_model::GlbAccessRegister addr=0x100c data=0x7 is_write=0


Info: NV_NVDLA_csb_master.cpp: 273:NV_NVDLA_csb_master::glb2csb_resp_b_transport. Err bit: 0x0 Data: 0x150000


Info: NV_NVDLA_csb_master.cpp: 54:NV_NVDLA_csb_master::nvdla2csb_b_transport, base_addr: 0x1000


Info: NV_NVDLA_csb_master.cpp: 58:NV_NVDLA_csb_master::nvdla2csb_b_transport, csb req to GLB_BASE, 


Info: NV_NVDLA_csb_master.cpp: 59:Addr: 0x100c


Info: NV_NVDLA_csb_master.cpp: 60:Data: 0x7


Info: NV_NVDLA_csb_master.cpp: 61:Is write: 0x0


Info: NV_NVDLA_csb_master.cpp: 62:nposted: 0x0


Info: glb_reg_model.cpp: 44:glb_reg_model::GlbAccessRegister addr=0x100c data=0x7 is_write=0


Info: NV_NVDLA_csb_master.cpp: 273:NV_NVDLA_csb_master::glb2csb_resp_b_transport. Err bit: 0x0 Data: 0x150000


Info: NV_NVDLA_csb_master.cpp: 54:NV_NVDLA_csb_master::nvdla2csb_b_transport, base_addr: 0x1000


Info: NV_NVDLA_csb_master.cpp: 58:NV_NVDLA_csb_master::nvdla2csb_b_transport, csb req to GLB_BASE, 


Info: NV_NVDLA_csb_master.cpp: 59:Addr: 0x100c


Info: NV_NVDLA_csb_master.cpp: 60:Data: 0x7


Info: NV_NVDLA_csb_master.cpp: 61:Is write: 0x0


Info: NV_NVDLA_csb_master.cpp: 62:nposted: 0x0


Info: glb_reg_model.cpp: 44:glb_reg_model::GlbAccessRegister addr=0x100c data=0x7 is_write=0


Info: NV_NVDLA_csb_master.cpp: 273:NV_NVDLA_csb_master::glb2csb_resp_b_transport. Err bit: 0x0 Data: 0x150000


Info: NV_NVDLA_csb_master.cpp: 54:NV_NVDLA_csb_master::nvdla2csb_b_transport, base_addr: 0x1000


Info: NV_NVDLA_csb_master.cpp: 58:NV_NVDLA_csb_master::nvdla2csb_b_transport, csb req to GLB_BASE, 


Info: NV_NVDLA_csb_master.cpp: 59:Addr: 0x100c


Info: NV_NVDLA_csb_master.cpp: 60:Data: 0x7


Info: NV_NVDLA_csb_master.cpp: 61:Is write: 0x0


Info: NV_NVDLA_csb_master.cpp: 62:nposted: 0x0


Info: glb_reg_model.cpp: 44:glb_reg_model::GlbAccessRegister addr=0x100c data=0x7 is_write=0


Info: NV_NVDLA_csb_master.cpp: 273:NV_NVDLA_csb_master::glb2csb_resp_b_transport. Err bit: 0x0 Data: 0x150000


Info: NV_NVDLA_csb_master.cpp: 54:NV_NVDLA_csb_master::nvdla2csb_b_transport, base_addr: 0x1000


Info: NV_NVDLA_csb_master.cpp: 58:NV_NVDLA_csb_master::nvdla2csb_b_transport, csb req to GLB_BASE, 


Info: NV_NVDLA_csb_master.cpp: 59:Addr: 0x100c


Info: NV_NVDLA_csb_master.cpp: 60:Data: 0x7


Info: NV_NVDLA_csb_master.cpp: 61:Is write: 0x0


Info: NV_NVDLA_csb_master.cpp: 62:nposted: 0x0


Info: glb_reg_model.cpp: 44:glb_reg_model::GlbAccessRegister addr=0x100c data=0x7 is_write=0


Info: NV_NVDLA_csb_master.cpp: 273:NV_NVDLA_csb_master::glb2csb_resp_b_transport. Err bit: 0x0 Data: 0x150000


Info: NV_NVDLA_csb_master.cpp: 54:NV_NVDLA_csb_master::nvdla2csb_b_transport, base_addr: 0x1000


Info: NV_NVDLA_csb_master.cpp: 58:NV_NVDLA_csb_master::nvdla2csb_b_transport, csb req to GLB_BASE, 


Info: NV_NVDLA_csb_master.cpp: 59:Addr: 0x100c


Info: NV_NVDLA_csb_master.cpp: 60:Data: 0x7


Info: NV_NVDLA_csb_master.cpp: 61:Is write: 0x0


Info: NV_NVDLA_csb_master.cpp: 62:nposted: 0x0


Info: glb_reg_model.cpp: 44:glb_reg_model::GlbAccessRegister addr=0x100c data=0x7 is_write=0


Info: NV_NVDLA_csb_master.cpp: 273:NV_NVDLA_csb_master::glb2csb_resp_b_transport. Err bit: 0x0 Data: 0x150000


Info: NV_NVDLA_csb_master.cpp: 54:NV_NVDLA_csb_master::nvdla2csb_b_transport, base_addr: 0x1000


Info: NV_NVDLA_csb_master.cpp: 58:NV_NVDLA_csb_master::nvdla2csb_b_transport, csb req to GLB_BASE, 


Info: NV_NVDLA_csb_master.cpp: 59:Addr: 0x100c


Info: NV_NVDLA_csb_master.cpp: 60:Data: 0x7


Info: NV_NVDLA_csb_master.cpp: 61:Is write: 0x0


Info: NV_NVDLA_csb_master.cpp: 62:nposted: 0x0


Info: glb_reg_model.cpp: 44:glb_reg_model::GlbAccessRegister addr=0x100c data=0x7 is_write=0


Info: NV_NVDLA_csb_master.cpp: 273:NV_NVDLA_csb_master::glb2csb_resp_b_transport. Err bit: 0x0 Data: 0x150000


Info: NV_NVDLA_csb_master.cpp: 54:NV_NVDLA_csb_master::nvdla2csb_b_transport, base_addr: 0x1000


Info: NV_NVDLA_csb_master.cpp: 58:NV_NVDLA_csb_master::nvdla2csb_b_transport, csb req to GLB_BASE, 


Info: NV_NVDLA_csb_master.cpp: 59:Addr: 0x100c


Info: NV_NVDLA_csb_master.cpp: 60:Data: 0x7


Info: NV_NVDLA_csb_master.cpp: 61:Is write: 0x0


Info: NV_NVDLA_csb_master.cpp: 62:nposted: 0x0


Info: glb_reg_model.cpp: 44:glb_reg_model::GlbAccessRegister addr=0x100c data=0x7 is_write=0


Info: NV_NVDLA_csb_master.cpp: 273:NV_NVDLA_csb_master::glb2csb_resp_b_transport. Err bit: 0x0 Data: 0x150000


Info: NV_NVDLA_csb_master.cpp: 54:NV_NVDLA_csb_master::nvdla2csb_b_transport, base_addr: 0x1000


Info: NV_NVDLA_csb_master.cpp: 58:NV_NVDLA_csb_master::nvdla2csb_b_transport, csb req to GLB_BASE, 


Info: NV_NVDLA_csb_master.cpp: 59:Addr: 0x100c


Info: NV_NVDLA_csb_master.cpp: 60:Data: 0x7


Info: NV_NVDLA_csb_master.cpp: 61:Is write: 0x0


Info: NV_NVDLA_csb_master.cpp: 62:nposted: 0x0


Info: glb_reg_model.cpp: 44:glb_reg_model::GlbAccessRegister addr=0x100c data=0x7 is_write=0


Info: NV_NVDLA_csb_master.cpp: 273:NV_NVDLA_csb_master::glb2csb_resp_b_transport. Err bit: 0x0 Data: 0x150000


Info: NV_NVDLA_csb_master.cpp: 54:NV_NVDLA_csb_master::nvdla2csb_b_transport, base_addr: 0x1000


Info: NV_NVDLA_csb_master.cpp: 58:NV_NVDLA_csb_master::nvdla2csb_b_transport, csb req to GLB_BASE, 


Info: NV_NVDLA_csb_master.cpp: 59:Addr: 0x100c


Info: NV_NVDLA_csb_master.cpp: 60:Data: 0x7


Info: NV_NVDLA_csb_master.cpp: 61:Is write: 0x0


Info: NV_NVDLA_csb_master.cpp: 62:nposted: 0x0


Info: glb_reg_model.cpp: 44:glb_reg_model::GlbAccessRegister addr=0x100c data=0x7 is_write=0


Info: NV_NVDLA_csb_master.cpp: 273:NV_NVDLA_csb_master::glb2csb_resp_b_transport. Err bit: 0x0 Data: 0x150000


Info: NV_NVDLA_csb_master.cpp: 54:NV_NVDLA_csb_master::nvdla2csb_b_transport, base_addr: 0x1000


Info: NV_NVDLA_csb_master.cpp: 58:NV_NVDLA_csb_master::nvdla2csb_b_transport, csb req to GLB_BASE, 


Info: NV_NVDLA_csb_master.cpp: 59:Addr: 0x100c


Info: NV_NVDLA_csb_master.cpp: 60:Data: 0x7


Info: NV_NVDLA_csb_master.cpp: 61:Is write: 0x0


Info: NV_NVDLA_csb_master.cpp: 62:nposted: 0x0


Info: glb_reg_model.cpp: 44:glb_reg_model::GlbAccessRegister addr=0x100c data=0x7 is_write=0


Info: NV_NVDLA_csb_master.cpp: 273:NV_NVDLA_csb_master::glb2csb_resp_b_transport. Err bit: 0x0 Data: 0x150000


Info: NV_NVDLA_csb_master.cpp: 54:NV_NVDLA_csb_master::nvdla2csb_b_transport, base_addr: 0x1000


Info: NV_NVDLA_csb_master.cpp: 58:NV_NVDLA_csb_master::nvdla2csb_b_transport, csb req to GLB_BASE, 


Info: NV_NVDLA_csb_master.cpp: 59:Addr: 0x100c


Info: NV_NVDLA_csb_master.cpp: 60:Data: 0x7


Info: NV_NVDLA_csb_master.cpp: 61:Is write: 0x0


Info: NV_NVDLA_csb_master.cpp: 62:nposted: 0x0


Info: glb_reg_model.cpp: 44:glb_reg_model::GlbAccessRegister addr=0x100c data=0x7 is_write=0


Info: NV_NVDLA_csb_master.cpp: 273:NV_NVDLA_csb_master::glb2csb_resp_b_transport. Err bit: 0x0 Data: 0x150000


Info: NV_NVDLA_csb_master.cpp: 54:NV_NVDLA_csb_master::nvdla2csb_b_transport, base_addr: 0x1000


Info: NV_NVDLA_csb_master.cpp: 58:NV_NVDLA_csb_master::nvdla2csb_b_transport, csb req to GLB_BASE, 


Info: NV_NVDLA_csb_master.cpp: 59:Addr: 0x100c


Info: NV_NVDLA_csb_master.cpp: 60:Data: 0x7


Info: NV_NVDLA_csb_master.cpp: 61:Is write: 0x0


Info: NV_NVDLA_csb_master.cpp: 62:nposted: 0x0


Info: glb_reg_model.cpp: 44:glb_reg_model::GlbAccessRegister addr=0x100c data=0x7 is_write=0


Info: NV_NVDLA_csb_master.cpp: 273:NV_NVDLA_csb_master::glb2csb_resp_b_transport. Err bit: 0x0 Data: 0x150000


Info: NV_NVDLA_csb_master.cpp: 54:NV_NVDLA_csb_master::nvdla2csb_b_transport, base_addr: 0x1000


Info: NV_NVDLA_csb_master.cpp: 58:NV_NVDLA_csb_master::nvdla2csb_b_transport, csb req to GLB_BASE, 


Info: NV_NVDLA_csb_master.cpp: 59:Addr: 0x100c


Info: NV_NVDLA_csb_master.cpp: 60:Data: 0x7


Info: NV_NVDLA_csb_master.cpp: 61:Is write: 0x0


Info: NV_NVDLA_csb_master.cpp: 62:nposted: 0x0


Info: glb_reg_model.cpp: 44:glb_reg_model::GlbAccessRegister addr=0x100c data=0x7 is_write=0


Info: NV_NVDLA_csb_master.cpp: 273:NV_NVDLA_csb_master::glb2csb_resp_b_transport. Err bit: 0x0 Data: 0x150000


Info: NV_NVDLA_csb_master.cpp: 54:NV_NVDLA_csb_master::nvdla2csb_b_transport, base_addr: 0x1000


Info: NV_NVDLA_csb_master.cpp: 58:NV_NVDLA_csb_master::nvdla2csb_b_transport, csb req to GLB_BASE, 


Info: NV_NVDLA_csb_master.cpp: 59:Addr: 0x100c


Info: NV_NVDLA_csb_master.cpp: 60:Data: 0x7


Info: NV_NVDLA_csb_master.cpp: 61:Is write: 0x0


Info: NV_NVDLA_csb_master.cpp: 62:nposted: 0x0


Info: glb_reg_model.cpp: 44:glb_reg_model::GlbAccessRegister addr=0x100c data=0x7 is_write=0


Info: NV_NVDLA_csb_master.cpp: 273:NV_NVDLA_csb_master::glb2csb_resp_b_transport. Err bit: 0x0 Data: 0x150000


Info: NV_NVDLA_csb_master.cpp: 54:NV_NVDLA_csb_master::nvdla2csb_b_transport, base_addr: 0x1000


Info: NV_NVDLA_csb_master.cpp: 58:NV_NVDLA_csb_master::nvdla2csb_b_transport, csb req to GLB_BASE, 


Info: NV_NVDLA_csb_master.cpp: 59:Addr: 0x100c


Info: NV_NVDLA_csb_master.cpp: 60:Data: 0x7


Info: NV_NVDLA_csb_master.cpp: 61:Is write: 0x0


Info: NV_NVDLA_csb_master.cpp: 62:nposted: 0x0


Info: glb_reg_model.cpp: 44:glb_reg_model::GlbAccessRegister addr=0x100c data=0x7 is_write=0


Info: NV_NVDLA_csb_master.cpp: 273:NV_NVDLA_csb_master::glb2csb_resp_b_transport. Err bit: 0x0 Data: 0x150000


Info: NV_NVDLA_csb_master.cpp: 54:NV_NVDLA_csb_master::nvdla2csb_b_transport, base_addr: 0x1000


Info: NV_NVDLA_csb_master.cpp: 58:NV_NVDLA_csb_master::nvdla2csb_b_transport, csb req to GLB_BASE, 


Info: NV_NVDLA_csb_master.cpp: 59:Addr: 0x100c


Info: NV_NVDLA_csb_master.cpp: 60:Data: 0x7


Info: NV_NVDLA_csb_master.cpp: 61:Is write: 0x0


Info: NV_NVDLA_csb_master.cpp: 62:nposted: 0x0


Info: glb_reg_model.cpp: 44:glb_reg_model::GlbAccessRegister addr=0x100c data=0x7 is_write=0


Info: NV_NVDLA_csb_master.cpp: 273:NV_NVDLA_csb_master::glb2csb_resp_b_transport. Err bit: 0x0 Data: 0x150000


Info: NV_NVDLA_csb_master.cpp: 54:NV_NVDLA_csb_master::nvdla2csb_b_transport, base_addr: 0x1000


Info: NV_NVDLA_csb_master.cpp: 58:NV_NVDLA_csb_master::nvdla2csb_b_transport, csb req to GLB_BASE, 


Info: NV_NVDLA_csb_master.cpp: 59:Addr: 0x100c


Info: NV_NVDLA_csb_master.cpp: 60:Data: 0x7


Info: NV_NVDLA_csb_master.cpp: 61:Is write: 0x0


Info: NV_NVDLA_csb_master.cpp: 62:nposted: 0x0


Info: glb_reg_model.cpp: 44:glb_reg_model::GlbAccessRegister addr=0x100c data=0x7 is_write=0


Info: NV_NVDLA_csb_master.cpp: 273:NV_NVDLA_csb_master::glb2csb_resp_b_transport. Err bit: 0x0 Data: 0x150000


Info: NV_NVDLA_csb_master.cpp: 54:NV_NVDLA_csb_master::nvdla2csb_b_transport, base_addr: 0x1000


Info: NV_NVDLA_csb_master.cpp: 58:NV_NVDLA_csb_master::nvdla2csb_b_transport, csb req to GLB_BASE, 


Info: NV_NVDLA_csb_master.cpp: 59:Addr: 0x100c


Info: NV_NVDLA_csb_master.cpp: 60:Data: 0x7


Info: NV_NVDLA_csb_master.cpp: 61:Is write: 0x0


Info: NV_NVDLA_csb_master.cpp: 62:nposted: 0x0


Info: glb_reg_model.cpp: 44:glb_reg_model::GlbAccessRegister addr=0x100c data=0x7 is_write=0


Info: NV_NVDLA_csb_master.cpp: 273:NV_NVDLA_csb_master::glb2csb_resp_b_transport. Err bit: 0x0 Data: 0x150000


Info: NV_NVDLA_csb_master.cpp: 54:NV_NVDLA_csb_master::nvdla2csb_b_transport, base_addr: 0x1000


Info: NV_NVDLA_csb_master.cpp: 58:NV_NVDLA_csb_master::nvdla2csb_b_transport, csb req to GLB_BASE, 


Info: NV_NVDLA_csb_master.cpp: 59:Addr: 0x100c


Info: NV_NVDLA_csb_master.cpp: 60:Data: 0x7


Info: NV_NVDLA_csb_master.cpp: 61:Is write: 0x0


Info: NV_NVDLA_csb_master.cpp: 62:nposted: 0x0


Info: glb_reg_model.cpp: 44:glb_reg_model::GlbAccessRegister addr=0x100c data=0x7 is_write=0


Info: NV_NVDLA_csb_master.cpp: 273:NV_NVDLA_csb_master::glb2csb_resp_b_transport. Err bit: 0x0 Data: 0x150000


Info: NV_NVDLA_csb_master.cpp: 54:NV_NVDLA_csb_master::nvdla2csb_b_transport, base_addr: 0x1000


Info: NV_NVDLA_csb_master.cpp: 58:NV_NVDLA_csb_master::nvdla2csb_b_transport, csb req to GLB_BASE, 


Info: NV_NVDLA_csb_master.cpp: 59:Addr: 0x100c


Info: NV_NVDLA_csb_master.cpp: 60:Data: 0x7


Info: NV_NVDLA_csb_master.cpp: 61:Is write: 0x0


Info: NV_NVDLA_csb_master.cpp: 62:nposted: 0x0


Info: glb_reg_model.cpp: 44:glb_reg_model::GlbAccessRegister addr=0x100c data=0x7 is_write=0


Info: NV_NVDLA_csb_master.cpp: 273:NV_NVDLA_csb_master::glb2csb_resp_b_transport. Err bit: 0x0 Data: 0x150000


Info: NV_NVDLA_csb_master.cpp: 54:NV_NVDLA_csb_master::nvdla2csb_b_transport, base_addr: 0x1000


Info: NV_NVDLA_csb_master.cpp: 58:NV_NVDLA_csb_master::nvdla2csb_b_transport, csb req to GLB_BASE, 


Info: NV_NVDLA_csb_master.cpp: 59:Addr: 0x100c


Info: NV_NVDLA_csb_master.cpp: 60:Data: 0x7


Info: NV_NVDLA_csb_master.cpp: 61:Is write: 0x0


Info: NV_NVDLA_csb_master.cpp: 62:nposted: 0x0


Info: glb_reg_model.cpp: 44:glb_reg_model::GlbAccessRegister addr=0x100c data=0x7 is_write=0


Info: NV_NVDLA_csb_master.cpp: 273:NV_NVDLA_csb_master::glb2csb_resp_b_transport. Err bit: 0x0 Data: 0x150000


Info: NV_NVDLA_csb_master.cpp: 54:NV_NVDLA_csb_master::nvdla2csb_b_transport, base_addr: 0x1000


Info: NV_NVDLA_csb_master.cpp: 58:NV_NVDLA_csb_master::nvdla2csb_b_transport, csb req to GLB_BASE, 


Info: NV_NVDLA_csb_master.cpp: 59:Addr: 0x100c


Info: NV_NVDLA_csb_master.cpp: 60:Data: 0x7


Info: NV_NVDLA_csb_master.cpp: 61:Is write: 0x0


Info: NV_NVDLA_csb_master.cpp: 62:nposted: 0x0


Info: glb_reg_model.cpp: 44:glb_reg_model::GlbAccessRegister addr=0x100c data=0x7 is_write=0


Info: NV_NVDLA_csb_master.cpp: 273:NV_NVDLA_csb_master::glb2csb_resp_b_transport. Err bit: 0x0 Data: 0x150000


Info: NV_NVDLA_csb_master.cpp: 54:NV_NVDLA_csb_master::nvdla2csb_b_transport, base_addr: 0x1000


Info: NV_NVDLA_csb_master.cpp: 58:NV_NVDLA_csb_master::nvdla2csb_b_transport, csb req to GLB_BASE, 


Info: NV_NVDLA_csb_master.cpp: 59:Addr: 0x100c


Info: NV_NVDLA_csb_master.cpp: 60:Data: 0x7


Info: NV_NVDLA_csb_master.cpp: 61:Is write: 0x0


Info: NV_NVDLA_csb_master.cpp: 62:nposted: 0x0


Info: glb_reg_model.cpp: 44:glb_reg_model::GlbAccessRegister addr=0x100c data=0x7 is_write=0


Info: NV_NVDLA_csb_master.cpp: 273:NV_NVDLA_csb_master::glb2csb_resp_b_transport. Err bit: 0x0 Data: 0x150000


Info: NV_NVDLA_csb_master.cpp: 54:NV_NVDLA_csb_master::nvdla2csb_b_transport, base_addr: 0x1000


Info: NV_NVDLA_csb_master.cpp: 58:NV_NVDLA_csb_master::nvdla2csb_b_transport, csb req to GLB_BASE, 


Info: NV_NVDLA_csb_master.cpp: 59:Addr: 0x100c


Info: NV_NVDLA_csb_master.cpp: 60:Data: 0x7


Info: NV_NVDLA_csb_master.cpp: 61:Is write: 0x0


Info: NV_NVDLA_csb_master.cpp: 62:nposted: 0x0


Info: glb_reg_model.cpp: 44:glb_reg_model::GlbAccessRegister addr=0x100c data=0x7 is_write=0


Info: NV_NVDLA_csb_master.cpp: 273:NV_NVDLA_csb_master::glb2csb_resp_b_transport. Err bit: 0x0 Data: 0x150000


Info: NV_NVDLA_csb_master.cpp: 54:NV_NVDLA_csb_master::nvdla2csb_b_transport, base_addr: 0x1000


Info: NV_NVDLA_csb_master.cpp: 58:NV_NVDLA_csb_master::nvdla2csb_b_transport, csb req to GLB_BASE, 


Info: NV_NVDLA_csb_master.cpp: 59:Addr: 0x100c


Info: NV_NVDLA_csb_master.cpp: 60:Data: 0x7


Info: NV_NVDLA_csb_master.cpp: 61:Is write: 0x0


Info: NV_NVDLA_csb_master.cpp: 62:nposted: 0x0


Info: glb_reg_model.cpp: 44:glb_reg_model::GlbAccessRegister addr=0x100c data=0x7 is_write=0


Info: NV_NVDLA_csb_master.cpp: 273:NV_NVDLA_csb_master::glb2csb_resp_b_transport. Err bit: 0x0 Data: 0x150000


Info: NV_NVDLA_csb_master.cpp: 54:NV_NVDLA_csb_master::nvdla2csb_b_transport, base_addr: 0x1000


Info: NV_NVDLA_csb_master.cpp: 58:NV_NVDLA_csb_master::nvdla2csb_b_transport, csb req to GLB_BASE, 


Info: NV_NVDLA_csb_master.cpp: 59:Addr: 0x100c


Info: NV_NVDLA_csb_master.cpp: 60:Data: 0x7


Info: NV_NVDLA_csb_master.cpp: 61:Is write: 0x0


Info: NV_NVDLA_csb_master.cpp: 62:nposted: 0x0


Info: glb_reg_model.cpp: 44:glb_reg_model::GlbAccessRegister addr=0x100c data=0x7 is_write=0


Info: NV_NVDLA_csb_master.cpp: 273:NV_NVDLA_csb_master::glb2csb_resp_b_transport. Err bit: 0x0 Data: 0x150000


Info: NV_NVDLA_csb_master.cpp: 54:NV_NVDLA_csb_master::nvdla2csb_b_transport, base_addr: 0x1000


Info: NV_NVDLA_csb_master.cpp: 58:NV_NVDLA_csb_master::nvdla2csb_b_transport, csb req to GLB_BASE, 


Info: NV_NVDLA_csb_master.cpp: 59:Addr: 0x100c


Info: NV_NVDLA_csb_master.cpp: 60:Data: 0x7


Info: NV_NVDLA_csb_master.cpp: 61:Is write: 0x0


Info: NV_NVDLA_csb_master.cpp: 62:nposted: 0x0


Info: glb_reg_model.cpp: 44:glb_reg_model::GlbAccessRegister addr=0x100c data=0x7 is_write=0


Info: NV_NVDLA_csb_master.cpp: 273:NV_NVDLA_csb_master::glb2csb_resp_b_transport. Err bit: 0x0 Data: 0x150000


Info: NV_NVDLA_csb_master.cpp: 54:NV_NVDLA_csb_master::nvdla2csb_b_transport, base_addr: 0x1000


Info: NV_NVDLA_csb_master.cpp: 58:NV_NVDLA_csb_master::nvdla2csb_b_transport, csb req to GLB_BASE, 


Info: NV_NVDLA_csb_master.cpp: 59:Addr: 0x100c


Info: NV_NVDLA_csb_master.cpp: 60:Data: 0x7


Info: NV_NVDLA_csb_master.cpp: 61:Is write: 0x0


Info: NV_NVDLA_csb_master.cpp: 62:nposted: 0x0


Info: glb_reg_model.cpp: 44:glb_reg_model::GlbAccessRegister addr=0x100c data=0x7 is_write=0


Info: NV_NVDLA_csb_master.cpp: 273:NV_NVDLA_csb_master::glb2csb_resp_b_transport. Err bit: 0x0 Data: 0x150000


Info: NV_NVDLA_csb_master.cpp: 54:NV_NVDLA_csb_master::nvdla2csb_b_transport, base_addr: 0x1000


Info: NV_NVDLA_csb_master.cpp: 58:NV_NVDLA_csb_master::nvdla2csb_b_transport, csb req to GLB_BASE, 


Info: NV_NVDLA_csb_master.cpp: 59:Addr: 0x100c


Info: NV_NVDLA_csb_master.cpp: 60:Data: 0x7


Info: NV_NVDLA_csb_master.cpp: 61:Is write: 0x0


Info: NV_NVDLA_csb_master.cpp: 62:nposted: 0x0


Info: glb_reg_model.cpp: 44:glb_reg_model::GlbAccessRegister addr=0x100c data=0x7 is_write=0


Info: NV_NVDLA_csb_master.cpp: 273:NV_NVDLA_csb_master::glb2csb_resp_b_transport. Err bit: 0x0 Data: 0x150000


Info: NV_NVDLA_csb_master.cpp: 54:NV_NVDLA_csb_master::nvdla2csb_b_transport, base_addr: 0x1000


Info: NV_NVDLA_csb_master.cpp: 58:NV_NVDLA_csb_master::nvdla2csb_b_transport, csb req to GLB_BASE, 


Info: NV_NVDLA_csb_master.cpp: 59:Addr: 0x100c


Info: NV_NVDLA_csb_master.cpp: 60:Data: 0x7


Info: NV_NVDLA_csb_master.cpp: 61:Is write: 0x0


Info: NV_NVDLA_csb_master.cpp: 62:nposted: 0x0


Info: glb_reg_model.cpp: 44:glb_reg_model::GlbAccessRegister addr=0x100c data=0x7 is_write=0


Info: NV_NVDLA_csb_master.cpp: 273:NV_NVDLA_csb_master::glb2csb_resp_b_transport. Err bit: 0x0 Data: 0x150000


Info: NV_NVDLA_csb_master.cpp: 54:NV_NVDLA_csb_master::nvdla2csb_b_transport, base_addr: 0x1000


Info: NV_NVDLA_csb_master.cpp: 58:NV_NVDLA_csb_master::nvdla2csb_b_transport, csb req to GLB_BASE, 


Info: NV_NVDLA_csb_master.cpp: 59:Addr: 0x100c


Info: NV_NVDLA_csb_master.cpp: 60:Data: 0x7


Info: NV_NVDLA_csb_master.cpp: 61:Is write: 0x0


Info: NV_NVDLA_csb_master.cpp: 62:nposted: 0x0


Info: glb_reg_model.cpp: 44:glb_reg_model::GlbAccessRegister addr=0x100c data=0x7 is_write=0


Info: NV_NVDLA_csb_master.cpp: 273:NV_NVDLA_csb_master::glb2csb_resp_b_transport. Err bit: 0x0 Data: 0x150000


Info: NV_NVDLA_csb_master.cpp: 54:NV_NVDLA_csb_master::nvdla2csb_b_transport, base_addr: 0x1000


Info: NV_NVDLA_csb_master.cpp: 58:NV_NVDLA_csb_master::nvdla2csb_b_transport, csb req to GLB_BASE, 


Info: NV_NVDLA_csb_master.cpp: 59:Addr: 0x100c


Info: NV_NVDLA_csb_master.cpp: 60:Data: 0x7


Info: NV_NVDLA_csb_master.cpp: 61:Is write: 0x0


Info: NV_NVDLA_csb_master.cpp: 62:nposted: 0x0


Info: glb_reg_model.cpp: 44:glb_reg_model::GlbAccessRegister addr=0x100c data=0x7 is_write=0


Info: NV_NVDLA_csb_master.cpp: 273:NV_NVDLA_csb_master::glb2csb_resp_b_transport. Err bit: 0x0 Data: 0x150000


Info: NV_NVDLA_csb_master.cpp: 54:NV_NVDLA_csb_master::nvdla2csb_b_transport, base_addr: 0x1000


Info: NV_NVDLA_csb_master.cpp: 58:NV_NVDLA_csb_master::nvdla2csb_b_transport, csb req to GLB_BASE, 


Info: NV_NVDLA_csb_master.cpp: 59:Addr: 0x100c


Info: NV_NVDLA_csb_master.cpp: 60:Data: 0x7


Info: NV_NVDLA_csb_master.cpp: 61:Is write: 0x0


Info: NV_NVDLA_csb_master.cpp: 62:nposted: 0x0


Info: glb_reg_model.cpp: 44:glb_reg_model::GlbAccessRegister addr=0x100c data=0x7 is_write=0


Info: NV_NVDLA_csb_master.cpp: 273:NV_NVDLA_csb_master::glb2csb_resp_b_transport. Err bit: 0x0 Data: 0x150000


Info: NV_NVDLA_csb_master.cpp: 54:NV_NVDLA_csb_master::nvdla2csb_b_transport, base_addr: 0x1000


Info: NV_NVDLA_csb_master.cpp: 58:NV_NVDLA_csb_master::nvdla2csb_b_transport, csb req to GLB_BASE, 


Info: NV_NVDLA_csb_master.cpp: 59:Addr: 0x100c


Info: NV_NVDLA_csb_master.cpp: 60:Data: 0x7


Info: NV_NVDLA_csb_master.cpp: 61:Is write: 0x0


Info: NV_NVDLA_csb_master.cpp: 62:nposted: 0x0


Info: glb_reg_model.cpp: 44:glb_reg_model::GlbAccessRegister addr=0x100c data=0x7 is_write=0


Info: NV_NVDLA_csb_master.cpp: 273:NV_NVDLA_csb_master::glb2csb_resp_b_transport. Err bit: 0x0 Data: 0x150000


Info: NV_NVDLA_csb_master.cpp: 54:NV_NVDLA_csb_master::nvdla2csb_b_transport, base_addr: 0x1000


Info: NV_NVDLA_csb_master.cpp: 58:NV_NVDLA_csb_master::nvdla2csb_b_transport, csb req to GLB_BASE, 


Info: NV_NVDLA_csb_master.cpp: 59:Addr: 0x100c


Info: NV_NVDLA_csb_master.cpp: 60:Data: 0x7


Info: NV_NVDLA_csb_master.cpp: 61:Is write: 0x0


Info: NV_NVDLA_csb_master.cpp: 62:nposted: 0x0


Info: glb_reg_model.cpp: 44:glb_reg_model::GlbAccessRegister addr=0x100c data=0x7 is_write=0


Info: NV_NVDLA_csb_master.cpp: 273:NV_NVDLA_csb_master::glb2csb_resp_b_transport. Err bit: 0x0 Data: 0x150000


Info: NV_NVDLA_csb_master.cpp: 54:NV_NVDLA_csb_master::nvdla2csb_b_transport, base_addr: 0x1000


Info: NV_NVDLA_csb_master.cpp: 58:NV_NVDLA_csb_master::nvdla2csb_b_transport, csb req to GLB_BASE, 


Info: NV_NVDLA_csb_master.cpp: 59:Addr: 0x100c


Info: NV_NVDLA_csb_master.cpp: 60:Data: 0x7


Info: NV_NVDLA_csb_master.cpp: 61:Is write: 0x0


Info: NV_NVDLA_csb_master.cpp: 62:nposted: 0x0


Info: glb_reg_model.cpp: 44:glb_reg_model::GlbAccessRegister addr=0x100c data=0x7 is_write=0


Info: NV_NVDLA_csb_master.cpp: 273:NV_NVDLA_csb_master::glb2csb_resp_b_transport. Err bit: 0x0 Data: 0x150000


Info: NV_NVDLA_csb_master.cpp: 54:NV_NVDLA_csb_master::nvdla2csb_b_transport, base_addr: 0x1000


Info: NV_NVDLA_csb_master.cpp: 58:NV_NVDLA_csb_master::nvdla2csb_b_transport, csb req to GLB_BASE, 


Info: NV_NVDLA_csb_master.cpp: 59:Addr: 0x100c


Info: NV_NVDLA_csb_master.cpp: 60:Data: 0x7


Info: NV_NVDLA_csb_master.cpp: 61:Is write: 0x0


Info: NV_NVDLA_csb_master.cpp: 62:nposted: 0x0


Info: glb_reg_model.cpp: 44:glb_reg_model::GlbAccessRegister addr=0x100c data=0x7 is_write=0


Info: NV_NVDLA_csb_master.cpp: 273:NV_NVDLA_csb_master::glb2csb_resp_b_transport. Err bit: 0x0 Data: 0x150000


Info: NV_NVDLA_csb_master.cpp: 54:NV_NVDLA_csb_master::nvdla2csb_b_transport, base_addr: 0x1000


Info: NV_NVDLA_csb_master.cpp: 58:NV_NVDLA_csb_master::nvdla2csb_b_transport, csb req to GLB_BASE, 


Info: NV_NVDLA_csb_master.cpp: 59:Addr: 0x100c


Info: NV_NVDLA_csb_master.cpp: 60:Data: 0x7


Info: NV_NVDLA_csb_master.cpp: 61:Is write: 0x0


Info: NV_NVDLA_csb_master.cpp: 62:nposted: 0x0


Info: glb_reg_model.cpp: 44:glb_reg_model::GlbAccessRegister addr=0x100c data=0x7 is_write=0


Info: NV_NVDLA_csb_master.cpp: 273:NV_NVDLA_csb_master::glb2csb_resp_b_transport. Err bit: 0x0 Data: 0x150000


Info: NV_NVDLA_csb_master.cpp: 54:NV_NVDLA_csb_master::nvdla2csb_b_transport, base_addr: 0x1000


Info: NV_NVDLA_csb_master.cpp: 58:NV_NVDLA_csb_master::nvdla2csb_b_transport, csb req to GLB_BASE, 


Info: NV_NVDLA_csb_master.cpp: 59:Addr: 0x100c


Info: NV_NVDLA_csb_master.cpp: 60:Data: 0x7


Info: NV_NVDLA_csb_master.cpp: 61:Is write: 0x0


Info: NV_NVDLA_csb_master.cpp: 62:nposted: 0x0


Info: glb_reg_model.cpp: 44:glb_reg_model::GlbAccessRegister addr=0x100c data=0x7 is_write=0


Info: NV_NVDLA_csb_master.cpp: 273:NV_NVDLA_csb_master::glb2csb_resp_b_transport. Err bit: 0x0 Data: 0x150000


Info: NV_NVDLA_csb_master.cpp: 54:NV_NVDLA_csb_master::nvdla2csb_b_transport, base_addr: 0x1000


Info: NV_NVDLA_csb_master.cpp: 58:NV_NVDLA_csb_master::nvdla2csb_b_transport, csb req to GLB_BASE, 


Info: NV_NVDLA_csb_master.cpp: 59:Addr: 0x100c


Info: NV_NVDLA_csb_master.cpp: 60:Data: 0x7


Info: NV_NVDLA_csb_master.cpp: 61:Is write: 0x0


Info: NV_NVDLA_csb_master.cpp: 62:nposted: 0x0


Info: glb_reg_model.cpp: 44:glb_reg_model::GlbAccessRegister addr=0x100c data=0x7 is_write=0


Info: NV_NVDLA_csb_master.cpp: 273:NV_NVDLA_csb_master::glb2csb_resp_b_transport. Err bit: 0x0 Data: 0x150000


Info: NV_NVDLA_csb_master.cpp: 54:NV_NVDLA_csb_master::nvdla2csb_b_transport, base_addr: 0x1000


Info: NV_NVDLA_csb_master.cpp: 58:NV_NVDLA_csb_master::nvdla2csb_b_transport, csb req to GLB_BASE, 


Info: NV_NVDLA_csb_master.cpp: 59:Addr: 0x100c


Info: NV_NVDLA_csb_master.cpp: 60:Data: 0x7


Info: NV_NVDLA_csb_master.cpp: 61:Is write: 0x0


Info: NV_NVDLA_csb_master.cpp: 62:nposted: 0x0


Info: glb_reg_model.cpp: 44:glb_reg_model::GlbAccessRegister addr=0x100c data=0x7 is_write=0


Info: NV_NVDLA_csb_master.cpp: 273:NV_NVDLA_csb_master::glb2csb_resp_b_transport. Err bit: 0x0 Data: 0x150000


Info: NV_NVDLA_csb_master.cpp: 54:NV_NVDLA_csb_master::nvdla2csb_b_transport, base_addr: 0x1000


Info: NV_NVDLA_csb_master.cpp: 58:NV_NVDLA_csb_master::nvdla2csb_b_transport, csb req to GLB_BASE, 


Info: NV_NVDLA_csb_master.cpp: 59:Addr: 0x100c


Info: NV_NVDLA_csb_master.cpp: 60:Data: 0x7


Info: NV_NVDLA_csb_master.cpp: 61:Is write: 0x0


Info: NV_NVDLA_csb_master.cpp: 62:nposted: 0x0


Info: glb_reg_model.cpp: 44:glb_reg_model::GlbAccessRegister addr=0x100c data=0x7 is_write=0


Info: NV_NVDLA_csb_master.cpp: 273:NV_NVDLA_csb_master::glb2csb_resp_b_transport. Err bit: 0x0 Data: 0x150000


Info: NV_NVDLA_csb_master.cpp: 54:NV_NVDLA_csb_master::nvdla2csb_b_transport, base_addr: 0x1000


Info: NV_NVDLA_csb_master.cpp: 58:NV_NVDLA_csb_master::nvdla2csb_b_transport, csb req to GLB_BASE, 


Info: NV_NVDLA_csb_master.cpp: 59:Addr: 0x100c


Info: NV_NVDLA_csb_master.cpp: 60:Data: 0x7


Info: NV_NVDLA_csb_master.cpp: 61:Is write: 0x0


Info: NV_NVDLA_csb_master.cpp: 62:nposted: 0x0


Info: glb_reg_model.cpp: 44:glb_reg_model::GlbAccessRegister addr=0x100c data=0x7 is_write=0


Info: NV_NVDLA_csb_master.cpp: 273:NV_NVDLA_csb_master::glb2csb_resp_b_transport. Err bit: 0x0 Data: 0x150000


Info: NV_NVDLA_csb_master.cpp: 54:NV_NVDLA_csb_master::nvdla2csb_b_transport, base_addr: 0x1000


Info: NV_NVDLA_csb_master.cpp: 58:NV_NVDLA_csb_master::nvdla2csb_b_transport, csb req to GLB_BASE, 


Info: NV_NVDLA_csb_master.cpp: 59:Addr: 0x100c


Info: NV_NVDLA_csb_master.cpp: 60:Data: 0x7


Info: NV_NVDLA_csb_master.cpp: 61:Is write: 0x0


Info: NV_NVDLA_csb_master.cpp: 62:nposted: 0x0


Info: glb_reg_model.cpp: 44:glb_reg_model::GlbAccessRegister addr=0x100c data=0x7 is_write=0


Info: NV_NVDLA_csb_master.cpp: 273:NV_NVDLA_csb_master::glb2csb_resp_b_transport. Err bit: 0x0 Data: 0x150000


Info: NV_NVDLA_csb_master.cpp: 54:NV_NVDLA_csb_master::nvdla2csb_b_transport, base_addr: 0x1000


Info: NV_NVDLA_csb_master.cpp: 58:NV_NVDLA_csb_master::nvdla2csb_b_transport, csb req to GLB_BASE, 


Info: NV_NVDLA_csb_master.cpp: 59:Addr: 0x100c


Info: NV_NVDLA_csb_master.cpp: 60:Data: 0x7


Info: NV_NVDLA_csb_master.cpp: 61:Is write: 0x0


Info: NV_NVDLA_csb_master.cpp: 62:nposted: 0x0


Info: glb_reg_model.cpp: 44:glb_reg_model::GlbAccessRegister addr=0x100c data=0x7 is_write=0


Info: NV_NVDLA_csb_master.cpp: 273:NV_NVDLA_csb_master::glb2csb_resp_b_transport. Err bit: 0x0 Data: 0x150000


Info: NV_NVDLA_csb_master.cpp: 54:NV_NVDLA_csb_master::nvdla2csb_b_transport, base_addr: 0x1000


Info: NV_NVDLA_csb_master.cpp: 58:NV_NVDLA_csb_master::nvdla2csb_b_transport, csb req to GLB_BASE, 


Info: NV_NVDLA_csb_master.cpp: 59:Addr: 0x100c


Info: NV_NVDLA_csb_master.cpp: 60:Data: 0x7


Info: NV_NVDLA_csb_master.cpp: 61:Is write: 0x0


Info: NV_NVDLA_csb_master.cpp: 62:nposted: 0x0


Info: glb_reg_model.cpp: 44:glb_reg_model::GlbAccessRegister addr=0x100c data=0x7 is_write=0


Info: NV_NVDLA_csb_master.cpp: 273:NV_NVDLA_csb_master::glb2csb_resp_b_transport. Err bit: 0x0 Data: 0x150000


Info: NV_NVDLA_csb_master.cpp: 54:NV_NVDLA_csb_master::nvdla2csb_b_transport, base_addr: 0x1000


Info: NV_NVDLA_csb_master.cpp: 58:NV_NVDLA_csb_master::nvdla2csb_b_transport, csb req to GLB_BASE, 


Info: NV_NVDLA_csb_master.cpp: 59:Addr: 0x100c


Info: NV_NVDLA_csb_master.cpp: 60:Data: 0x7


Info: NV_NVDLA_csb_master.cpp: 61:Is write: 0x0


Info: NV_NVDLA_csb_master.cpp: 62:nposted: 0x0


Info: glb_reg_model.cpp: 44:glb_reg_model::GlbAccessRegister addr=0x100c data=0x7 is_write=0


Info: NV_NVDLA_csb_master.cpp: 273:NV_NVDLA_csb_master::glb2csb_resp_b_transport. Err bit: 0x0 Data: 0x150000


Info: NV_NVDLA_csb_master.cpp: 54:NV_NVDLA_csb_master::nvdla2csb_b_transport, base_addr: 0x1000


Info: NV_NVDLA_csb_master.cpp: 58:NV_NVDLA_csb_master::nvdla2csb_b_transport, csb req to GLB_BASE, 


Info: NV_NVDLA_csb_master.cpp: 59:Addr: 0x100c


Info: NV_NVDLA_csb_master.cpp: 60:Data: 0x7


Info: NV_NVDLA_csb_master.cpp: 61:Is write: 0x0


Info: NV_NVDLA_csb_master.cpp: 62:nposted: 0x0


Info: glb_reg_model.cpp: 44:glb_reg_model::GlbAccessRegister addr=0x100c data=0x7 is_write=0


Info: NV_NVDLA_csb_master.cpp: 273:NV_NVDLA_csb_master::glb2csb_resp_b_transport. Err bit: 0x0 Data: 0x150000


Info: NV_NVDLA_csb_master.cpp: 54:NV_NVDLA_csb_master::nvdla2csb_b_transport, base_addr: 0x1000


Info: NV_NVDLA_csb_master.cpp: 58:NV_NVDLA_csb_master::nvdla2csb_b_transport, csb req to GLB_BASE, 


Info: NV_NVDLA_csb_master.cpp: 59:Addr: 0x100c


Info: NV_NVDLA_csb_master.cpp: 60:Data: 0x7


Info: NV_NVDLA_csb_master.cpp: 61:Is write: 0x0


Info: NV_NVDLA_csb_master.cpp: 62:nposted: 0x0


Info: glb_reg_model.cpp: 44:glb_reg_model::GlbAccessRegister addr=0x100c data=0x7 is_write=0


Info: NV_NVDLA_csb_master.cpp: 273:NV_NVDLA_csb_master::glb2csb_resp_b_transport. Err bit: 0x0 Data: 0x150000


Info: NV_NVDLA_csb_master.cpp: 54:NV_NVDLA_csb_master::nvdla2csb_b_transport, base_addr: 0x1000


Info: NV_NVDLA_csb_master.cpp: 58:NV_NVDLA_csb_master::nvdla2csb_b_transport, csb req to GLB_BASE, 


Info: NV_NVDLA_csb_master.cpp: 59:Addr: 0x100c


Info: NV_NVDLA_csb_master.cpp: 60:Data: 0x7


Info: NV_NVDLA_csb_master.cpp: 61:Is write: 0x0


Info: NV_NVDLA_csb_master.cpp: 62:nposted: 0x0


Info: glb_reg_model.cpp: 44:glb_reg_model::GlbAccessRegister addr=0x100c data=0x7 is_write=0


Info: NV_NVDLA_csb_master.cpp: 273:NV_NVDLA_csb_master::glb2csb_resp_b_transport. Err bit: 0x0 Data: 0x150000


Info: NV_NVDLA_csb_master.cpp: 54:NV_NVDLA_csb_master::nvdla2csb_b_transport, base_addr: 0x1000


Info: NV_NVDLA_csb_master.cpp: 58:NV_NVDLA_csb_master::nvdla2csb_b_transport, csb req to GLB_BASE, 


Info: NV_NVDLA_csb_master.cpp: 59:Addr: 0x100c


Info: NV_NVDLA_csb_master.cpp: 60:Data: 0x7


Info: NV_NVDLA_csb_master.cpp: 61:Is write: 0x0


Info: NV_NVDLA_csb_master.cpp: 62:nposted: 0x0


Info: glb_reg_model.cpp: 44:glb_reg_model::GlbAccessRegister addr=0x100c data=0x7 is_write=0


Info: NV_NVDLA_csb_master.cpp: 273:NV_NVDLA_csb_master::glb2csb_resp_b_transport. Err bit: 0x0 Data: 0x150000


Info: NV_NVDLA_csb_master.cpp: 54:NV_NVDLA_csb_master::nvdla2csb_b_transport, base_addr: 0x1000


Info: NV_NVDLA_csb_master.cpp: 58:NV_NVDLA_csb_master::nvdla2csb_b_transport, csb req to GLB_BASE, 


Info: NV_NVDLA_csb_master.cpp: 59:Addr: 0x100c


Info: NV_NVDLA_csb_master.cpp: 60:Data: 0x7


Info: NV_NVDLA_csb_master.cpp: 61:Is write: 0x0


Info: NV_NVDLA_csb_master.cpp: 62:nposted: 0x0


Info: glb_reg_model.cpp: 44:glb_reg_model::GlbAccessRegister addr=0x100c data=0x7 is_write=0


Info: NV_NVDLA_csb_master.cpp: 273:NV_NVDLA_csb_master::glb2csb_resp_b_transport. Err bit: 0x0 Data: 0x150000


Info: NV_NVDLA_csb_master.cpp: 54:NV_NVDLA_csb_master::nvdla2csb_b_transport, base_addr: 0x1000


Info: NV_NVDLA_csb_master.cpp: 58:NV_NVDLA_csb_master::nvdla2csb_b_transport, csb req to GLB_BASE, 


Info: NV_NVDLA_csb_master.cpp: 59:Addr: 0x100c


Info: NV_NVDLA_csb_master.cpp: 60:Data: 0x7


Info: NV_NVDLA_csb_master.cpp: 61:Is write: 0x0


Info: NV_NVDLA_csb_master.cpp: 62:nposted: 0x0


Info: glb_reg_model.cpp: 44:glb_reg_model::GlbAccessRegister addr=0x100c data=0x7 is_write=0


Info: NV_NVDLA_csb_master.cpp: 273:NV_NVDLA_csb_master::glb2csb_resp_b_transport. Err bit: 0x0 Data: 0x150000


Info: NV_NVDLA_csb_master.cpp: 54:NV_NVDLA_csb_master::nvdla2csb_b_transport, base_addr: 0x1000


Info: NV_NVDLA_csb_master.cpp: 58:NV_NVDLA_csb_master::nvdla2csb_b_transport, csb req to GLB_BASE, 


Info: NV_NVDLA_csb_master.cpp: 59:Addr: 0x100c


Info: NV_NVDLA_csb_master.cpp: 60:Data: 0x7


Info: NV_NVDLA_csb_master.cpp: 61:Is write: 0x0


Info: NV_NVDLA_csb_master.cpp: 62:nposted: 0x0


Info: glb_reg_model.cpp: 44:glb_reg_model::GlbAccessRegister addr=0x100c data=0x7 is_write=0


Info: NV_NVDLA_csb_master.cpp: 273:NV_NVDLA_csb_master::glb2csb_resp_b_transport. Err bit: 0x0 Data: 0x150000


Info: NV_NVDLA_csb_master.cpp: 54:NV_NVDLA_csb_master::nvdla2csb_b_transport, base_addr: 0x1000


Info: NV_NVDLA_csb_master.cpp: 58:NV_NVDLA_csb_master::nvdla2csb_b_transport, csb req to GLB_BASE, 


Info: NV_NVDLA_csb_master.cpp: 59:Addr: 0x100c


Info: NV_NVDLA_csb_master.cpp: 60:Data: 0x7


Info: NV_NVDLA_csb_master.cpp: 61:Is write: 0x0


Info: NV_NVDLA_csb_master.cpp: 62:nposted: 0x0


Info: glb_reg_model.cpp: 44:glb_reg_model::GlbAccessRegister addr=0x100c data=0x7 is_write=0


Info: NV_NVDLA_csb_master.cpp: 273:NV_NVDLA_csb_master::glb2csb_resp_b_transport. Err bit: 0x0 Data: 0x150000


Info: NV_NVDLA_csb_master.cpp: 54:NV_NVDLA_csb_master::nvdla2csb_b_transport, base_addr: 0x1000


Info: NV_NVDLA_csb_master.cpp: 58:NV_NVDLA_csb_master::nvdla2csb_b_transport, csb req to GLB_BASE, 


Info: NV_NVDLA_csb_master.cpp: 59:Addr: 0x100c


Info: NV_NVDLA_csb_master.cpp: 60:Data: 0x7


Info: NV_NVDLA_csb_master.cpp: 61:Is write: 0x0


Info: NV_NVDLA_csb_master.cpp: 62:nposted: 0x0


Info: glb_reg_model.cpp: 44:glb_reg_model::GlbAccessRegister addr=0x100c data=0x7 is_write=0


Info: NV_NVDLA_csb_master.cpp: 273:NV_NVDLA_csb_master::glb2csb_resp_b_transport. Err bit: 0x0 Data: 0x150000


Info: NV_NVDLA_csb_master.cpp: 54:NV_NVDLA_csb_master::nvdla2csb_b_transport, base_addr: 0x1000


Info: NV_NVDLA_csb_master.cpp: 58:NV_NVDLA_csb_master::nvdla2csb_b_transport, csb req to GLB_BASE, 


Info: NV_NVDLA_csb_master.cpp: 59:Addr: 0x100c


Info: NV_NVDLA_csb_master.cpp: 60:Data: 0x7


Info: NV_NVDLA_csb_master.cpp: 61:Is write: 0x0


Info: NV_NVDLA_csb_master.cpp: 62:nposted: 0x0


Info: glb_reg_model.cpp: 44:glb_reg_model::GlbAccessRegister addr=0x100c data=0x7 is_write=0


Info: NV_NVDLA_csb_master.cpp: 273:NV_NVDLA_csb_master::glb2csb_resp_b_transport. Err bit: 0x0 Data: 0x150000


Info: NV_NVDLA_csb_master.cpp: 54:NV_NVDLA_csb_master::nvdla2csb_b_transport, base_addr: 0x1000


Info: NV_NVDLA_csb_master.cpp: 58:NV_NVDLA_csb_master::nvdla2csb_b_transport, csb req to GLB_BASE, 


Info: NV_NVDLA_csb_master.cpp: 59:Addr: 0x100c


Info: NV_NVDLA_csb_master.cpp: 60:Data: 0x7


Info: NV_NVDLA_csb_master.cpp: 61:Is write: 0x0


Info: NV_NVDLA_csb_master.cpp: 62:nposted: 0x0


Info: glb_reg_model.cpp: 44:glb_reg_model::GlbAccessRegister addr=0x100c data=0x7 is_write=0


Info: NV_NVDLA_csb_master.cpp: 273:NV_NVDLA_csb_master::glb2csb_resp_b_transport. Err bit: 0x0 Data: 0x150000


Info: NV_NVDLA_csb_master.cpp: 54:NV_NVDLA_csb_master::nvdla2csb_b_transport, base_addr: 0x1000


Info: NV_NVDLA_csb_master.cpp: 58:NV_NVDLA_csb_master::nvdla2csb_b_transport, csb req to GLB_BASE, 


Info: NV_NVDLA_csb_master.cpp: 59:Addr: 0x100c


Info: NV_NVDLA_csb_master.cpp: 60:Data: 0x7


Info: NV_NVDLA_csb_master.cpp: 61:Is write: 0x0


Info: NV_NVDLA_csb_master.cpp: 62:nposted: 0x0


Info: glb_reg_model.cpp: 44:glb_reg_model::GlbAccessRegister addr=0x100c data=0x7 is_write=0


Info: NV_NVDLA_csb_master.cpp: 273:NV_NVDLA_csb_master::glb2csb_resp_b_transport. Err bit: 0x0 Data: 0x150000


Info: NV_NVDLA_csb_master.cpp: 54:NV_NVDLA_csb_master::nvdla2csb_b_transport, base_addr: 0x1000


Info: NV_NVDLA_csb_master.cpp: 58:NV_NVDLA_csb_master::nvdla2csb_b_transport, csb req to GLB_BASE, 


Info: NV_NVDLA_csb_master.cpp: 59:Addr: 0x100c


Info: NV_NVDLA_csb_master.cpp: 60:Data: 0x7


Info: NV_NVDLA_csb_master.cpp: 61:Is write: 0x0


Info: NV_NVDLA_csb_master.cpp: 62:nposted: 0x0


Info: glb_reg_model.cpp: 44:glb_reg_model::GlbAccessRegister addr=0x100c data=0x7 is_write=0


Info: NV_NVDLA_csb_master.cpp: 273:NV_NVDLA_csb_master::glb2csb_resp_b_transport. Err bit: 0x0 Data: 0x150000


Info: NV_NVDLA_csb_master.cpp: 54:NV_NVDLA_csb_master::nvdla2csb_b_transport, base_addr: 0x1000


Info: NV_NVDLA_csb_master.cpp: 58:NV_NVDLA_csb_master::nvdla2csb_b_transport, csb req to GLB_BASE, 


Info: NV_NVDLA_csb_master.cpp: 59:Addr: 0x100c


Info: NV_NVDLA_csb_master.cpp: 60:Data: 0x7


Info: NV_NVDLA_csb_master.cpp: 61:Is write: 0x0


Info: NV_NVDLA_csb_master.cpp: 62:nposted: 0x0


Info: glb_reg_model.cpp: 44:glb_reg_model::GlbAccessRegister addr=0x100c data=0x7 is_write=0


Info: NV_NVDLA_csb_master.cpp: 273:NV_NVDLA_csb_master::glb2csb_resp_b_transport. Err bit: 0x0 Data: 0x150000


Info: NV_NVDLA_csb_master.cpp: 54:NV_NVDLA_csb_master::nvdla2csb_b_transport, base_addr: 0x1000


Info: NV_NVDLA_csb_master.cpp: 58:NV_NVDLA_csb_master::nvdla2csb_b_transport, csb req to GLB_BASE, 


Info: NV_NVDLA_csb_master.cpp: 59:Addr: 0x100c


Info: NV_NVDLA_csb_master.cpp: 60:Data: 0x7


Info: NV_NVDLA_csb_master.cpp: 61:Is write: 0x0


Info: NV_NVDLA_csb_master.cpp: 62:nposted: 0x0


Info: glb_reg_model.cpp: 44:glb_reg_model::GlbAccessRegister addr=0x100c data=0x7 is_write=0


Info: NV_NVDLA_csb_master.cpp: 273:NV_NVDLA_csb_master::glb2csb_resp_b_transport. Err bit: 0x0 Data: 0x150000


Info: NV_NVDLA_csb_master.cpp: 54:NV_NVDLA_csb_master::nvdla2csb_b_transport, base_addr: 0x1000


Info: NV_NVDLA_csb_master.cpp: 58:NV_NVDLA_csb_master::nvdla2csb_b_transport, csb req to GLB_BASE, 


Info: NV_NVDLA_csb_master.cpp: 59:Addr: 0x100c


Info: NV_NVDLA_csb_master.cpp: 60:Data: 0x7


Info: NV_NVDLA_csb_master.cpp: 61:Is write: 0x0


Info: NV_NVDLA_csb_master.cpp: 62:nposted: 0x0


Info: glb_reg_model.cpp: 44:glb_reg_model::GlbAccessRegister addr=0x100c data=0x7 is_write=0


Info: NV_NVDLA_csb_master.cpp: 273:NV_NVDLA_csb_master::glb2csb_resp_b_transport. Err bit: 0x0 Data: 0x150000


Info: NV_NVDLA_csb_master.cpp: 54:NV_NVDLA_csb_master::nvdla2csb_b_transport, base_addr: 0x1000


Info: NV_NVDLA_csb_master.cpp: 58:NV_NVDLA_csb_master::nvdla2csb_b_transport, csb req to GLB_BASE, 


Info: NV_NVDLA_csb_master.cpp: 59:Addr: 0x100c


Info: NV_NVDLA_csb_master.cpp: 60:Data: 0x7


Info: NV_NVDLA_csb_master.cpp: 61:Is write: 0x0


Info: NV_NVDLA_csb_master.cpp: 62:nposted: 0x0


Info: glb_reg_model.cpp: 44:glb_reg_model::GlbAccessRegister addr=0x100c data=0x7 is_write=0


Info: NV_NVDLA_csb_master.cpp: 273:NV_NVDLA_csb_master::glb2csb_resp_b_transport. Err bit: 0x0 Data: 0x150000


Info: NV_NVDLA_csb_master.cpp: 54:NV_NVDLA_csb_master::nvdla2csb_b_transport, base_addr: 0x1000


Info: NV_NVDLA_csb_master.cpp: 58:NV_NVDLA_csb_master::nvdla2csb_b_transport, csb req to GLB_BASE, 


Info: NV_NVDLA_csb_master.cpp: 59:Addr: 0x100c


Info: NV_NVDLA_csb_master.cpp: 60:Data: 0x7


Info: NV_NVDLA_csb_master.cpp: 61:Is write: 0x0


Info: NV_NVDLA_csb_master.cpp: 62:nposted: 0x0


Info: glb_reg_model.cpp: 44:glb_reg_model::GlbAccessRegister addr=0x100c data=0x7 is_write=0


Info: NV_NVDLA_csb_master.cpp: 273:NV_NVDLA_csb_master::glb2csb_resp_b_transport. Err bit: 0x0 Data: 0x150000


Info: NV_NVDLA_csb_master.cpp: 54:NV_NVDLA_csb_master::nvdla2csb_b_transport, base_addr: 0x1000


Info: NV_NVDLA_csb_master.cpp: 58:NV_NVDLA_csb_master::nvdla2csb_b_transport, csb req to GLB_BASE, 


Info: NV_NVDLA_csb_master.cpp: 59:Addr: 0x100c


Info: NV_NVDLA_csb_master.cpp: 60:Data: 0x7


Info: NV_NVDLA_csb_master.cpp: 61:Is write: 0x0


Info: NV_NVDLA_csb_master.cpp: 62:nposted: 0x0


Info: glb_reg_model.cpp: 44:glb_reg_model::GlbAccessRegister addr=0x100c data=0x7 is_write=0


Info: NV_NVDLA_csb_master.cpp: 273:NV_NVDLA_csb_master::glb2csb_resp_b_transport. Err bit: 0x0 Data: 0x150000


Info: NV_NVDLA_csb_master.cpp: 54:NV_NVDLA_csb_master::nvdla2csb_b_transport, base_addr: 0x1000


Info: NV_NVDLA_csb_master.cpp: 58:NV_NVDLA_csb_master::nvdla2csb_b_transport, csb req to GLB_BASE, 


Info: NV_NVDLA_csb_master.cpp: 59:Addr: 0x100c


Info: NV_NVDLA_csb_master.cpp: 60:Data: 0x7


Info: NV_NVDLA_csb_master.cpp: 61:Is write: 0x0


Info: NV_NVDLA_csb_master.cpp: 62:nposted: 0x0


Info: glb_reg_model.cpp: 44:glb_reg_model::GlbAccessRegister addr=0x100c data=0x7 is_write=0


Info: NV_NVDLA_csb_master.cpp: 273:NV_NVDLA_csb_master::glb2csb_resp_b_transport. Err bit: 0x0 Data: 0x150000


Info: NV_NVDLA_csb_master.cpp: 54:NV_NVDLA_csb_master::nvdla2csb_b_transport, base_addr: 0x1000


Info: NV_NVDLA_csb_master.cpp: 58:NV_NVDLA_csb_master::nvdla2csb_b_transport, csb req to GLB_BASE, 


Info: NV_NVDLA_csb_master.cpp: 59:Addr: 0x100c


Info: NV_NVDLA_csb_master.cpp: 60:Data: 0x7


Info: NV_NVDLA_csb_master.cpp: 61:Is write: 0x0


Info: NV_NVDLA_csb_master.cpp: 62:nposted: 0x0


Info: glb_reg_model.cpp: 44:glb_reg_model::GlbAccessRegister addr=0x100c data=0x7 is_write=0


Info: NV_NVDLA_csb_master.cpp: 273:NV_NVDLA_csb_master::glb2csb_resp_b_transport. Err bit: 0x0 Data: 0x150000


Info: NV_NVDLA_csb_master.cpp: 54:NV_NVDLA_csb_master::nvdla2csb_b_transport, base_addr: 0x1000


Info: NV_NVDLA_csb_master.cpp: 58:NV_NVDLA_csb_master::nvdla2csb_b_transport, csb req to GLB_BASE, 


Info: NV_NVDLA_csb_master.cpp: 59:Addr: 0x100c


Info: NV_NVDLA_csb_master.cpp: 60:Data: 0x7


Info: NV_NVDLA_csb_master.cpp: 61:Is write: 0x0


Info: NV_NVDLA_csb_master.cpp: 62:nposted: 0x0


Info: glb_reg_model.cpp: 44:glb_reg_model::GlbAccessRegister addr=0x100c data=0x7 is_write=0


Info: NV_NVDLA_csb_master.cpp: 273:NV_NVDLA_csb_master::glb2csb_resp_b_transport. Err bit: 0x0 Data: 0x150000


Info: NV_NVDLA_csb_master.cpp: 54:NV_NVDLA_csb_master::nvdla2csb_b_transport, base_addr: 0x1000


Info: NV_NVDLA_csb_master.cpp: 58:NV_NVDLA_csb_master::nvdla2csb_b_transport, csb req to GLB_BASE, 


Info: NV_NVDLA_csb_master.cpp: 59:Addr: 0x100c


Info: NV_NVDLA_csb_master.cpp: 60:Data: 0x7


Info: NV_NVDLA_csb_master.cpp: 61:Is write: 0x0


Info: NV_NVDLA_csb_master.cpp: 62:nposted: 0x0


Info: glb_reg_model.cpp: 44:glb_reg_model::GlbAccessRegister addr=0x100c data=0x7 is_write=0


Info: NV_NVDLA_csb_master.cpp: 273:NV_NVDLA_csb_master::glb2csb_resp_b_transport. Err bit: 0x0 Data: 0x150000


Info: NV_NVDLA_csb_master.cpp: 54:NV_NVDLA_csb_master::nvdla2csb_b_transport, base_addr: 0x1000


Info: NV_NVDLA_csb_master.cpp: 58:NV_NVDLA_csb_master::nvdla2csb_b_transport, csb req to GLB_BASE, 


Info: NV_NVDLA_csb_master.cpp: 59:Addr: 0x100c


Info: NV_NVDLA_csb_master.cpp: 60:Data: 0x7


Info: NV_NVDLA_csb_master.cpp: 61:Is write: 0x0


Info: NV_NVDLA_csb_master.cpp: 62:nposted: 0x0


Info: glb_reg_model.cpp: 44:glb_reg_model::GlbAccessRegister addr=0x100c data=0x7 is_write=0


Info: NV_NVDLA_csb_master.cpp: 273:NV_NVDLA_csb_master::glb2csb_resp_b_transport. Err bit: 0x0 Data: 0x150000


Info: NV_NVDLA_csb_master.cpp: 54:NV_NVDLA_csb_master::nvdla2csb_b_transport, base_addr: 0x1000


Info: NV_NVDLA_csb_master.cpp: 58:NV_NVDLA_csb_master::nvdla2csb_b_transport, csb req to GLB_BASE, 


Info: NV_NVDLA_csb_master.cpp: 59:Addr: 0x100c


Info: NV_NVDLA_csb_master.cpp: 60:Data: 0x7


Info: NV_NVDLA_csb_master.cpp: 61:Is write: 0x0


Info: NV_NVDLA_csb_master.cpp: 62:nposted: 0x0


Info: glb_reg_model.cpp: 44:glb_reg_model::GlbAccessRegister addr=0x100c data=0x7 is_write=0


Info: NV_NVDLA_csb_master.cpp: 273:NV_NVDLA_csb_master::glb2csb_resp_b_transport. Err bit: 0x0 Data: 0x150000


Info: NV_NVDLA_csb_master.cpp: 54:NV_NVDLA_csb_master::nvdla2csb_b_transport, base_addr: 0x1000


Info: NV_NVDLA_csb_master.cpp: 58:NV_NVDLA_csb_master::nvdla2csb_b_transport, csb req to GLB_BASE, 


Info: NV_NVDLA_csb_master.cpp: 59:Addr: 0x100c


Info: NV_NVDLA_csb_master.cpp: 60:Data: 0x7


Info: NV_NVDLA_csb_master.cpp: 61:Is write: 0x0


Info: NV_NVDLA_csb_master.cpp: 62:nposted: 0x0


Info: glb_reg_model.cpp: 44:glb_reg_model::GlbAccessRegister addr=0x100c data=0x7 is_write=0


Info: NV_NVDLA_csb_master.cpp: 273:NV_NVDLA_csb_master::glb2csb_resp_b_transport. Err bit: 0x0 Data: 0x150000


Info: NV_NVDLA_csb_master.cpp: 54:NV_NVDLA_csb_master::nvdla2csb_b_transport, base_addr: 0x1000


Info: NV_NVDLA_csb_master.cpp: 58:NV_NVDLA_csb_master::nvdla2csb_b_transport, csb req to GLB_BASE, 


Info: NV_NVDLA_csb_master.cpp: 59:Addr: 0x100c


Info: NV_NVDLA_csb_master.cpp: 60:Data: 0x7


Info: NV_NVDLA_csb_master.cpp: 61:Is write: 0x0


Info: NV_NVDLA_csb_master.cpp: 62:nposted: 0x0


Info: glb_reg_model.cpp: 44:glb_reg_model::GlbAccessRegister addr=0x100c data=0x7 is_write=0


Info: NV_NVDLA_csb_master.cpp: 273:NV_NVDLA_csb_master::glb2csb_resp_b_transport. Err bit: 0x0 Data: 0x150000


Info: NV_NVDLA_csb_master.cpp: 54:NV_NVDLA_csb_master::nvdla2csb_b_transport, base_addr: 0x1000


Info: NV_NVDLA_csb_master.cpp: 58:NV_NVDLA_csb_master::nvdla2csb_b_transport, csb req to GLB_BASE, 


Info: NV_NVDLA_csb_master.cpp: 59:Addr: 0x100c


Info: NV_NVDLA_csb_master.cpp: 60:Data: 0x7


Info: NV_NVDLA_csb_master.cpp: 61:Is write: 0x0


Info: NV_NVDLA_csb_master.cpp: 62:nposted: 0x0


Info: glb_reg_model.cpp: 44:glb_reg_model::GlbAccessRegister addr=0x100c data=0x7 is_write=0


Info: NV_NVDLA_csb_master.cpp: 273:NV_NVDLA_csb_master::glb2csb_resp_b_transport. Err bit: 0x0 Data: 0x150000


Info: NV_NVDLA_csb_master.cpp: 54:NV_NVDLA_csb_master::nvdla2csb_b_transport, base_addr: 0x1000


Info: NV_NVDLA_csb_master.cpp: 58:NV_NVDLA_csb_master::nvdla2csb_b_transport, csb req to GLB_BASE, 


Info: NV_NVDLA_csb_master.cpp: 59:Addr: 0x100c


Info: NV_NVDLA_csb_master.cpp: 60:Data: 0x7


Info: NV_NVDLA_csb_master.cpp: 61:Is write: 0x0


Info: NV_NVDLA_csb_master.cpp: 62:nposted: 0x0


Info: glb_reg_model.cpp: 44:glb_reg_model::GlbAccessRegister addr=0x100c data=0x7 is_write=0


Info: NV_NVDLA_csb_master.cpp: 273:NV_NVDLA_csb_master::glb2csb_resp_b_transport. Err bit: 0x0 Data: 0x150000


Info: NV_NVDLA_csb_master.cpp: 54:NV_NVDLA_csb_master::nvdla2csb_b_transport, base_addr: 0x1000


Info: NV_NVDLA_csb_master.cpp: 58:NV_NVDLA_csb_master::nvdla2csb_b_transport, csb req to GLB_BASE, 


Info: NV_NVDLA_csb_master.cpp: 59:Addr: 0x100c


Info: NV_NVDLA_csb_master.cpp: 60:Data: 0x7


Info: NV_NVDLA_csb_master.cpp: 61:Is write: 0x0


Info: NV_NVDLA_csb_master.cpp: 62:nposted: 0x0


Info: glb_reg_model.cpp: 44:glb_reg_model::GlbAccessRegister addr=0x100c data=0x7 is_write=0


Info: NV_NVDLA_csb_master.cpp: 273:NV_NVDLA_csb_master::glb2csb_resp_b_transport. Err bit: 0x0 Data: 0x150000


Info: NV_NVDLA_csb_master.cpp: 54:NV_NVDLA_csb_master::nvdla2csb_b_transport, base_addr: 0x1000


Info: NV_NVDLA_csb_master.cpp: 58:NV_NVDLA_csb_master::nvdla2csb_b_transport, csb req to GLB_BASE, 


Info: NV_NVDLA_csb_master.cpp: 59:Addr: 0x100c


Info: NV_NVDLA_csb_master.cpp: 60:Data: 0x7


Info: NV_NVDLA_csb_master.cpp: 61:Is write: 0x0


Info: NV_NVDLA_csb_master.cpp: 62:nposted: 0x0


Info: glb_reg_model.cpp: 44:glb_reg_model::GlbAccessRegister addr=0x100c data=0x7 is_write=0


Info: NV_NVDLA_csb_master.cpp: 273:NV_NVDLA_csb_master::glb2csb_resp_b_transport. Err bit: 0x0 Data: 0x150000


Info: NV_NVDLA_csb_master.cpp: 54:NV_NVDLA_csb_master::nvdla2csb_b_transport, base_addr: 0x1000


Info: NV_NVDLA_csb_master.cpp: 58:NV_NVDLA_csb_master::nvdla2csb_b_transport, csb req to GLB_BASE, 


Info: NV_NVDLA_csb_master.cpp: 59:Addr: 0x100c


Info: NV_NVDLA_csb_master.cpp: 60:Data: 0x7


Info: NV_NVDLA_csb_master.cpp: 61:Is write: 0x0


Info: NV_NVDLA_csb_master.cpp: 62:nposted: 0x0


Info: glb_reg_model.cpp: 44:glb_reg_model::GlbAccessRegister addr=0x100c data=0x7 is_write=0


Info: NV_NVDLA_csb_master.cpp: 273:NV_NVDLA_csb_master::glb2csb_resp_b_transport. Err bit: 0x0 Data: 0x150000


Info: NV_NVDLA_csb_master.cpp: 54:NV_NVDLA_csb_master::nvdla2csb_b_transport, base_addr: 0x1000


Info: NV_NVDLA_csb_master.cpp: 58:NV_NVDLA_csb_master::nvdla2csb_b_transport, csb req to GLB_BASE, 


Info: NV_NVDLA_csb_master.cpp: 59:Addr: 0x100c


Info: NV_NVDLA_csb_master.cpp: 60:Data: 0x7


Info: NV_NVDLA_csb_master.cpp: 61:Is write: 0x0


Info: NV_NVDLA_csb_master.cpp: 62:nposted: 0x0


Info: glb_reg_model.cpp: 44:glb_reg_model::GlbAccessRegister addr=0x100c data=0x7 is_write=0


Info: NV_NVDLA_csb_master.cpp: 273:NV_NVDLA_csb_master::glb2csb_resp_b_transport. Err bit: 0x0 Data: 0x150000


Info: NV_NVDLA_csb_master.cpp: 54:NV_NVDLA_csb_master::nvdla2csb_b_transport, base_addr: 0x1000


Info: NV_NVDLA_csb_master.cpp: 58:NV_NVDLA_csb_master::nvdla2csb_b_transport, csb req to GLB_BASE, 


Info: NV_NVDLA_csb_master.cpp: 59:Addr: 0x100c


Info: NV_NVDLA_csb_master.cpp: 60:Data: 0x7


Info: NV_NVDLA_csb_master.cpp: 61:Is write: 0x0


Info: NV_NVDLA_csb_master.cpp: 62:nposted: 0x0


Info: glb_reg_model.cpp: 44:glb_reg_model::GlbAccessRegister addr=0x100c data=0x7 is_write=0


Info: NV_NVDLA_csb_master.cpp: 273:NV_NVDLA_csb_master::glb2csb_resp_b_transport. Err bit: 0x0 Data: 0x150000


Info: NV_NVDLA_csb_master.cpp: 54:NV_NVDLA_csb_master::nvdla2csb_b_transport, base_addr: 0x1000


Info: NV_NVDLA_csb_master.cpp: 58:NV_NVDLA_csb_master::nvdla2csb_b_transport, csb req to GLB_BASE, 


Info: NV_NVDLA_csb_master.cpp: 59:Addr: 0x100c


Info: NV_NVDLA_csb_master.cpp: 60:Data: 0x7


Info: NV_NVDLA_csb_master.cpp: 61:Is write: 0x0


Info: NV_NVDLA_csb_master.cpp: 62:nposted: 0x0


Info: glb_reg_model.cpp: 44:glb_reg_model::GlbAccessRegister addr=0x100c data=0x7 is_write=0


Info: NV_NVDLA_csb_master.cpp: 273:NV_NVDLA_csb_master::glb2csb_resp_b_transport. Err bit: 0x0 Data: 0x150000


Info: NV_NVDLA_csb_master.cpp: 54:NV_NVDLA_csb_master::nvdla2csb_b_transport, base_addr: 0x1000


Info: NV_NVDLA_csb_master.cpp: 58:NV_NVDLA_csb_master::nvdla2csb_b_transport, csb req to GLB_BASE, 


Info: NV_NVDLA_csb_master.cpp: 59:Addr: 0x100c


Info: NV_NVDLA_csb_master.cpp: 60:Data: 0x7


Info: NV_NVDLA_csb_master.cpp: 61:Is write: 0x0


Info: NV_NVDLA_csb_master.cpp: 62:nposted: 0x0


Info: glb_reg_model.cpp: 44:glb_reg_model::GlbAccessRegister addr=0x100c data=0x7 is_write=0


Info: NV_NVDLA_csb_master.cpp: 273:NV_NVDLA_csb_master::glb2csb_resp_b_transport. Err bit: 0x0 Data: 0x150000


Info: NV_NVDLA_csb_master.cpp: 54:NV_NVDLA_csb_master::nvdla2csb_b_transport, base_addr: 0x1000


Info: NV_NVDLA_csb_master.cpp: 58:NV_NVDLA_csb_master::nvdla2csb_b_transport, csb req to GLB_BASE, 


Info: NV_NVDLA_csb_master.cpp: 59:Addr: 0x100c


Info: NV_NVDLA_csb_master.cpp: 60:Data: 0x7


Info: NV_NVDLA_csb_master.cpp: 61:Is write: 0x0


Info: NV_NVDLA_csb_master.cpp: 62:nposted: 0x0


Info: glb_reg_model.cpp: 44:glb_reg_model::GlbAccessRegister addr=0x100c data=0x7 is_write=0


Info: NV_NVDLA_csb_master.cpp: 273:NV_NVDLA_csb_master::glb2csb_resp_b_transport. Err bit: 0x0 Data: 0x150000


Info: NV_NVDLA_csb_master.cpp: 54:NV_NVDLA_csb_master::nvdla2csb_b_transport, base_addr: 0x1000


Info: NV_NVDLA_csb_master.cpp: 58:NV_NVDLA_csb_master::nvdla2csb_b_transport, csb req to GLB_BASE, 


Info: NV_NVDLA_csb_master.cpp: 59:Addr: 0x100c


Info: NV_NVDLA_csb_master.cpp: 60:Data: 0x7


Info: NV_NVDLA_csb_master.cpp: 61:Is write: 0x0


Info: NV_NVDLA_csb_master.cpp: 62:nposted: 0x0


Info: glb_reg_model.cpp: 44:glb_reg_model::GlbAccessRegister addr=0x100c data=0x7 is_write=0


Info: NV_NVDLA_csb_master.cpp: 273:NV_NVDLA_csb_master::glb2csb_resp_b_transport. Err bit: 0x0 Data: 0x150000


Info: NV_NVDLA_csb_master.cpp: 54:NV_NVDLA_csb_master::nvdla2csb_b_transport, base_addr: 0x1000


Info: NV_NVDLA_csb_master.cpp: 58:NV_NVDLA_csb_master::nvdla2csb_b_transport, csb req to GLB_BASE, 


Info: NV_NVDLA_csb_master.cpp: 59:Addr: 0x100c


Info: NV_NVDLA_csb_master.cpp: 60:Data: 0x7


Info: NV_NVDLA_csb_master.cpp: 61:Is write: 0x0


Info: NV_NVDLA_csb_master.cpp: 62:nposted: 0x0


Info: glb_reg_model.cpp: 44:glb_reg_model::GlbAccessRegister addr=0x100c data=0x7 is_write=0


Info: NV_NVDLA_csb_master.cpp: 273:NV_NVDLA_csb_master::glb2csb_resp_b_transport. Err bit: 0x0 Data: 0x150000


Info: NV_NVDLA_csb_master.cpp: 54:NV_NVDLA_csb_master::nvdla2csb_b_transport, base_addr: 0x1000


Info: NV_NVDLA_csb_master.cpp: 58:NV_NVDLA_csb_master::nvdla2csb_b_transport, csb req to GLB_BASE, 


Info: NV_NVDLA_csb_master.cpp: 59:Addr: 0x100c


Info: NV_NVDLA_csb_master.cpp: 60:Data: 0x7


Info: NV_NVDLA_csb_master.cpp: 61:Is write: 0x0


Info: NV_NVDLA_csb_master.cpp: 62:nposted: 0x0


Info: glb_reg_model.cpp: 44:glb_reg_model::GlbAccessRegister addr=0x100c data=0x7 is_write=0


Info: NV_NVDLA_csb_master.cpp: 273:NV_NVDLA_csb_master::glb2csb_resp_b_transport. Err bit: 0x0 Data: 0x150000


Info: NV_NVDLA_csb_master.cpp: 54:NV_NVDLA_csb_master::nvdla2csb_b_transport, base_addr: 0x1000


Info: NV_NVDLA_csb_master.cpp: 58:NV_NVDLA_csb_master::nvdla2csb_b_transport, csb req to GLB_BASE, 


Info: NV_NVDLA_csb_master.cpp: 59:Addr: 0x100c


Info: NV_NVDLA_csb_master.cpp: 60:Data: 0x7


Info: NV_NVDLA_csb_master.cpp: 61:Is write: 0x0


Info: NV_NVDLA_csb_master.cpp: 62:nposted: 0x0


Info: glb_reg_model.cpp: 44:glb_reg_model::GlbAccessRegister addr=0x100c data=0x7 is_write=0


Info: NV_NVDLA_csb_master.cpp: 273:NV_NVDLA_csb_master::glb2csb_resp_b_transport. Err bit: 0x0 Data: 0x150000


Info: NV_NVDLA_csb_master.cpp: 54:NV_NVDLA_csb_master::nvdla2csb_b_transport, base_addr: 0x1000


Info: NV_NVDLA_csb_master.cpp: 58:NV_NVDLA_csb_master::nvdla2csb_b_transport, csb req to GLB_BASE, 


Info: NV_NVDLA_csb_master.cpp: 59:Addr: 0x100c


Info: NV_NVDLA_csb_master.cpp: 60:Data: 0x7


Info: NV_NVDLA_csb_master.cpp: 61:Is write: 0x0


Info: NV_NVDLA_csb_master.cpp: 62:nposted: 0x0


Info: glb_reg_model.cpp: 44:glb_reg_model::GlbAccessRegister addr=0x100c data=0x7 is_write=0


Info: NV_NVDLA_csb_master.cpp: 273:NV_NVDLA_csb_master::glb2csb_resp_b_transport. Err bit: 0x0 Data: 0x150000


Info: NV_NVDLA_csb_master.cpp: 54:NV_NVDLA_csb_master::nvdla2csb_b_transport, base_addr: 0x1000


Info: NV_NVDLA_csb_master.cpp: 58:NV_NVDLA_csb_master::nvdla2csb_b_transport, csb req to GLB_BASE, 


Info: NV_NVDLA_csb_master.cpp: 59:Addr: 0x100c


Info: NV_NVDLA_csb_master.cpp: 60:Data: 0x7


Info: NV_NVDLA_csb_master.cpp: 61:Is write: 0x0


Info: NV_NVDLA_csb_master.cpp: 62:nposted: 0x0


Info: glb_reg_model.cpp: 44:glb_reg_model::GlbAccessRegister addr=0x100c data=0x7 is_write=0


Info: NV_NVDLA_csb_master.cpp: 273:NV_NVDLA_csb_master::glb2csb_resp_b_transport. Err bit: 0x0 Data: 0x150000


Info: NV_NVDLA_csb_master.cpp: 54:NV_NVDLA_csb_master::nvdla2csb_b_transport, base_addr: 0x1000


Info: NV_NVDLA_csb_master.cpp: 58:NV_NVDLA_csb_master::nvdla2csb_b_transport, csb req to GLB_BASE, 


Info: NV_NVDLA_csb_master.cpp: 59:Addr: 0x100c


Info: NV_NVDLA_csb_master.cpp: 60:Data: 0x7


Info: NV_NVDLA_csb_master.cpp: 61:Is write: 0x0


Info: NV_NVDLA_csb_master.cpp: 62:nposted: 0x0


Info: glb_reg_model.cpp: 44:glb_reg_model::GlbAccessRegister addr=0x100c data=0x7 is_write=0


Info: NV_NVDLA_csb_master.cpp: 273:NV_NVDLA_csb_master::glb2csb_resp_b_transport. Err bit: 0x0 Data: 0x150000


Info: NV_NVDLA_csb_master.cpp: 54:NV_NVDLA_csb_master::nvdla2csb_b_transport, base_addr: 0x1000


Info: NV_NVDLA_csb_master.cpp: 58:NV_NVDLA_csb_master::nvdla2csb_b_transport, csb req to GLB_BASE, 


Info: NV_NVDLA_csb_master.cpp: 59:Addr: 0x100c


Info: NV_NVDLA_csb_master.cpp: 60:Data: 0x7


Info: NV_NVDLA_csb_master.cpp: 61:Is write: 0x0


Info: NV_NVDLA_csb_master.cpp: 62:nposted: 0x0


Info: glb_reg_model.cpp: 44:glb_reg_model::GlbAccessRegister addr=0x100c data=0x7 is_write=0


Info: NV_NVDLA_csb_master.cpp: 273:NV_NVDLA_csb_master::glb2csb_resp_b_transport. Err bit: 0x0 Data: 0x150000


Info: NV_NVDLA_csb_master.cpp: 54:NV_NVDLA_csb_master::nvdla2csb_b_transport, base_addr: 0x1000


Info: NV_NVDLA_csb_master.cpp: 58:NV_NVDLA_csb_master::nvdla2csb_b_transport, csb req to GLB_BASE, 


Info: NV_NVDLA_csb_master.cpp: 59:Addr: 0x100c


Info: NV_NVDLA_csb_master.cpp: 60:Data: 0x7


Info: NV_NVDLA_csb_master.cpp: 61:Is write: 0x0


Info: NV_NVDLA_csb_master.cpp: 62:nposted: 0x0


Info: glb_reg_model.cpp: 44:glb_reg_model::GlbAccessRegister addr=0x100c data=0x7 is_write=0


Info: NV_NVDLA_csb_master.cpp: 273:NV_NVDLA_csb_master::glb2csb_resp_b_transport. Err bit: 0x0 Data: 0x150000


Info: NV_NVDLA_csb_master.cpp: 54:NV_NVDLA_csb_master::nvdla2csb_b_transport, base_addr: 0x1000


Info: NV_NVDLA_csb_master.cpp: 58:NV_NVDLA_csb_master::nvdla2csb_b_transport, csb req to GLB_BASE, 


Info: NV_NVDLA_csb_master.cpp: 59:Addr: 0x100c


Info: NV_NVDLA_csb_master.cpp: 60:Data: 0x7


Info: NV_NVDLA_csb_master.cpp: 61:Is write: 0x0


Info: NV_NVDLA_csb_master.cpp: 62:nposted: 0x0


Info: glb_reg_model.cpp: 44:glb_reg_model::GlbAccessRegister addr=0x100c data=0x7 is_write=0


Info: NV_NVDLA_csb_master.cpp: 273:NV_NVDLA_csb_master::glb2csb_resp_b_transport. Err bit: 0x0 Data: 0x150000


Info: NV_NVDLA_csb_master.cpp: 54:NV_NVDLA_csb_master::nvdla2csb_b_transport, base_addr: 0x1000


Info: NV_NVDLA_csb_master.cpp: 58:NV_NVDLA_csb_master::nvdla2csb_b_transport, csb req to GLB_BASE, 


Info: NV_NVDLA_csb_master.cpp: 59:Addr: 0x100c


Info: NV_NVDLA_csb_master.cpp: 60:Data: 0x7


Info: NV_NVDLA_csb_master.cpp: 61:Is write: 0x0


Info: NV_NVDLA_csb_master.cpp: 62:nposted: 0x0


Info: glb_reg_model.cpp: 44:glb_reg_model::GlbAccessRegister addr=0x100c data=0x7 is_write=0


Info: NV_NVDLA_csb_master.cpp: 273:NV_NVDLA_csb_master::glb2csb_resp_b_transport. Err bit: 0x0 Data: 0x150000


Info: NV_NVDLA_csb_master.cpp: 54:NV_NVDLA_csb_master::nvdla2csb_b_transport, base_addr: 0x1000


Info: NV_NVDLA_csb_master.cpp: 58:NV_NVDLA_csb_master::nvdla2csb_b_transport, csb req to GLB_BASE, 


Info: NV_NVDLA_csb_master.cpp: 59:Addr: 0x100c


Info: NV_NVDLA_csb_master.cpp: 60:Data: 0x7


Info: NV_NVDLA_csb_master.cpp: 61:Is write: 0x0


Info: NV_NVDLA_csb_master.cpp: 62:nposted: 0x0


Info: glb_reg_model.cpp: 44:glb_reg_model::GlbAccessRegister addr=0x100c data=0x7 is_write=0


Info: NV_NVDLA_csb_master.cpp: 273:NV_NVDLA_csb_master::glb2csb_resp_b_transport. Err bit: 0x0 Data: 0x150000


Info: NV_NVDLA_csb_master.cpp: 54:NV_NVDLA_csb_master::nvdla2csb_b_transport, base_addr: 0x1000


Info: NV_NVDLA_csb_master.cpp: 58:NV_NVDLA_csb_master::nvdla2csb_b_transport, csb req to GLB_BASE, 


Info: NV_NVDLA_csb_master.cpp: 59:Addr: 0x100c


Info: NV_NVDLA_csb_master.cpp: 60:Data: 0x7


Info: NV_NVDLA_csb_master.cpp: 61:Is write: 0x0


Info: NV_NVDLA_csb_master.cpp: 62:nposted: 0x0


Info: glb_reg_model.cpp: 44:glb_reg_model::GlbAccessRegister addr=0x100c data=0x7 is_write=0


Info: NV_NVDLA_csb_master.cpp: 273:NV_NVDLA_csb_master::glb2csb_resp_b_transport. Err bit: 0x0 Data: 0x150000


Info: NV_NVDLA_csb_master.cpp: 54:NV_NVDLA_csb_master::nvdla2csb_b_transport, base_addr: 0x1000


Info: NV_NVDLA_csb_master.cpp: 58:NV_NVDLA_csb_master::nvdla2csb_b_transport, csb req to GLB_BASE, 


Info: NV_NVDLA_csb_master.cpp: 59:Addr: 0x100c


Info: NV_NVDLA_csb_master.cpp: 60:Data: 0x7


Info: NV_NVDLA_csb_master.cpp: 61:Is write: 0x0


Info: NV_NVDLA_csb_master.cpp: 62:nposted: 0x0


Info: glb_reg_model.cpp: 44:glb_reg_model::GlbAccessRegister addr=0x100c data=0x7 is_write=0


Info: NV_NVDLA_csb_master.cpp: 273:NV_NVDLA_csb_master::glb2csb_resp_b_transport. Err bit: 0x0 Data: 0x150000


Info: NV_NVDLA_csb_master.cpp: 54:NV_NVDLA_csb_master::nvdla2csb_b_transport, base_addr: 0x1000


Info: NV_NVDLA_csb_master.cpp: 58:NV_NVDLA_csb_master::nvdla2csb_b_transport, csb req to GLB_BASE, 


Info: NV_NVDLA_csb_master.cpp: 59:Addr: 0x100c


Info: NV_NVDLA_csb_master.cpp: 60:Data: 0x7


Info: NV_NVDLA_csb_master.cpp: 61:Is write: 0x0


Info: NV_NVDLA_csb_master.cpp: 62:nposted: 0x0


Info: glb_reg_model.cpp: 44:glb_reg_model::GlbAccessRegister addr=0x100c data=0x7 is_write=0


Info: NV_NVDLA_csb_master.cpp: 273:NV_NVDLA_csb_master::glb2csb_resp_b_transport. Err bit: 0x0 Data: 0x150000


Info: NV_NVDLA_csb_master.cpp: 54:NV_NVDLA_csb_master::nvdla2csb_b_transport, base_addr: 0x1000


Info: NV_NVDLA_csb_master.cpp: 58:NV_NVDLA_csb_master::nvdla2csb_b_transport, csb req to GLB_BASE, 


Info: NV_NVDLA_csb_master.cpp: 59:Addr: 0x100c


Info: NV_NVDLA_csb_master.cpp: 60:Data: 0x7


Info: NV_NVDLA_csb_master.cpp: 61:Is write: 0x0


Info: NV_NVDLA_csb_master.cpp: 62:nposted: 0x0


Info: glb_reg_model.cpp: 44:glb_reg_model::GlbAccessRegister addr=0x100c data=0x7 is_write=0


Info: NV_NVDLA_csb_master.cpp: 273:NV_NVDLA_csb_master::glb2csb_resp_b_transport. Err bit: 0x0 Data: 0x150000


Info: NV_NVDLA_csb_master.cpp: 54:NV_NVDLA_csb_master::nvdla2csb_b_transport, base_addr: 0x1000


Info: NV_NVDLA_csb_master.cpp: 58:NV_NVDLA_csb_master::nvdla2csb_b_transport, csb req to GLB_BASE, 


Info: NV_NVDLA_csb_master.cpp: 59:Addr: 0x100c


Info: NV_NVDLA_csb_master.cpp: 60:Data: 0x7


Info: NV_NVDLA_csb_master.cpp: 61:Is write: 0x0


Info: NV_NVDLA_csb_master.cpp: 62:nposted: 0x0


Info: glb_reg_model.cpp: 44:glb_reg_model::GlbAccessRegister addr=0x100c data=0x7 is_write=0


Info: NV_NVDLA_csb_master.cpp: 273:NV_NVDLA_csb_master::glb2csb_resp_b_transport. Err bit: 0x0 Data: 0x150000


Info: NV_NVDLA_csb_master.cpp: 54:NV_NVDLA_csb_master::nvdla2csb_b_transport, base_addr: 0x1000


Info: NV_NVDLA_csb_master.cpp: 58:NV_NVDLA_csb_master::nvdla2csb_b_transport, csb req to GLB_BASE, 


Info: NV_NVDLA_csb_master.cpp: 59:Addr: 0x100c


Info: NV_NVDLA_csb_master.cpp: 60:Data: 0x7


Info: NV_NVDLA_csb_master.cpp: 61:Is write: 0x0


Info: NV_NVDLA_csb_master.cpp: 62:nposted: 0x0


Info: glb_reg_model.cpp: 44:glb_reg_model::GlbAccessRegister addr=0x100c data=0x7 is_write=0


Info: NV_NVDLA_csb_master.cpp: 273:NV_NVDLA_csb_master::glb2csb_resp_b_transport. Err bit: 0x0 Data: 0x150000


Info: NV_NVDLA_csb_master.cpp: 54:NV_NVDLA_csb_master::nvdla2csb_b_transport, base_addr: 0x1000


Info: NV_NVDLA_csb_master.cpp: 58:NV_NVDLA_csb_master::nvdla2csb_b_transport, csb req to GLB_BASE, 


Info: NV_NVDLA_csb_master.cpp: 59:Addr: 0x100c


Info: NV_NVDLA_csb_master.cpp: 60:Data: 0x7


Info: NV_NVDLA_csb_master.cpp: 61:Is write: 0x0


Info: NV_NVDLA_csb_master.cpp: 62:nposted: 0x0


Info: glb_reg_model.cpp: 44:glb_reg_model::GlbAccessRegister addr=0x100c data=0x7 is_write=0


Info: NV_NVDLA_csb_master.cpp: 273:NV_NVDLA_csb_master::glb2csb_resp_b_transport. Err bit: 0x0 Data: 0x150000


Info: NV_NVDLA_csb_master.cpp: 54:NV_NVDLA_csb_master::nvdla2csb_b_transport, base_addr: 0x1000


Info: NV_NVDLA_csb_master.cpp: 58:NV_NVDLA_csb_master::nvdla2csb_b_transport, csb req to GLB_BASE, 


Info: NV_NVDLA_csb_master.cpp: 59:Addr: 0x100c


Info: NV_NVDLA_csb_master.cpp: 60:Data: 0x7


Info: NV_NVDLA_csb_master.cpp: 61:Is write: 0x0


Info: NV_NVDLA_csb_master.cpp: 62:nposted: 0x0


Info: glb_reg_model.cpp: 44:glb_reg_model::GlbAccessRegister addr=0x100c data=0x7 is_write=0


Info: NV_NVDLA_csb_master.cpp: 273:NV_NVDLA_csb_master::glb2csb_resp_b_transport. Err bit: 0x0 Data: 0x150000


Info: NV_NVDLA_csb_master.cpp: 54:NV_NVDLA_csb_master::nvdla2csb_b_transport, base_addr: 0x1000


Info: NV_NVDLA_csb_master.cpp: 58:NV_NVDLA_csb_master::nvdla2csb_b_transport, csb req to GLB_BASE, 


Info: NV_NVDLA_csb_master.cpp: 59:Addr: 0x100c


Info: NV_NVDLA_csb_master.cpp: 60:Data: 0x7


Info: NV_NVDLA_csb_master.cpp: 61:Is write: 0x0


Info: NV_NVDLA_csb_master.cpp: 62:nposted: 0x0


Info: glb_reg_model.cpp: 44:glb_reg_model::GlbAccessRegister addr=0x100c data=0x7 is_write=0


Info: NV_NVDLA_csb_master.cpp: 273:NV_NVDLA_csb_master::glb2csb_resp_b_transport. Err bit: 0x0 Data: 0x150000


Info: NV_NVDLA_csb_master.cpp: 54:NV_NVDLA_csb_master::nvdla2csb_b_transport, base_addr: 0x1000


Info: NV_NVDLA_csb_master.cpp: 58:NV_NVDLA_csb_master::nvdla2csb_b_transport, csb req to GLB_BASE, 


Info: NV_NVDLA_csb_master.cpp: 59:Addr: 0x100c


Info: NV_NVDLA_csb_master.cpp: 60:Data: 0x7


Info: NV_NVDLA_csb_master.cpp: 61:Is write: 0x0


Info: NV_NVDLA_csb_master.cpp: 62:nposted: 0x0


Info: glb_reg_model.cpp: 44:glb_reg_model::GlbAccessRegister addr=0x100c data=0x7 is_write=0


Info: NV_NVDLA_csb_master.cpp: 273:NV_NVDLA_csb_master::glb2csb_resp_b_transport. Err bit: 0x0 Data: 0x150000


Info: NV_NVDLA_csb_master.cpp: 54:NV_NVDLA_csb_master::nvdla2csb_b_transport, base_addr: 0x1000


Info: NV_NVDLA_csb_master.cpp: 58:NV_NVDLA_csb_master::nvdla2csb_b_transport, csb req to GLB_BASE, 


Info: NV_NVDLA_csb_master.cpp: 59:Addr: 0x100c


Info: NV_NVDLA_csb_master.cpp: 60:Data: 0x7


Info: NV_NVDLA_csb_master.cpp: 61:Is write: 0x0


Info: NV_NVDLA_csb_master.cpp: 62:nposted: 0x0


Info: glb_reg_model.cpp: 44:glb_reg_model::GlbAccessRegister addr=0x100c data=0x7 is_write=0


Info: NV_NVDLA_csb_master.cpp: 273:NV_NVDLA_csb_master::glb2csb_resp_b_transport. Err bit: 0x0 Data: 0x150000


Info: NV_NVDLA_csb_master.cpp: 54:NV_NVDLA_csb_master::nvdla2csb_b_transport, base_addr: 0x1000


Info: NV_NVDLA_csb_master.cpp: 58:NV_NVDLA_csb_master::nvdla2csb_b_transport, csb req to GLB_BASE, 


Info: NV_NVDLA_csb_master.cpp: 59:Addr: 0x100c


Info: NV_NVDLA_csb_master.cpp: 60:Data: 0x7


Info: NV_NVDLA_csb_master.cpp: 61:Is write: 0x0


Info: NV_NVDLA_csb_master.cpp: 62:nposted: 0x0


Info: glb_reg_model.cpp: 44:glb_reg_model::GlbAccessRegister addr=0x100c data=0x7 is_write=0


Info: NV_NVDLA_csb_master.cpp: 273:NV_NVDLA_csb_master::glb2csb_resp_b_transport. Err bit: 0x0 Data: 0x150000


Info: NV_NVDLA_csb_master.cpp: 54:NV_NVDLA_csb_master::nvdla2csb_b_transport, base_addr: 0x1000


Info: NV_NVDLA_csb_master.cpp: 58:NV_NVDLA_csb_master::nvdla2csb_b_transport, csb req to GLB_BASE, 


Info: NV_NVDLA_csb_master.cpp: 59:Addr: 0x100c


Info: NV_NVDLA_csb_master.cpp: 60:Data: 0x7


Info: NV_NVDLA_csb_master.cpp: 61:Is write: 0x0


Info: NV_NVDLA_csb_master.cpp: 62:nposted: 0x0


Info: glb_reg_model.cpp: 44:glb_reg_model::GlbAccessRegister addr=0x100c data=0x7 is_write=0


Info: NV_NVDLA_csb_master.cpp: 273:NV_NVDLA_csb_master::glb2csb_resp_b_transport. Err bit: 0x0 Data: 0x150000


Info: NV_NVDLA_csb_master.cpp: 54:NV_NVDLA_csb_master::nvdla2csb_b_transport, base_addr: 0x1000


Info: NV_NVDLA_csb_master.cpp: 58:NV_NVDLA_csb_master::nvdla2csb_b_transport, csb req to GLB_BASE, 


Info: NV_NVDLA_csb_master.cpp: 59:Addr: 0x100c


Info: NV_NVDLA_csb_master.cpp: 60:Data: 0x7


Info: NV_NVDLA_csb_master.cpp: 61:Is write: 0x0


Info: NV_NVDLA_csb_master.cpp: 62:nposted: 0x0


Info: glb_reg_model.cpp: 44:glb_reg_model::GlbAccessRegister addr=0x100c data=0x7 is_write=0


Info: NV_NVDLA_csb_master.cpp: 273:NV_NVDLA_csb_master::glb2csb_resp_b_transport. Err bit: 0x0 Data: 0x150000


Info: NV_NVDLA_csb_master.cpp: 54:NV_NVDLA_csb_master::nvdla2csb_b_transport, base_addr: 0x1000


Info: NV_NVDLA_csb_master.cpp: 58:NV_NVDLA_csb_master::nvdla2csb_b_transport, csb req to GLB_BASE, 


Info: NV_NVDLA_csb_master.cpp: 59:Addr: 0x100c


Info: NV_NVDLA_csb_master.cpp: 60:Data: 0x7


Info: NV_NVDLA_csb_master.cpp: 61:Is write: 0x0


Info: NV_NVDLA_csb_master.cpp: 62:nposted: 0x0


Info: glb_reg_model.cpp: 44:glb_reg_model::GlbAccessRegister addr=0x100c data=0x7 is_write=0


Info: NV_NVDLA_csb_master.cpp: 273:NV_NVDLA_csb_master::glb2csb_resp_b_transport. Err bit: 0x0 Data: 0x150000


Info: NV_NVDLA_csb_master.cpp: 54:NV_NVDLA_csb_master::nvdla2csb_b_transport, base_addr: 0x1000


Info: NV_NVDLA_csb_master.cpp: 58:NV_NVDLA_csb_master::nvdla2csb_b_transport, csb req to GLB_BASE, 


Info: NV_NVDLA_csb_master.cpp: 59:Addr: 0x100c


Info: NV_NVDLA_csb_master.cpp: 60:Data: 0x7


Info: NV_NVDLA_csb_master.cpp: 61:Is write: 0x0


Info: NV_NVDLA_csb_master.cpp: 62:nposted: 0x0


Info: glb_reg_model.cpp: 44:glb_reg_model::GlbAccessRegister addr=0x100c data=0x7 is_write=0


Info: NV_NVDLA_csb_master.cpp: 273:NV_NVDLA_csb_master::glb2csb_resp_b_transport. Err bit: 0x0 Data: 0x150000


Info: NV_NVDLA_csb_master.cpp: 54:NV_NVDLA_csb_master::nvdla2csb_b_transport, base_addr: 0x1000


Info: NV_NVDLA_csb_master.cpp: 58:NV_NVDLA_csb_master::nvdla2csb_b_transport, csb req to GLB_BASE, 


Info: NV_NVDLA_csb_master.cpp: 59:Addr: 0x100c


Info: NV_NVDLA_csb_master.cpp: 60:Data: 0x7


Info: NV_NVDLA_csb_master.cpp: 61:Is write: 0x0


Info: NV_NVDLA_csb_master.cpp: 62:nposted: 0x0


Info: glb_reg_model.cpp: 44:glb_reg_model::GlbAccessRegister addr=0x100c data=0x7 is_write=0


Info: NV_NVDLA_csb_master.cpp: 273:NV_NVDLA_csb_master::glb2csb_resp_b_transport. Err bit: 0x0 Data: 0x150000


Info: NV_NVDLA_csb_master.cpp: 54:NV_NVDLA_csb_master::nvdla2csb_b_transport, base_addr: 0x1000


Info: NV_NVDLA_csb_master.cpp: 58:NV_NVDLA_csb_master::nvdla2csb_b_transport, csb req to GLB_BASE, 


Info: NV_NVDLA_csb_master.cpp: 59:Addr: 0x100c


Info: NV_NVDLA_csb_master.cpp: 60:Data: 0x7


Info: NV_NVDLA_csb_master.cpp: 61:Is write: 0x0


Info: NV_NVDLA_csb_master.cpp: 62:nposted: 0x0


Info: glb_reg_model.cpp: 44:glb_reg_model::GlbAccessRegister addr=0x100c data=0x7 is_write=0


Info: NV_NVDLA_csb_master.cpp: 273:NV_NVDLA_csb_master::glb2csb_resp_b_transport. Err bit: 0x0 Data: 0x150000


Info: NV_NVDLA_csb_master.cpp: 54:NV_NVDLA_csb_master::nvdla2csb_b_transport, base_addr: 0x1000


Info: NV_NVDLA_csb_master.cpp: 58:NV_NVDLA_csb_master::nvdla2csb_b_transport, csb req to GLB_BASE, 


Info: NV_NVDLA_csb_master.cpp: 59:Addr: 0x100c


Info: NV_NVDLA_csb_master.cpp: 60:Data: 0x7


Info: NV_NVDLA_csb_master.cpp: 61:Is write: 0x0


Info: NV_NVDLA_csb_master.cpp: 62:nposted: 0x0


Info: glb_reg_model.cpp: 44:glb_reg_model::GlbAccessRegister addr=0x100c data=0x7 is_write=0


Info: NV_NVDLA_csb_master.cpp: 273:NV_NVDLA_csb_master::glb2csb_resp_b_transport. Err bit: 0x0 Data: 0x150000


Info: NV_NVDLA_csb_master.cpp: 54:NV_NVDLA_csb_master::nvdla2csb_b_transport, base_addr: 0x1000


Info: NV_NVDLA_csb_master.cpp: 58:NV_NVDLA_csb_master::nvdla2csb_b_transport, csb req to GLB_BASE, 


Info: NV_NVDLA_csb_master.cpp: 59:Addr: 0x100c


Info: NV_NVDLA_csb_master.cpp: 60:Data: 0x7


Info: NV_NVDLA_csb_master.cpp: 61:Is write: 0x0


Info: NV_NVDLA_csb_master.cpp: 62:nposted: 0x0


Info: glb_reg_model.cpp: 44:glb_reg_model::GlbAccessRegister addr=0x100c data=0x7 is_write=0


Info: NV_NVDLA_csb_master.cpp: 273:NV_NVDLA_csb_master::glb2csb_resp_b_transport. Err bit: 0x0 Data: 0x150000


Info: NV_NVDLA_csb_master.cpp: 54:NV_NVDLA_csb_master::nvdla2csb_b_transport, base_addr: 0x1000


Info: NV_NVDLA_csb_master.cpp: 58:NV_NVDLA_csb_master::nvdla2csb_b_transport, csb req to GLB_BASE, 


Info: NV_NVDLA_csb_master.cpp: 59:Addr: 0x100c


Info: NV_NVDLA_csb_master.cpp: 60:Data: 0x7


Info: NV_NVDLA_csb_master.cpp: 61:Is write: 0x0


Info: NV_NVDLA_csb_master.cpp: 62:nposted: 0x0


Info: glb_reg_model.cpp: 44:glb_reg_model::GlbAccessRegister addr=0x100c data=0x7 is_write=0


Info: NV_NVDLA_csb_master.cpp: 273:NV_NVDLA_csb_master::glb2csb_resp_b_transport. Err bit: 0x0 Data: 0x150000


Info: NV_NVDLA_csb_master.cpp: 54:NV_NVDLA_csb_master::nvdla2csb_b_transport, base_addr: 0x1000


Info: NV_NVDLA_csb_master.cpp: 58:NV_NVDLA_csb_master::nvdla2csb_b_transport, csb req to GLB_BASE, 


Info: NV_NVDLA_csb_master.cpp: 59:Addr: 0x100c


Info: NV_NVDLA_csb_master.cpp: 60:Data: 0x7


Info: NV_NVDLA_csb_master.cpp: 61:Is write: 0x0


Info: NV_NVDLA_csb_master.cpp: 62:nposted: 0x0


Info: glb_reg_model.cpp: 44:glb_reg_model::GlbAccessRegister addr=0x100c data=0x7 is_write=0


Info: NV_NVDLA_csb_master.cpp: 273:NV_NVDLA_csb_master::glb2csb_resp_b_transport. Err bit: 0x0 Data: 0x150000


Info: NV_NVDLA_csb_master.cpp: 54:NV_NVDLA_csb_master::nvdla2csb_b_transport, base_addr: 0x1000


Info: NV_NVDLA_csb_master.cpp: 58:NV_NVDLA_csb_master::nvdla2csb_b_transport, csb req to GLB_BASE, 


Info: NV_NVDLA_csb_master.cpp: 59:Addr: 0x100c


Info: NV_NVDLA_csb_master.cpp: 60:Data: 0x7


Info: NV_NVDLA_csb_master.cpp: 61:Is write: 0x0


Info: NV_NVDLA_csb_master.cpp: 62:nposted: 0x0


Info: glb_reg_model.cpp: 44:glb_reg_model::GlbAccessRegister addr=0x100c data=0x7 is_write=0


Info: NV_NVDLA_csb_master.cpp: 273:NV_NVDLA_csb_master::glb2csb_resp_b_transport. Err bit: 0x0 Data: 0x150000


Info: NV_NVDLA_csb_master.cpp: 54:NV_NVDLA_csb_master::nvdla2csb_b_transport, base_addr: 0x1000


Info: NV_NVDLA_csb_master.cpp: 58:NV_NVDLA_csb_master::nvdla2csb_b_transport, csb req to GLB_BASE, 


Info: NV_NVDLA_csb_master.cpp: 59:Addr: 0x100c


Info: NV_NVDLA_csb_master.cpp: 60:Data: 0x7


Info: NV_NVDLA_csb_master.cpp: 61:Is write: 0x0


Info: NV_NVDLA_csb_master.cpp: 62:nposted: 0x0


Info: glb_reg_model.cpp: 44:glb_reg_model::GlbAccessRegister addr=0x100c data=0x7 is_write=0


Info: NV_NVDLA_csb_master.cpp: 273:NV_NVDLA_csb_master::glb2csb_resp_b_transport. Err bit: 0x0 Data: 0x150000


Info: NV_NVDLA_csb_master.cpp: 54:NV_NVDLA_csb_master::nvdla2csb_b_transport, base_addr: 0x1000


Info: NV_NVDLA_csb_master.cpp: 58:NV_NVDLA_csb_master::nvdla2csb_b_transport, csb req to GLB_BASE, 


Info: NV_NVDLA_csb_master.cpp: 59:Addr: 0x100c


Info: NV_NVDLA_csb_master.cpp: 60:Data: 0x7


Info: NV_NVDLA_csb_master.cpp: 61:Is write: 0x0


Info: NV_NVDLA_csb_master.cpp: 62:nposted: 0x0


Info: glb_reg_model.cpp: 44:glb_reg_model::GlbAccessRegister addr=0x100c data=0x7 is_write=0


Info: NV_NVDLA_csb_master.cpp: 273:NV_NVDLA_csb_master::glb2csb_resp_b_transport. Err bit: 0x0 Data: 0x150000


Info: NV_NVDLA_csb_master.cpp: 54:NV_NVDLA_csb_master::nvdla2csb_b_transport, base_addr: 0x1000


Info: NV_NVDLA_csb_master.cpp: 58:NV_NVDLA_csb_master::nvdla2csb_b_transport, csb req to GLB_BASE, 


Info: NV_NVDLA_csb_master.cpp: 59:Addr: 0x100c


Info: NV_NVDLA_csb_master.cpp: 60:Data: 0x7


Info: NV_NVDLA_csb_master.cpp: 61:Is write: 0x0


Info: NV_NVDLA_csb_master.cpp: 62:nposted: 0x0


Info: glb_reg_model.cpp: 44:glb_reg_model::GlbAccessRegister addr=0x100c data=0x7 is_write=0


Info: NV_NVDLA_csb_master.cpp: 273:NV_NVDLA_csb_master::glb2csb_resp_b_transport. Err bit: 0x0 Data: 0x150000


Info: NV_NVDLA_csb_master.cpp: 54:NV_NVDLA_csb_master::nvdla2csb_b_transport, base_addr: 0x1000


Info: NV_NVDLA_csb_master.cpp: 58:NV_NVDLA_csb_master::nvdla2csb_b_transport, csb req to GLB_BASE, 


Info: NV_NVDLA_csb_master.cpp: 59:Addr: 0x100c


Info: NV_NVDLA_csb_master.cpp: 60:Data: 0x7


Info: NV_NVDLA_csb_master.cpp: 61:Is write: 0x0


Info: NV_NVDLA_csb_master.cpp: 62:nposted: 0x0


Info: glb_reg_model.cpp: 44:glb_reg_model::GlbAccessRegister addr=0x100c data=0x7 is_write=0


Info: NV_NVDLA_csb_master.cpp: 273:NV_NVDLA_csb_master::glb2csb_resp_b_transport. Err bit: 0x0 Data: 0x150000


Info: NV_NVDLA_csb_master.cpp: 54:NV_NVDLA_csb_master::nvdla2csb_b_transport, base_addr: 0x1000


Info: NV_NVDLA_csb_master.cpp: 58:NV_NVDLA_csb_master::nvdla2csb_b_transport, csb req to GLB_BASE, 


Info: NV_NVDLA_csb_master.cpp: 59:Addr: 0x100c


Info: NV_NVDLA_csb_master.cpp: 60:Data: 0x7


Info: NV_NVDLA_csb_master.cpp: 61:Is write: 0x0


Info: NV_NVDLA_csb_master.cpp: 62:nposted: 0x0


Info: glb_reg_model.cpp: 44:glb_reg_model::GlbAccessRegister addr=0x100c data=0x7 is_write=0


Info: NV_NVDLA_csb_master.cpp: 273:NV_NVDLA_csb_master::glb2csb_resp_b_transport. Err bit: 0x0 Data: 0x150000


Info: NV_NVDLA_csb_master.cpp: 54:NV_NVDLA_csb_master::nvdla2csb_b_transport, base_addr: 0x1000


Info: NV_NVDLA_csb_master.cpp: 58:NV_NVDLA_csb_master::nvdla2csb_b_transport, csb req to GLB_BASE, 


Info: NV_NVDLA_csb_master.cpp: 59:Addr: 0x100c


Info: NV_NVDLA_csb_master.cpp: 60:Data: 0x7


Info: NV_NVDLA_csb_master.cpp: 61:Is write: 0x0


Info: NV_NVDLA_csb_master.cpp: 62:nposted: 0x0


Info: glb_reg_model.cpp: 44:glb_reg_model::GlbAccessRegister addr=0x100c data=0x7 is_write=0


Info: NV_NVDLA_csb_master.cpp: 273:NV_NVDLA_csb_master::glb2csb_resp_b_transport. Err bit: 0x0 Data: 0x150000


Info: NV_NVDLA_csb_master.cpp: 54:NV_NVDLA_csb_master::nvdla2csb_b_transport, base_addr: 0x1000


Info: NV_NVDLA_csb_master.cpp: 58:NV_NVDLA_csb_master::nvdla2csb_b_transport, csb req to GLB_BASE, 


Info: NV_NVDLA_csb_master.cpp: 59:Addr: 0x100c


Info: NV_NVDLA_csb_master.cpp: 60:Data: 0x7


Info: NV_NVDLA_csb_master.cpp: 61:Is write: 0x0


Info: NV_NVDLA_csb_master.cpp: 62:nposted: 0x0


Info: glb_reg_model.cpp: 44:glb_reg_model::GlbAccessRegister addr=0x100c data=0x7 is_write=0


Info: NV_NVDLA_csb_master.cpp: 273:NV_NVDLA_csb_master::glb2csb_resp_b_transport. Err bit: 0x0 Data: 0x150000


Info: NV_NVDLA_csb_master.cpp: 54:NV_NVDLA_csb_master::nvdla2csb_b_transport, base_addr: 0x1000


Info: NV_NVDLA_csb_master.cpp: 58:NV_NVDLA_csb_master::nvdla2csb_b_transport, csb req to GLB_BASE, 


Info: NV_NVDLA_csb_master.cpp: 59:Addr: 0x100c


Info: NV_NVDLA_csb_master.cpp: 60:Data: 0x7


Info: NV_NVDLA_csb_master.cpp: 61:Is write: 0x0


Info: NV_NVDLA_csb_master.cpp: 62:nposted: 0x0


Info: glb_reg_model.cpp: 44:glb_reg_model::GlbAccessRegister addr=0x100c data=0x7 is_write=0


Info: NV_NVDLA_csb_master.cpp: 273:NV_NVDLA_csb_master::glb2csb_resp_b_transport. Err bit: 0x0 Data: 0x150000


Info: NV_NVDLA_csb_master.cpp: 54:NV_NVDLA_csb_master::nvdla2csb_b_transport, base_addr: 0x1000


Info: NV_NVDLA_csb_master.cpp: 58:NV_NVDLA_csb_master::nvdla2csb_b_transport, csb req to GLB_BASE, 


Info: NV_NVDLA_csb_master.cpp: 59:Addr: 0x100c


Info: NV_NVDLA_csb_master.cpp: 60:Data: 0x7


Info: NV_NVDLA_csb_master.cpp: 61:Is write: 0x0


Info: NV_NVDLA_csb_master.cpp: 62:nposted: 0x0


Info: glb_reg_model.cpp: 44:glb_reg_model::GlbAccessRegister addr=0x100c data=0x7 is_write=0


Info: NV_NVDLA_csb_master.cpp: 273:NV_NVDLA_csb_master::glb2csb_resp_b_transport. Err bit: 0x0 Data: 0x150000


Info: NV_NVDLA_csb_master.cpp: 54:NV_NVDLA_csb_master::nvdla2csb_b_transport, base_addr: 0x1000


Info: NV_NVDLA_csb_master.cpp: 58:NV_NVDLA_csb_master::nvdla2csb_b_transport, csb req to GLB_BASE, 


Info: NV_NVDLA_csb_master.cpp: 59:Addr: 0x100c


Info: NV_NVDLA_csb_master.cpp: 60:Data: 0x7


Info: NV_NVDLA_csb_master.cpp: 61:Is write: 0x0


Info: NV_NVDLA_csb_master.cpp: 62:nposted: 0x0


Info: glb_reg_model.cpp: 44:glb_reg_model::GlbAccessRegister addr=0x100c data=0x7 is_write=0


Info: NV_NVDLA_csb_master.cpp: 273:NV_NVDLA_csb_master::glb2csb_resp_b_transport. Err bit: 0x0 Data: 0x150000


Info: NV_NVDLA_csb_master.cpp: 54:NV_NVDLA_csb_master::nvdla2csb_b_transport, base_addr: 0x1000


Info: NV_NVDLA_csb_master.cpp: 58:NV_NVDLA_csb_master::nvdla2csb_b_transport, csb req to GLB_BASE, 


Info: NV_NVDLA_csb_master.cpp: 59:Addr: 0x100c


Info: NV_NVDLA_csb_master.cpp: 60:Data: 0x7


Info: NV_NVDLA_csb_master.cpp: 61:Is write: 0x0


Info: NV_NVDLA_csb_master.cpp: 62:nposted: 0x0


Info: glb_reg_model.cpp: 44:glb_reg_model::GlbAccessRegister addr=0x100c data=0x7 is_write=0


Info: NV_NVDLA_csb_master.cpp: 273:NV_NVDLA_csb_master::glb2csb_resp_b_transport. Err bit: 0x0 Data: 0x150000


Info: NV_NVDLA_csb_master.cpp: 54:NV_NVDLA_csb_master::nvdla2csb_b_transport, base_addr: 0x1000


Info: NV_NVDLA_csb_master.cpp: 58:NV_NVDLA_csb_master::nvdla2csb_b_transport, csb req to GLB_BASE, 


Info: NV_NVDLA_csb_master.cpp: 59:Addr: 0x100c


Info: NV_NVDLA_csb_master.cpp: 60:Data: 0x7


Info: NV_NVDLA_csb_master.cpp: 61:Is write: 0x0


Info: NV_NVDLA_csb_master.cpp: 62:nposted: 0x0


Info: glb_reg_model.cpp: 44:glb_reg_model::GlbAccessRegister addr=0x100c data=0x7 is_write=0


Info: NV_NVDLA_csb_master.cpp: 273:NV_NVDLA_csb_master::glb2csb_resp_b_transport. Err bit: 0x0 Data: 0x150000


Info: NV_NVDLA_csb_master.cpp: 54:NV_NVDLA_csb_master::nvdla2csb_b_transport, base_addr: 0x1000


Info: NV_NVDLA_csb_master.cpp: 58:NV_NVDLA_csb_master::nvdla2csb_b_transport, csb req to GLB_BASE, 


Info: NV_NVDLA_csb_master.cpp: 59:Addr: 0x100c


Info: NV_NVDLA_csb_master.cpp: 60:Data: 0x7


Info: NV_NVDLA_csb_master.cpp: 61:Is write: 0x0


Info: NV_NVDLA_csb_master.cpp: 62:nposted: 0x0


Info: glb_reg_model.cpp: 44:glb_reg_model::GlbAccessRegister addr=0x100c data=0x7 is_write=0


Info: NV_NVDLA_csb_master.cpp: 273:NV_NVDLA_csb_master::glb2csb_resp_b_transport. Err bit: 0x0 Data: 0x150000


Info: NV_NVDLA_csb_master.cpp: 54:NV_NVDLA_csb_master::nvdla2csb_b_transport, base_addr: 0x1000


Info: NV_NVDLA_csb_master.cpp: 58:NV_NVDLA_csb_master::nvdla2csb_b_transport, csb req to GLB_BASE, 


Info: NV_NVDLA_csb_master.cpp: 59:Addr: 0x100c


Info: NV_NVDLA_csb_master.cpp: 60:Data: 0x7


Info: NV_NVDLA_csb_master.cpp: 61:Is write: 0x0


Info: NV_NVDLA_csb_master.cpp: 62:nposted: 0x0


Info: glb_reg_model.cpp: 44:glb_reg_model::GlbAccessRegister addr=0x100c data=0x7 is_write=0


Info: NV_NVDLA_csb_master.cpp: 273:NV_NVDLA_csb_master::glb2csb_resp_b_transport. Err bit: 0x0 Data: 0x150000


Info: NV_NVDLA_csb_master.cpp: 54:NV_NVDLA_csb_master::nvdla2csb_b_transport, base_addr: 0x1000


Info: NV_NVDLA_csb_master.cpp: 58:NV_NVDLA_csb_master::nvdla2csb_b_transport, csb req to GLB_BASE, 


Info: NV_NVDLA_csb_master.cpp: 59:Addr: 0x100c


Info: NV_NVDLA_csb_master.cpp: 60:Data: 0x7


Info: NV_NVDLA_csb_master.cpp: 61:Is write: 0x0


Info: NV_NVDLA_csb_master.cpp: 62:nposted: 0x0


Info: glb_reg_model.cpp: 44:glb_reg_model::GlbAccessRegister addr=0x100c data=0x7 is_write=0


Info: NV_NVDLA_csb_master.cpp: 273:NV_NVDLA_csb_master::glb2csb_resp_b_transport. Err bit: 0x0 Data: 0x150000


Info: NV_NVDLA_csb_master.cpp: 54:NV_NVDLA_csb_master::nvdla2csb_b_transport, base_addr: 0x1000


Info: NV_NVDLA_csb_master.cpp: 58:NV_NVDLA_csb_master::nvdla2csb_b_transport, csb req to GLB_BASE, 


Info: NV_NVDLA_csb_master.cpp: 59:Addr: 0x100c


Info: NV_NVDLA_csb_master.cpp: 60:Data: 0x7


Info: NV_NVDLA_csb_master.cpp: 61:Is write: 0x0


Info: NV_NVDLA_csb_master.cpp: 62:nposted: 0x0


Info: glb_reg_model.cpp: 44:glb_reg_model::GlbAccessRegister addr=0x100c data=0x7 is_write=0


Info: NV_NVDLA_csb_master.cpp: 273:NV_NVDLA_csb_master::glb2csb_resp_b_transport. Err bit: 0x0 Data: 0x150000


Info: NV_NVDLA_csb_master.cpp: 54:NV_NVDLA_csb_master::nvdla2csb_b_transport, base_addr: 0x1000


Info: NV_NVDLA_csb_master.cpp: 58:NV_NVDLA_csb_master::nvdla2csb_b_transport, csb req to GLB_BASE, 


Info: NV_NVDLA_csb_master.cpp: 59:Addr: 0x100c


Info: NV_NVDLA_csb_master.cpp: 60:Data: 0x7


Info: NV_NVDLA_csb_master.cpp: 61:Is write: 0x0


Info: NV_NVDLA_csb_master.cpp: 62:nposted: 0x0


Info: glb_reg_model.cpp: 44:glb_reg_model::GlbAccessRegister addr=0x100c data=0x7 is_write=0


Info: NV_NVDLA_csb_master.cpp: 273:NV_NVDLA_csb_master::glb2csb_resp_b_transport. Err bit: 0x0 Data: 0x150000


Info: NV_NVDLA_csb_master.cpp: 54:NV_NVDLA_csb_master::nvdla2csb_b_transport, base_addr: 0x1000


Info: NV_NVDLA_csb_master.cpp: 58:NV_NVDLA_csb_master::nvdla2csb_b_transport, csb req to GLB_BASE, 


Info: NV_NVDLA_csb_master.cpp: 59:Addr: 0x100c


Info: NV_NVDLA_csb_master.cpp: 60:Data: 0x7


Info: NV_NVDLA_csb_master.cpp: 61:Is write: 0x0


Info: NV_NVDLA_csb_master.cpp: 62:nposted: 0x0


Info: glb_reg_model.cpp: 44:glb_reg_model::GlbAccessRegister addr=0x100c data=0x7 is_write=0


Info: NV_NVDLA_csb_master.cpp: 273:NV_NVDLA_csb_master::glb2csb_resp_b_transport. Err bit: 0x0 Data: 0x150000


Info: NV_NVDLA_csb_master.cpp: 54:NV_NVDLA_csb_master::nvdla2csb_b_transport, base_addr: 0x1000


Info: NV_NVDLA_csb_master.cpp: 58:NV_NVDLA_csb_master::nvdla2csb_b_transport, csb req to GLB_BASE, 


Info: NV_NVDLA_csb_master.cpp: 59:Addr: 0x100c


Info: NV_NVDLA_csb_master.cpp: 60:Data: 0x7


Info: NV_NVDLA_csb_master.cpp: 61:Is write: 0x0


Info: NV_NVDLA_csb_master.cpp: 62:nposted: 0x0


Info: glb_reg_model.cpp: 44:glb_reg_model::GlbAccessRegister addr=0x100c data=0x7 is_write=0


Info: NV_NVDLA_csb_master.cpp: 273:NV_NVDLA_csb_master::glb2csb_resp_b_transport. Err bit: 0x0 Data: 0x150000


Info: NV_NVDLA_csb_master.cpp: 54:NV_NVDLA_csb_master::nvdla2csb_b_transport, base_addr: 0x1000


Info: NV_NVDLA_csb_master.cpp: 58:NV_NVDLA_csb_master::nvdla2csb_b_transport, csb req to GLB_BASE, 


Info: NV_NVDLA_csb_master.cpp: 59:Addr: 0x100c


Info: NV_NVDLA_csb_master.cpp: 60:Data: 0x7


Info: NV_NVDLA_csb_master.cpp: 61:Is write: 0x0


Info: NV_NVDLA_csb_master.cpp: 62:nposted: 0x0


Info: glb_reg_model.cpp: 44:glb_reg_model::GlbAccessRegister addr=0x100c data=0x7 is_write=0


Info: NV_NVDLA_csb_master.cpp: 273:NV_NVDLA_csb_master::glb2csb_resp_b_transport. Err bit: 0x0 Data: 0x150000


Info: NV_NVDLA_csb_master.cpp: 54:NV_NVDLA_csb_master::nvdla2csb_b_transport, base_addr: 0x1000


Info: NV_NVDLA_csb_master.cpp: 58:NV_NVDLA_csb_master::nvdla2csb_b_transport, csb req to GLB_BASE, 


Info: NV_NVDLA_csb_master.cpp: 59:Addr: 0x100c


Info: NV_NVDLA_csb_master.cpp: 60:Data: 0x7


Info: NV_NVDLA_csb_master.cpp: 61:Is write: 0x0


Info: NV_NVDLA_csb_master.cpp: 62:nposted: 0x0


Info: glb_reg_model.cpp: 44:glb_reg_model::GlbAccessRegister addr=0x100c data=0x7 is_write=0


Info: NV_NVDLA_csb_master.cpp: 273:NV_NVDLA_csb_master::glb2csb_resp_b_transport. Err bit: 0x0 Data: 0x150000


Info: NV_NVDLA_csb_master.cpp: 54:NV_NVDLA_csb_master::nvdla2csb_b_transport, base_addr: 0x1000


Info: NV_NVDLA_csb_master.cpp: 58:NV_NVDLA_csb_master::nvdla2csb_b_transport, csb req to GLB_BASE, 


Info: NV_NVDLA_csb_master.cpp: 59:Addr: 0x100c


Info: NV_NVDLA_csb_master.cpp: 60:Data: 0x7


Info: NV_NVDLA_csb_master.cpp: 61:Is write: 0x0


Info: NV_NVDLA_csb_master.cpp: 62:nposted: 0x0


Info: glb_reg_model.cpp: 44:glb_reg_model::GlbAccessRegister addr=0x100c data=0x7 is_write=0


Info: NV_NVDLA_csb_master.cpp: 273:NV_NVDLA_csb_master::glb2csb_resp_b_transport. Err bit: 0x0 Data: 0x150000


Info: NV_NVDLA_csb_master.cpp: 54:NV_NVDLA_csb_master::nvdla2csb_b_transport, base_addr: 0x1000


Info: NV_NVDLA_csb_master.cpp: 58:NV_NVDLA_csb_master::nvdla2csb_b_transport, csb req to GLB_BASE, 


Info: NV_NVDLA_csb_master.cpp: 59:Addr: 0x100c


Info: NV_NVDLA_csb_master.cpp: 60:Data: 0x7


Info: NV_NVDLA_csb_master.cpp: 61:Is write: 0x0


Info: NV_NVDLA_csb_master.cpp: 62:nposted: 0x0


Info: glb_reg_model.cpp: 44:glb_reg_model::GlbAccessRegister addr=0x100c data=0x7 is_write=0


Info: NV_NVDLA_csb_master.cpp: 273:NV_NVDLA_csb_master::glb2csb_resp_b_transport. Err bit: 0x0 Data: 0x150000


Info: NV_NVDLA_csb_master.cpp: 54:NV_NVDLA_csb_master::nvdla2csb_b_transport, base_addr: 0x1000


Info: NV_NVDLA_csb_master.cpp: 58:NV_NVDLA_csb_master::nvdla2csb_b_transport, csb req to GLB_BASE, 


Info: NV_NVDLA_csb_master.cpp: 59:Addr: 0x100c


Info: NV_NVDLA_csb_master.cpp: 60:Data: 0x7


Info: NV_NVDLA_csb_master.cpp: 61:Is write: 0x0


Info: NV_NVDLA_csb_master.cpp: 62:nposted: 0x0


Info: glb_reg_model.cpp: 44:glb_reg_model::GlbAccessRegister addr=0x100c data=0x7 is_write=0


Info: NV_NVDLA_csb_master.cpp: 273:NV_NVDLA_csb_master::glb2csb_resp_b_transport. Err bit: 0x0 Data: 0x150000


Info: NV_NVDLA_csb_master.cpp: 54:NV_NVDLA_csb_master::nvdla2csb_b_transport, base_addr: 0x1000


Info: NV_NVDLA_csb_master.cpp: 58:NV_NVDLA_csb_master::nvdla2csb_b_transport, csb req to GLB_BASE, 


Info: NV_NVDLA_csb_master.cpp: 59:Addr: 0x100c


Info: NV_NVDLA_csb_master.cpp: 60:Data: 0x7


Info: NV_NVDLA_csb_master.cpp: 61:Is write: 0x0


Info: NV_NVDLA_csb_master.cpp: 62:nposted: 0x0


Info: glb_reg_model.cpp: 44:glb_reg_model::GlbAccessRegister addr=0x100c data=0x7 is_write=0


Info: NV_NVDLA_csb_master.cpp: 273:NV_NVDLA_csb_master::glb2csb_resp_b_transport. Err bit: 0x0 Data: 0x150000


Info: NV_NVDLA_csb_master.cpp: 54:NV_NVDLA_csb_master::nvdla2csb_b_transport, base_addr: 0x1000


Info: NV_NVDLA_csb_master.cpp: 58:NV_NVDLA_csb_master::nvdla2csb_b_transport, csb req to GLB_BASE, 


Info: NV_NVDLA_csb_master.cpp: 59:Addr: 0x100c


Info: NV_NVDLA_csb_master.cpp: 60:Data: 0x7


Info: NV_NVDLA_csb_master.cpp: 61:Is write: 0x0


Info: NV_NVDLA_csb_master.cpp: 62:nposted: 0x0


Info: glb_reg_model.cpp: 44:glb_reg_model::GlbAccessRegister addr=0x100c data=0x7 is_write=0


Info: NV_NVDLA_csb_master.cpp: 273:NV_NVDLA_csb_master::glb2csb_resp_b_transport. Err bit: 0x0 Data: 0x150000


Info: NV_NVDLA_csb_master.cpp: 54:NV_NVDLA_csb_master::nvdla2csb_b_transport, base_addr: 0x1000


Info: NV_NVDLA_csb_master.cpp: 58:NV_NVDLA_csb_master::nvdla2csb_b_transport, csb req to GLB_BASE, 


Info: NV_NVDLA_csb_master.cpp: 59:Addr: 0x100c


Info: NV_NVDLA_csb_master.cpp: 60:Data: 0x7


Info: NV_NVDLA_csb_master.cpp: 61:Is write: 0x0


Info: NV_NVDLA_csb_master.cpp: 62:nposted: 0x0


Info: glb_reg_model.cpp: 44:glb_reg_model::GlbAccessRegister addr=0x100c data=0x7 is_write=0


Info: NV_NVDLA_csb_master.cpp: 273:NV_NVDLA_csb_master::glb2csb_resp_b_transport. Err bit: 0x0 Data: 0x150000


Info: NV_NVDLA_csb_master.cpp: 54:NV_NVDLA_csb_master::nvdla2csb_b_transport, base_addr: 0x1000


Info: NV_NVDLA_csb_master.cpp: 58:NV_NVDLA_csb_master::nvdla2csb_b_transport, csb req to GLB_BASE, 


Info: NV_NVDLA_csb_master.cpp: 59:Addr: 0x100c


Info: NV_NVDLA_csb_master.cpp: 60:Data: 0x7


Info: NV_NVDLA_csb_master.cpp: 61:Is write: 0x0


Info: NV_NVDLA_csb_master.cpp: 62:nposted: 0x0


Info: glb_reg_model.cpp: 44:glb_reg_model::GlbAccessRegister addr=0x100c data=0x7 is_write=0


Info: NV_NVDLA_csb_master.cpp: 273:NV_NVDLA_csb_master::glb2csb_resp_b_transport. Err bit: 0x0 Data: 0x150000


Info: NV_NVDLA_csb_master.cpp: 54:NV_NVDLA_csb_master::nvdla2csb_b_transport, base_addr: 0x1000


Info: NV_NVDLA_csb_master.cpp: 58:NV_NVDLA_csb_master::nvdla2csb_b_transport, csb req to GLB_BASE, 


Info: NV_NVDLA_csb_master.cpp: 59:Addr: 0x100c


Info: NV_NVDLA_csb_master.cpp: 60:Data: 0x7


Info: NV_NVDLA_csb_master.cpp: 61:Is write: 0x0


Info: NV_NVDLA_csb_master.cpp: 62:nposted: 0x0


Info: glb_reg_model.cpp: 44:glb_reg_model::GlbAccessRegister addr=0x100c data=0x7 is_write=0


Info: NV_NVDLA_csb_master.cpp: 273:NV_NVDLA_csb_master::glb2csb_resp_b_transport. Err bit: 0x0 Data: 0x150000


Info: NV_NVDLA_csb_master.cpp: 54:NV_NVDLA_csb_master::nvdla2csb_b_transport, base_addr: 0x1000


Info: NV_NVDLA_csb_master.cpp: 58:NV_NVDLA_csb_master::nvdla2csb_b_transport, csb req to GLB_BASE, 


Info: NV_NVDLA_csb_master.cpp: 59:Addr: 0x100c


Info: NV_NVDLA_csb_master.cpp: 60:Data: 0x7


Info: NV_NVDLA_csb_master.cpp: 61:Is write: 0x0


Info: NV_NVDLA_csb_master.cpp: 62:nposted: 0x0


Info: glb_reg_model.cpp: 44:glb_reg_model::GlbAccessRegister addr=0x100c data=0x7 is_write=0


Info: NV_NVDLA_csb_master.cpp: 273:NV_NVDLA_csb_master::glb2csb_resp_b_transport. Err bit: 0x0 Data: 0x150000


Info: NV_NVDLA_csb_master.cpp: 54:NV_NVDLA_csb_master::nvdla2csb_b_transport, base_addr: 0x1000


Info: NV_NVDLA_csb_master.cpp: 58:NV_NVDLA_csb_master::nvdla2csb_b_transport, csb req to GLB_BASE, 


Info: NV_NVDLA_csb_master.cpp: 59:Addr: 0x100c


Info: NV_NVDLA_csb_master.cpp: 60:Data: 0x7


Info: NV_NVDLA_csb_master.cpp: 61:Is write: 0x0


Info: NV_NVDLA_csb_master.cpp: 62:nposted: 0x0


Info: glb_reg_model.cpp: 44:glb_reg_model::GlbAccessRegister addr=0x100c data=0x7 is_write=0


Info: NV_NVDLA_csb_master.cpp: 273:NV_NVDLA_csb_master::glb2csb_resp_b_transport. Err bit: 0x0 Data: 0x150000


Info: NV_NVDLA_csb_master.cpp: 54:NV_NVDLA_csb_master::nvdla2csb_b_transport, base_addr: 0x1000


Info: NV_NVDLA_csb_master.cpp: 58:NV_NVDLA_csb_master::nvdla2csb_b_transport, csb req to GLB_BASE, 


Info: NV_NVDLA_csb_master.cpp: 59:Addr: 0x100c


Info: NV_NVDLA_csb_master.cpp: 60:Data: 0x7


Info: NV_NVDLA_csb_master.cpp: 61:Is write: 0x0


Info: NV_NVDLA_csb_master.cpp: 62:nposted: 0x0


Info: glb_reg_model.cpp: 44:glb_reg_model::GlbAccessRegister addr=0x100c data=0x7 is_write=0


Info: NV_NVDLA_csb_master.cpp: 273:NV_NVDLA_csb_master::glb2csb_resp_b_transport. Err bit: 0x0 Data: 0x150000


Info: NV_NVDLA_csb_master.cpp: 54:NV_NVDLA_csb_master::nvdla2csb_b_transport, base_addr: 0x1000


Info: NV_NVDLA_csb_master.cpp: 58:NV_NVDLA_csb_master::nvdla2csb_b_transport, csb req to GLB_BASE, 


Info: NV_NVDLA_csb_master.cpp: 59:Addr: 0x100c


Info: NV_NVDLA_csb_master.cpp: 60:Data: 0x7


Info: NV_NVDLA_csb_master.cpp: 61:Is write: 0x0


Info: NV_NVDLA_csb_master.cpp: 62:nposted: 0x0


Info: glb_reg_model.cpp: 44:glb_reg_model::GlbAccessRegister addr=0x100c data=0x7 is_write=0


Info: NV_NVDLA_csb_master.cpp: 273:NV_NVDLA_csb_master::glb2csb_resp_b_transport. Err bit: 0x0 Data: 0x150000


Info: NV_NVDLA_csb_master.cpp: 54:NV_NVDLA_csb_master::nvdla2csb_b_transport, base_addr: 0x1000


Info: NV_NVDLA_csb_master.cpp: 58:NV_NVDLA_csb_master::nvdla2csb_b_transport, csb req to GLB_BASE, 


Info: NV_NVDLA_csb_master.cpp: 59:Addr: 0x100c


Info: NV_NVDLA_csb_master.cpp: 60:Data: 0x7


Info: NV_NVDLA_csb_master.cpp: 61:Is write: 0x0


Info: NV_NVDLA_csb_master.cpp: 62:nposted: 0x0


Info: glb_reg_model.cpp: 44:glb_reg_model::GlbAccessRegister addr=0x100c data=0x7 is_write=0


Info: NV_NVDLA_csb_master.cpp: 273:NV_NVDLA_csb_master::glb2csb_resp_b_transport. Err bit: 0x0 Data: 0x150000


Info: NV_NVDLA_csb_master.cpp: 54:NV_NVDLA_csb_master::nvdla2csb_b_transport, base_addr: 0x1000


Info: NV_NVDLA_csb_master.cpp: 58:NV_NVDLA_csb_master::nvdla2csb_b_transport, csb req to GLB_BASE, 


Info: NV_NVDLA_csb_master.cpp: 59:Addr: 0x100c


Info: NV_NVDLA_csb_master.cpp: 60:Data: 0x7


Info: NV_NVDLA_csb_master.cpp: 61:Is write: 0x0


Info: NV_NVDLA_csb_master.cpp: 62:nposted: 0x0


Info: glb_reg_model.cpp: 44:glb_reg_model::GlbAccessRegister addr=0x100c data=0x7 is_write=0


Info: NV_NVDLA_csb_master.cpp: 273:NV_NVDLA_csb_master::glb2csb_resp_b_transport. Err bit: 0x0 Data: 0x150000


Info: NV_NVDLA_csb_master.cpp: 54:NV_NVDLA_csb_master::nvdla2csb_b_transport, base_addr: 0x1000


Info: NV_NVDLA_csb_master.cpp: 58:NV_NVDLA_csb_master::nvdla2csb_b_transport, csb req to GLB_BASE, 


Info: NV_NVDLA_csb_master.cpp: 59:Addr: 0x100c


Info: NV_NVDLA_csb_master.cpp: 60:Data: 0x7


Info: NV_NVDLA_csb_master.cpp: 61:Is write: 0x0


Info: NV_NVDLA_csb_master.cpp: 62:nposted: 0x0


Info: glb_reg_model.cpp: 44:glb_reg_model::GlbAccessRegister addr=0x100c data=0x7 is_write=0


Info: NV_NVDLA_csb_master.cpp: 273:NV_NVDLA_csb_master::glb2csb_resp_b_transport. Err bit: 0x0 Data: 0x150000


Info: NV_NVDLA_csb_master.cpp: 54:NV_NVDLA_csb_master::nvdla2csb_b_transport, base_addr: 0x1000


Info: NV_NVDLA_csb_master.cpp: 58:NV_NVDLA_csb_master::nvdla2csb_b_transport, csb req to GLB_BASE, 


Info: NV_NVDLA_csb_master.cpp: 59:Addr: 0x100c


Info: NV_NVDLA_csb_master.cpp: 60:Data: 0x7


Info: NV_NVDLA_csb_master.cpp: 61:Is write: 0x0


Info: NV_NVDLA_csb_master.cpp: 62:nposted: 0x0


Info: glb_reg_model.cpp: 44:glb_reg_model::GlbAccessRegister addr=0x100c data=0x7 is_write=0


Info: NV_NVDLA_csb_master.cpp: 273:NV_NVDLA_csb_master::glb2csb_resp_b_transport. Err bit: 0x0 Data: 0x150000


Info: NV_NVDLA_csb_master.cpp: 54:NV_NVDLA_csb_master::nvdla2csb_b_transport, base_addr: 0x1000


Info: NV_NVDLA_csb_master.cpp: 58:NV_NVDLA_csb_master::nvdla2csb_b_transport, csb req to GLB_BASE, 


Info: NV_NVDLA_csb_master.cpp: 59:Addr: 0x100c


Info: NV_NVDLA_csb_master.cpp: 60:Data: 0x7


Info: NV_NVDLA_csb_master.cpp: 61:Is write: 0x0


Info: NV_NVDLA_csb_master.cpp: 62:nposted: 0x0


Info: glb_reg_model.cpp: 44:glb_reg_model::GlbAccessRegister addr=0x100c data=0x7 is_write=0


Info: NV_NVDLA_csb_master.cpp: 273:NV_NVDLA_csb_master::glb2csb_resp_b_transport. Err bit: 0x0 Data: 0x150000


Info: NV_NVDLA_csb_master.cpp: 54:NV_NVDLA_csb_master::nvdla2csb_b_transport, base_addr: 0x1000


Info: NV_NVDLA_csb_master.cpp: 58:NV_NVDLA_csb_master::nvdla2csb_b_transport, csb req to GLB_BASE, 


Info: NV_NVDLA_csb_master.cpp: 59:Addr: 0x100c


Info: NV_NVDLA_csb_master.cpp: 60:Data: 0x7


Info: NV_NVDLA_csb_master.cpp: 61:Is write: 0x0


Info: NV_NVDLA_csb_master.cpp: 62:nposted: 0x0


Info: glb_reg_model.cpp: 44:glb_reg_model::GlbAccessRegister addr=0x100c data=0x7 is_write=0


Info: NV_NVDLA_csb_master.cpp: 273:NV_NVDLA_csb_master::glb2csb_resp_b_transport. Err bit: 0x0 Data: 0x150000


Info: NV_NVDLA_csb_master.cpp: 54:NV_NVDLA_csb_master::nvdla2csb_b_transport, base_addr: 0x1000


Info: NV_NVDLA_csb_master.cpp: 58:NV_NVDLA_csb_master::nvdla2csb_b_transport, csb req to GLB_BASE, 


Info: NV_NVDLA_csb_master.cpp: 59:Addr: 0x100c


Info: NV_NVDLA_csb_master.cpp: 60:Data: 0x7


Info: NV_NVDLA_csb_master.cpp: 61:Is write: 0x0


Info: NV_NVDLA_csb_master.cpp: 62:nposted: 0x0


Info: glb_reg_model.cpp: 44:glb_reg_model::GlbAccessRegister addr=0x100c data=0x7 is_write=0


Info: NV_NVDLA_csb_master.cpp: 273:NV_NVDLA_csb_master::glb2csb_resp_b_transport. Err bit: 0x0 Data: 0x150000


Info: NV_NVDLA_csb_master.cpp: 54:NV_NVDLA_csb_master::nvdla2csb_b_transport, base_addr: 0x1000


Info: NV_NVDLA_csb_master.cpp: 58:NV_NVDLA_csb_master::nvdla2csb_b_transport, csb req to GLB_BASE, 


Info: NV_NVDLA_csb_master.cpp: 59:Addr: 0x100c


Info: NV_NVDLA_csb_master.cpp: 60:Data: 0x7


Info: NV_NVDLA_csb_master.cpp: 61:Is write: 0x0


Info: NV_NVDLA_csb_master.cpp: 62:nposted: 0x0


Info: glb_reg_model.cpp: 44:glb_reg_model::GlbAccessRegister addr=0x100c data=0x7 is_write=0


Info: NV_NVDLA_csb_master.cpp: 273:NV_NVDLA_csb_master::glb2csb_resp_b_transport. Err bit: 0x0 Data: 0x150000


Info: NV_NVDLA_csb_master.cpp: 54:NV_NVDLA_csb_master::nvdla2csb_b_transport, base_addr: 0x1000


Info: NV_NVDLA_csb_master.cpp: 58:NV_NVDLA_csb_master::nvdla2csb_b_transport, csb req to GLB_BASE, 


Info: NV_NVDLA_csb_master.cpp: 59:Addr: 0x100c


Info: NV_NVDLA_csb_master.cpp: 60:Data: 0x7


Info: NV_NVDLA_csb_master.cpp: 61:Is write: 0x0


Info: NV_NVDLA_csb_master.cpp: 62:nposted: 0x0


Info: glb_reg_model.cpp: 44:glb_reg_model::GlbAccessRegister addr=0x100c data=0x7 is_write=0


Info: NV_NVDLA_csb_master.cpp: 273:NV_NVDLA_csb_master::glb2csb_resp_b_transport. Err bit: 0x0 Data: 0x150000


Info: NV_NVDLA_csb_master.cpp: 54:NV_NVDLA_csb_master::nvdla2csb_b_transport, base_addr: 0x1000


Info: NV_NVDLA_csb_master.cpp: 58:NV_NVDLA_csb_master::nvdla2csb_b_transport, csb req to GLB_BASE, 


Info: NV_NVDLA_csb_master.cpp: 59:Addr: 0x100c


Info: NV_NVDLA_csb_master.cpp: 60:Data: 0x7


Info: NV_NVDLA_csb_master.cpp: 61:Is write: 0x0


Info: NV_NVDLA_csb_master.cpp: 62:nposted: 0x0


Info: glb_reg_model.cpp: 44:glb_reg_model::GlbAccessRegister addr=0x100c data=0x7 is_write=0


Info: NV_NVDLA_csb_master.cpp: 273:NV_NVDLA_csb_master::glb2csb_resp_b_transport. Err bit: 0x0 Data: 0x150000


Info: NV_NVDLA_csb_master.cpp: 54:NV_NVDLA_csb_master::nvdla2csb_b_transport, base_addr: 0x1000


Info: NV_NVDLA_csb_master.cpp: 58:NV_NVDLA_csb_master::nvdla2csb_b_transport, csb req to GLB_BASE, 


Info: NV_NVDLA_csb_master.cpp: 59:Addr: 0x100c


Info: NV_NVDLA_csb_master.cpp: 60:Data: 0x7


Info: NV_NVDLA_csb_master.cpp: 61:Is write: 0x0


Info: NV_NVDLA_csb_master.cpp: 62:nposted: 0x0


Info: glb_reg_model.cpp: 44:glb_reg_model::GlbAccessRegister addr=0x100c data=0x7 is_write=0


Info: NV_NVDLA_csb_master.cpp: 273:NV_NVDLA_csb_master::glb2csb_resp_b_transport. Err bit: 0x0 Data: 0x150000


Info: NV_NVDLA_csb_master.cpp: 54:NV_NVDLA_csb_master::nvdla2csb_b_transport, base_addr: 0x1000


Info: NV_NVDLA_csb_master.cpp: 58:NV_NVDLA_csb_master::nvdla2csb_b_transport, csb req to GLB_BASE, 


Info: NV_NVDLA_csb_master.cpp: 59:Addr: 0x100c


Info: NV_NVDLA_csb_master.cpp: 60:Data: 0x7


Info: NV_NVDLA_csb_master.cpp: 61:Is write: 0x0


Info: NV_NVDLA_csb_master.cpp: 62:nposted: 0x0


Info: glb_reg_model.cpp: 44:glb_reg_model::GlbAccessRegister addr=0x100c data=0x7 is_write=0


Info: NV_NVDLA_csb_master.cpp: 273:NV_NVDLA_csb_master::glb2csb_resp_b_transport. Err bit: 0x0 Data: 0x150000


Info: NV_NVDLA_csb_master.cpp: 54:NV_NVDLA_csb_master::nvdla2csb_b_transport, base_addr: 0x1000


Info: NV_NVDLA_csb_master.cpp: 58:NV_NVDLA_csb_master::nvdla2csb_b_transport, csb req to GLB_BASE, 


Info: NV_NVDLA_csb_master.cpp: 59:Addr: 0x100c


Info: NV_NVDLA_csb_master.cpp: 60:Data: 0x7


Info: NV_NVDLA_csb_master.cpp: 61:Is write: 0x0


Info: NV_NVDLA_csb_master.cpp: 62:nposted: 0x0


Info: glb_reg_model.cpp: 44:glb_reg_model::GlbAccessRegister addr=0x100c data=0x7 is_write=0


Info: NV_NVDLA_csb_master.cpp: 273:NV_NVDLA_csb_master::glb2csb_resp_b_transport. Err bit: 0x0 Data: 0x150000


Info: NV_NVDLA_csb_master.cpp: 54:NV_NVDLA_csb_master::nvdla2csb_b_transport, base_addr: 0x1000


Info: NV_NVDLA_csb_master.cpp: 58:NV_NVDLA_csb_master::nvdla2csb_b_transport, csb req to GLB_BASE, 


Info: NV_NVDLA_csb_master.cpp: 59:Addr: 0x100c


Info: NV_NVDLA_csb_master.cpp: 60:Data: 0x7


Info: NV_NVDLA_csb_master.cpp: 61:Is write: 0x0


Info: NV_NVDLA_csb_master.cpp: 62:nposted: 0x0


Info: glb_reg_model.cpp: 44:glb_reg_model::GlbAccessRegister addr=0x100c data=0x7 is_write=0


Info: NV_NVDLA_csb_master.cpp: 273:NV_NVDLA_csb_master::glb2csb_resp_b_transport. Err bit: 0x0 Data: 0x150000


Info: NV_NVDLA_csb_master.cpp: 54:NV_NVDLA_csb_master::nvdla2csb_b_transport, base_addr: 0x1000


Info: NV_NVDLA_csb_master.cpp: 58:NV_NVDLA_csb_master::nvdla2csb_b_transport, csb req to GLB_BASE, 


Info: NV_NVDLA_csb_master.cpp: 59:Addr: 0x100c


Info: NV_NVDLA_csb_master.cpp: 60:Data: 0x7


Info: NV_NVDLA_csb_master.cpp: 61:Is write: 0x0


Info: NV_NVDLA_csb_master.cpp: 62:nposted: 0x0


Info: glb_reg_model.cpp: 44:glb_reg_model::GlbAccessRegister addr=0x100c data=0x7 is_write=0


Info: NV_NVDLA_csb_master.cpp: 273:NV_NVDLA_csb_master::glb2csb_resp_b_transport. Err bit: 0x0 Data: 0x150000


Info: NV_NVDLA_csb_master.cpp: 54:NV_NVDLA_csb_master::nvdla2csb_b_transport, base_addr: 0x1000


Info: NV_NVDLA_csb_master.cpp: 58:NV_NVDLA_csb_master::nvdla2csb_b_transport, csb req to GLB_BASE, 


Info: NV_NVDLA_csb_master.cpp: 59:Addr: 0x100c


Info: NV_NVDLA_csb_master.cpp: 60:Data: 0x7


Info: NV_NVDLA_csb_master.cpp: 61:Is write: 0x0


Info: NV_NVDLA_csb_master.cpp: 62:nposted: 0x0


Info: glb_reg_model.cpp: 44:glb_reg_model::GlbAccessRegister addr=0x100c data=0x7 is_write=0


Info: NV_NVDLA_csb_master.cpp: 273:NV_NVDLA_csb_master::glb2csb_resp_b_transport. Err bit: 0x0 Data: 0x150000


Info: NV_NVDLA_csb_master.cpp: 54:NV_NVDLA_csb_master::nvdla2csb_b_transport, base_addr: 0x1000


Info: NV_NVDLA_csb_master.cpp: 58:NV_NVDLA_csb_master::nvdla2csb_b_transport, csb req to GLB_BASE, 


Info: NV_NVDLA_csb_master.cpp: 59:Addr: 0x100c


Info: NV_NVDLA_csb_master.cpp: 60:Data: 0x7


Info: NV_NVDLA_csb_master.cpp: 61:Is write: 0x0


Info: NV_NVDLA_csb_master.cpp: 62:nposted: 0x0


Info: glb_reg_model.cpp: 44:glb_reg_model::GlbAccessRegister addr=0x100c data=0x7 is_write=0


Info: NV_NVDLA_csb_master.cpp: 273:NV_NVDLA_csb_master::glb2csb_resp_b_transport. Err bit: 0x0 Data: 0x150000


Info: NV_NVDLA_csb_master.cpp: 54:NV_NVDLA_csb_master::nvdla2csb_b_transport, base_addr: 0x1000


Info: NV_NVDLA_csb_master.cpp: 58:NV_NVDLA_csb_master::nvdla2csb_b_transport, csb req to GLB_BASE, 


Info: NV_NVDLA_csb_master.cpp: 59:Addr: 0x100c


Info: NV_NVDLA_csb_master.cpp: 60:Data: 0x7


Info: NV_NVDLA_csb_master.cpp: 61:Is write: 0x0


Info: NV_NVDLA_csb_master.cpp: 62:nposted: 0x0


Info: glb_reg_model.cpp: 44:glb_reg_model::GlbAccessRegister addr=0x100c data=0x7 is_write=0


Info: NV_NVDLA_csb_master.cpp: 273:NV_NVDLA_csb_master::glb2csb_resp_b_transport. Err bit: 0x0 Data: 0x150000


Info: NV_NVDLA_csb_master.cpp: 54:NV_NVDLA_csb_master::nvdla2csb_b_transport, base_addr: 0x1000


Info: NV_NVDLA_csb_master.cpp: 58:NV_NVDLA_csb_master::nvdla2csb_b_transport, csb req to GLB_BASE, 


Info: NV_NVDLA_csb_master.cpp: 59:Addr: 0x100c


Info: NV_NVDLA_csb_master.cpp: 60:Data: 0x7


Info: NV_NVDLA_csb_master.cpp: 61:Is write: 0x0


Info: NV_NVDLA_csb_master.cpp: 62:nposted: 0x0


Info: glb_reg_model.cpp: 44:glb_reg_model::GlbAccessRegister addr=0x100c data=0x7 is_write=0


Info: NV_NVDLA_csb_master.cpp: 273:NV_NVDLA_csb_master::glb2csb_resp_b_transport. Err bit: 0x0 Data: 0x150000


Info: NV_NVDLA_csb_master.cpp: 54:NV_NVDLA_csb_master::nvdla2csb_b_transport, base_addr: 0x1000


Info: NV_NVDLA_csb_master.cpp: 58:NV_NVDLA_csb_master::nvdla2csb_b_transport, csb req to GLB_BASE, 


Info: NV_NVDLA_csb_master.cpp: 59:Addr: 0x100c


Info: NV_NVDLA_csb_master.cpp: 60:Data: 0x7


Info: NV_NVDLA_csb_master.cpp: 61:Is write: 0x0


Info: NV_NVDLA_csb_master.cpp: 62:nposted: 0x0


Info: glb_reg_model.cpp: 44:glb_reg_model::GlbAccessRegister addr=0x100c data=0x7 is_write=0


Info: NV_NVDLA_csb_master.cpp: 273:NV_NVDLA_csb_master::glb2csb_resp_b_transport. Err bit: 0x0 Data: 0x150000


Info: NV_NVDLA_csb_master.cpp: 54:NV_NVDLA_csb_master::nvdla2csb_b_transport, base_addr: 0x1000


Info: NV_NVDLA_csb_master.cpp: 58:NV_NVDLA_csb_master::nvdla2csb_b_transport, csb req to GLB_BASE, 


Info: NV_NVDLA_csb_master.cpp: 59:Addr: 0x100c


Info: NV_NVDLA_csb_master.cpp: 60:Data: 0x7


Info: NV_NVDLA_csb_master.cpp: 61:Is write: 0x0


Info: NV_NVDLA_csb_master.cpp: 62:nposted: 0x0


Info: glb_reg_model.cpp: 44:glb_reg_model::GlbAccessRegister addr=0x100c data=0x7 is_write=0


Info: NV_NVDLA_csb_master.cpp: 273:NV_NVDLA_csb_master::glb2csb_resp_b_transport. Err bit: 0x0 Data: 0x150000


Info: NV_NVDLA_csb_master.cpp: 54:NV_NVDLA_csb_master::nvdla2csb_b_transport, base_addr: 0x1000


Info: NV_NVDLA_csb_master.cpp: 58:NV_NVDLA_csb_master::nvdla2csb_b_transport, csb req to GLB_BASE, 


Info: NV_NVDLA_csb_master.cpp: 59:Addr: 0x100c


Info: NV_NVDLA_csb_master.cpp: 60:Data: 0x7


Info: NV_NVDLA_csb_master.cpp: 61:Is write: 0x0


Info: NV_NVDLA_csb_master.cpp: 62:nposted: 0x0


Info: glb_reg_model.cpp: 44:glb_reg_model::GlbAccessRegister addr=0x100c data=0x7 is_write=0


Info: NV_NVDLA_csb_master.cpp: 273:NV_NVDLA_csb_master::glb2csb_resp_b_transport. Err bit: 0x0 Data: 0x150000


Info: NV_NVDLA_csb_master.cpp: 54:NV_NVDLA_csb_master::nvdla2csb_b_transport, base_addr: 0x1000


Info: NV_NVDLA_csb_master.cpp: 58:NV_NVDLA_csb_master::nvdla2csb_b_transport, csb req to GLB_BASE, 


Info: NV_NVDLA_csb_master.cpp: 59:Addr: 0x100c


Info: NV_NVDLA_csb_master.cpp: 60:Data: 0x7


Info: NV_NVDLA_csb_master.cpp: 61:Is write: 0x0


Info: NV_NVDLA_csb_master.cpp: 62:nposted: 0x0


Info: glb_reg_model.cpp: 44:glb_reg_model::GlbAccessRegister addr=0x100c data=0x7 is_write=0


Info: NV_NVDLA_csb_master.cpp: 273:NV_NVDLA_csb_master::glb2csb_resp_b_transport. Err bit: 0x0 Data: 0x150000


Info: NV_NVDLA_csb_master.cpp: 54:NV_NVDLA_csb_master::nvdla2csb_b_transport, base_addr: 0x1000


Info: NV_NVDLA_csb_master.cpp: 58:NV_NVDLA_csb_master::nvdla2csb_b_transport, csb req to GLB_BASE, 


Info: NV_NVDLA_csb_master.cpp: 59:Addr: 0x100c


Info: NV_NVDLA_csb_master.cpp: 60:Data: 0x7


Info: NV_NVDLA_csb_master.cpp: 61:Is write: 0x0


Info: NV_NVDLA_csb_master.cpp: 62:nposted: 0x0


Info: glb_reg_model.cpp: 44:glb_reg_model::GlbAccessRegister addr=0x100c data=0x7 is_write=0


Info: NV_NVDLA_csb_master.cpp: 273:NV_NVDLA_csb_master::glb2csb_resp_b_transport. Err bit: 0x0 Data: 0x150000


Info: NV_NVDLA_csb_master.cpp: 54:NV_NVDLA_csb_master::nvdla2csb_b_transport, base_addr: 0x1000


Info: NV_NVDLA_csb_master.cpp: 58:NV_NVDLA_csb_master::nvdla2csb_b_transport, csb req to GLB_BASE, 


Info: NV_NVDLA_csb_master.cpp: 59:Addr: 0x100c


Info: NV_NVDLA_csb_master.cpp: 60:Data: 0x7


Info: NV_NVDLA_csb_master.cpp: 61:Is write: 0x0


Info: NV_NVDLA_csb_master.cpp: 62:nposted: 0x0


Info: glb_reg_model.cpp: 44:glb_reg_model::GlbAccessRegister addr=0x100c data=0x7 is_write=0


Info: NV_NVDLA_csb_master.cpp: 273:NV_NVDLA_csb_master::glb2csb_resp_b_transport. Err bit: 0x0 Data: 0x150000


Info: NV_NVDLA_csb_master.cpp: 54:NV_NVDLA_csb_master::nvdla2csb_b_transport, base_addr: 0x1000


Info: NV_NVDLA_csb_master.cpp: 58:NV_NVDLA_csb_master::nvdla2csb_b_transport, csb req to GLB_BASE, 


Info: NV_NVDLA_csb_master.cpp: 59:Addr: 0x100c


Info: NV_NVDLA_csb_master.cpp: 60:Data: 0x7


Info: NV_NVDLA_csb_master.cpp: 61:Is write: 0x0


Info: NV_NVDLA_csb_master.cpp: 62:nposted: 0x0


Info: glb_reg_model.cpp: 44:glb_reg_model::GlbAccessRegister addr=0x100c data=0x7 is_write=0


Info: NV_NVDLA_csb_master.cpp: 273:NV_NVDLA_csb_master::glb2csb_resp_b_transport. Err bit: 0x0 Data: 0x150000


Info: NV_NVDLA_csb_master.cpp: 54:NV_NVDLA_csb_master::nvdla2csb_b_transport, base_addr: 0x1000


Info: NV_NVDLA_csb_master.cpp: 58:NV_NVDLA_csb_master::nvdla2csb_b_transport, csb req to GLB_BASE, 


Info: NV_NVDLA_csb_master.cpp: 59:Addr: 0x100c


Info: NV_NVDLA_csb_master.cpp: 60:Data: 0x7


Info: NV_NVDLA_csb_master.cpp: 61:Is write: 0x0


Info: NV_NVDLA_csb_master.cpp: 62:nposted: 0x0


Info: glb_reg_model.cpp: 44:glb_reg_model::GlbAccessRegister addr=0x100c data=0x7 is_write=0


Info: NV_NVDLA_csb_master.cpp: 273:NV_NVDLA_csb_master::glb2csb_resp_b_transport. Err bit: 0x0 Data: 0x150000


Info: NV_NVDLA_csb_master.cpp: 54:NV_NVDLA_csb_master::nvdla2csb_b_transport, base_addr: 0x1000


Info: NV_NVDLA_csb_master.cpp: 58:NV_NVDLA_csb_master::nvdla2csb_b_transport, csb req to GLB_BASE, 


Info: NV_NVDLA_csb_master.cpp: 59:Addr: 0x100c


Info: NV_NVDLA_csb_master.cpp: 60:Data: 0x7


Info: NV_NVDLA_csb_master.cpp: 61:Is write: 0x0


Info: NV_NVDLA_csb_master.cpp: 62:nposted: 0x0


Info: glb_reg_model.cpp: 44:glb_reg_model::GlbAccessRegister addr=0x100c data=0x7 is_write=0


Info: NV_NVDLA_csb_master.cpp: 273:NV_NVDLA_csb_master::glb2csb_resp_b_transport. Err bit: 0x0 Data: 0x150000


Info: NV_NVDLA_csb_master.cpp: 54:NV_NVDLA_csb_master::nvdla2csb_b_transport, base_addr: 0x1000


Info: NV_NVDLA_csb_master.cpp: 58:NV_NVDLA_csb_master::nvdla2csb_b_transport, csb req to GLB_BASE, 


Info: NV_NVDLA_csb_master.cpp: 59:Addr: 0x100c


Info: NV_NVDLA_csb_master.cpp: 60:Data: 0x7


Info: NV_NVDLA_csb_master.cpp: 61:Is write: 0x0


Info: NV_NVDLA_csb_master.cpp: 62:nposted: 0x0


Info: glb_reg_model.cpp: 44:glb_reg_model::GlbAccessRegister addr=0x100c data=0x7 is_write=0


Info: NV_NVDLA_csb_master.cpp: 273:NV_NVDLA_csb_master::glb2csb_resp_b_transport. Err bit: 0x0 Data: 0x150000


Info: NV_NVDLA_csb_master.cpp: 54:NV_NVDLA_csb_master::nvdla2csb_b_transport, base_addr: 0x1000


Info: NV_NVDLA_csb_master.cpp: 58:NV_NVDLA_csb_master::nvdla2csb_b_transport, csb req to GLB_BASE, 


Info: NV_NVDLA_csb_master.cpp: 59:Addr: 0x100c


Info: NV_NVDLA_csb_master.cpp: 60:Data: 0x7


Info: NV_NVDLA_csb_master.cpp: 61:Is write: 0x0


Info: NV_NVDLA_csb_master.cpp: 62:nposted: 0x0


Info: glb_reg_model.cpp: 44:glb_reg_model::GlbAccessRegister addr=0x100c data=0x7 is_write=0


Info: NV_NVDLA_csb_master.cpp: 273:NV_NVDLA_csb_master::glb2csb_resp_b_transport. Err bit: 0x0 Data: 0x150000


Info: NV_NVDLA_csb_master.cpp: 54:NV_NVDLA_csb_master::nvdla2csb_b_transport, base_addr: 0x1000


Info: NV_NVDLA_csb_master.cpp: 58:NV_NVDLA_csb_master::nvdla2csb_b_transport, csb req to GLB_BASE, 


Info: NV_NVDLA_csb_master.cpp: 59:Addr: 0x100c


Info: NV_NVDLA_csb_master.cpp: 60:Data: 0x7


Info: NV_NVDLA_csb_master.cpp: 61:Is write: 0x0


Info: NV_NVDLA_csb_master.cpp: 62:nposted: 0x0


Info: glb_reg_model.cpp: 44:glb_reg_model::GlbAccessRegister addr=0x100c data=0x7 is_write=0


Info: NV_NVDLA_csb_master.cpp: 273:NV_NVDLA_csb_master::glb2csb_resp_b_transport. Err bit: 0x0 Data: 0x150000


Info: NV_NVDLA_csb_master.cpp: 54:NV_NVDLA_csb_master::nvdla2csb_b_transport, base_addr: 0x1000


Info: NV_NVDLA_csb_master.cpp: 58:NV_NVDLA_csb_master::nvdla2csb_b_transport, csb req to GLB_BASE, 


Info: NV_NVDLA_csb_master.cpp: 59:Addr: 0x100c


Info: NV_NVDLA_csb_master.cpp: 60:Data: 0x7


Info: NV_NVDLA_csb_master.cpp: 61:Is write: 0x0


Info: NV_NVDLA_csb_master.cpp: 62:nposted: 0x0


Info: glb_reg_model.cpp: 44:glb_reg_model::GlbAccessRegister addr=0x100c data=0x7 is_write=0


Info: NV_NVDLA_csb_master.cpp: 273:NV_NVDLA_csb_master::glb2csb_resp_b_transport. Err bit: 0x0 Data: 0x150000


Info: NV_NVDLA_csb_master.cpp: 54:NV_NVDLA_csb_master::nvdla2csb_b_transport, base_addr: 0x1000


Info: NV_NVDLA_csb_master.cpp: 58:NV_NVDLA_csb_master::nvdla2csb_b_transport, csb req to GLB_BASE, 


Info: NV_NVDLA_csb_master.cpp: 59:Addr: 0x100c


Info: NV_NVDLA_csb_master.cpp: 60:Data: 0x7


Info: NV_NVDLA_csb_master.cpp: 61:Is write: 0x0


Info: NV_NVDLA_csb_master.cpp: 62:nposted: 0x0


Info: glb_reg_model.cpp: 44:glb_reg_model::GlbAccessRegister addr=0x100c data=0x7 is_write=0


Info: NV_NVDLA_csb_master.cpp: 273:NV_NVDLA_csb_master::glb2csb_resp_b_transport. Err bit: 0x0 Data: 0x150000


Info: NV_NVDLA_csb_master.cpp: 54:NV_NVDLA_csb_master::nvdla2csb_b_transport, base_addr: 0x1000


Info: NV_NVDLA_csb_master.cpp: 58:NV_NVDLA_csb_master::nvdla2csb_b_transport, csb req to GLB_BASE, 


Info: NV_NVDLA_csb_master.cpp: 59:Addr: 0x100c


Info: NV_NVDLA_csb_master.cpp: 60:Data: 0x7


Info: NV_NVDLA_csb_master.cpp: 61:Is write: 0x0


Info: NV_NVDLA_csb_master.cpp: 62:nposted: 0x0


Info: glb_reg_model.cpp: 44:glb_reg_model::GlbAccessRegister addr=0x100c data=0x7 is_write=0


Info: NV_NVDLA_csb_master.cpp: 273:NV_NVDLA_csb_master::glb2csb_resp_b_transport. Err bit: 0x0 Data: 0x150000


Info: NV_NVDLA_csb_master.cpp: 54:NV_NVDLA_csb_master::nvdla2csb_b_transport, base_addr: 0x1000


Info: NV_NVDLA_csb_master.cpp: 58:NV_NVDLA_csb_master::nvdla2csb_b_transport, csb req to GLB_BASE, 


Info: NV_NVDLA_csb_master.cpp: 59:Addr: 0x100c


Info: NV_NVDLA_csb_master.cpp: 60:Data: 0x7


Info: NV_NVDLA_csb_master.cpp: 61:Is write: 0x0


Info: NV_NVDLA_csb_master.cpp: 62:nposted: 0x0


Info: glb_reg_model.cpp: 44:glb_reg_model::GlbAccessRegister addr=0x100c data=0x7 is_write=0


Info: NV_NVDLA_csb_master.cpp: 273:NV_NVDLA_csb_master::glb2csb_resp_b_transport. Err bit: 0x0 Data: 0x150000


Info: NV_NVDLA_csb_master.cpp: 54:NV_NVDLA_csb_master::nvdla2csb_b_transport, base_addr: 0x1000


Info: NV_NVDLA_csb_master.cpp: 58:NV_NVDLA_csb_master::nvdla2csb_b_transport, csb req to GLB_BASE, 


Info: NV_NVDLA_csb_master.cpp: 59:Addr: 0x100c


Info: NV_NVDLA_csb_master.cpp: 60:Data: 0x7


Info: NV_NVDLA_csb_master.cpp: 61:Is write: 0x0


Info: NV_NVDLA_csb_master.cpp: 62:nposted: 0x0


Info: glb_reg_model.cpp: 44:glb_reg_model::GlbAccessRegister addr=0x100c data=0x7 is_write=0


Info: NV_NVDLA_csb_master.cpp: 273:NV_NVDLA_csb_master::glb2csb_resp_b_transport. Err bit: 0x0 Data: 0x150000


Info: NV_NVDLA_csb_master.cpp: 54:NV_NVDLA_csb_master::nvdla2csb_b_transport, base_addr: 0x1000


Info: NV_NVDLA_csb_master.cpp: 58:NV_NVDLA_csb_master::nvdla2csb_b_transport, csb req to GLB_BASE, 


Info: NV_NVDLA_csb_master.cpp: 59:Addr: 0x100c


Info: NV_NVDLA_csb_master.cpp: 60:Data: 0x7


Info: NV_NVDLA_csb_master.cpp: 61:Is write: 0x0


Info: NV_NVDLA_csb_master.cpp: 62:nposted: 0x0


Info: glb_reg_model.cpp: 44:glb_reg_model::GlbAccessRegister addr=0x100c data=0x7 is_write=0


Info: NV_NVDLA_csb_master.cpp: 273:NV_NVDLA_csb_master::glb2csb_resp_b_transport. Err bit: 0x0 Data: 0x150000


Info: NV_NVDLA_csb_master.cpp: 54:NV_NVDLA_csb_master::nvdla2csb_b_transport, base_addr: 0x1000


Info: NV_NVDLA_csb_master.cpp: 58:NV_NVDLA_csb_master::nvdla2csb_b_transport, csb req to GLB_BASE, 


Info: NV_NVDLA_csb_master.cpp: 59:Addr: 0x100c


Info: NV_NVDLA_csb_master.cpp: 60:Data: 0x7


Info: NV_NVDLA_csb_master.cpp: 61:Is write: 0x0


Info: NV_NVDLA_csb_master.cpp: 62:nposted: 0x0


Info: glb_reg_model.cpp: 44:glb_reg_model::GlbAccessRegister addr=0x100c data=0x7 is_write=0


Info: NV_NVDLA_csb_master.cpp: 273:NV_NVDLA_csb_master::glb2csb_resp_b_transport. Err bit: 0x0 Data: 0x150000


Info: NV_NVDLA_csb_master.cpp: 54:NV_NVDLA_csb_master::nvdla2csb_b_transport, base_addr: 0x1000


Info: NV_NVDLA_csb_master.cpp: 58:NV_NVDLA_csb_master::nvdla2csb_b_transport, csb req to GLB_BASE, 


Info: NV_NVDLA_csb_master.cpp: 59:Addr: 0x100c


Info: NV_NVDLA_csb_master.cpp: 60:Data: 0x7


Info: NV_NVDLA_csb_master.cpp: 61:Is write: 0x0


Info: NV_NVDLA_csb_master.cpp: 62:nposted: 0x0


Info: glb_reg_model.cpp: 44:glb_reg_model::GlbAccessRegister addr=0x100c data=0x7 is_write=0


Info: NV_NVDLA_csb_master.cpp: 273:NV_NVDLA_csb_master::glb2csb_resp_b_transport. Err bit: 0x0 Data: 0x150000


Info: NV_NVDLA_csb_master.cpp: 54:NV_NVDLA_csb_master::nvdla2csb_b_transport, base_addr: 0x1000


Info: NV_NVDLA_csb_master.cpp: 58:NV_NVDLA_csb_master::nvdla2csb_b_transport, csb req to GLB_BASE, 


Info: NV_NVDLA_csb_master.cpp: 59:Addr: 0x100c


Info: NV_NVDLA_csb_master.cpp: 60:Data: 0x7


Info: NV_NVDLA_csb_master.cpp: 61:Is write: 0x0


Info: NV_NVDLA_csb_master.cpp: 62:nposted: 0x0


Info: glb_reg_model.cpp: 44:glb_reg_model::GlbAccessRegister addr=0x100c data=0x7 is_write=0


Info: NV_NVDLA_csb_master.cpp: 273:NV_NVDLA_csb_master::glb2csb_resp_b_transport. Err bit: 0x0 Data: 0x150000


Info: NV_NVDLA_csb_master.cpp: 54:NV_NVDLA_csb_master::nvdla2csb_b_transport, base_addr: 0x1000


Info: NV_NVDLA_csb_master.cpp: 58:NV_NVDLA_csb_master::nvdla2csb_b_transport, csb req to GLB_BASE, 


Info: NV_NVDLA_csb_master.cpp: 59:Addr: 0x100c


Info: NV_NVDLA_csb_master.cpp: 60:Data: 0x7


Info: NV_NVDLA_csb_master.cpp: 61:Is write: 0x0


Info: NV_NVDLA_csb_master.cpp: 62:nposted: 0x0


Info: glb_reg_model.cpp: 44:glb_reg_model::GlbAccessRegister addr=0x100c data=0x7 is_write=0


Info: NV_NVDLA_csb_master.cpp: 273:NV_NVDLA_csb_master::glb2csb_resp_b_transport. Err bit: 0x0 Data: 0x150000


Info: NV_NVDLA_csb_master.cpp: 54:NV_NVDLA_csb_master::nvdla2csb_b_transport, base_addr: 0x1000


Info: NV_NVDLA_csb_master.cpp: 58:NV_NVDLA_csb_master::nvdla2csb_b_transport, csb req to GLB_BASE, 


Info: NV_NVDLA_csb_master.cpp: 59:Addr: 0x100c


Info: NV_NVDLA_csb_master.cpp: 60:Data: 0x7


Info: NV_NVDLA_csb_master.cpp: 61:Is write: 0x0


Info: NV_NVDLA_csb_master.cpp: 62:nposted: 0x0


Info: glb_reg_model.cpp: 44:glb_reg_model::GlbAccessRegister addr=0x100c data=0x7 is_write=0


Info: NV_NVDLA_csb_master.cpp: 273:NV_NVDLA_csb_master::glb2csb_resp_b_transport. Err bit: 0x0 Data: 0x150000


Info: NV_NVDLA_csb_master.cpp: 54:NV_NVDLA_csb_master::nvdla2csb_b_transport, base_addr: 0x1000


Info: NV_NVDLA_csb_master.cpp: 58:NV_NVDLA_csb_master::nvdla2csb_b_transport, csb req to GLB_BASE, 


Info: NV_NVDLA_csb_master.cpp: 59:Addr: 0x100c


Info: NV_NVDLA_csb_master.cpp: 60:Data: 0x7


Info: NV_NVDLA_csb_master.cpp: 61:Is write: 0x0


Info: NV_NVDLA_csb_master.cpp: 62:nposted: 0x0


Info: glb_reg_model.cpp: 44:glb_reg_model::GlbAccessRegister addr=0x100c data=0x7 is_write=0


Info: NV_NVDLA_csb_master.cpp: 273:NV_NVDLA_csb_master::glb2csb_resp_b_transport. Err bit: 0x0 Data: 0x150000


Info: NV_NVDLA_csb_master.cpp: 54:NV_NVDLA_csb_master::nvdla2csb_b_transport, base_addr: 0x1000


Info: NV_NVDLA_csb_master.cpp: 58:NV_NVDLA_csb_master::nvdla2csb_b_transport, csb req to GLB_BASE, 


Info: NV_NVDLA_csb_master.cpp: 59:Addr: 0x100c


Info: NV_NVDLA_csb_master.cpp: 60:Data: 0x7


Info: NV_NVDLA_csb_master.cpp: 61:Is write: 0x0


Info: NV_NVDLA_csb_master.cpp: 62:nposted: 0x0


Info: glb_reg_model.cpp: 44:glb_reg_model::GlbAccessRegister addr=0x100c data=0x7 is_write=0


Info: NV_NVDLA_csb_master.cpp: 273:NV_NVDLA_csb_master::glb2csb_resp_b_transport. Err bit: 0x0 Data: 0x150000


Info: NV_NVDLA_csb_master.cpp: 54:NV_NVDLA_csb_master::nvdla2csb_b_transport, base_addr: 0x1000


Info: NV_NVDLA_csb_master.cpp: 58:NV_NVDLA_csb_master::nvdla2csb_b_transport, csb req to GLB_BASE, 


Info: NV_NVDLA_csb_master.cpp: 59:Addr: 0x100c


Info: NV_NVDLA_csb_master.cpp: 60:Data: 0x7


Info: NV_NVDLA_csb_master.cpp: 61:Is write: 0x0


Info: NV_NVDLA_csb_master.cpp: 62:nposted: 0x0


Info: glb_reg_model.cpp: 44:glb_reg_model::GlbAccessRegister addr=0x100c data=0x7 is_write=0


Info: NV_NVDLA_csb_master.cpp: 273:NV_NVDLA_csb_master::glb2csb_resp_b_transport. Err bit: 0x0 Data: 0x150000


Info: NV_NVDLA_csb_master.cpp: 54:NV_NVDLA_csb_master::nvdla2csb_b_transport, base_addr: 0x1000


Info: NV_NVDLA_csb_master.cpp: 58:NV_NVDLA_csb_master::nvdla2csb_b_transport, csb req to GLB_BASE, 


Info: NV_NVDLA_csb_master.cpp: 59:Addr: 0x100c


Info: NV_NVDLA_csb_master.cpp: 60:Data: 0x7


Info: NV_NVDLA_csb_master.cpp: 61:Is write: 0x0


Info: NV_NVDLA_csb_master.cpp: 62:nposted: 0x0


Info: glb_reg_model.cpp: 44:glb_reg_model::GlbAccessRegister addr=0x100c data=0x7 is_write=0


Info: NV_NVDLA_csb_master.cpp: 273:NV_NVDLA_csb_master::glb2csb_resp_b_transport. Err bit: 0x0 Data: 0x150000


Info: NV_NVDLA_csb_master.cpp: 54:NV_NVDLA_csb_master::nvdla2csb_b_transport, base_addr: 0x1000


Info: NV_NVDLA_csb_master.cpp: 58:NV_NVDLA_csb_master::nvdla2csb_b_transport, csb req to GLB_BASE, 


Info: NV_NVDLA_csb_master.cpp: 59:Addr: 0x100c


Info: NV_NVDLA_csb_master.cpp: 60:Data: 0x7


Info: NV_NVDLA_csb_master.cpp: 61:Is write: 0x0


Info: NV_NVDLA_csb_master.cpp: 62:nposted: 0x0


Info: glb_reg_model.cpp: 44:glb_reg_model::GlbAccessRegister addr=0x100c data=0x7 is_write=0


Info: NV_NVDLA_csb_master.cpp: 273:NV_NVDLA_csb_master::glb2csb_resp_b_transport. Err bit: 0x0 Data: 0x150000


Info: NV_NVDLA_csb_master.cpp: 54:NV_NVDLA_csb_master::nvdla2csb_b_transport, base_addr: 0x1000


Info: NV_NVDLA_csb_master.cpp: 58:NV_NVDLA_csb_master::nvdla2csb_b_transport, csb req to GLB_BASE, 


Info: NV_NVDLA_csb_master.cpp: 59:Addr: 0x100c


Info: NV_NVDLA_csb_master.cpp: 60:Data: 0x7


Info: NV_NVDLA_csb_master.cpp: 61:Is write: 0x0


Info: NV_NVDLA_csb_master.cpp: 62:nposted: 0x0


Info: glb_reg_model.cpp: 44:glb_reg_model::GlbAccessRegister addr=0x100c data=0x7 is_write=0


Info: NV_NVDLA_csb_master.cpp: 273:NV_NVDLA_csb_master::glb2csb_resp_b_transport. Err bit: 0x0 Data: 0x150000


Info: NV_NVDLA_csb_master.cpp: 54:NV_NVDLA_csb_master::nvdla2csb_b_transport, base_addr: 0x1000


Info: NV_NVDLA_csb_master.cpp: 58:NV_NVDLA_csb_master::nvdla2csb_b_transport, csb req to GLB_BASE, 


Info: NV_NVDLA_csb_master.cpp: 59:Addr: 0x100c


Info: NV_NVDLA_csb_master.cpp: 60:Data: 0x7


Info: NV_NVDLA_csb_master.cpp: 61:Is write: 0x0


Info: NV_NVDLA_csb_master.cpp: 62:nposted: 0x0


Info: glb_reg_model.cpp: 44:glb_reg_model::GlbAccessRegister addr=0x100c data=0x7 is_write=0


Info: NV_NVDLA_csb_master.cpp: 273:NV_NVDLA_csb_master::glb2csb_resp_b_transport. Err bit: 0x0 Data: 0x150000


Info: NV_NVDLA_csb_master.cpp: 54:NV_NVDLA_csb_master::nvdla2csb_b_transport, base_addr: 0x1000


Info: NV_NVDLA_csb_master.cpp: 58:NV_NVDLA_csb_master::nvdla2csb_b_transport, csb req to GLB_BASE, 


Info: NV_NVDLA_csb_master.cpp: 59:Addr: 0x100c


Info: NV_NVDLA_csb_master.cpp: 60:Data: 0x7


Info: NV_NVDLA_csb_master.cpp: 61:Is write: 0x0


Info: NV_NVDLA_csb_master.cpp: 62:nposted: 0x0


Info: glb_reg_model.cpp: 44:glb_reg_model::GlbAccessRegister addr=0x100c data=0x7 is_write=0


Info: NV_NVDLA_csb_master.cpp: 273:NV_NVDLA_csb_master::glb2csb_resp_b_transport. Err bit: 0x0 Data: 0x150000


Info: NV_NVDLA_csb_master.cpp: 54:NV_NVDLA_csb_master::nvdla2csb_b_transport, base_addr: 0x1000


Info: NV_NVDLA_csb_master.cpp: 58:NV_NVDLA_csb_master::nvdla2csb_b_transport, csb req to GLB_BASE, 


Info: NV_NVDLA_csb_master.cpp: 59:Addr: 0x100c


Info: NV_NVDLA_csb_master.cpp: 60:Data: 0x7


Info: NV_NVDLA_csb_master.cpp: 61:Is write: 0x0


Info: NV_NVDLA_csb_master.cpp: 62:nposted: 0x0


Info: glb_reg_model.cpp: 44:glb_reg_model::GlbAccessRegister addr=0x100c data=0x7 is_write=0


Info: NV_NVDLA_csb_master.cpp: 273:NV_NVDLA_csb_master::glb2csb_resp_b_transport. Err bit: 0x0 Data: 0x150000


Info: NV_NVDLA_csb_master.cpp: 54:NV_NVDLA_csb_master::nvdla2csb_b_transport, base_addr: 0x1000


Info: NV_NVDLA_csb_master.cpp: 58:NV_NVDLA_csb_master::nvdla2csb_b_transport, csb req to GLB_BASE, 


Info: NV_NVDLA_csb_master.cpp: 59:Addr: 0x100c


Info: NV_NVDLA_csb_master.cpp: 60:Data: 0x7


Info: NV_NVDLA_csb_master.cpp: 61:Is write: 0x0


Info: NV_NVDLA_csb_master.cpp: 62:nposted: 0x0


Info: glb_reg_model.cpp: 44:glb_reg_model::GlbAccessRegister addr=0x100c data=0x7 is_write=0


Info: NV_NVDLA_csb_master.cpp: 273:NV_NVDLA_csb_master::glb2csb_resp_b_transport. Err bit: 0x0 Data: 0x150000


Info: NV_NVDLA_csb_master.cpp: 54:NV_NVDLA_csb_master::nvdla2csb_b_transport, base_addr: 0x1000


Info: NV_NVDLA_csb_master.cpp: 58:NV_NVDLA_csb_master::nvdla2csb_b_transport, csb req to GLB_BASE, 


Info: NV_NVDLA_csb_master.cpp: 59:Addr: 0x100c


Info: NV_NVDLA_csb_master.cpp: 60:Data: 0x7


Info: NV_NVDLA_csb_master.cpp: 61:Is write: 0x0


Info: NV_NVDLA_csb_master.cpp: 62:nposted: 0x0


Info: glb_reg_model.cpp: 44:glb_reg_model::GlbAccessRegister addr=0x100c data=0x7 is_write=0


Info: NV_NVDLA_csb_master.cpp: 273:NV_NVDLA_csb_master::glb2csb_resp_b_transport. Err bit: 0x0 Data: 0x150000


Info: NV_NVDLA_csb_master.cpp: 54:NV_NVDLA_csb_master::nvdla2csb_b_transport, base_addr: 0x1000


Info: NV_NVDLA_csb_master.cpp: 58:NV_NVDLA_csb_master::nvdla2csb_b_transport, csb req to GLB_BASE, 


Info: NV_NVDLA_csb_master.cpp: 59:Addr: 0x100c


Info: NV_NVDLA_csb_master.cpp: 60:Data: 0x7


Info: NV_NVDLA_csb_master.cpp: 61:Is write: 0x0


Info: NV_NVDLA_csb_master.cpp: 62:nposted: 0x0


Info: glb_reg_model.cpp: 44:glb_reg_model::GlbAccessRegister addr=0x100c data=0x7 is_write=0


Info: NV_NVDLA_csb_master.cpp: 273:NV_NVDLA_csb_master::glb2csb_resp_b_transport. Err bit: 0x0 Data: 0x150000


Info: NV_NVDLA_csb_master.cpp: 54:NV_NVDLA_csb_master::nvdla2csb_b_transport, base_addr: 0x1000


Info: NV_NVDLA_csb_master.cpp: 58:NV_NVDLA_csb_master::nvdla2csb_b_transport, csb req to GLB_BASE, 


Info: NV_NVDLA_csb_master.cpp: 59:Addr: 0x100c


Info: NV_NVDLA_csb_master.cpp: 60:Data: 0x7


Info: NV_NVDLA_csb_master.cpp: 61:Is write: 0x0


Info: NV_NVDLA_csb_master.cpp: 62:nposted: 0x0


Info: glb_reg_model.cpp: 44:glb_reg_model::GlbAccessRegister addr=0x100c data=0x7 is_write=0


Info: NV_NVDLA_csb_master.cpp: 273:NV_NVDLA_csb_master::glb2csb_resp_b_transport. Err bit: 0x0 Data: 0x150000


Info: NV_NVDLA_csb_master.cpp: 54:NV_NVDLA_csb_master::nvdla2csb_b_transport, base_addr: 0x1000


Info: NV_NVDLA_csb_master.cpp: 58:NV_NVDLA_csb_master::nvdla2csb_b_transport, csb req to GLB_BASE, 


Info: NV_NVDLA_csb_master.cpp: 59:Addr: 0x100c


Info: NV_NVDLA_csb_master.cpp: 60:Data: 0x7


Info: NV_NVDLA_csb_master.cpp: 61:Is write: 0x0


Info: NV_NVDLA_csb_master.cpp: 62:nposted: 0x0


Info: glb_reg_model.cpp: 44:glb_reg_model::GlbAccessRegister addr=0x100c data=0x7 is_write=0


Info: NV_NVDLA_csb_master.cpp: 273:NV_NVDLA_csb_master::glb2csb_resp_b_transport. Err bit: 0x0 Data: 0x150000


Info: NV_NVDLA_csb_master.cpp: 54:NV_NVDLA_csb_master::nvdla2csb_b_transport, base_addr: 0x1000


Info: NV_NVDLA_csb_master.cpp: 58:NV_NVDLA_csb_master::nvdla2csb_b_transport, csb req to GLB_BASE, 


Info: NV_NVDLA_csb_master.cpp: 59:Addr: 0x100c


Info: NV_NVDLA_csb_master.cpp: 60:Data: 0x7


Info: NV_NVDLA_csb_master.cpp: 61:Is write: 0x0


Info: NV_NVDLA_csb_master.cpp: 62:nposted: 0x0


Info: glb_reg_model.cpp: 44:glb_reg_model::GlbAccessRegister addr=0x100c data=0x7 is_write=0


Info: NV_NVDLA_csb_master.cpp: 273:NV_NVDLA_csb_master::glb2csb_resp_b_transport. Err bit: 0x0 Data: 0x150000


Info: NV_NVDLA_csb_master.cpp: 54:NV_NVDLA_csb_master::nvdla2csb_b_transport, base_addr: 0x1000


Info: NV_NVDLA_csb_master.cpp: 58:NV_NVDLA_csb_master::nvdla2csb_b_transport, csb req to GLB_BASE, 


Info: NV_NVDLA_csb_master.cpp: 59:Addr: 0x100c


Info: NV_NVDLA_csb_master.cpp: 60:Data: 0x7


Info: NV_NVDLA_csb_master.cpp: 61:Is write: 0x0


Info: NV_NVDLA_csb_master.cpp: 62:nposted: 0x0


Info: glb_reg_model.cpp: 44:glb_reg_model::GlbAccessRegister addr=0x100c data=0x7 is_write=0


Info: NV_NVDLA_csb_master.cpp: 273:NV_NVDLA_csb_master::glb2csb_resp_b_transport. Err bit: 0x0 Data: 0x150000


Info: NV_NVDLA_csb_master.cpp: 54:NV_NVDLA_csb_master::nvdla2csb_b_transport, base_addr: 0x1000


Info: NV_NVDLA_csb_master.cpp: 58:NV_NVDLA_csb_master::nvdla2csb_b_transport, csb req to GLB_BASE, 


Info: NV_NVDLA_csb_master.cpp: 59:Addr: 0x100c


Info: NV_NVDLA_csb_master.cpp: 60:Data: 0x7


Info: NV_NVDLA_csb_master.cpp: 61:Is write: 0x0


Info: NV_NVDLA_csb_master.cpp: 62:nposted: 0x0


Info: glb_reg_model.cpp: 44:glb_reg_model::GlbAccessRegister addr=0x100c data=0x7 is_write=0


Info: NV_NVDLA_csb_master.cpp: 273:NV_NVDLA_csb_master::glb2csb_resp_b_transport. Err bit: 0x0 Data: 0x150000


Info: NV_NVDLA_csb_master.cpp: 54:NV_NVDLA_csb_master::nvdla2csb_b_transport, base_addr: 0x1000


Info: NV_NVDLA_csb_master.cpp: 58:NV_NVDLA_csb_master::nvdla2csb_b_transport, csb req to GLB_BASE, 


Info: NV_NVDLA_csb_master.cpp: 59:Addr: 0x100c


Info: NV_NVDLA_csb_master.cpp: 60:Data: 0x7


Info: NV_NVDLA_csb_master.cpp: 61:Is write: 0x0


Info: NV_NVDLA_csb_master.cpp: 62:nposted: 0x0


Info: glb_reg_model.cpp: 44:glb_reg_model::GlbAccessRegister addr=0x100c data=0x7 is_write=0


Info: NV_NVDLA_csb_master.cpp: 273:NV_NVDLA_csb_master::glb2csb_resp_b_transport. Err bit: 0x0 Data: 0x150000


Info: NV_NVDLA_csb_master.cpp: 54:NV_NVDLA_csb_master::nvdla2csb_b_transport, base_addr: 0x1000


Info: NV_NVDLA_csb_master.cpp: 58:NV_NVDLA_csb_master::nvdla2csb_b_transport, csb req to GLB_BASE, 


Info: NV_NVDLA_csb_master.cpp: 59:Addr: 0x100c


Info: NV_NVDLA_csb_master.cpp: 60:Data: 0x7


Info: NV_NVDLA_csb_master.cpp: 61:Is write: 0x0


Info: NV_NVDLA_csb_master.cpp: 62:nposted: 0x0


Info: glb_reg_model.cpp: 44:glb_reg_model::GlbAccessRegister addr=0x100c data=0x7 is_write=0


Info: NV_NVDLA_csb_master.cpp: 273:NV_NVDLA_csb_master::glb2csb_resp_b_transport. Err bit: 0x0 Data: 0x150000


Info: NV_NVDLA_csb_master.cpp: 54:NV_NVDLA_csb_master::nvdla2csb_b_transport, base_addr: 0x1000


Info: NV_NVDLA_csb_master.cpp: 58:NV_NVDLA_csb_master::nvdla2csb_b_transport, csb req to GLB_BASE, 


Info: NV_NVDLA_csb_master.cpp: 59:Addr: 0x100c


Info: NV_NVDLA_csb_master.cpp: 60:Data: 0x7


Info: NV_NVDLA_csb_master.cpp: 61:Is write: 0x0


Info: NV_NVDLA_csb_master.cpp: 62:nposted: 0x0


Info: glb_reg_model.cpp: 44:glb_reg_model::GlbAccessRegister addr=0x100c data=0x7 is_write=0


Info: NV_NVDLA_csb_master.cpp: 273:NV_NVDLA_csb_master::glb2csb_resp_b_transport. Err bit: 0x0 Data: 0x150000


Info: NV_NVDLA_csb_master.cpp: 54:NV_NVDLA_csb_master::nvdla2csb_b_transport, base_addr: 0x1000


Info: NV_NVDLA_csb_master.cpp: 58:NV_NVDLA_csb_master::nvdla2csb_b_transport, csb req to GLB_BASE, 


Info: NV_NVDLA_csb_master.cpp: 59:Addr: 0x100c


Info: NV_NVDLA_csb_master.cpp: 60:Data: 0x7


Info: NV_NVDLA_csb_master.cpp: 61:Is write: 0x0


Info: NV_NVDLA_csb_master.cpp: 62:nposted: 0x0


Info: glb_reg_model.cpp: 44:glb_reg_model::GlbAccessRegister addr=0x100c data=0x7 is_write=0


Info: NV_NVDLA_csb_master.cpp: 273:NV_NVDLA_csb_master::glb2csb_resp_b_transport. Err bit: 0x0 Data: 0x150000


Info: NV_NVDLA_csb_master.cpp: 54:NV_NVDLA_csb_master::nvdla2csb_b_transport, base_addr: 0x1000


Info: NV_NVDLA_csb_master.cpp: 58:NV_NVDLA_csb_master::nvdla2csb_b_transport, csb req to GLB_BASE, 


Info: NV_NVDLA_csb_master.cpp: 59:Addr: 0x100c


Info: NV_NVDLA_csb_master.cpp: 60:Data: 0x7


Info: NV_NVDLA_csb_master.cpp: 61:Is write: 0x0


Info: NV_NVDLA_csb_master.cpp: 62:nposted: 0x0


Info: glb_reg_model.cpp: 44:glb_reg_model::GlbAccessRegister addr=0x100c data=0x7 is_write=0


Info: NV_NVDLA_csb_master.cpp: 273:NV_NVDLA_csb_master::glb2csb_resp_b_transport. Err bit: 0x0 Data: 0x150000


Info: NV_NVDLA_csb_master.cpp: 54:NV_NVDLA_csb_master::nvdla2csb_b_transport, base_addr: 0x1000


Info: NV_NVDLA_csb_master.cpp: 58:NV_NVDLA_csb_master::nvdla2csb_b_transport, csb req to GLB_BASE, 


Info: NV_NVDLA_csb_master.cpp: 59:Addr: 0x100c


Info: NV_NVDLA_csb_master.cpp: 60:Data: 0x7


Info: NV_NVDLA_csb_master.cpp: 61:Is write: 0x0


Info: NV_NVDLA_csb_master.cpp: 62:nposted: 0x0


Info: glb_reg_model.cpp: 44:glb_reg_model::GlbAccessRegister addr=0x100c data=0x7 is_write=0


Info: NV_NVDLA_csb_master.cpp: 273:NV_NVDLA_csb_master::glb2csb_resp_b_transport. Err bit: 0x0 Data: 0x150000


Info: NV_NVDLA_csb_master.cpp: 54:NV_NVDLA_csb_master::nvdla2csb_b_transport, base_addr: 0x1000


Info: NV_NVDLA_csb_master.cpp: 58:NV_NVDLA_csb_master::nvdla2csb_b_transport, csb req to GLB_BASE, 


Info: NV_NVDLA_csb_master.cpp: 59:Addr: 0x100c


Info: NV_NVDLA_csb_master.cpp: 60:Data: 0x7


Info: NV_NVDLA_csb_master.cpp: 61:Is write: 0x0


Info: NV_NVDLA_csb_master.cpp: 62:nposted: 0x0


Info: glb_reg_model.cpp: 44:glb_reg_model::GlbAccessRegister addr=0x100c data=0x7 is_write=0


Info: NV_NVDLA_csb_master.cpp: 273:NV_NVDLA_csb_master::glb2csb_resp_b_transport. Err bit: 0x0 Data: 0x150000


Info: NV_NVDLA_csb_master.cpp: 54:NV_NVDLA_csb_master::nvdla2csb_b_transport, base_addr: 0x1000


Info: NV_NVDLA_csb_master.cpp: 58:NV_NVDLA_csb_master::nvdla2csb_b_transport, csb req to GLB_BASE, 


Info: NV_NVDLA_csb_master.cpp: 59:Addr: 0x100c


Info: NV_NVDLA_csb_master.cpp: 60:Data: 0x7


Info: NV_NVDLA_csb_master.cpp: 61:Is write: 0x0


Info: NV_NVDLA_csb_master.cpp: 62:nposted: 0x0


Info: glb_reg_model.cpp: 44:glb_reg_model::GlbAccessRegister addr=0x100c data=0x7 is_write=0


Info: NV_NVDLA_csb_master.cpp: 273:NV_NVDLA_csb_master::glb2csb_resp_b_transport. Err bit: 0x0 Data: 0x150000


Info: NV_NVDLA_csb_master.cpp: 54:NV_NVDLA_csb_master::nvdla2csb_b_transport, base_addr: 0x1000


Info: NV_NVDLA_csb_master.cpp: 58:NV_NVDLA_csb_master::nvdla2csb_b_transport, csb req to GLB_BASE, 


Info: NV_NVDLA_csb_master.cpp: 59:Addr: 0x100c


Info: NV_NVDLA_csb_master.cpp: 60:Data: 0x7


Info: NV_NVDLA_csb_master.cpp: 61:Is write: 0x0


Info: NV_NVDLA_csb_master.cpp: 62:nposted: 0x0


Info: glb_reg_model.cpp: 44:glb_reg_model::GlbAccessRegister addr=0x100c data=0x7 is_write=0


Info: NV_NVDLA_csb_master.cpp: 273:NV_NVDLA_csb_master::glb2csb_resp_b_transport. Err bit: 0x0 Data: 0x150000


Info: NV_NVDLA_sdp.cpp: 243:SdpIntrThread: trigger interrupt on 0 group


Info: NV_NVDLA_glb.cpp: 260:calling NV_NVDLA_glb::Update_nvdla_intr_sdp_0


Info: NV_NVDLA_glb.cpp: 263:Generating SDP interrupt0


Info: NV_NVDLA_glb.cpp: 164:glb_reg_model::GlbUpdateSdpIntrStatus_0 is called


Info: nvdla.irq_adaptor: IRQ: irq_line=176 value=1

Info: NV_NVDLA_csb_master.cpp: 54:NV_NVDLA_csb_master::nvdla2csb_b_transport, base_addr: 0x1000


Info: NV_NVDLA_csb_master.cpp: 58:NV_NVDLA_csb_master::nvdla2csb_b_transport, csb req to GLB_BASE, 


Info: NV_NVDLA_csb_master.cpp: 59:Addr: 0x100c


Info: NV_NVDLA_csb_master.cpp: 60:Data: 0x7


Info: NV_NVDLA_csb_master.cpp: 61:Is write: 0x0


Info: NV_NVDLA_csb_master.cpp: 62:nposted: 0x0


Info: glb_reg_model.cpp: 44:glb_reg_model::GlbAccessRegister addr=0x100c data=0x7 is_write=0


Info: NV_NVDLA_csb_master.cpp: 273:NV_NVDLA_csb_master::glb2csb_resp_b_transport. Err bit: 0x0 Data: 0x150001

[72115.258349] random: crng init done
