Warning: Permanently added '[127.0.0.1]:6667' (ED25519) to the list of known hosts.
TIMEOUT
[   38.815470] nvdla_blob 000099f0: 00 00 00 00 00 00 00 00 00 00 00 00 00 00 00 00
[   38.815941] nvdla_blob 00009a00: 00 00 00 00 00 00 00 00 00 00 00 00 00 00 00 00
[   38.816321] nvdla_blob 00009a10: 00 00 00 00 00 00 00 00 00 00 00 00 00 00 00 00
[   38.817908] nvdla_blob 00009a20: 00 00 00 00 00 00 00 00 00 00 00 00 00 00 00 00
[   38.818386] nvdla_blob 00009a30: 00 00 00 00 00 00 00 00 00 00 00 00 00 00 00 00
[   38.818981] nvdla_blob 00009a40: 00 00 00 00 00 00 00 00 00 00 00 00 00 00 00 00
[   38.819450] nvdla_blob 00009a50: 00 00 00 00 00 00 00 00 00 00 00 00 00 00 00 00
[   38.819948] nvdla_blob 00009a60: 00 00 00 00 00 00 00 00 00 00 00 00 00 00 00 00
[   38.820388] nvdla_blob 00009a70: 00 00 00 00 00 00 00 00 00 00 00 00 00 00 00 00
[   38.822154] nvdla_blob 00009a80: 00 00 00 00 00 00 00 00 00 00 00 00 00 00 00 00
[   38.822610] nvdla_blob 00009a90: 00 00 00 00 00 00 00 00 00 00 00 00 00 00 00 00
[   38.822988] nvdla_blob 00009aa0: 00 00 00 00 00 00 00 00 00 00 00 00 00 00 00 00
[   38.823374] nvdla_blob 00009ab0: 00 00 00 00 00 00 00 00 00 00 00 00 00 00 00 00
[   38.823764] nvdla_blob 00009ac0: 00 00 00 00 00 00 00 00 00 00 00 00 00 00 00 00
[   38.824167] nvdla_blob 00009ad0: 00 00 00 00 00 00 00 00 00 00 00 00 00 00 00 00
[   38.825933] nvdla_blob 00009ae0: 00 00 00 00 00 00 00 00 00 00 00 00 00 00 00 00
[   38.826568] nvdla_blob 00009af0: 00 00 00 00 00 00 00 00 00 00 00 00 00 00 00 00
[   38.827076] nvdla_blob 00009b00: 00 00 00 00 00 00 00 00 00 00 00 00 00 00 00 00
[   38.827497] nvdla_blob 00009b10: 00 00 00 00 00 00 00 00 00 00 00 00 00 00 00 00
[   38.827909] nvdla_blob 00009b20: 00 00 00 00 00 00 00 00 00 00 00 00 00 00 00 00
[   38.828297] nvdla_blob 00009b30: 00 00 00 00 00 00 00 00 00 00 00 00 00 00 00 00
[   38.828707] nvdla_blob 00009b40: 00 00 00 00 00 00 00 00 00 00 00 00 00 00 00 00
[   38.830746] nvdla_blob 00009b50: 00 00 00 00 00 00 00 00 00 00 00 00 00 00 00 00
[   38.831146] nvdla_blob 00009b60: 00 00 00 00 00 00 00 00 00 00 00 00 00 00 00 00
[   38.831537] nvdla_blob 00009b70: 00 00 00 00 00 00 00 00 00 00 00 00 00 00 00 00
[   38.831920] nvdla_blob 00009b80: 00 00 00 00 00 00 00 00 00 00 00 00 00 00 00 00
[   38.832301] nvdla_blob 00009b90: 00 00 00 00 00 00 00 00 00 00 00 00 00 00 00 00
[   38.833818] nvdla_blob 00009ba0: 00 00 00 00 00 00 00 00 00 00 00 00 00 00 00 00
[   38.834257] nvdla_blob 00009bb0: 00 00 00 00 00 00 00 00 00 00 00 00 00 00 00 00
[   38.834651] nvdla_blob 00009bc0: 00 00 00 00 00 00 00 00 00 00 00 00 00 00 00 00
[   38.835036] nvdla_blob 00009bd0: 00 00 00 00 00 00 00 00 00 00 00 00 00 00 00 00
[   38.835421] nvdla_blob 00009be0: 00 00 00 00 00 00 00 00 00 00 00 00 00 00 00 00
[   38.835813] nvdla_blob 00009bf0: 00 00 00 00 00 00 00 00 00 00 00 00 00 00 00 00
[   38.836199] nvdla_blob 00009c00: 00 00 00 00 00 00 00 00 00 00 00 00 00 00 00 00
[   38.836614] nvdla_blob 00009c10: 00 00 00 00 00 00 00 00 00 00 00 00 00 00 00 00
[   38.838381] nvdla_blob 00009c20: 00 00 00 00 00 00 00 00 00 00 00 00 00 00 00 00
[   38.838785] nvdla_blob 00009c30: 00 00 00 00 00 00 00 00 00 00 00 00 00 00 00 00
[   38.839164] nvdla_blob 00009c40: 00 00 00 00 00 00 00 00 00 00 00 00 00 00 00 00
[   38.839550] nvdla_blob 00009c50: 00 00 00 00 00 00 00 00 00 00 00 00 00 00 00 00
[   38.839931] nvdla_blob 00009c60: 00 00 00 00 00 00 00 00 00 00 00 00 00 00 00 00
[   38.840308] nvdla_blob 00009c70: 00 00 00 00 00 00 00 00 00 00 00 00 00 00 00 00
[   38.841793] nvdla_blob 00009c80: 00 00 00 00 00 00 00 00 00 00 00 00 00 00 00 00
[   38.842217] nvdla_blob 00009c90: 00 00 00 00 00 00 00 00 00 00 00 00 00 00 00 00
[   38.842609] nvdla_blob 00009ca0: 00 00 00 00 00 00 00 00 00 00 00 00 00 00 00 00
[   38.842985] nvdla_blob 00009cb0: 00 00 00 00 00 00 00 00 00 00 00 00 00 00 00 00
[   38.843361] nvdla_blob 00009cc0: 00 00 00 00 00 00 00 00 00 00 00 00 00 00 00 00
[   38.843748] nvdla_blob 00009cd0: 00 00 00 00 00 00 00 00 00 00 00 00 00 00 00 00
[   38.844135] nvdla_blob 00009ce0: 00 00 00 00 00 00 00 00 00 00 00 00 00 00 00 00
[   38.844550] nvdla_blob 00009cf0: 00 00 00 00 00 00 00 00 00 00 00 00 00 00 00 00
[   38.846081] nvdla_blob 00009d00: 00 00 00 00 00 00 00 00 00 00 00 00 00 00 00 00
[   38.846588] nvdla_blob 00009d10: 00 00 00 00 00 00 00 00 00 00 00 00 00 00 00 00
[   38.847318] nvdla_blob 00009d20: 00 00 00 00 00 00 00 00 00 00 00 00 00 00 00 00
[   38.847794] nvdla_blob 00009d30: 00 00 00 00 00 00 00 00 00 00 00 00 00 00 00 00
[   38.848237] nvdla_blob 00009d40: 00 00 00 00 00 00 00 00 00 00 00 00 00 00 00 00
[   38.848826] nvdla_blob 00009d50: 00 00 00 00 00 00 00 00 00 00 00 00 00 00 00 00
[   38.850725] nvdla_blob 00009d60: 00 00 00 00 00 00 00 00 00 00 00 00 00 00 00 00
[   38.851131] nvdla_blob 00009d70: 00 00 00 00 00 00 00 00 00 00 00 00 00 00 00 00
[   38.851533] nvdla_blob 00009d80: 00 00 00 00 00 00 00 00 00 00 00 00 00 00 00 00
[   38.851921] nvdla_blob 00009d90: 00 00 00 00 00 00 00 00 00 00 00 00 00 00 00 00
[   38.852307] nvdla_blob 00009da0: 00 00 00 00 00 00 00 00 00 00 00 00 00 00 00 00
[   38.853935] nvdla_blob 00009db0: 00 00 00 00 00 00 00 00 00 00 00 00 00 00 00 00
[   38.854367] nvdla_blob 00009dc0: 00 00 00 00 00 00 00 00 00 00 00 00 00 00 00 00
[   38.854754] nvdla_blob 00009dd0: 00 00 00 00 00 00 00 00 00 00 00 00 00 00 00 00
[   38.855164] nvdla_blob 00009de0: 00 00 00 00 00 00 00 00 00 00 00 00 00 00 00 00
[   38.855642] nvdla_blob 00009df0: 00 00 00 00 00 00 00 00 00 00 00 00 00 00 00 00
[   38.856089] nvdla_blob 00009e00: 00 00 00 00 00 00 00 00 00 00 00 00 00 00 00 00
[   38.856482] nvdla_blob 00009e10: 00 00 00 00 00 00 00 00 00 00 00 00 00 00 00 00
[   38.858048] nvdla_blob 00009e20: 00 00 00 00 00 00 00 00 00 00 00 00 00 00 00 00
[   38.858432] nvdla_blob 00009e30: 00 00 00 00 00 00 00 00 00 00 00 00 00 00 00 00
[   38.858818] nvdla_blob 00009e40: 00 00 00 00 00 00 00 00 00 00 00 00 00 00 00 00
[   38.859244] nvdla_blob 00009e50: 00 00 00 00 00 00 00 00 00 00 00 00 00 00 00 00
[   38.859722] nvdla_blob 00009e60: 00 00 00 00 00 00 00 00 00 00 00 00 00 00 00 00
[   38.860169] nvdla_blob 00009e70: 00 00 00 00 00 00 00 00 00 00 00 00 00 00 00 00
[   38.860582] nvdla_blob 00009e80: 00 00 00 00 00 00 00 00 00 00 00 00 00 00 00 00
[   38.862047] nvdla_blob 00009e90: 00 00 00 00 00 00 00 00 00 00 00 00 00 00 00 00
[   38.862427] nvdla_blob 00009ea0: 00 00 00 00 00 00 00 00 00 00 00 00 00 00 00 00
[   38.862813] nvdla_blob 00009eb0: 00 00 00 00 00 00 00 00 00 00 00 00 00 00 00 00
[   38.863265] nvdla_blob 00009ec0: 00 00 00 00 00 00 00 00 00 00 00 00 00 00 00 00
[   38.863661] nvdla_blob 00009ed0: 00 00 00 00 00 00 00 00 00 00 00 00 00 00 00 00
[   38.864085] nvdla_blob 00009ee0: 00 00 00 00 00 00 00 00 00 00 00 00 00 00 00 00
[   38.864478] nvdla_blob 00009ef0: 00 00 00 00 00 00 00 00 00 00 00 00 00 00 00 00
[   38.866298] nvdla_blob 00009f00: 00 00 00 00 00 00 00 00 00 00 00 00 00 00 00 00
[   38.866843] nvdla_blob 00009f10: 00 00 00 00 00 00 00 00 00 00 00 00 00 00 00 00
[   38.867253] nvdla_blob 00009f20: 00 00 00 00 00 00 00 00 00 00 00 00 00 00 00 00
[   38.867657] nvdla_blob 00009f30: 00 00 00 00 00 00 00 00 00 00 00 00 00 00 00 00
[   38.868041] nvdla_blob 00009f40: 00 00 00 00 00 00 00 00 00 00 00 00 00 00 00 00
[   38.868424] nvdla_blob 00009f50: 00 00 00 00 00 00 00 00 00 00 00 00 00 00 00 00
[   38.870093] nvdla_blob 00009f60: 00 00 00 00 00 00 00 00 00 00 00 00 00 00 00 00
[   38.870537] nvdla_blob 00009f70: 00 00 00 00 00 00 00 00 00 00 00 00 00 00 00 00
[   38.870924] nvdla_blob 00009f80: 00 00 00 00 00 00 00 00 00 00 00 00 00 00 00 00
[   38.871357] nvdla_blob 00009f90: 00 00 00 00 00 00 00 00 00 00 00 00 00 00 00 00
[   38.871837] nvdla_blob 00009fa0: 00 00 00 00 00 00 00 00 00 00 00 00 00 00 00 00
[   38.872268] nvdla_blob 00009fb0: 00 00 00 00 00 00 00 00 00 00 00 00 00 00 00 00
[   38.872682] nvdla_blob 00009fc0: 00 00 00 00 00 00 00 00 00 00 00 00 00 00 00 00
[   38.874203] nvdla_blob 00009fd0: 00 00 00 00 00 00 00 00 00 00 00 00 00 00 00 00
[   38.874597] nvdla_blob 00009fe0: 00 00 00 00 00 00 00 00 00 00 00 00 00 00 00 00
[   38.874975] nvdla_blob 00009ff0: 00 00 00 00 00 00 00 00 00 00 00 00 00 00 00 00
[   38.875439] nvdla_blob 0000a000: 00 00 00 00 00 00 00 00 00 00 00 00 00 00 00 00
[   38.875916] nvdla_blob 0000a010: 00 00 00 00 00 00 00 00 00 00 00 00 00 00 00 00
[   38.876294] nvdla_blob 0000a020: 00 00 00 00 00 00 00 00 00 00 00 00 00 00 00 00
[   38.876714] nvdla_blob 0000a030: 00 00 00 00 00 00 00 00 00 00 00 00 00 00 00 00
[   38.878425] nvdla_blob 0000a040: 00 00 00 00 00 00 00 00 00 00 00 00 00 00 00 00
[   38.878823] nvdla_blob 0000a050: 00 00 00 00 00 00 00 00 00 00 00 00 00 00 00 00
[   38.879204] nvdla_blob 0000a060: 00 00 00 00 00 00 00 00 00 00 00 00 00 00 00 00
[   38.879592] nvdla_blob 0000a070: 00 00 00 00 00 00 00 00 00 00 00 00 00 00 00 00
[   38.879975] nvdla_blob 0000a080: 00 00 00 00 00 00 00 00 00 00 00 00 00 00 00 00
[   38.880358] nvdla_blob 0000a090: 00 00 00 00 00 00 00 00 00 00 00 00 00 00 00 00
[   38.881861] nvdla_blob 0000a0a0: 00 00 00 00 00 00 00 00 00 00 00 00 00 00 00 00
[   38.882285] nvdla_blob 0000a0b0: 00 00 00 00 00 00 00 00 00 00 00 00 00 00 00 00
[   38.882679] nvdla_blob 0000a0c0: 00 00 00 00 00 00 00 00 00 00 00 00 00 00 00 00
[   38.883062] nvdla_blob 0000a0d0: 00 00 00 00 00 00 00 00 00 00 00 00 00 00 00 00
[   38.883453] nvdla_blob 0000a0e0: 00 00 00 00 00 00 00 00 00 00 00 00 00 00 00 00
[   38.883843] nvdla_blob 0000a0f0: 00 00 00 00 00 00 00 00 00 00 00 00 00 00 00 00
[   38.884227] nvdla_blob 0000a100: 00 00 00 00 00 00 00 00 00 00 00 00 00 00 00 00
[   38.884634] nvdla_blob 0000a110: 00 00 00 00 00 00 00 00 00 00 00 00 00 00 00 00
[   38.886191] nvdla_blob 0000a120: 00 00 00 00 00 00 00 00 00 00 00 00 00 00 00 00
[   38.886586] nvdla_blob 0000a130: 00 00 00 00 00 00 00 00 00 00 00 00 00 00 00 00
[   38.886965] nvdla_blob 0000a140: 00 00 00 00 00 00 00 00 00 00 00 00 00 00 00 00
[   38.887408] nvdla_blob 0000a150: 00 00 00 00 00 00 00 00 00 00 00 00 00 00 00 00
[   38.887878] nvdla_blob 0000a160: 00 00 00 00 00 00 00 00 00 00 00 00 00 00 00 00
[   38.888290] nvdla_blob 0000a170: 00 00 00 00 00 00 00 00 00 00 00 00 00 00 00 00
[   38.888702] nvdla_blob 0000a180: 00 00 00 00 00 00 00 00 00 00 00 00 00 00 00 00
[   38.890163] nvdla_blob 0000a190: 00 00 00 00 00 00 00 00 00 00 00 00 00 00 00 00
[   38.890549] nvdla_blob 0000a1a0: 00 00 00 00 00 00 00 00 00 00 00 00 00 00 00 00
[   38.891050] nvdla_blob 0000a1b0: 00 00 00 00 00 00 00 00 00 00 00 00 00 00 00 00
[   38.891531] nvdla_blob 0000a1c0: 00 00 00 00 00 00 00 00 00 00 00 00 00 00 00 00
[   38.892000] nvdla_blob 0000a1d0: 00 00 00 00 00 00 00 00 00 00 00 00 00 00 00 00
[   38.892381] nvdla_blob 0000a1e0: 00 00 00 00 00 00 00 00 00 00 00 00 00 00 00 00
[   38.894134] nvdla_blob 0000a1f0: 00 00 00 00 00 00 00 00 00 00 00 00 00 00 00 00
[   38.894622] nvdla_blob 0000a200: 00 00 00 00 00 00 00 00 00 00 00 00 00 00 00 00
[   38.895038] nvdla_blob 0000a210: 00 00 00 00 00 00 00 00 00 00 00 00 00 00 00 00
[   38.895458] nvdla_blob 0000a220: 00 00 00 00 00 00 00 00 00 00 00 00 00 00 00 00
[   38.895878] nvdla_blob 0000a230: 00 00 00 00 00 00 00 00 00 00 00 00 00 00 00 00
[   38.896281] nvdla_blob 0000a240: 00 00 00 00 00 00 00 00 00 00 00 00 00 00 00 00
[   38.896753] nvdla_blob 0000a250: 00 00 00 00 00 00 00 00 00 00 00 00 00 00 00 00
[   38.898608] nvdla_blob 0000a260: 00 00 00 00 00 00 00 00 00 00 00 00 00 00 00 00
[   38.898998] nvdla_blob 0000a270: 00 00 00 00 00 00 00 00 00 00 00 00 00 00 00 00
[   38.899464] nvdla_blob 0000a280: 00 00 00 00 00 00 00 00 00 00 00 00 00 00 00 00
[   38.899941] nvdla_blob 0000a290: 00 00 00 00 00 00 00 00 00 00 00 00 00 00 00 00
[   38.900330] nvdla_blob 0000a2a0: 00 00 00 00 00 00 00 00 00 00 00 00 00 00 00 00
[   38.901739] nvdla_blob 0000a2b0: 00 00 00 00 00 00 00 00 00 00 00 00 00 00 00 00
[   38.902157] nvdla_blob 0000a2c0: 00 00 00 00 00 00 00 00 00 00 00 00 00 00 00 00
[   38.902543] nvdla_blob 0000a2d0: 00 00 00 00 00 00 00 00 00 00 00 00 00 00 00 00
[   38.902926] nvdla_blob 0000a2e0: 00 00 00 00 00 00 00 00 00 00 00 00 00 00 00 00
[   38.903308] nvdla_blob 0000a2f0: 00 00 00 00 00 00 00 00 00 00 00 00 00 00 00 00
[   38.903699] nvdla_blob 0000a300: 00 00 00 00 00 00 00 00 00 00 00 00 00 00 00 00
[   38.904080] nvdla_blob 0000a310: 00 00 00 00 00 00 00 00 00 00 00 00 00 00 00 00
[   38.904487] nvdla_blob 0000a320: 00 00 00 00 00 00 00 00 00 00 00 00 00 00 00 00
[   38.906152] nvdla_blob 0000a330: 00 00 00 00 00 00 00 00 00 00 00 00 00 00 00 00
[   38.906658] nvdla_blob 0000a340: 00 00 00 00 00 00 00 00 00 00 00 00 00 00 00 00
[   38.907080] nvdla_blob 0000a350: 00 00 00 00 00 00 00 00 00 00 00 00 00 00 00 00
[   38.907550] nvdla_blob 0000a360: 00 00 00 00 00 00 00 00 00 00 00 00 00 00 00 00
[   38.907993] nvdla_blob 0000a370: 00 00 00 00 00 00 00 00 00 00 00 00 00 00 00 00
[   38.908405] nvdla_blob 0000a380: 00 00 00 00 00 00 00 00 00 00 00 00 00 00 00 00
[   38.910182] nvdla_blob 0000a390: 00 00 00 00 00 00 00 00 00 00 00 00 00 00 00 00
[   38.910771] nvdla_blob 0000a3a0: 00 00 00 00 00 00 00 00 00 00 00 00 00 00 00 00
[   38.911224] nvdla_blob 0000a3b0: 00 00 00 00 00 00 00 00 00 00 00 00 00 00 00 00
[   38.912261] nvdla_blob 0000a3c0: 00 00 00 00 00 00 00 00 00 00 00 00 00 00 00 00
[   38.913139] nvdla_blob 0000a3d0: 00 00 00 00 00 00 00 00 00 00 00 00 00 00 00 00
[   38.913822] nvdla_blob 0000a3e0: 00 00 00 00 00 00 00 00 00 00 00 00 00 00 00 00
[   38.917221] nvdla_blob 0000a3f0: 00 00 00 00 00 00 00 00 00 00 00 00 00 00 00 00
[   38.918984] nvdla_blob 0000a400: 00 00 00 00 00 00 00 00 00 00 00 00 00 00 00 00
[   38.919482] nvdla_blob 0000a410: 00 00 00 00 00 00 00 00 00 00 00 00 00 00 00 00
[   38.919923] nvdla_blob 0000a420: 00 00 00 00 00 00 00 00 00 00 00 00 00 00 00 00
[   38.920347] nvdla_blob 0000a430: 00 00 00 00 00 00 00 00 00 00 00 00 00 00 00 00
[   38.921651] nvdla_blob 0000a440: 00 00 00 00 00 00 00 00 00 00 00 00 00 00 00 00
[   38.922378] nvdla_blob 0000a450: 00 00 00 00 00 00 00 00 00 00 00 00 00 00 00 00
[   38.923154] nvdla_blob 0000a460: 00 00 00 00 00 00 00 00 00 00 00 00 00 00 00 00
[   38.924544] nvdla_blob 0000a470: 00 00 00 00 00 00 00 00 00 00 00 00 00 00 00 00
[   38.926399] nvdla_blob 0000a480: 00 00 00 00 00 00 00 00 00 00 00 00 00 00 00 00
[   38.926923] nvdla_blob 0000a490: 00 00 00 00 00 00 00 00 00 00 00 00 00 00 00 00
[   38.927371] nvdla_blob 0000a4a0: 00 00 00 00 00 00 00 00 00 00 00 00 00 00 00 00
[   38.927803] nvdla_blob 0000a4b0: 00 00 00 00 00 00 00 00 00 00 00 00 00 00 00 00
[   38.928223] nvdla_blob 0000a4c0: 00 00 00 00 00 00 00 00 00 00 00 00 00 00 00 00
[   38.928705] nvdla_blob 0000a4d0: 00 00 00 00 00 00 00 00 00 00 00 00 00 00 00 00
[   38.930390] nvdla_blob 0000a4e0: 00 00 00 00 00 00 00 00 00 00 00 00 00 00 00 00
[   38.930935] nvdla_blob 0000a4f0: 00 00 00 00 00 00 00 00 00 00 00 00 00 00 00 00
[   38.931398] nvdla_blob 0000a500: 00 00 00 00 00 00 00 00 00 00 00 00 00 00 00 00
[   38.931845] nvdla_blob 0000a510: 00 00 00 00 00 00 00 00 00 00 00 00 00 00 00 00
[   38.932288] nvdla_blob 0000a520: 00 00 00 00 00 00 00 00 00 00 00 00 00 00 00 00
[   38.932920] nvdla_blob 0000a530: 00 00 00 00 00 00 00 00 00 00 00 00 00 00 00 00
[   38.934744] nvdla_blob 0000a540: 00 00 00 00 00 00 00 00 00 00 00 00 00 00 00 00
[   38.935201] nvdla_blob 0000a550: 00 00 00 00 00 00 00 00 00 00 00 00 00 00 00 00
[   38.935632] nvdla_blob 0000a560: 00 00 00 00 00 00 00 00 00 00 00 00 00 00 00 00
[   38.936059] nvdla_blob 0000a570: 00 00 00 00 00 00 00 00 00 00 00 00 00 00 00 00
[   38.936483] nvdla_blob 0000a580: 00 00 00 00 00 00 00 00 00 00 00 00 00 00 00 00
[   38.938014] nvdla_blob 0000a590: 00 00 00 00 00 00 00 00 00 00 00 00 00 00 00 00
[   38.938525] nvdla_blob 0000a5a0: 00 00 00 00 00 00 00 00 00 00 00 00 00 00 00 00
[   38.939056] nvdla_blob 0000a5b0: 00 00 00 00 00 00 00 00 00 00 00 00 00 00 00 00
[   38.939660] nvdla_blob 0000a5c0: 00 00 00 00 00 00 00 00 00 00 00 00 00 00 00 00
[   38.940368] nvdla_blob 0000a5d0: 00 00 00 00 00 00 00 00 00 00 00 00 00 00 00 00
[   38.942107] nvdla_blob 0000a5e0: 00 00 00 00 00 00 00 00 00 00 00 00 00 00 00 00
[   38.942680] nvdla_blob 0000a5f0: 00 00 00 00 00 00 00 00 00 00 00 00 00 00 00 00
[   38.943173] nvdla_blob 0000a600: 00 00 00 00 00 00 00 00 00 00 00 00 00 00 00 00
[   38.943613] nvdla_blob 0000a610: 00 00 00 00 00 00 00 00 00 00 00 00 00 00 00 00
[   38.944032] nvdla_blob 0000a620: 00 00 00 00 00 00 00 00 00 00 00 00 00 00 00 00
[   38.944463] nvdla_blob 0000a630: 00 00 00 00 00 00 00 00 00 00 00 00 00 00 00 00
[   38.946252] nvdla_blob 0000a640: 00 00 00 00 00 00 00 00 00 00 00 00 00 00 00 00
[   38.946776] nvdla_blob 0000a650: 00 00 00 00 00 00 00 00 00 00 00 00 00 00 00 00
[   38.947217] nvdla_blob 0000a660: 00 00 00 00 00 00 00 00 00 00 00 00 00 00 00 00
[   38.947652] nvdla_blob 0000a670: 00 00 00 00 00 00 00 00 00 00 00 00 00 00 00 00
[   38.948072] nvdla_blob 0000a680: 00 00 00 00 00 00 00 00 00 00 00 00 00 00 00 00
[   38.948520] nvdla_blob 0000a690: 00 00 00 00 00 00 00 00 00 00 00 00 00 00 00 00
[   38.950324] nvdla_blob 0000a6a0: 00 00 00 00 00 00 00 00 00 00 00 00 00 00 00 00
[   38.950812] nvdla_blob 0000a6b0: 00 00 00 00 00 00 00 00 00 00 00 00 00 00 00 00
[   38.951293] nvdla_blob 0000a6c0: 00 00 00 00 00 00 00 00 00 00 00 00 00 00 00 00
[   38.951729] nvdla_blob 0000a6d0: 00 00 00 00 00 00 00 00 00 00 00 00 00 00 00 00
[   38.952149] nvdla_blob 0000a6e0: 00 00 00 00 00 00 00 00 00 00 00 00 00 00 00 00
[   38.952577] nvdla_blob 0000a6f0: 00 00 00 00 00 00 00 00 00 00 00 00 00 00 00 00
[   38.954143] nvdla_blob 0000a700: 00 00 00 00 00 00 00 00 00 00 00 00 00 00 00 00
[   38.954606] nvdla_blob 0000a710: 00 00 00 00 00 00 00 00 00 00 00 00 00 00 00 00
[   38.955029] nvdla_blob 0000a720: 00 00 00 00 00 00 00 00 00 00 00 00 00 00 00 00
[   38.955540] nvdla_blob 0000a730: 00 00 00 00 00 00 00 00 00 00 00 00 00 00 00 00
[   38.956039] nvdla_blob 0000a740: 00 00 00 00 00 00 00 00 00 00 00 00 00 00 00 00
[   38.956481] nvdla_blob 0000a750: 00 00 00 00 00 00 00 00 00 00 00 00 00 00 00 00
[   38.958064] nvdla_blob 0000a760: 00 00 00 00 00 00 00 00 00 00 00 00 00 00 00 00
[   38.958540] nvdla_blob 0000a770: 00 00 00 00 00 00 00 00 00 00 00 00 00 00 00 00
[   38.958963] nvdla_blob 0000a780: 00 00 00 00 00 00 00 00 00 00 00 00 00 00 00 00
[   38.959386] nvdla_blob 0000a790: 00 00 00 00 00 00 00 00 00 00 00 00 00 00 00 00
[   38.959812] nvdla_blob 0000a7a0: 00 00 00 00 00 00 00 00 00 00 00 00 00 00 00 00
[   38.960235] nvdla_blob 0000a7b0: 00 00 00 00 00 00 00 00 00 00 00 00 00 00 00 00
[   38.960704] nvdla_blob 0000a7c0: 00 00 00 00 00 00 00 00 00 00 00 00 00 00 00 00
[   38.962389] nvdla_blob 0000a7d0: 00 00 00 00 00 00 00 00 00 00 00 00 00 00 00 00
[   38.962861] nvdla_blob 0000a7e0: 00 00 00 00 00 00 00 00 00 00 00 00 00 00 00 00
[   38.963295] nvdla_blob 0000a7f0: 00 00 00 00 00 00 00 00 00 00 00 00 00 00 00 00
[   38.963729] nvdla_blob 0000a800: 00 00 00 00 00 00 00 00 00 00 00 00 00 00 00 00
[   38.964151] nvdla_blob 0000a810: 00 00 00 00 00 00 00 00 00 00 00 00 00 00 00 00
[   38.964620] nvdla_blob 0000a820: 00 00 00 00 00 00 00 00 00 00 00 00 00 00 00 00
[   38.966342] nvdla_blob 0000a830: 00 00 00 00 00 00 00 00 00 00 00 00 00 00 00 00
[   38.967041] nvdla_blob 0000a840: 00 00 00 00 00 00 00 00 00 00 00 00 00 00 00 00
[   38.967532] nvdla_blob 0000a850: 00 00 00 00 00 00 00 00 00 00 00 00 00 00 00 00
[   38.967996] nvdla_blob 0000a860: 00 00 00 00 00 00 00 00 00 00 00 00 00 00 00 00
[   38.968479] nvdla_blob 0000a870: 00 00 00 00 00 00 00 00 00 00 00 00 00 00 00 00
[   38.970274] nvdla_blob 0000a880: 00 00 00 00 00 00 00 00 00 00 00 00 00 00 00 00
[   38.970714] nvdla_blob 0000a890: 00 00 00 00 00 00 00 00 00 00 00 00 00 00 00 00
[   38.971139] nvdla_blob 0000a8a0: 00 00 00 00 00 00 00 00 00 00 00 00 00 00 00 00
[   38.971567] nvdla_blob 0000a8b0: 00 00 00 00 00 00 00 00 00 00 00 00 00 00 00 00
[   38.971987] nvdla_blob 0000a8c0: 00 00 00 00 00 00 00 00 00 00 00 00 00 00 00 00
[   38.972412] nvdla_blob 0000a8d0: 00 00 00 00 00 00 00 00 00 00 00 00 00 00 00 00
[   38.973984] nvdla_blob 0000a8e0: 00 00 00 00 00 00 00 00 00 00 00 00 00 00 00 00
[   38.974441] nvdla_blob 0000a8f0: 00 00 00 00 00 00 00 00 00 00 00 00 00 00 00 00
[   38.974863] nvdla_blob 0000a900: 00 00 00 00 00 00 00 00 00 00 00 00 00 00 00 00
[   38.975282] nvdla_blob 0000a910: 00 00 00 00 00 00 00 00 00 00 00 00 00 00 00 00
[   38.975717] nvdla_blob 0000a920: 00 00 00 00 00 00 00 00 00 00 00 00 00 00 00 00
[   38.976145] nvdla_blob 0000a930: 00 00 00 00 00 00 00 00 00 00 00 00 00 00 00 00
[   38.976585] nvdla_blob 0000a940: 00 00 00 00 00 00 00 00 00 00 00 00 00 00 00 00
[   38.978182] nvdla_blob 0000a950: 00 00 00 00 00 00 00 00 00 00 00 00 00 00 00 00
[   38.978711] nvdla_blob 0000a960: 00 00 00 00 00 00 00 00 00 00 00 00 00 00 00 00
[   38.979311] nvdla_blob 0000a970: 00 00 00 00 00 00 00 00 00 00 00 00 00 00 00 00
[   38.979778] nvdla_blob 0000a980: 00 00 00 00 00 00 00 00 00 00 00 00 00 00 00 00
[   38.980248] nvdla_blob 0000a990: 00 00 00 00 00 00 00 00 00 00 00 00 00 00 00 00
[   38.980760] nvdla_blob 0000a9a0: 00 00 00 00 00 00 00 00 00 00 00 00 00 00 00 00
[   38.982481] nvdla_blob 0000a9b0: 00 00 00 00 00 00 00 00 00 00 00 00 00 00 00 00
[   38.982946] nvdla_blob 0000a9c0: 00 00 00 00 00 00 00 00 00 00 00 00 00 00 00 00
[   38.983380] nvdla_blob 0000a9d0: 00 00 00 00 00 00 00 00 00 00 00 00 00 00 00 00
[   38.983812] nvdla_blob 0000a9e0: 00 00 00 00 00 00 00 00 00 00 00 00 00 00 00 00
[   38.984229] nvdla_blob 0000a9f0: 00 00 00 00 00 00 00 00 00 00 00 00 00 00 00 00
[   38.984656] nvdla_blob 0000aa00: 00 00 00 00 00 00 00 00 00 00 00 00 00 00 00 00
[   38.986364] nvdla_blob 0000aa10: 00 00 00 00 00 00 00 00 00 00 00 00 00 00 00 00
[   38.986920] nvdla_blob 0000aa20: 00 00 00 00 00 00 00 00 00 00 00 00 00 00 00 00
[   38.987390] nvdla_blob 0000aa30: 00 00 00 00 00 00 00 00 00 00 00 00 00 00 00 00
[   38.987824] nvdla_blob 0000aa40: 00 00 00 00 00 00 00 00 00 00 00 00 00 00 00 00
[   38.988240] nvdla_blob 0000aa50: 00 00 00 00 00 00 00 00 00 00 00 00 00 00 00 00
[   38.988691] nvdla_blob 0000aa60: 00 00 00 00 00 00 00 00 00 00 00 00 00 00 00 00
[   38.990115] nvdla_blob 0000aa70: 00 00 00 00 00 00 00 00 00 00 00 00 00 00 00 00
[   38.990549] nvdla_blob 0000aa80: 00 00 00 00 00 00 00 00 00 00 00 00 00 00 00 00
[   38.990971] nvdla_blob 0000aa90: 00 00 00 00 00 00 00 00 00 00 00 00 00 00 00 00
[   38.991552] nvdla_blob 0000aaa0: 00 00 00 00 00 00 00 00 00 00 00 00 00 00 00 00
[   38.992063] nvdla_blob 0000aab0: 00 00 00 00 00 00 00 00 00 00 00 00 00 00 00 00
[   38.992619] nvdla_blob 0000aac0: 00 00 00 00 00 00 00 00 00 00 00 00 00 00 00 00
[   38.994424] nvdla_blob 0000aad0: 00 00 00 00 00 00 00 00 00 00 00 00 00 00 00 00
[   38.995157] nvdla_blob 0000aae0: 00 00 00 00 00 00 00 00 00 00 00 00 00 00 00 00
[   38.995617] nvdla_blob 0000aaf0: 00 00 00 00 00 00 00 00 00 00 00 00 00 00 00 00
[   38.996095] nvdla_blob 0000ab00: 00 00 00 00 00 00 00 00 00 00 00 00 00 00 00 00
[   38.996589] nvdla_blob 0000ab10: 00 00 00 00 00 00 00 00 00 00 00 00 00 00 00 00
[   38.998242] nvdla_blob 0000ab20: 00 00 00 00 00 00 00 00 00 00 00 00 00 00 00 00
[   38.998688] nvdla_blob 0000ab30: 00 00 00 00 00 00 00 00 00 00 00 00 00 00 00 00
[   38.999117] nvdla_blob 0000ab40: 00 00 00 00 00 00 00 00 00 00 00 00 00 00 00 00
[   38.999545] nvdla_blob 0000ab50: 00 00 00 00 00 00 00 00 00 00 00 00 00 00 00 00
[   38.999964] nvdla_blob 0000ab60: 00 00 00 00 00 00 00 00 00 00 00 00 00 00 00 00
[   39.000384] nvdla_blob 0000ab70: 00 00 00 00 00 00 00 00 00 00 00 00 00 00 00 00
[   39.001954] nvdla_blob 0000ab80: 00 00 00 00 00 00 00 00 00 00 00 00 00 00 00 00
[   39.002485] nvdla_blob 0000ab90: 00 00 00 00 00 00 00 00 00 00 00 00 00 00 00 00
[   39.002924] nvdla_blob 0000aba0: 00 00 00 00 00 00 00 00 00 00 00 00 00 00 00 00
[   39.003350] nvdla_blob 0000abb0: 00 00 00 00 00 00 00 00 00 00 00 00 00 00 00 00
[   39.003784] nvdla_blob 0000abc0: 00 00 00 00 00 00 00 00 00 00 00 00 00 00 00 00
[   39.004212] nvdla_blob 0000abd0: 00 00 00 00 00 00 00 00 00 00 00 00 00 00 00 00
[   39.004678] nvdla_blob 0000abe0: 00 00 00 00 00 00 00 00 00 00 00 00 00 00 00 00
[   39.006258] nvdla_blob 0000abf0: 00 00 00 00 00 00 00 00 00 00 00 00 00 00 00 00
[   39.006734] nvdla_blob 0000ac00: 00 00 00 00 00 00 00 00 00 00 00 00 00 00 00 00
[   39.007267] nvdla_blob 0000ac10: 00 00 00 00 00 00 00 00 00 00 00 00 00 00 00 00
[   39.007687] nvdla_blob 0000ac20: 00 00 00 00 00 00 00 00 00 00 00 00 00 00 00 00
[   39.008106] nvdla_blob 0000ac30: 00 00 00 00 00 00 00 00 00 00 00 00 00 00 00 00
[   39.008529] nvdla_blob 0000ac40: 00 00 00 00 00 00 00 00 00 00 00 00 00 00 00 00
[   39.010024] nvdla_blob 0000ac50: 00 00 00 00 00 00 00 00 00 00 00 00 00 00 00 00
[   39.011997] nvdla_blob 0000ac60: 00 00 00 00 00 00 00 00 00 00 00 00 00 00 00 00
[   39.012434] nvdla_blob 0000ac70: 00 00 00 00 00 00 00 00 00 00 00 00 00 00 00 00
[   39.013947] nvdla_blob 0000ac80: 00 00 00 00 00 00 00 00 00 00 00 00 00 00 00 00
[   39.014406] nvdla_blob 0000ac90: 00 00 00 00 00 00 00 00 00 00 00 00 00 00 00 00
[   39.014833] nvdla_blob 0000aca0: 00 00 00 00 00 00 00 00 00 00 00 00 00 00 00 00
[   39.015253] nvdla_blob 0000acb0: 00 00 00 00 00 00 00 00 00 00 00 00 00 00 00 00
[   39.015678] nvdla_blob 0000acc0: 00 00 00 00 00 00 00 00 00 00 00 00 00 00 00 00
[   39.016097] nvdla_blob 0000acd0: 00 00 00 00 00 00 00 00 00 00 00 00 00 00 00 00
[   39.016586] nvdla_blob 0000ace0: 00 00 00 00 00 00 00 00 00 00 00 00 00 00 00 00
[   39.018290] nvdla_blob 0000acf0: 00 00 00 00 00 00 00 00 00 00 00 00 00 00 00 00
[   39.018742] nvdla_blob 0000ad00: 00 00 00 00 00 00 00 00 00 00 00 00 00 00 00 00
[   39.019166] nvdla_blob 0000ad10: 00 00 00 00 00 00 00 00 00 00 00 00 00 00 00 00
[   39.019600] nvdla_blob 0000ad20: 00 00 00 00 00 00 00 00 00 00 00 00 00 00 00 00
[   39.020022] nvdla_blob 0000ad30: 00 00 00 00 00 00 00 00 00 00 00 00 00 00 00 00
[   39.020441] nvdla_blob 0000ad40: 00 00 00 00 00 00 00 00 00 00 00 00 00 00 00 00
[   39.022049] nvdla_blob 0000ad50: 00 00 00 00 00 00 00 00 00 00 00 00 00 00 00 00
[   39.022576] nvdla_blob 0000ad60: 00 00 00 00 00 00 00 00 00 00 00 00 00 00 00 00
[   39.023124] nvdla_blob 0000ad70: 00 00 00 00 00 00 00 00 00 00 00 00 00 00 00 00
[   39.023566] nvdla_blob 0000ad80: 00 00 00 00 00 00 00 00 00 00 00 00 00 00 00 00
[   39.023994] nvdla_blob 0000ad90: 00 00 00 00 00 00 00 00 00 00 00 00 00 00 00 00
[   39.024413] nvdla_blob 0000ada0: 00 00 00 00 00 00 00 00 00 00 00 00 00 00 00 00
[   39.025941] nvdla_blob 0000adb0: 00 00 00 00 00 00 00 00 00 00 00 00 00 00 00 00
[   39.026470] nvdla_blob 0000adc0: 00 00 00 00 00 00 00 00 00 00 00 00 00 00 00 00
[   39.026982] nvdla_blob 0000add0: 00 00 00 00 00 00 00 00 00 00 00 00 00 00 00 00
[   39.027575] nvdla_blob 0000ade0: 00 00 00 00 00 00 00 00 00 00 00 00 00 00 00 00
[   39.028050] nvdla_blob 0000adf0: 00 00 00 00 00 00 00 00 00 00 00 00 00 00 00 00
[   39.028568] nvdla_blob 0000ae00: 00 00 00 00 00 00 00 00 00 00 00 00 00 00 00 00
[   39.030178] nvdla_blob 0000ae10: 00 00 00 00 00 00 00 00 00 00 00 00 00 00 00 00
[   39.030613] nvdla_blob 0000ae20: 00 00 00 00 00 00 00 00 00 00 00 00 00 00 00 00
[   39.031032] nvdla_blob 0000ae30: 00 00 00 00 00 00 00 00 00 00 00 00 00 00 00 00
[   39.031458] nvdla_blob 0000ae40: 00 00 00 00 00 00 00 00 00 00 00 00 00 00 00 00
[   39.031894] nvdla_blob 0000ae50: 00 00 00 00 00 00 00 00 00 00 00 00 00 00 00 00
[   39.032312] nvdla_blob 0000ae60: 00 00 00 00 00 00 00 00 00 00 00 00 00 00 00 00
[   39.032932] nvdla_blob 0000ae70: 00 00 00 00 00 00 00 00 00 00 00 00 00 00 00 00
[   39.034648] nvdla_blob 0000ae80: 00 00 00 00 00 00 00 00 00 00 00 00 00 00 00 00
[   39.035075] nvdla_blob 0000ae90: 00 00 00 00 00 00 00 00 00 00 00 00 00 00 00 00
[   39.035487] nvdla_blob 0000aea0: 00 00 00 00 00 00 00 00 00 00 00 00 00 00 00 00
[   39.035910] nvdla_blob 0000aeb0: 00 00 00 00 00 00 00 00 00 00 00 00 00 00 00 00
[   39.036323] nvdla_blob 0000aec0: 00 00 00 00 00 00 00 00 00 00 00 00 00 00 00 00
[   39.038020] nvdla_blob 0000aed0: 00 00 00 00 00 00 00 00 00 00 00 00 00 00 00 00
[   39.038539] nvdla_blob 0000aee0: 00 00 00 00 00 00 00 00 00 00 00 00 00 00 00 00
[   39.038963] nvdla_blob 0000aef0: 00 00 00 00 00 00 00 00 00 00 00 00 00 00 00 00
[   39.039383] nvdla_blob 0000af00: 00 00 00 00 00 00 00 00 00 00 00 00 00 00 00 00
[   39.039810] nvdla_blob 0000af10: 00 00 00 00 00 00 00 00 00 00 00 00 00 00 00 00
[   39.040232] nvdla_blob 0000af20: 00 00 00 00 00 00 00 00 00 00 00 00 00 00 00 00
[   39.040659] nvdla_blob 0000af30: 00 00 00 00 00 00 00 00 00 00 00 00 00 00 00 00
[   39.042176] nvdla_blob 0000af40: 00 00 00 00 00 00 00 00 00 00 00 00 00 00 00 00
[   39.042642] nvdla_blob 0000af50: 00 00 00 00 00 00 00 00 00 00 00 00 00 00 00 00
[   39.043062] nvdla_blob 0000af60: 00 00 00 00 00 00 00 00 00 00 00 00 00 00 00 00
[   39.043482] nvdla_blob 0000af70: 00 00 00 00 00 00 00 00 00 00 00 00 00 00 00 00
[   39.043912] nvdla_blob 0000af80: 00 00 00 00 00 00 00 00 00 00 00 00 00 00 00 00
[   39.044332] nvdla_blob 0000af90: 00 00 00 00 00 00 00 00 00 00 00 00 00 00 00 00
[   39.045770] nvdla_blob 0000afa0: 00 00 00 00 00 00 00 00 00 00 00 00 00 00 00 00
[   39.046233] nvdla_blob 0000afb0: 00 00 00 00 00 00 00 00 00 00 00 00 00 00 00 00
[   39.046661] nvdla_blob 0000afc0: 00 00 00 00 00 00 00 00 00 00 00 00 00 00 00 00
[   39.047207] nvdla_blob 0000afd0: 00 00 00 00 00 00 00 00 00 00 00 00 00 00 00 00
[   39.047661] nvdla_blob 0000afe0: 00 00 00 00 00 00 00 00 00 00 00 00 00 00 00 00
[   39.048078] nvdla_blob 0000aff0: 00 00 00 00 00 00 00 00 00 00 00 00 00 00 00 00
[   39.048546] nvdla_blob 0000b000: 00 00 00 00 00 00 00 00 00 00 00 00 00 00 00 00
[   39.050142] nvdla_blob 0000b010: 00 00 00 00 00 00 00 00 00 00 00 00 00 00 00 00
[   39.050659] nvdla_blob 0000b020: 00 00 00 00 00 00 00 00 00 00 00 00 00 00 00 00
[   39.051334] nvdla_blob 0000b030: 00 00 00 00 00 00 00 00 00 00 00 00 00 00 00 00
[   39.051798] nvdla_blob 0000b040: 00 00 00 00 00 00 00 00 00 00 00 00 00 00 00 00
[   39.052209] nvdla_blob 0000b050: 00 00 00 00 00 00 00 00 00 00 00 00 00 00 00 00
[   39.052729] nvdla_blob 0000b060: 00 00 00 00 00 00 00 00 00 00 00 00 00 00 00 00
[   39.054432] nvdla_blob 0000b070: 00 00 00 00 00 00 00 00 00 00 00 00 00 00 00 00
[   39.054921] nvdla_blob 0000b080: 00 00 00 00 00 00 00 00 00 00 00 00 00 00 00 00
[   39.055922] nvdla_blob 0000b090: 00 00 00 00 00 00 00 00 00 00 00 00 00 00 00 00
[   39.056348] nvdla_blob 0000b0a0: 00 00 00 00 00 00 00 00 00 00 00 00 00 00 00 00
[   39.057778] nvdla_blob 0000b0b0: 00 00 00 00 00 00 00 00 00 00 00 00 00 00 00 00
[   39.058235] nvdla_blob 0000b0c0: 00 00 00 00 00 00 00 00 00 00 00 00 00 00 00 00
[   39.058665] nvdla_blob 0000b0d0: 00 00 00 00 00 00 00 00 00 00 00 00 00 00 00 00
[   39.059084] nvdla_blob 0000b0e0: 00 00 00 00 00 00 00 00 00 00 00 00 00 00 00 00
[   39.059507] nvdla_blob 0000b0f0: 00 00 00 00 00 00 00 00 00 00 00 00 00 00 00 00
[   39.059924] nvdla_blob 0000b100: 00 00 00 00 00 00 00 00 00 00 00 00 00 00 00 00
[   39.060347] nvdla_blob 0000b110: 00 00 00 00 00 00 00 00 00 00 00 00 00 00 00 00
[   39.061798] nvdla_blob 0000b120: 00 00 00 00 00 00 00 00 00 00 00 00 00 00 00 00
[   39.062254] nvdla_blob 0000b130: 00 00 00 00 00 00 00 00 00 00 00 00 00 00 00 00
[   39.062676] nvdla_blob 0000b140: 00 00 00 00 00 00 00 00 00 00 00 00 00 00 00 00
[   39.063196] nvdla_blob 0000b150: 00 00 00 00 00 00 00 00 00 00 00 00 00 00 00 00
[   39.063912] nvdla_blob 0000b160: 00 00 00 00 00 00 00 00 00 00 00 00 00 00 00 00
[   39.064607] nvdla_blob 0000b170: 00 00 00 00 00 00 00 00 00 00 00 00 00 00 00 00
[   39.066286] nvdla_blob 0000b180: 00 00 00 00 00 00 00 00 00 00 00 00 00 00 00 00
[   39.066715] nvdla_blob 0000b190: 00 00 00 00 00 00 00 00 00 00 00 00 00 00 00 00
[   39.067135] nvdla_blob 0000b1a0: 00 00 00 00 00 00 00 00 00 00 00 00 00 00 00 00
[   39.067567] nvdla_blob 0000b1b0: 00 00 00 00 00 00 00 00 00 00 00 00 00 00 00 00
[   39.067986] nvdla_blob 0000b1c0: 00 00 00 00 00 00 00 00 00 00 00 00 00 00 00 00
[   39.068405] nvdla_blob 0000b1d0: 00 00 00 00 00 00 00 00 00 00 00 00 00 00 00 00
[   39.069849] nvdla_blob 0000b1e0: 00 00 00 00 00 00 00 00 00 00 00 00 00 00 00 00
[   39.070340] nvdla_blob 0000b1f0: 00 00 00 00 00 00 00 00 00 00 00 00 00 00 00 00
[   39.070767] nvdla_blob 0000b200: 00 00 00 00 00 00 00 00 00 00 00 00 00 00 00 00
[   39.071183] nvdla_blob 0000b210: 00 00 00 00 00 00 00 00 00 00 00 00 00 00 00 00
[   39.071702] nvdla_blob 0000b220: 00 00 00 00 00 00 00 00 00 00 00 00 00 00 00 00
[   39.072118] nvdla_blob 0000b230: 00 00 00 00 00 00 00 00 00 00 00 00 00 00 00 00
[   39.072642] nvdla_blob 0000b240: 00 00 00 00 00 00 00 00 00 00 00 00 00 00 00 00
[   39.074371] nvdla_blob 0000b250: 00 00 00 00 00 00 00 00 00 00 00 00 00 00 00 00
[   39.075056] nvdla_blob 0000b260: 00 00 00 00 00 00 00 00 00 00 00 00 00 00 00 00
[   39.075554] nvdla_blob 0000b270: 00 00 00 00 00 00 00 00 00 00 00 00 00 00 00 00
[   39.075975] nvdla_blob 0000b280: 00 00 00 00 00 00 00 00 00 00 00 00 00 00 00 00
[   39.076387] nvdla_blob 0000b290: 00 00 00 00 00 00 00 00 00 00 00 00 00 00 00 00
[   39.077747] nvdla_blob 0000b2a0: 00 00 00 00 00 00 00 00 00 00 00 00 00 00 00 00
[   39.078199] nvdla_blob 0000b2b0: 00 00 00 00 00 00 00 00 00 00 00 00 00 00 00 00
[   39.078626] nvdla_blob 0000b2c0: 00 00 00 00 00 00 00 00 00 00 00 00 00 00 00 00
[   39.079219] nvdla_blob 0000b2d0: 00 00 00 00 00 00 00 00 00 00 00 00 00 00 00 00
[   39.079811] nvdla_blob 0000b2e0: 00 00 00 00 00 00 00 00 00 00 00 00 00 00 00 00
[   39.080245] nvdla_blob 0000b2f0: 00 00 00 00 00 00 00 00 00 00 00 00 00 00 00 00
[   39.080744] nvdla_blob 0000b300: 00 00 00 00 00 00 00 00 00 00 00 00 00 00 00 00
[   39.082666] nvdla_blob 0000b310: 00 00 00 00 00 00 00 00 00 00 00 00 00 00 00 00
[   39.083105] nvdla_blob 0000b320: 00 00 00 00 00 00 00 00 00 00 00 00 00 00 00 00
[   39.083551] nvdla_blob 0000b330: 00 00 00 00 00 00 00 00 00 00 00 00 00 00 00 00
[   39.083967] nvdla_blob 0000b340: 00 00 00 00 00 00 00 00 00 00 00 00 00 00 00 00
[   39.084363] nvdla_blob 0000b350: 00 00 00 00 00 00 00 00 00 00 00 00 00 00 00 00
[   39.085963] nvdla_blob 0000b360: 00 00 00 00 00 00 00 00 00 00 00 00 00 00 00 00
[   39.086417] nvdla_blob 0000b370: 00 00 00 00 00 00 00 00 00 00 00 00 00 00 00 00
[   39.086868] nvdla_blob 0000b380: 00 00 00 00 00 00 00 00 00 00 00 00 00 00 00 00
[   39.087282] nvdla_blob 0000b390: 00 00 00 00 00 00 00 00 00 00 00 00 00 00 00 00
[   39.087712] nvdla_blob 0000b3a0: 00 00 00 00 00 00 00 00 00 00 00 00 00 00 00 00
[   39.088119] nvdla_blob 0000b3b0: 00 00 00 00 00 00 00 00 00 00 00 00 00 00 00 00
[   39.088560] nvdla_blob 0000b3c0: 00 00 00 00 00 00 00 00 00 00 00 00 00 00 00 00
[   39.090127] nvdla_blob 0000b3d0: 00 00 00 00 00 00 00 00 00 00 00 00 00 00 00 00
[   39.090556] nvdla_blob 0000b3e0: 00 00 00 00 00 00 00 00 00 00 00 00 00 00 00 00
[   39.090970] nvdla_blob 0000b3f0: 00 00 00 00 00 00 00 00 00 00 00 00 00 00 00 00
[   39.091381] nvdla_blob 0000b400: 00 00 00 00 00 00 00 00 00 00 00 00 00 00 00 00
[   39.091950] nvdla_blob 0000b410: 00 00 00 00 00 00 00 00 00 00 00 00 00 00 00 00
[   39.092460] nvdla_blob 0000b420: 00 00 00 00 00 00 00 00 00 00 00 00 00 00 00 00
[   39.094148] nvdla_blob 0000b430: 00 00 00 00 00 00 00 00 00 00 00 00 00 00 00 00
[   39.094623] nvdla_blob 0000b440: 00 00 00 00 00 00 00 00 00 00 00 00 00 00 00 00
[   39.095035] nvdla_blob 0000b450: 00 00 00 00 00 00 00 00 00 00 00 00 00 00 00 00
[   39.095453] nvdla_blob 0000b460: 00 00 00 00 00 00 00 00 00 00 00 00 00 00 00 00
[   39.095883] nvdla_blob 0000b470: 00 00 00 00 00 00 00 00 00 00 00 00 00 00 00 00
[   39.096302] nvdla_blob 0000b480: 00 00 00 00 00 00 00 00 00 00 00 00 00 00 00 00
[   39.096739] nvdla_blob 0000b490: 00 00 00 00 00 00 00 00 00 00 00 00 00 00 00 00
[   39.098262] nvdla_blob 0000b4a0: 00 00 00 00 00 00 00 00 00 00 00 00 00 00 00 00
[   39.098797] nvdla_blob 0000b4b0: 00 00 00 00 00 00 00 00 00 00 00 00 00 00 00 00
[   39.099224] nvdla_blob 0000b4c0: 00 00 00 00 00 00 00 00 00 00 00 00 00 00 00 00
[   39.099652] nvdla_blob 0000b4d0: 00 00 00 00 00 00 00 00 00 00 00 00 00 00 00 00
[   39.100096] nvdla_blob 0000b4e0: 00 00 00 00 00 00 00 00 00 00 00 00 00 00 00 00
[   39.100557] nvdla_blob 0000b4f0: 00 00 00 00 00 00 00 00 00 00 00 00 00 00 00 00
[   39.102070] nvdla_blob 0000b500: 00 00 00 00 00 00 00 00 00 00 00 00 00 00 00 00
[   39.102516] nvdla_blob 0000b510: 00 00 00 00 00 00 00 00 00 00 00 00 00 00 00 00
[   39.102962] nvdla_blob 0000b520: 00 00 00 00 00 00 00 00 00 00 00 00 00 00 00 00
[   39.103382] nvdla_blob 0000b530: 00 00 00 00 00 00 00 00 00 00 00 00 00 00 00 00
[   39.103853] nvdla_blob 0000b540: 00 00 00 00 00 00 00 00 00 00 00 00 00 00 00 00
[   39.104281] nvdla_blob 0000b550: 00 00 00 00 00 00 00 00 00 00 00 00 00 00 00 00
[   39.104713] nvdla_blob 0000b560: 00 00 00 00 00 00 00 00 00 00 00 00 00 00 00 00
[   39.106467] nvdla_blob 0000b570: 00 00 00 00 00 00 00 00 00 00 00 00 00 00 00 00
[   39.106961] nvdla_blob 0000b580: 00 00 00 00 00 00 00 00 00 00 00 00 00 00 00 00
[   39.107419] nvdla_blob 0000b590: 00 00 00 00 00 00 00 00 00 00 00 00 00 00 00 00
[   39.107862] nvdla_blob 0000b5a0: 00 00 00 00 00 00 00 00 00 00 00 00 00 00 00 00
[   39.108298] nvdla_blob 0000b5b0: 00 00 00 00 00 00 00 00 00 00 00 00 00 00 00 00
[   39.110013] nvdla_blob 0000b5c0: 00 00 00 00 00 00 00 00 00 00 00 00 00 00 00 00
[   39.110531] nvdla_blob 0000b5d0: 00 00 00 00 00 00 00 00 00 00 00 00 00 00 00 00
[   39.110949] nvdla_blob 0000b5e0: 00 00 00 00 00 00 00 00 00 00 00 00 00 00 00 00
[   39.111362] nvdla_blob 0000b5f0: 00 00 00 00 00 00 00 00 00 00 00 00 00 00 00 00
[   39.111792] nvdla_blob 0000b600: 00 00 00 00 00 00 00 00 00 00 00 00 00 00 00 00
[   39.112203] nvdla_blob 0000b610: 00 00 00 00 00 00 00 00 00 00 00 00 00 00 00 00
[   39.112629] nvdla_blob 0000b620: 00 00 00 00 00 00 00 00 00 00 00 00 00 00 00 00
[   39.114284] nvdla_blob 0000b630: 00 00 00 00 00 00 00 00 00 00 00 00 00 00 00 00
[   39.114780] nvdla_blob 0000b640: 00 00 00 00 00 00 00 00 00 00 00 00 00 00 00 00
[   39.115199] nvdla_blob 0000b650: 00 00 00 00 00 00 00 00 00 00 00 00 00 00 00 00
[   39.115620] nvdla_blob 0000b660: 00 00 00 00 00 00 00 00 00 00 00 00 00 00 00 00
[   39.116048] nvdla_blob 0000b670: 00 00 00 00 00 00 00 00 00 00 00 00 00 00 00 00
[   39.116564] nvdla_blob 0000b680: 00 00 00 00 00 00 00 00 00 00 00 00 00 00 00 00
[   39.118228] nvdla_blob 0000b690: 00 00 00 00 00 00 00 00 00 00 00 00 00 00 00 00
[   39.118713] nvdla_blob 0000b6a0: 00 00 00 00 00 00 00 00 00 00 00 00 00 00 00 00
[   39.119135] nvdla_blob 0000b6b0: 00 00 00 00 00 00 00 00 00 00 00 00 00 00 00 00
[   39.119576] nvdla_blob 0000b6c0: 00 00 00 00 00 00 00 00 00 00 00 00 00 00 00 00
[   39.119992] nvdla_blob 0000b6d0: 00 00 00 00 00 00 00 00 00 00 00 00 00 00 00 00
[   39.120403] nvdla_blob 0000b6e0: 00 00 00 00 00 00 00 00 00 00 00 00 00 00 00 00
[   39.122005] nvdla_blob 0000b6f0: 00 00 00 00 00 00 00 00 00 00 00 00 00 00 00 00
[   39.122557] nvdla_blob 0000b700: 00 00 00 00 00 00 00 00 00 00 00 00 00 00 00 00
[   39.123050] nvdla_blob 0000b710: 00 00 00 00 00 00 00 00 00 00 00 00 00 00 00 00
[   39.123554] nvdla_blob 0000b720: 00 00 00 00 00 00 00 00 00 00 00 00 00 00 00 00
[   39.123981] nvdla_blob 0000b730: 00 00 00 00 00 00 00 00 00 00 00 00 00 00 00 00
[   39.124404] nvdla_blob 0000b740: 00 00 00 00 00 00 00 00 00 00 00 00 00 00 00 00
[   39.126170] nvdla_blob 0000b750: 00 00 00 00 00 00 00 00 00 00 00 00 00 00 00 00
[   39.126696] nvdla_blob 0000b760: 00 00 00 00 00 00 00 00 00 00 00 00 00 00 00 00
[   39.127108] nvdla_blob 0000b770: 00 00 00 00 00 00 00 00 00 00 00 00 00 00 00 00
[   39.127537] nvdla_blob 0000b780: 00 00 00 00 00 00 00 00 00 00 00 00 00 00 00 00
[   39.127958] nvdla_blob 0000b790: 00 00 00 00 00 00 00 00 00 00 00 00 00 00 00 00
[   39.128371] nvdla_blob 0000b7a0: 00 00 00 00 00 00 00 00 00 00 00 00 00 00 00 00
[   39.129932] nvdla_blob 0000b7b0: 00 00 00 00 00 00 00 00 00 00 00 00 00 00 00 00
[   39.130394] nvdla_blob 0000b7c0: 00 00 00 00 00 00 00 00 00 00 00 00 00 00 00 00
[   39.130818] nvdla_blob 0000b7d0: 00 00 00 00 00 00 00 00 00 00 00 00 00 00 00 00
[   39.131246] nvdla_blob 0000b7e0: 00 00 00 00 00 00 00 00 00 00 00 00 00 00 00 00
[   39.131677] nvdla_blob 0000b7f0: 00 00 00 00 00 00 00 00 00 00 00 00 00 00 00 00
[   39.132096] nvdla_blob 0000b800: 00 00 00 00 00 00 00 00 00 00 00 00 00 00 00 00
[   39.132523] nvdla_blob 0000b810: 00 00 00 00 00 00 00 00 00 00 00 00 00 00 00 00
[   39.134095] nvdla_blob 0000b820: 00 00 00 00 00 00 00 00 00 00 00 00 00 00 00 00
[   39.134558] nvdla_blob 0000b830: 00 00 00 00 00 00 00 00 00 00 00 00 00 00 00 00
[   39.134986] nvdla_blob 0000b840: 00 00 00 00 00 00 00 00 00 00 00 00 00 00 00 00
[   39.135405] nvdla_blob 0000b850: 00 00 00 00 00 00 00 00 00 00 00 00 00 00 00 00
[   39.135832] nvdla_blob 0000b860: 00 00 00 00 00 00 00 00 00 00 00 00 00 00 00 00
[   39.136249] nvdla_blob 0000b870: 00 00 00 00 00 00 00 00 00 00 00 00 00 00 00 00
[   39.136706] nvdla_blob 0000b880: 00 00 00 00 00 00 00 00 00 00 00 00 00 00 00 00
[   39.138238] nvdla_blob 0000b890: 00 00 00 00 00 00 00 00 00 00 00 00 00 00 00 00
[   39.138665] nvdla_blob 0000b8a0: 00 00 00 00 00 00 00 00 00 00 00 00 00 00 00 00
[   39.139081] nvdla_blob 0000b8b0: 00 00 00 00 00 00 00 00 00 00 00 00 00 00 00 00
[   39.139505] nvdla_blob 0000b8c0: 00 00 00 00 00 00 00 00 00 00 00 00 00 00 00 00
[   39.139931] nvdla_blob 0000b8d0: 00 00 00 00 00 00 00 00 00 00 00 00 00 00 00 00
[   39.140344] nvdla_blob 0000b8e0: 00 00 00 00 00 00 00 00 00 00 00 00 00 00 00 00
[   39.141780] nvdla_blob 0000b8f0: 00 00 00 00 00 00 00 00 00 00 00 00 00 00 00 00
[   39.142236] nvdla_blob 0000b900: 00 00 00 00 00 00 00 00 00 00 00 00 00 00 00 00
[   39.142669] nvdla_blob 0000b910: 00 00 00 00 00 00 00 00 00 00 00 00 00 00 00 00
[   39.143214] nvdla_blob 0000b920: 00 00 00 00 00 00 00 00 00 00 00 00 00 00 00 00
[   39.143765] nvdla_blob 0000b930: 00 00 00 00 00 00 00 00 00 00 00 00 00 00 00 00
[   39.144518] nvdla_blob 0000b940: 00 00 00 00 00 00 00 00 00 00 00 00 00 00 00 00
[   39.146314] nvdla_blob 0000b950: 00 00 00 00 00 00 00 00 00 00 00 00 00 00 00 00
[   39.146752] nvdla_blob 0000b960: 00 00 00 00 00 00 00 00 00 00 00 00 00 00 00 00
[   39.147256] nvdla_blob 0000b970: 00 00 00 00 00 00 00 00 00 00 00 00 00 00 00 00
[   39.147688] nvdla_blob 0000b980: 00 00 00 00 00 00 00 00 00 00 00 00 00 00 00 00
[   39.148156] nvdla_blob 0000b990: 00 00 00 00 00 00 00 00 00 00 00 00 00 00 00 00
[   39.149828] nvdla_blob 0000b9a0: 00 00 00 00 00 00 00 00 00 00 00 00 00 00 00 00
[   39.150298] nvdla_blob 0000b9b0: 00 00 00 00 00 00 00 00 00 00 00 00 00 00 00 00
[   39.150721] nvdla_blob 0000b9c0: 00 00 00 00 00 00 00 00 00 00 00 00 00 00 00 00
[   39.151141] nvdla_blob 0000b9d0: 00 00 00 00 00 00 00 00 00 00 00 00 00 00 00 00
[   39.151570] nvdla_blob 0000b9e0: 00 00 00 00 00 00 00 00 00 00 00 00 00 00 00 00
[   39.152098] nvdla_blob 0000b9f0: 00 00 00 00 00 00 00 00 00 00 00 00 00 00 00 00
[   39.152644] nvdla_blob 0000ba00: 00 00 00 00 00 00 00 00 00 00 00 00 00 00 00 00
[   39.154255] nvdla_blob 0000ba10: 00 00 00 00 00 00 00 00 00 00 00 00 00 00 00 00
[   39.154690] nvdla_blob 0000ba20: 00 00 00 00 00 00 00 00 00 00 00 00 00 00 00 00
[   39.155112] nvdla_blob 0000ba30: 00 00 00 00 00 00 00 00 00 00 00 00 00 00 00 00
[   39.155537] nvdla_blob 0000ba40: 00 00 00 00 00 00 00 00 00 00 00 00 00 00 00 00
[   39.155962] nvdla_blob 0000ba50: 00 00 00 00 00 00 00 00 00 00 00 00 00 00 00 00
[   39.156382] nvdla_blob 0000ba60: 00 00 00 00 00 00 00 00 00 00 00 00 00 00 00 00
[   39.158161] nvdla_blob 0000ba70: 00 00 00 00 00 00 00 00 00 00 00 00 00 00 00 00
[   39.158671] nvdla_blob 0000ba80: 00 00 00 00 00 00 00 00 00 00 00 00 00 00 00 00
[   39.159132] nvdla_blob 0000ba90: 00 00 00 00 00 00 00 00 00 00 00 00 00 00 00 00
[   39.159567] nvdla_blob 0000baa0: 00 00 00 00 00 00 00 00 00 00 00 00 00 00 00 00
[   39.159985] nvdla_blob 0000bab0: 00 00 00 00 00 00 00 00 00 00 00 00 00 00 00 00
[   39.160422] nvdla_blob 0000bac0: 00 00 00 00 00 00 00 00 00 00 00 00 00 00 00 00
[   39.162113] nvdla_blob 0000bad0: 00 00 00 00 00 00 00 00 00 00 00 00 00 00 00 00
[   39.162622] nvdla_blob 0000bae0: 00 00 00 00 00 00 00 00 00 00 00 00 00 00 00 00
[   39.163115] nvdla_blob 0000baf0: 00 00 00 00 00 00 00 00 00 00 00 00 00 00 00 00
[   39.163580] nvdla_blob 0000bb00: 00 00 00 00 00 00 00 00 00 00 00 00 00 00 00 00
[   39.164092] nvdla_blob 0000bb10: 00 00 00 00 00 00 00 00 00 00 00 00 00 00 00 00
[   39.164590] nvdla_blob 0000bb20: 00 00 00 00 00 00 00 00 00 00 00 00 00 00 00 00
[   39.166329] nvdla_blob 0000bb30: 00 00 00 00 00 00 00 00 00 00 00 00 00 00 00 00
[   39.166762] nvdla_blob 0000bb40: 00 00 00 00 00 00 00 00 00 00 00 00 00 00 00 00
[   39.167176] nvdla_blob 0000bb50: 00 00 00 00 00 00 00 00 00 00 00 00 00 00 00 00
[   39.167615] nvdla_blob 0000bb60: 00 00 00 00 00 00 00 00 00 00 00 00 00 00 00 00
[   39.168028] nvdla_blob 0000bb70: 00 00 00 00 00 00 00 00 00 00 00 00 00 00 00 00
[   39.168441] nvdla_blob 0000bb80: 00 00 00 00 00 00 00 00 00 00 00 00 00 00 00 00
[   39.169971] nvdla_blob 0000bb90: 00 00 00 00 00 00 00 00 00 00 00 00 00 00 00 00
[   39.170572] nvdla_blob 0000bba0: 00 00 00 00 00 00 00 00 00 00 00 00 00 00 00 00
[   39.170998] nvdla_blob 0000bbb0: 00 00 00 00 00 00 00 00 00 00 00 00 00 00 00 00
[   39.171419] nvdla_blob 0000bbc0: 00 00 00 00 00 00 00 00 00 00 00 00 00 00 00 00
[   39.171846] nvdla_blob 0000bbd0: 00 00 00 00 00 00 00 00 00 00 00 00 00 00 00 00
[   39.172266] nvdla_blob 0000bbe0: 00 00 00 00 00 00 00 00 00 00 00 00 00 00 00 00
[   39.172733] nvdla_blob 0000bbf0: 00 00 00 00 00 00 00 00 00 00 00 00 00 00 00 00
[   39.174344] nvdla_blob 0000bc00: 00 00 00 00 00 00 00 00 00 00 00 00 00 00 00 00
[   39.174777] nvdla_blob 0000bc10: 00 00 00 00 00 00 00 00 00 00 00 00 00 00 00 00
[   39.175195] nvdla_blob 0000bc20: 00 00 00 00 00 00 00 00 00 00 00 00 00 00 00 00
[   39.175621] nvdla_blob 0000bc30: 00 00 00 00 00 00 00 00 00 00 00 00 00 00 00 00
[   39.176040] nvdla_blob 0000bc40: 00 00 00 00 00 00 00 00 00 00 00 00 00 00 00 00
[   39.176463] nvdla_blob 0000bc50: 00 00 00 00 00 00 00 00 00 00 00 00 00 00 00 00
[   39.177952] nvdla_blob 0000bc60: 00 00 00 00 00 00 00 00 00 00 00 00 00 00 00 00
[   39.178413] nvdla_blob 0000bc70: 00 00 00 00 00 00 00 00 00 00 00 00 00 00 00 00
[   39.178839] nvdla_blob 0000bc80: 00 00 00 00 00 00 00 00 00 00 00 00 00 00 00 00
[   39.179257] nvdla_blob 0000bc90: 00 00 00 00 00 00 00 00 00 00 00 00 00 00 00 00
[   39.179691] nvdla_blob 0000bca0: 00 00 00 00 00 00 00 00 00 00 00 00 00 00 00 00
[   39.180170] nvdla_blob 0000bcb0: 00 00 00 00 00 00 00 00 00 00 00 00 00 00 00 00
[   39.180596] nvdla_blob 0000bcc0: 00 00 00 00 00 00 00 00 00 00 00 00 00 00 00 00
[   39.182057] nvdla_blob 0000bcd0: 00 00 00 00 00 00 00 00 00 00 00 00 00 00 00 00
[   39.182525] nvdla_blob 0000bce0: 00 00 00 00 00 00 00 00 00 00 00 00 00 00 00 00
[   39.182952] nvdla_blob 0000bcf0: 00 00 00 00 00 00 00 00 00 00 00 00 00 00 00 00
[   39.183374] nvdla_blob 0000bd00: 00 00 00 00 00 00 00 00 00 00 00 00 00 00 00 00
[   39.183804] nvdla_blob 0000bd10: 00 00 00 00 00 00 00 00 00 00 00 00 00 00 00 00
[   39.184222] nvdla_blob 0000bd20: 00 00 00 00 00 00 00 00 00 00 00 00 00 00 00 00
[   39.184769] nvdla_blob 0000bd30: 00 00 00 00 00 00 00 00 00 00 00 00 00 00 00 00
[   39.186391] nvdla_blob 0000bd40: 00 00 00 00 00 00 00 00 00 00 00 00 00 00 00 00
[   39.187120] nvdla_blob 0000bd50: 00 00 00 00 00 00 00 00 00 00 00 00 00 00 00 00
[   39.187609] nvdla_blob 0000bd60: 00 00 00 00 00 00 00 00 00 00 00 00 00 00 00 00
[   39.188070] nvdla_blob 0000bd70: 00 00 00 00 00 00 00 00 00 00 00 00 00 00 00 00
[   39.188545] nvdla_blob 0000bd80: 00 00 00 00 00 00 00 00 00 00 00 00 00 00 00 00
[   39.190200] nvdla_blob 0000bd90: 00 00 00 00 00 00 00 00 00 00 00 00 00 00 00 00
[   39.190633] nvdla_blob 0000bda0: 00 00 00 00 00 00 00 00 00 00 00 00 00 00 00 00
[   39.191068] nvdla_blob 0000bdb0: 00 00 00 00 00 00 00 00 00 00 00 00 00 00 00 00
[   39.191486] nvdla_blob 0000bdc0: 00 00 00 00 00 00 00 00 00 00 00 00 00 00 00 00
[   39.191918] nvdla_blob 0000bdd0: 00 00 00 00 00 00 00 00 00 00 00 00 00 00 00 00
[   39.192335] nvdla_blob 0000bde0: 00 00 00 00 00 00 00 00 00 00 00 00 00 00 00 00
[   39.193886] nvdla_blob 0000bdf0: 00 00 00 00 00 00 00 00 00 00 00 00 00 00 00 00
[   39.194430] nvdla_blob 0000be00: 00 00 00 00 00 00 00 00 00 00 00 00 00 00 00 00
[   39.194885] nvdla_blob 0000be10: 00 00 00 00 00 00 00 00 00 00 00 00 00 00 00 00
[   39.195300] nvdla_blob 0000be20: 00 00 00 00 00 00 00 00 00 00 00 00 00 00 00 00
[   39.195723] nvdla_blob 0000be30: 00 00 00 00 00 00 00 00 00 00 00 00 00 00 00 00
[   39.196145] nvdla_blob 0000be40: 00 00 00 00 00 00 00 00 00 00 00 00 00 00 00 00
[   39.196568] nvdla_blob 0000be50: 00 00 00 00 00 00 00 00 00 00 00 00 00 00 00 00
[   39.198064] nvdla_blob 0000be60: 00 00 00 00 00 00 00 00 00 00 00 00 00 00 00 00
[   39.198533] nvdla_blob 0000be70: 00 00 00 00 00 00 00 00 00 00 00 00 00 00 00 00
[   39.198953] nvdla_blob 0000be80: 00 00 00 00 00 00 00 00 00 00 00 00 00 00 00 00
[   39.199369] nvdla_blob 0000be90: 00 00 00 00 00 00 00 00 00 00 00 00 00 00 00 00
[   39.199799] nvdla_blob 0000bea0: 00 00 00 00 00 00 00 00 00 00 00 00 00 00 00 00
[   39.200212] nvdla_blob 0000beb0: 00 00 00 00 00 00 00 00 00 00 00 00 00 00 00 00
[   39.200650] nvdla_blob 0000bec0: 00 00 00 00 00 00 00 00 00 00 00 00 00 00 00 00
[   39.202202] nvdla_blob 0000bed0: 00 00 00 00 00 00 00 00 00 00 00 00 00 00 00 00
[   39.202728] nvdla_blob 0000bee0: 00 00 00 00 00 00 00 00 00 00 00 00 00 00 00 00
[   39.203172] nvdla_blob 0000bef0: 00 00 00 00 00 00 00 00 00 00 00 00 00 00 00 00
[   39.203642] nvdla_blob 0000bf00: 00 00 00 00 00 00 00 00 00 00 00 00 00 00 00 00
[   39.204073] nvdla_blob 0000bf10: 00 00 00 00 00 00 00 00 00 00 00 00 00 00 00 00
[   39.204508] nvdla_blob 0000bf20: 00 00 00 00 00 00 00 00 00 00 00 00 00 00 00 00
[   39.206272] nvdla_blob 0000bf30: 00 00 00 00 00 00 00 00 00 00 00 00 00 00 00 00
[   39.206745] nvdla_blob 0000bf40: 00 00 00 00 00 00 00 00 00 00 00 00 00 00 00 00
[   39.207169] nvdla_blob 0000bf50: 00 00 00 00 00 00 00 00 00 00 00 00 00 00 00 00
[   39.207592] nvdla_blob 0000bf60: 00 00 00 00 00 00 00 00 00 00 00 00 00 00 00 00
[   39.208011] nvdla_blob 0000bf70: 00 00 00 00 00 00 00 00 00 00 00 00 00 00 00 00
[   39.208423] nvdla_blob 0000bf80: 00 00 00 00 00 00 00 00 00 00 00 00 00 00 00 00
[   39.209840] nvdla_blob 0000bf90: 00 00 00 00 00 00 00 00 00 00 00 00 00 00 00 00
[   39.210297] nvdla_blob 0000bfa0: 00 00 00 00 00 00 00 00 00 00 00 00 00 00 00 00
[   39.210725] nvdla_blob 0000bfb0: 00 00 00 00 00 00 00 00 00 00 00 00 00 00 00 00
[   39.211147] nvdla_blob 0000bfc0: 00 00 00 00 00 00 00 00 00 00 00 00 00 00 00 00
[   39.211579] nvdla_blob 0000bfd0: 00 00 00 00 00 00 00 00 00 00 00 00 00 00 00 00
[   39.212002] nvdla_blob 0000bfe0: 00 00 00 00 00 00 00 00 00 00 00 00 00 00 00 00
[   39.212417] nvdla_blob 0000bff0: 00 00 00 00 00 00 00 00 00 00 00 00 00 00 00 00
[   39.213986] nvdla_blob 0000c000: 00 00 00 00 00 00 00 00 00 00 00 00 00 00 00 00
[   39.214441] nvdla_blob 0000c010: 00 00 00 00 00 00 00 00 00 00 00 00 00 00 00 00
[   39.214916] nvdla_blob 0000c020: 00 00 00 00 00 00 00 00 00 00 00 00 00 00 00 00
[   39.215437] nvdla_blob 0000c030: 00 00 00 00 00 00 00 00 00 00 00 00 00 00 00 00
[   39.215906] nvdla_blob 0000c040: 00 00 00 00 00 00 00 00 00 00 00 00 00 00 00 00
[   39.216323] nvdla_blob 0000c050: 00 00 00 00 00 00 00 00 00 00 00 00 00 00 00 00
[   39.217879] nvdla_blob 0000c060: 00 00 00 00 00 00 00 00 00 00 00 00 00 00 00 00
[   39.218355] nvdla_blob 0000c070: 00 00 00 00 00 00 00 00 00 00 00 00 00 00 00 00
[   39.218792] nvdla_blob 0000c080: 00 00 00 00 00 00 00 00 00 00 00 00 00 00 00 00
[   39.219209] nvdla_blob 0000c090: 00 00 00 00 00 00 00 00 00 00 00 00 00 00 00 00
[   39.219632] nvdla_blob 0000c0a0: 00 00 00 00 00 00 00 00 00 00 00 00 00 00 00 00
[   39.220046] nvdla_blob 0000c0b0: 00 00 00 00 00 00 00 00 00 00 00 00 00 00 00 00
[   39.220472] nvdla_blob 0000c0c0: 00 00 00 00 00 00 00 00 00 00 00 00 00 00 00 00
[   39.221976] nvdla_blob 0000c0d0: 00 00 00 00 00 00 00 00 00 00 00 00 00 00 00 00
[   39.222433] nvdla_blob 0000c0e0: 00 00 00 00 00 00 00 00 00 00 00 00 00 00 00 00
[   39.222866] nvdla_blob 0000c0f0: 00 00 00 00 00 00 00 00 00 00 00 00 00 00 00 00
[   39.223288] nvdla_blob 0000c100: 00 00 00 00 00 00 00 00 00 00 00 00 00 00 00 00
[   39.223720] nvdla_blob 0000c110: 00 00 00 00 00 00 00 00 00 00 00 00 00 00 00 00
[   39.224141] nvdla_blob 0000c120: 00 00 00 00 00 00 00 00 00 00 00 00 00 00 00 00
[   39.224626] nvdla_blob 0000c130: 00 00 00 00 00 00 00 00 00 00 00 00 00 00 00 00
[   39.226238] nvdla_blob 0000c140: 00 00 00 00 00 00 00 00 00 00 00 00 00 00 00 00
[   39.226743] nvdla_blob 0000c150: 00 00 00 00 00 00 00 00 00 00 00 00 00 00 00 00
[   39.227233] nvdla_blob 0000c160: 00 00 00 00 00 00 00 00 00 00 00 00 00 00 00 00
[   39.227729] nvdla_blob 0000c170: 00 00 00 00 00 00 00 00 00 00 00 00 00 00 00 00
[   39.228143] nvdla_blob 0000c180: 00 00 00 00 00 00 00 00 00 00 00 00 00 00 00 00
[   39.228573] nvdla_blob 0000c190: 00 00 00 00 00 00 00 00 00 00 00 00 00 00 00 00
[   39.230113] nvdla_blob 0000c1a0: 00 00 00 00 00 00 00 00 00 00 00 00 00 00 00 00
[   39.230584] nvdla_blob 0000c1b0: 00 00 00 00 00 00 00 00 00 00 00 00 00 00 00 00
[   39.231005] nvdla_blob 0000c1c0: 00 00 00 00 00 00 00 00 00 00 00 00 00 00 00 00
[   39.231698] nvdla_blob 0000c1d0: 00 00 00 00 00 00 00 00 00 00 00 00 00 00 00 00
[   39.232144] nvdla_blob 0000c1e0: 00 00 00 00 00 00 00 00 00 00 00 00 00 00 00 00
[   39.232619] nvdla_blob 0000c1f0: 00 00 00 00 00 00 00 00 00 00 00 00 00 00 00 00
[   39.234578] nvdla_blob 0000c200: 00 00 00 00 00 00 00 00 00 00 00 00 00 00 00 00
[   39.235017] nvdla_blob 0000c210: 00 00 00 00 00 00 00 00 00 00 00 00 00 00 00 00
[   39.235439] nvdla_blob 0000c220: 00 00 00 00 00 00 00 00 00 00 00 00 00 00 00 00
[   39.235875] nvdla_blob 0000c230: 00 00 00 00 00 00 00 00 00 00 00 00 00 00 00 00
[   39.236294] nvdla_blob 0000c240: 00 00 00 00 00 00 00 00 00 00 00 00 00 00 00 00
[   39.236781] nvdla_blob 0000c250: 00 00 00 00 00 00 00 00 00 00 00 00 00 00 00 00
[   39.238191] nvdla_blob 0000c260: 00 00 00 00 00 00 00 00 00 00 00 00 00 00 00 00
[   39.238619] nvdla_blob 0000c270: 00 00 00 00 00 00 00 00 00 00 00 00 00 00 00 00
[   39.239042] nvdla_blob 0000c280: 00 00 00 00 00 00 00 00 00 00 00 00 00 00 00 00
[   39.239460] nvdla_blob 0000c290: 00 00 00 00 00 00 00 00 00 00 00 00 00 00 00 00
[   39.239898] nvdla_blob 0000c2a0: 00 00 00 00 00 00 00 00 00 00 00 00 00 00 00 00
[   39.240313] nvdla_blob 0000c2b0: 00 00 00 00 00 00 00 00 00 00 00 00 00 00 00 00
[   39.240750] nvdla_blob 0000c2c0: 00 00 00 00 00 00 00 00 00 00 00 00 00 00 00 00
[   39.242098] nvdla_blob 0000c2d0: 00 00 00 00 00 00 00 00 00 00 00 00 00 00 00 00
[   39.242561] nvdla_blob 0000c2e0: 00 00 00 00 00 00 00 00 00 00 00 00 00 00 00 00
[   39.242988] nvdla_blob 0000c2f0: 00 00 00 00 00 00 00 00 00 00 00 00 00 00 00 00
[   39.243635] nvdla_blob 0000c300: 00 00 00 00 00 00 00 00 00 00 00 00 00 00 00 00
[   39.244525] nvdla_blob 0000c310: 00 00 00 00 00 00 00 00 00 00 00 00 00 00 00 00
[   39.246467] nvdla_blob 0000c320: 00 00 00 00 00 00 00 00 00 00 00 00 00 00 00 00
[   39.247014] nvdla_blob 0000c330: 00 00 00 00 00 00 00 00 00 00 00 00 00 00 00 00
[   39.247706] nvdla_blob 0000c340: 00 00 00 00 00 00 00 00 00 00 00 00 00 00 00 00
[   39.248163] nvdla_blob 0000c350: 00 00 00 00 00 00 00 00 00 00 00 00 00 00 00 00
[   39.251082] nvdla_blob 0000c360: 00 00 00 00 00 00 00 00 00 00 00 00 00 00 00 00
[   39.251597] nvdla_blob 0000c370: 00 00 00 00 00 00 00 00 00 00 00 00 00 00 00 00
[   39.252016] nvdla_blob 0000c380: 00 00 00 00 00 00 00 00 00 00 00 00 00 00 00 00
[   39.252425] nvdla_blob 0000c390: 00 00 00 00 00 00 00 00 00 00 00 00 00 00 00 00
[   39.253966] nvdla_blob 0000c3a0: 00 00 00 00 00 00 00 00 00 00 00 00 00 00 00 00
[   39.254446] nvdla_blob 0000c3b0: 00 00 00 00 00 00 00 00 00 00 00 00 00 00 00 00
[   39.254880] nvdla_blob 0000c3c0: 00 00 00 00 00 00 00 00 00 00 00 00 00 00 00 00
[   39.255291] nvdla_blob 0000c3d0: 00 00 00 00 00 00 00 00 00 00 00 00 00 00 00 00
[   39.255716] nvdla_blob 0000c3e0: 00 00 00 00 00 00 00 00 00 00 00 00 00 00 00 00
[   39.256128] nvdla_blob 0000c3f0: 00 00 00 00 00 00 00 00 00 00 00 00 00 00 00 00
[   39.256554] nvdla_blob 0000c400: 00 00 00 00 00 00 00 00 00 00 00 00 00 00 00 00
[   39.258214] nvdla_blob 0000c410: 00 00 00 00 00 00 00 00 00 00 00 00 00 00 00 00
[   39.258674] nvdla_blob 0000c420: 00 00 00 00 00 00 00 00 00 00 00 00 00 00 00 00
[   39.259460] nvdla_blob 0000c430: 00 00 00 00 00 00 00 00 00 00 00 00 00 00 00 00
[   39.260051] nvdla_blob 0000c440: 00 00 00 00 00 00 00 00 00 00 00 00 00 00 00 00
[   39.260655] nvdla_blob 0000c450: 00 00 00 00 00 00 00 00 00 00 00 00 00 00 00 00
[   39.262380] nvdla_blob 0000c460: 00 00 00 00 00 00 00 00 00 00 00 00 00 00 00 00
[   39.262823] nvdla_blob 0000c470: 00 00 00 00 00 00 00 00 00 00 00 00 00 00 00 00
[   39.263240] nvdla_blob 0000c480: 00 00 00 00 00 00 00 00 00 00 00 00 00 00 00 00
[   39.263687] nvdla_blob 0000c490: 00 00 00 00 00 00 00 00 00 00 00 00 00 00 00 00
[   39.264097] nvdla_blob 0000c4a0: 00 00 00 00 00 00 00 00 00 00 00 00 00 00 00 00
[   39.264522] nvdla_blob 0000c4b0: 00 00 00 00 00 00 00 00 00 00 00 00 00 00 00 00
[   39.266109] nvdla_blob 0000c4c0: 00 00 00 00 00 00 00 00 00 00 00 00 00 00 00 00
[   39.266583] nvdla_blob 0000c4d0: 00 00 00 00 00 00 00 00 00 00 00 00 00 00 00 00
[   39.267080] nvdla_blob 0000c4e0: 00 00 00 00 00 00 00 00 00 00 00 00 00 00 00 00
[   39.267645] nvdla_blob 0000c4f0: 00 00 00 00 00 00 00 00 00 00 00 00 00 00 00 00
[   39.268084] nvdla_blob 0000c500: 00 00 00 00 00 00 00 00 00 00 00 00 00 00 00 00
[   39.268513] nvdla_blob 0000c510: 00 00 00 00 00 00 00 00 00 00 00 00 00 00 00 00
[   39.269951] nvdla_blob 0000c520: 00 00 00 00 00 00 00 00 00 00 00 00 00 00 00 00
[   39.270438] nvdla_blob 0000c530: 00 00 00 00 00 00 00 00 00 00 00 00 00 00 00 00
[   39.270937] nvdla_blob 0000c540: 00 00 00 00 00 00 00 00 00 00 00 00 00 00 00 00
[   39.271460] nvdla_blob 0000c550: 00 00 00 00 00 00 00 00 00 00 00 00 00 00 00 00
[   39.271946] nvdla_blob 0000c560: 00 00 00 00 00 00 00 00 00 00 00 00 00 00 00 00
[   39.272352] nvdla_blob 0000c570: 00 00 00 00 00 00 00 00 00 00 00 00 00 00 00 00
[   39.273998] nvdla_blob 0000c580: 00 00 00 00 00 00 00 00 00 00 00 00 00 00 00 00
[   39.274449] nvdla_blob 0000c590: 00 00 00 00 00 00 00 00 00 00 00 00 00 00 00 00
[   39.274875] nvdla_blob 0000c5a0: 00 00 00 00 00 00 00 00 00 00 00 00 00 00 00 00
[   39.275458] nvdla_blob 0000c5b0: 00 00 00 00 00 00 00 00 00 00 00 00 00 00 00 00
[   39.275988] nvdla_blob 0000c5c0: 00 00 00 00 00 00 00 00 00 00 00 00 00 00 00 00
[   39.276579] nvdla_blob 0000c5d0: 00 00 00 00 00 00 00 00 00 00 00 00 00 00 00 00
[   39.278377] nvdla_blob 0000c5e0: 00 00 00 00 00 00 00 00 00 00 00 00 00 00 00 00
[   39.278860] nvdla_blob 0000c5f0: 00 00 00 00 00 00 00 00 00 00 00 00 00 00 00 00
[   39.279289] nvdla_blob 0000c600: 00 00 00 00 00 00 00 00 00 00 00 00 00 00 00 00
[   39.279706] nvdla_blob 0000c610: 00 00 00 00 00 00 00 00 00 00 00 00 00 00 00 00
[   39.280121] nvdla_blob 0000c620: 00 00 00 00 00 00 00 00 00 00 00 00 00 00 00 00
[   39.280550] nvdla_blob 0000c630: 00 00 00 00 00 00 00 00 00 00 00 00 00 00 00 00
[   39.282184] nvdla_blob 0000c640: 00 00 00 00 00 00 00 00 00 00 00 00 00 00 00 00
[   39.282654] nvdla_blob 0000c650: 00 00 00 00 00 00 00 00 00 00 00 00 00 00 00 00
[   39.283077] nvdla_blob 0000c660: 00 00 00 00 00 00 00 00 00 00 00 00 00 00 00 00
[   39.283502] nvdla_blob 0000c670: 00 00 00 00 00 00 00 00 00 00 00 00 00 00 00 00
[   39.283920] nvdla_blob 0000c680: 00 00 00 00 00 00 00 00 00 00 00 00 00 00 00 00
[   39.284332] nvdla_blob 0000c690: 00 00 00 00 00 00 00 00 00 00 00 00 00 00 00 00
[   39.285857] nvdla_blob 0000c6a0: 00 00 00 00 00 00 00 00 00 00 00 00 00 00 00 00
[   39.286342] nvdla_blob 0000c6b0: 00 00 00 00 00 00 00 00 00 00 00 00 00 00 00 00
[   39.286791] nvdla_blob 0000c6c0: 00 00 00 00 00 00 00 00 00 00 00 00 00 00 00 00
[   39.287205] nvdla_blob 0000c6d0: 00 00 00 00 00 00 00 00 00 00 00 00 00 00 00 00
[   39.287728] nvdla_blob 0000c6e0: 00 00 00 00 00 00 00 00 00 00 00 00 00 00 00 00
[   39.288224] nvdla_blob 0000c6f0: 00 00 00 00 00 00 00 00 00 00 00 00 00 00 00 00
[   39.288671] nvdla_blob 0000c700: 00 00 00 00 00 00 00 00 00 00 00 00 00 00 00 00
[   39.290371] nvdla_blob 0000c710: 00 00 00 00 00 00 00 00 00 00 00 00 00 00 00 00
[   39.290796] nvdla_blob 0000c720: 00 00 00 00 00 00 00 00 00 00 00 00 00 00 00 00
[   39.291221] nvdla_blob 0000c730: 00 00 00 00 00 00 00 00 00 00 00 00 00 00 00 00
[   39.291638] nvdla_blob 0000c740: 00 00 00 00 00 00 00 00 00 00 00 00 00 00 00 00
[   39.292051] nvdla_blob 0000c750: 00 00 00 00 00 00 00 00 00 00 00 00 00 00 00 00
[   39.292580] nvdla_blob 0000c760: 00 00 00 00 00 00 00 00 00 00 00 00 00 00 00 00
[   39.294265] nvdla_blob 0000c770: 00 00 00 00 00 00 00 00 00 00 00 00 00 00 00 00
[   39.294720] nvdla_blob 0000c780: 00 00 00 00 00 00 00 00 00 00 00 00 00 00 00 00
[   39.295396] nvdla_blob 0000c790: 00 00 00 00 00 00 00 00 00 00 00 00 00 00 00 00
[   39.295875] nvdla_blob 0000c7a0: 00 00 00 00 00 00 00 00 00 00 00 00 00 00 00 00
[   39.296447] nvdla_blob 0000c7b0: 00 00 00 00 00 00 00 00 00 00 00 00 00 00 00 00
[   39.298360] nvdla_blob 0000c7c0: 00 00 00 00 00 00 00 00 00 00 00 00 00 00 00 00
[   39.298844] nvdla_blob 0000c7d0: 00 00 00 00 00 00 00 00 00 00 00 00 00 00 00 00
[   39.299259] nvdla_blob 0000c7e0: 00 00 00 00 00 00 00 00 00 00 00 00 00 00 00 00
[   39.299677] nvdla_blob 0000c7f0: 00 00 00 00 00 00 00 00 00 00 00 00 00 00 00 00
[   39.300085] nvdla_blob 0000c800: 00 00 00 00 00 00 00 00 00 00 00 00 00 00 00 00
[   39.300556] nvdla_blob 0000c810: 00 00 00 00 00 00 00 00 00 00 00 00 00 00 00 00
[   39.302226] nvdla_blob 0000c820: 00 00 00 00 00 00 00 00 00 00 00 00 00 00 00 00
[   39.302726] nvdla_blob 0000c830: 00 00 00 00 00 00 00 00 00 00 00 00 00 00 00 00
[   39.303167] nvdla_blob 0000c840: 00 00 00 00 00 00 00 00 00 00 00 00 00 00 00 00
[   39.303589] nvdla_blob 0000c850: 00 00 00 00 00 00 00 00 00 00 00 00 00 00 00 00
[   39.303998] nvdla_blob 0000c860: 00 00 00 00 00 00 00 00 00 00 00 00 00 00 00 00
[   39.304409] nvdla_blob 0000c870: 00 00 00 00 00 00 00 00 00 00 00 00 00 00 00 00
[   39.306160] nvdla_blob 0000c880: 00 00 00 00 00 00 00 00 00 00 00 00 00 00 00 00
[   39.306630] nvdla_blob 0000c890: 00 00 00 00 00 00 00 00 00 00 00 00 00 00 00 00
[   39.307146] nvdla_blob 0000c8a0: 00 00 00 00 00 00 00 00 00 00 00 00 00 00 00 00
[   39.307567] nvdla_blob 0000c8b0: 00 00 00 00 00 00 00 00 00 00 00 00 00 00 00 00
[   39.307982] nvdla_blob 0000c8c0: 00 00 00 00 00 00 00 00 00 00 00 00 00 00 00 00
[   39.308399] nvdla_blob 0000c8d0: 00 00 00 00 00 00 00 00 00 00 00 00 00 00 00 00
[   39.310099] nvdla_blob 0000c8e0: 00 00 00 00 00 00 00 00 00 00 00 00 00 00 00 00
[   39.310609] nvdla_blob 0000c8f0: 00 00 00 00 00 00 00 00 00 00 00 00 00 00 00 00
[   39.311060] nvdla_blob 0000c900: 00 00 00 00 00 00 00 00 00 00 00 00 00 00 00 00
[   39.311479] nvdla_blob 0000c910: 00 00 00 00 00 00 00 00 00 00 00 00 00 00 00 00
[   39.311926] nvdla_blob 0000c920: 00 00 00 00 00 00 00 00 00 00 00 00 00 00 00 00
[   39.312346] nvdla_blob 0000c930: 00 00 00 00 00 00 00 00 00 00 00 00 00 00 00 00
[   39.314063] nvdla_blob 0000c940: 00 00 00 00 00 00 00 00 00 00 00 00 00 00 00 00
[   39.314560] nvdla_blob 0000c950: 00 00 00 00 00 00 00 00 00 00 00 00 00 00 00 00
[   39.315037] nvdla_blob 0000c960: 00 00 00 00 00 00 00 00 00 00 00 00 00 00 00 00
[   39.315762] nvdla_blob 0000c970: 00 00 00 00 00 00 00 00 00 00 00 00 00 00 00 00
[   39.316595] nvdla_blob 0000c980: 00 00 00 00 00 00 00 00 00 00 00 00 00 00 00 00
[   39.318444] nvdla_blob 0000c990: 00 00 00 00 00 00 00 00 00 00 00 00 00 00 00 00
[   39.318876] nvdla_blob 0000c9a0: 00 00 00 00 00 00 00 00 00 00 00 00 00 00 00 00
[   39.319296] nvdla_blob 0000c9b0: 00 00 00 00 00 00 00 00 00 00 00 00 00 00 00 00
[   39.319731] nvdla_blob 0000c9c0: 00 00 00 00 00 00 00 00 00 00 00 00 00 00 00 00
[   39.320145] nvdla_blob 0000c9d0: 00 00 00 00 00 00 00 00 00 00 00 00 00 00 00 00
[   39.320605] nvdla_blob 0000c9e0: 00 00 00 00 00 00 00 00 00 00 00 00 00 00 00 00
[   39.322390] nvdla_blob 0000c9f0: 00 00 00 00 00 00 00 00 00 00 00 00 00 00 00 00
[   39.322849] nvdla_blob 0000ca00: 00 00 00 00 00 00 00 00 00 00 00 00 00 00 00 00
[   39.323269] nvdla_blob 0000ca10: 00 00 00 00 00 00 00 00 00 00 00 00 00 00 00 00
[   39.323698] nvdla_blob 0000ca20: 00 00 00 00 00 00 00 00 00 00 00 00 00 00 00 00
[   39.324119] nvdla_blob 0000ca30: 00 00 00 00 00 00 00 00 00 00 00 00 00 00 00 00
[   39.324574] nvdla_blob 0000ca40: 00 00 00 00 00 00 00 00 00 00 00 00 00 00 00 00
[   39.326104] nvdla_blob 0000ca50: 00 00 00 00 00 00 00 00 00 00 00 00 00 00 00 00
[   39.326553] nvdla_blob 0000ca60: 00 00 00 00 00 00 00 00 00 00 00 00 00 00 00 00
[   39.326994] nvdla_blob 0000ca70: 00 00 00 00 00 00 00 00 00 00 00 00 00 00 00 00
[   39.327672] nvdla_blob 0000ca80: 00 00 00 00 00 00 00 00 00 00 00 00 00 00 00 00
[   39.328255] nvdla_blob 0000ca90: 00 00 00 00 00 00 00 00 00 00 00 00 00 00 00 00
[   39.328679] nvdla_blob 0000caa0: 00 00 00 00 00 00 00 00 00 00 00 00 00 00 00 00
[   39.330236] nvdla_blob 0000cab0: 00 00 00 00 00 00 00 00 00 00 00 00 00 00 00 00
[   39.330789] nvdla_blob 0000cac0: 00 00 00 00 00 00 00 00 00 00 00 00 00 00 00 00
[   39.331284] nvdla_blob 0000cad0: 00 00 00 00 00 00 00 00 00 00 00 00 00 00 00 00
[   39.331799] nvdla_blob 0000cae0: 00 00 00 00 00 00 00 00 00 00 00 00 00 00 00 00
[   39.332361] nvdla_blob 0000caf0: 00 00 00 00 00 00 00 00 00 00 00 00 00 00 00 00
[   39.334991] nvdla_blob 0000cb00: 00 00 00 00 00 00 00 00 00 00 00 00 00 00 00 00
[   39.335481] nvdla_blob 0000cb10: 00 00 00 00 00 00 00 00 00 00 00 00 00 00 00 00
[   39.335922] nvdla_blob 0000cb20: 00 00 00 00 00 00 00 00 00 00 00 00 00 00 00 00
[   39.336421] nvdla_blob 0000cb30: 00 00 00 00 00 00 00 00 00 00 00 00 00 00 00 00
[   39.337940] nvdla_blob 0000cb40: 00 00 00 00 00 00 00 00 00 00 00 00 00 00 00 00
[   39.338437] nvdla_blob 0000cb50: 00 00 00 00 00 00 00 00 00 00 00 00 00 00 00 00
[   39.338881] nvdla_blob 0000cb60: 00 00 00 00 00 00 00 00 00 00 00 00 00 00 00 00
[   39.339300] nvdla_blob 0000cb70: 00 00 00 00 00 00 00 00 00 00 00 00 00 00 00 00
[   39.339745] nvdla_blob 0000cb80: 00 00 00 00 00 00 00 00 00 00 00 00 00 00 00 00
[   39.340184] nvdla_blob 0000cb90: 00 00 00 00 00 00 00 00 00 00 00 00 00 00 00 00
[   39.340768] nvdla_blob 0000cba0: 00 00 00 00 00 00 00 00 00 00 00 00 00 00 00 00
[   39.342600] nvdla_blob 0000cbb0: 00 00 00 00 00 00 00 00 00 00 00 00 00 00 00 00
[   39.343174] nvdla_blob 0000cbc0: 00 00 00 00 00 00 00 00 00 00 00 00 00 00 00 00
[   39.343651] nvdla_blob 0000cbd0: 00 00 00 00 00 00 00 00 00 00 00 00 00 00 00 00
[   39.344086] nvdla_blob 0000cbe0: 00 00 00 00 00 00 00 00 00 00 00 00 00 00 00 00
[   39.344576] nvdla_blob 0000cbf0: 00 00 00 00 00 00 00 00 00 00 00 00 00 00 00 00
[   39.346552] nvdla_blob 0000cc00: 00 00 00 00 00 00 00 00 00 00 00 00 00 00 00 00
[   39.347001] nvdla_blob 0000cc10: 00 00 00 00 00 00 00 00 00 00 00 00 00 00 00 00
[   39.347423] nvdla_blob 0000cc20: 00 00 00 00 00 00 00 00 00 00 00 00 00 00 00 00
[   39.347853] nvdla_blob 0000cc30: 00 00 00 00 00 00 00 00 00 00 00 00 00 00 00 00
[   39.348269] nvdla_blob 0000cc40: 00 00 00 00 00 00 00 00 00 00 00 00 00 00 00 00
[   39.348702] nvdla_blob 0000cc50: 00 00 00 00 00 00 00 00 00 00 00 00 00 00 00 00
[   39.350331] nvdla_blob 0000cc60: 00 00 00 00 00 00 00 00 00 00 00 00 00 00 00 00
[   39.350800] nvdla_blob 0000cc70: 00 00 00 00 00 00 00 00 00 00 00 00 00 00 00 00
[   39.351226] nvdla_blob 0000cc80: 00 00 00 00 00 00 00 00 00 00 00 00 00 00 00 00
[   39.351654] nvdla_blob 0000cc90: 00 00 00 00 00 00 00 00 00 00 00 00 00 00 00 00
[   39.352073] nvdla_blob 0000cca0: 00 00 00 00 00 00 00 00 00 00 00 00 00 00 00 00
[   39.352499] nvdla_blob 0000ccb0: 00 00 00 00 00 00 00 00 00 00 00 00 00 00 00 00
[   39.353975] nvdla_blob 0000ccc0: 00 00 00 00 00 00 00 00 00 00 00 00 00 00 00 00
[   39.354604] nvdla_blob 0000ccd0: 00 00 00 00 00 00 00 00 00 00 00 00 00 00 00 00
[   39.355168] nvdla_blob 0000cce0: 00 00 00 00 00 00 00 00 00 00 00 00 00 00 00 00
[   39.355670] nvdla_blob 0000ccf0: 00 00 00 00 00 00 00 00 00 00 00 00 00 00 00 00
[   39.356162] nvdla_blob 0000cd00: 00 00 00 00 00 00 00 00 00 00 00 00 00 00 00 00
[   39.356687] nvdla_blob 0000cd10: 00 00 00 00 00 00 00 00 00 00 00 00 00 00 00 00
[   39.358531] nvdla_blob 0000cd20: 00 00 00 00 00 00 00 00 00 00 00 00 00 00 00 00
[   39.359076] nvdla_blob 0000cd30: 00 00 00 00 00 00 00 00 00 00 00 00 00 00 00 00
[   39.359565] nvdla_blob 0000cd40: 00 00 00 00 00 00 00 00 00 00 00 00 00 00 00 00
[   39.359979] nvdla_blob 0000cd50: 00 00 00 00 00 00 00 00 00 00 00 00 00 00 00 00
[   39.360414] nvdla_blob 0000cd60: 00 00 00 00 00 00 00 00 00 00 00 00 00 00 00 00
[   39.361973] nvdla_blob 0000cd70: 00 00 00 00 00 00 00 00 00 00 00 00 00 00 00 00
[   39.362530] nvdla_blob 0000cd80: 00 00 00 00 00 00 00 00 00 00 00 00 00 00 00 00
[   39.363028] nvdla_blob 0000cd90: 00 00 00 00 00 00 00 00 00 00 00 00 00 00 00 00
[   39.363446] nvdla_blob 0000cda0: 00 00 00 00 00 00 00 00 00 00 00 00 00 00 00 00
[   39.363875] nvdla_blob 0000cdb0: 00 00 00 00 00 00 00 00 00 00 00 00 00 00 00 00
[   39.364295] nvdla_blob 0000cdc0: 00 00 00 00 00 00 00 00 00 00 00 00 00 00 00 00
[   39.364725] nvdla_blob 0000cdd0: 00 00 00 00 00 00 00 00 00 00 00 00 00 00 00 00
[   39.367165] nvdla_blob 0000cde0: 00 00 00 00 00 00 00 00 00 00 00 00 00 00 00 00
[   39.367672] nvdla_blob 0000cdf0: 00 00 00 00 00 00 00 00 00 00 00 00 00 00 00 00
[   39.368090] nvdla_blob 0000ce00: 00 00 00 00 00 00 00 00 00 00 00 00 00 00 00 00
[   39.368552] nvdla_blob 0000ce10: 00 00 00 00 00 00 00 00 00 00 00 00 00 00 00 00
[   39.370143] nvdla_blob 0000ce20: 00 00 00 00 00 00 00 00 00 00 00 00 00 00 00 00
[   39.370701] nvdla_blob 0000ce30: 00 00 00 00 00 00 00 00 00 00 00 00 00 00 00 00
[   39.371355] nvdla_blob 0000ce40: 00 00 00 00 00 00 00 00 00 00 00 00 00 00 00 00
[   39.371808] nvdla_blob 0000ce50: 00 00 00 00 00 00 00 00 00 00 00 00 00 00 00 00
[   39.372228] nvdla_blob 0000ce60: 00 00 00 00 00 00 00 00 00 00 00 00 00 00 00 00
[   39.372731] nvdla_blob 0000ce70: 00 00 00 00 00 00 00 00 00 00 00 00 00 00 00 00
[   39.374569] nvdla_blob 0000ce80: 00 00 00 00 00 00 00 00 00 00 00 00 00 00 00 00
[   39.375008] nvdla_blob 0000ce90: 00 00 00 00 00 00 00 00 00 00 00 00 00 00 00 00
[   39.375435] nvdla_blob 0000cea0: 00 00 00 00 00 00 00 00 00 00 00 00 00 00 00 00
[   39.375865] nvdla_blob 0000ceb0: 00 00 00 00 00 00 00 00 00 00 00 00 00 00 00 00
[   39.376283] nvdla_blob 0000cec0: 00 00 00 00 00 00 00 00 00 00 00 00 00 00 00 00
[   39.376758] nvdla_blob 0000ced0: 00 00 00 00 00 00 00 00 00 00 00 00 00 00 00 00
[   39.378286] nvdla_blob 0000cee0: 00 00 00 00 00 00 00 00 00 00 00 00 00 00 00 00
[   39.378720] nvdla_blob 0000cef0: 00 00 00 00 00 00 00 00 00 00 00 00 00 00 00 00
[   39.379150] nvdla_blob 0000cf00: 00 00 00 00 00 00 00 00 00 00 00 00 00 00 00 00
[   39.379652] nvdla_blob 0000cf10: 00 00 00 00 00 00 00 00 00 00 00 00 00 00 00 00
[   39.380128] nvdla_blob 0000cf20: 00 00 00 00 00 00 00 00 00 00 00 00 00 00 00 00
[   39.380551] nvdla_blob 0000cf30: 00 00 00 00 00 00 00 00 00 00 00 00 00 00 00 00
[   39.382007] nvdla_blob 0000cf40: 00 00 00 00 00 00 00 00 00 00 00 00 00 00 00 00
[   39.382461] nvdla_blob 0000cf50: 00 00 00 00 00 00 00 00 00 00 00 00 00 00 00 00
[   39.382951] nvdla_blob 0000cf60: 00 00 00 00 00 00 00 00 00 00 00 00 00 00 00 00
[   39.383507] nvdla_blob 0000cf70: 00 00 00 00 00 00 00 00 00 00 00 00 00 00 00 00
[   39.384195] nvdla_blob 0000cf80: 00 00 00 00 00 00 00 00 00 00 00 00 00 00 00 00
[   39.384727] nvdla_blob 0000cf90: 00 00 00 00 00 00 00 00 00 00 00 00 00 00 00 00
[   39.386593] nvdla_blob 0000cfa0: 00 00 00 00 00 00 00 00 00 00 00 00 00 00 00 00
[   39.387079] nvdla_blob 0000cfb0: 00 00 00 00 00 00 00 00 00 00 00 00 00 00 00 00
[   39.387521] nvdla_blob 0000cfc0: 00 00 00 00 00 00 00 00 00 00 00 00 00 00 00 00
[   39.387946] nvdla_blob 0000cfd0: 00 00 00 00 00 00 00 00 00 00 00 00 00 00 00 00
[   39.388363] nvdla_blob 0000cfe0: 00 00 00 00 00 00 00 00 00 00 00 00 00 00 00 00
[   39.389881] nvdla_blob 0000cff0: 00 00 00 00 00 00 00 00 00 00 00 00 00 00 00 00
[   39.390109] nvdla_blob[7] prime_fd=9 handle=6 size=4096 dma=0xc0008000 full_4096_bytes:
[   39.390691] nvdla_blob 00000000: 00 00 01 00 00 24 00 00 01 00 01 00 90 00 00 00
[   39.391184] nvdla_blob 00000010: 00 00 00 00 00 00 00 00 00 00 00 00 02 00 ff ff
[   39.391649] nvdla_blob 00000020: 00 00 00 00 00 00 00 00 00 00 00 00 00 00 00 00
[   39.392069] nvdla_blob 00000030: 00 00 00 00 00 00 00 00 02 00 ff ff 00 00 00 00
[   39.392544] nvdla_blob 00000040: 00 00 00 00 00 00 00 00 00 00 00 00 00 00 00 00
[   39.395618] nvdla_blob 00000050: 00 00 00 00 00 00 02 00 00 72 03 00 1c 00 1c 00
[   39.396188] nvdla_blob 00000060: 90 00 00 00 80 03 00 00 00 62 00 00 00 00 00 00
[   39.396623] nvdla_blob 00000070: 02 00 ff ff 00 c4 00 00 1c 00 1c 00 20 00 00 00
[   39.398069] nvdla_blob 00000080: 80 03 00 00 00 62 00 00 00 00 00 00 00 00 00 00
[   39.398624] nvdla_blob 00000090: 00 00 00 00 00 00 00 00 00 00 00 00 00 00 00 00
[   39.399121] nvdla_blob 000000a0: 00 00 00 00 00 00 00 00 00 00 00 00 00 00 00 00
[   39.399552] nvdla_blob 000000b0: 00 00 00 00 00 00 00 00 00 00 00 00 00 00 00 00
[   39.399969] nvdla_blob 000000c0: 00 00 00 00 00 00 00 00 00 00 00 00 00 00 00 00
[   39.400419] nvdla_blob 000000d0: 00 00 00 00 00 00 00 00 00 00 00 00 00 00 00 00
[   39.402288] nvdla_blob 000000e0: 00 00 00 00 00 00 00 00 00 00 00 00 00 00 00 00
[   39.402814] nvdla_blob 000000f0: 00 00 00 00 00 00 00 00 00 00 00 00 00 00 00 00
[   39.403252] nvdla_blob 00000100: 00 00 00 00 00 00 00 00 00 00 00 00 00 00 00 00
[   39.403679] nvdla_blob 00000110: 00 00 00 00 00 00 00 00 00 00 00 00 00 00 00 00
[   39.404100] nvdla_blob 00000120: 00 00 00 00 00 00 00 00 00 00 00 00 00 00 00 00
[   39.404566] nvdla_blob 00000130: 00 00 00 00 00 00 00 00 00 00 00 00 00 00 00 00
[   39.406280] nvdla_blob 00000140: 00 00 00 00 00 00 00 00 00 00 00 00 00 00 00 00
[   39.406796] nvdla_blob 00000150: 00 00 00 00 00 00 00 00 00 00 00 00 00 00 00 00
[   39.407517] nvdla_blob 00000160: 00 00 00 00 00 00 00 00 00 00 00 00 00 00 00 00
[   39.408262] nvdla_blob 00000170: 00 00 00 00 00 00 00 00 00 00 00 00 00 00 00 00
[   39.408824] nvdla_blob 00000180: 00 00 00 00 00 00 00 00 00 00 00 00 00 00 00 00
[   39.410704] nvdla_blob 00000190: 00 00 00 00 00 00 00 00 00 00 00 00 00 00 00 00
[   39.411253] nvdla_blob 000001a0: 00 00 00 00 00 00 00 00 00 00 00 00 00 00 00 00
[   39.411782] nvdla_blob 000001b0: 00 00 00 00 00 00 00 00 00 00 00 00 00 00 00 00
[   39.412229] nvdla_blob 000001c0: 00 00 00 00 00 00 00 00 00 00 00 00 00 00 00 00
[   39.412754] nvdla_blob 000001d0: 00 00 00 00 00 00 00 00 00 00 00 00 00 00 00 00
[   39.414423] nvdla_blob 000001e0: 00 00 00 00 00 00 00 00 00 00 00 00 00 00 00 00
[   39.414853] nvdla_blob 000001f0: 00 00 00 00 00 00 00 00 00 00 00 00 00 00 00 00
[   39.415270] nvdla_blob 00000200: 00 00 00 00 00 00 00 00 00 00 00 00 00 00 00 00
[   39.415698] nvdla_blob 00000210: 00 00 00 00 00 00 00 00 00 00 00 00 00 00 00 00
[   39.416118] nvdla_blob 00000220: 00 00 00 00 00 00 00 00 00 00 00 00 00 00 00 00
[   39.416581] nvdla_blob 00000230: 00 00 00 00 00 00 00 00 00 00 00 00 00 00 00 00
[   39.418161] nvdla_blob 00000240: 00 00 00 00 00 00 00 00 00 00 00 00 00 00 00 00
[   39.418621] nvdla_blob 00000250: 00 00 00 00 00 00 00 00 00 00 00 00 00 00 00 00
[   39.419034] nvdla_blob 00000260: 00 00 00 00 00 00 00 00 00 00 00 00 00 00 00 00
[   39.419464] nvdla_blob 00000270: 00 00 00 00 00 00 00 00 00 00 00 00 00 00 00 00
[   39.419897] nvdla_blob 00000280: 00 00 00 00 02 00 ff ff 00 c4 00 00 1c 00 1c 00
[   39.420310] nvdla_blob 00000290: 20 00 00 00 00 00 00 00 00 00 00 00 00 00 00 00
[   39.421991] nvdla_blob 000002a0: 00 00 00 00 00 00 00 00 00 00 00 00 00 00 00 00
[   39.422463] nvdla_blob 000002b0: 00 00 00 00 00 00 00 00 00 00 00 00 00 00 00 00
[   39.422903] nvdla_blob 000002c0: 00 00 00 00 00 00 00 00 00 00 00 00 00 00 00 00
[   39.423343] nvdla_blob 000002d0: 00 00 00 00 00 00 00 00 00 00 00 00 00 00 00 00
[   39.423820] nvdla_blob 000002e0: 00 00 00 00 00 00 00 00 00 00 00 00 00 00 00 00
[   39.425028] nvdla_blob 000002f0: 00 00 00 00 00 00 03 00 00 c4 00 00 1c 00 1c 00
[   39.426782] nvdla_blob 00000300: 20 00 00 00 80 03 00 00 00 62 00 00 00 00 00 00
[   39.427243] nvdla_blob 00000310: 00 00 00 00 00 00 00 00 00 00 00 00 00 00 00 00
[   39.427667] nvdla_blob 00000320: 00 00 00 00 00 00 00 00 00 00 00 00 00 00 00 00
[   39.428087] nvdla_blob 00000330: 00 00 00 00 00 00 00 00 00 00 00 00 00 00 00 00
[   39.428651] nvdla_blob 00000340: 00 00 00 00 00 00 00 00 00 00 00 00 00 00 00 00
[   39.430113] nvdla_blob 00000350: 00 00 00 00 00 00 00 00 00 00 00 00 00 00 00 00
[   39.430550] nvdla_blob 00000360: 00 00 00 00 00 00 00 00 00 00 00 00 00 00 00 00
[   39.430971] nvdla_blob 00000370: 00 00 00 00 00 00 00 00 00 00 00 00 00 00 00 00
[   39.431391] nvdla_blob 00000380: 00 00 00 00 00 00 00 00 00 00 00 00 00 00 00 00
[   39.431819] nvdla_blob 00000390: 00 00 00 00 00 00 00 00 00 00 00 00 00 00 00 00
[   39.432248] nvdla_blob 000003a0: 00 00 00 00 00 00 00 00 00 00 00 00 00 00 00 00
[   39.432678] nvdla_blob 000003b0: 00 00 00 00 00 00 00 00 00 00 00 00 00 00 00 00
[   39.434162] nvdla_blob 000003c0: 00 00 00 00 00 00 00 00 00 00 00 00 00 00 00 00
[   39.434626] nvdla_blob 000003d0: 00 00 00 00 00 00 00 00 00 00 00 00 00 00 00 00
[   39.435045] nvdla_blob 000003e0: 00 00 00 00 00 00 00 00 00 00 00 00 00 00 00 00
[   39.435469] nvdla_blob 000003f0: 00 00 00 00 00 00 00 00 00 00 00 00 00 00 00 00
[   39.435896] nvdla_blob 00000400: 00 00 00 00 00 00 00 00 00 00 00 00 00 00 00 00
[   39.436316] nvdla_blob 00000410: 00 00 00 00 00 00 00 00 00 00 00 00 00 00 00 00
[   39.437896] nvdla_blob 00000420: 00 00 00 00 00 00 00 00 00 00 00 00 00 00 00 00
[   39.439122] nvdla_blob 00000430: 00 00 00 00 00 00 00 00 00 00 00 00 00 00 00 00
[   39.440680] nvdla_blob 00000440: 00 00 00 00 00 00 00 00 00 00 00 00 00 00 00 00
[   39.442453] nvdla_blob 00000450: 00 00 00 00 00 00 00 00 00 00 00 00 00 00 00 00
[   39.442947] nvdla_blob 00000460: 00 00 00 00 00 00 00 00 00 00 00 00 00 00 00 00
[   39.443432] nvdla_blob 00000470: 00 00 00 00 00 00 00 00 00 00 00 00 00 00 00 00
[   39.443940] nvdla_blob 00000480: 00 00 00 00 00 00 00 00 00 00 00 00 00 00 00 00
[   39.444378] nvdla_blob 00000490: 00 00 00 00 00 00 00 00 00 00 00 00 00 00 00 00
[   39.445950] nvdla_blob 000004a0: 00 00 00 00 00 00 00 00 00 00 00 00 00 00 00 00
[   39.446403] nvdla_blob 000004b0: 00 00 00 00 00 00 00 00 00 00 00 00 00 00 00 00
[   39.446828] nvdla_blob 000004c0: 00 00 00 00 00 00 00 00 00 00 00 00 00 00 00 00
[   39.447246] nvdla_blob 000004d0: 00 00 00 00 00 00 00 00 00 00 00 00 00 00 00 00
[   39.447664] nvdla_blob 000004e0: 00 00 00 00 00 00 00 00 00 00 00 00 00 00 00 00
[   39.448083] nvdla_blob 000004f0: 00 00 00 00 00 00 00 00 00 00 00 00 00 00 00 00
[   39.448507] nvdla_blob 00000500: 00 00 00 00 00 00 00 00 00 00 00 00 00 00 00 00
[   39.449948] nvdla_blob 00000510: 00 00 00 00 00 00 00 00 00 00 00 00 00 00 00 00
[   39.450399] nvdla_blob 00000520: 00 00 00 00 00 00 00 00 00 00 00 00 00 00 00 00
[   39.450828] nvdla_blob 00000530: 00 00 00 00 00 00 00 00 00 00 00 00 00 00 00 00
[   39.451249] nvdla_blob 00000540: 00 00 00 00 00 00 00 00 00 00 00 00 00 00 00 00
[   39.451678] nvdla_blob 00000550: 00 00 00 00 00 00 00 00 00 00 00 00 00 00 00 00
[   39.452093] nvdla_blob 00000560: 00 00 00 00 00 00 00 00 00 00 00 00 00 00 00 00
[   39.452520] nvdla_blob 00000570: 00 00 00 00 00 00 00 00 00 00 00 00 00 00 00 00
[   39.454256] nvdla_blob 00000580: 00 00 00 00 00 00 00 00 00 00 00 00 00 00 00 00
[   39.454812] nvdla_blob 00000590: 00 00 00 00 00 00 00 00 00 00 00 00 00 00 00 00
[   39.455970] nvdla_blob 000005a0: 00 00 00 00 00 00 00 00 00 00 00 00 00 00 00 00
[   39.456522] nvdla_blob 000005b0: 00 00 00 00 00 00 00 00 00 00 00 00 00 00 00 00
[   39.458279] nvdla_blob 000005c0: 00 00 00 00 00 00 00 00 00 00 00 00 00 00 00 00
[   39.458685] nvdla_blob 000005d0: 00 00 00 00 00 00 00 00 00 00 00 00 00 00 00 00
[   39.459102] nvdla_blob 000005e0: 00 00 00 00 00 00 00 00 00 00 00 00 00 00 00 00
[   39.459479] nvdla_blob 000005f0: 00 00 00 00 00 00 00 00 00 00 00 00 00 00 00 00
[   39.459872] nvdla_blob 00000600: 00 00 00 00 00 00 00 00 00 00 00 00 00 00 00 00
[   39.460254] nvdla_blob 00000610: 00 00 00 00 00 00 00 00 00 00 00 00 00 00 00 00
[   39.460668] nvdla_blob 00000620: 00 00 00 00 00 00 00 00 00 00 00 00 00 00 00 00
[   39.462239] nvdla_blob 00000630: 00 00 00 00 00 00 00 00 00 00 00 00 00 00 00 00
[   39.462723] nvdla_blob 00000640: 00 00 00 00 00 00 00 00 00 00 00 00 00 00 00 00
[   39.463193] nvdla_blob 00000650: 00 00 00 00 00 00 00 00 00 00 00 00 00 00 00 00
[   39.463589] nvdla_blob 00000660: 00 00 00 00 00 00 00 00 00 00 00 00 00 00 00 00
[   39.463974] nvdla_blob 00000670: 00 00 00 00 00 00 00 00 00 00 00 00 00 00 00 00
[   39.464359] nvdla_blob 00000680: 00 00 00 00 00 00 00 00 00 00 00 00 00 00 00 00
[   39.465670] nvdla_blob 00000690: 00 00 00 00 00 00 00 00 00 00 00 00 00 00 00 00
[   39.466089] nvdla_blob 000006a0: 00 00 00 00 00 00 00 00 00 00 00 00 00 00 00 00
[   39.466476] nvdla_blob 000006b0: 00 00 00 00 00 00 00 00 00 00 00 00 00 00 00 00
[   39.466864] nvdla_blob 000006c0: 00 00 00 00 00 00 00 00 00 00 00 00 00 00 00 00
[   39.467243] nvdla_blob 000006d0: 00 00 00 00 00 00 00 00 00 00 00 00 00 00 00 00
[   39.467649] nvdla_blob 000006e0: 00 00 00 00 00 00 00 00 00 00 00 00 00 00 00 00
[   39.468032] nvdla_blob 000006f0: 00 00 00 00 00 00 00 00 00 00 00 00 00 00 00 00
[   39.468415] nvdla_blob 00000700: 00 00 00 00 00 00 00 00 00 00 00 00 00 00 00 00
[   39.469875] nvdla_blob 00000710: 00 00 00 00 00 00 00 00 00 00 00 00 00 00 00 00
[   39.470306] nvdla_blob 00000720: 00 00 00 00 00 00 00 00 00 00 00 00 00 00 00 00
[   39.470728] nvdla_blob 00000730: 00 00 00 00 00 00 00 00 00 00 00 00 00 00 00 00
[   39.471125] nvdla_blob 00000740: 00 00 00 00 00 00 00 00 00 00 00 00 00 00 00 00
[   39.472037] nvdla_blob 00000750: 00 00 00 00 00 00 00 00 00 00 00 00 00 00 00 00
[   39.472510] nvdla_blob 00000760: 00 00 00 00 00 00 00 00 00 00 00 00 00 00 00 00
[   39.474122] nvdla_blob 00000770: 00 00 00 00 00 00 00 00 00 00 00 00 00 00 00 00
[   39.474522] nvdla_blob 00000780: 00 00 00 00 00 00 00 00 00 00 00 00 00 00 00 00
[   39.474900] nvdla_blob 00000790: 00 00 00 00 00 00 00 00 00 00 00 00 00 00 00 00
[   39.475281] nvdla_blob 000007a0: 00 00 00 00 00 00 00 00 00 00 00 00 00 00 00 00
[   39.475662] nvdla_blob 000007b0: 00 00 00 00 00 00 00 00 00 00 00 00 00 00 00 00
[   39.476061] nvdla_blob 000007c0: 00 00 00 00 00 00 00 00 00 00 00 00 00 00 00 00
[   39.476458] nvdla_blob 000007d0: 00 00 00 00 00 00 00 00 00 00 00 00 00 00 00 00
[   39.478327] nvdla_blob 000007e0: 00 00 00 00 00 00 00 00 00 00 00 00 00 00 00 00
[   39.478792] nvdla_blob 000007f0: 00 00 00 00 00 00 00 00 00 00 00 00 00 00 00 00
[   39.479170] nvdla_blob 00000800: 00 00 00 00 00 00 00 00 00 00 00 00 00 00 00 00
[   39.479564] nvdla_blob 00000810: 00 00 00 00 00 00 00 00 00 00 00 00 00 00 00 00
[   39.479939] nvdla_blob 00000820: 00 00 00 00 00 00 00 00 00 00 00 00 00 00 00 00
[   39.480316] nvdla_blob 00000830: 00 00 00 00 00 00 00 00 00 00 00 00 00 00 00 00
[   39.481864] nvdla_blob 00000840: 00 00 00 00 00 00 00 00 00 00 00 00 00 00 00 00
[   39.482306] nvdla_blob 00000850: 00 00 00 00 00 00 00 00 00 00 00 00 00 00 00 00
[   39.482701] nvdla_blob 00000860: 00 00 00 00 00 00 00 00 00 00 00 00 00 00 00 00
[   39.483081] nvdla_blob 00000870: 00 00 00 00 00 00 00 00 00 00 00 00 00 00 00 00
[   39.483459] nvdla_blob 00000880: 00 00 00 00 00 00 00 00 00 00 00 00 00 00 00 00
[   39.483884] nvdla_blob 00000890: 00 00 00 00 00 00 00 00 00 00 00 00 00 00 00 00
[   39.484262] nvdla_blob 000008a0: 00 00 00 00 00 00 00 00 00 00 00 00 00 00 00 00
[   39.484677] nvdla_blob 000008b0: 00 00 00 00 00 00 00 00 00 00 00 00 00 00 00 00
[   39.486271] nvdla_blob 000008c0: 00 00 00 00 00 00 00 00 00 00 00 00 00 00 00 00
[   39.486760] nvdla_blob 000008d0: 00 00 00 00 00 00 00 00 00 00 00 00 00 00 00 00
[   39.487301] nvdla_blob 000008e0: 00 00 00 00 00 00 00 00 00 00 00 00 00 00 00 00
[   39.487717] nvdla_blob 000008f0: 00 00 00 00 00 00 00 00 00 00 00 00 00 00 00 00
[   39.488105] nvdla_blob 00000900: 00 00 00 00 00 00 00 00 00 00 00 00 00 00 00 00
[   39.488498] nvdla_blob 00000910: 00 00 00 00 00 00 00 00 00 00 00 00 00 00 00 00
[   39.490015] nvdla_blob 00000920: 00 00 00 00 00 00 00 00 00 00 00 00 00 00 00 00
[   39.490442] nvdla_blob 00000930: 00 00 00 00 00 00 00 00 00 00 00 00 00 00 00 00
[   39.490833] nvdla_blob 00000940: 00 00 00 00 00 00 00 00 00 00 00 00 00 00 00 00
[   39.491217] nvdla_blob 00000950: 00 00 00 00 00 00 00 00 00 00 00 00 00 00 00 00
[   39.491611] nvdla_blob 00000960: 00 00 00 00 00 00 00 00 00 00 00 00 00 00 00 00
[   39.491996] nvdla_blob 00000970: 00 00 00 00 00 00 00 00 00 00 00 00 00 00 00 00
[   39.492390] nvdla_blob 00000980: 00 00 00 00 00 00 00 00 00 00 00 00 00 00 00 00
[   39.493880] nvdla_blob 00000990: 00 00 00 00 00 00 00 00 00 00 00 00 00 00 00 00
[   39.494307] nvdla_blob 000009a0: 00 00 00 00 00 00 00 00 00 00 00 00 00 00 00 00
[   39.494706] nvdla_blob 000009b0: 00 00 00 00 00 00 00 00 00 00 00 00 00 00 00 00
[   39.495091] nvdla_blob 000009c0: 00 00 00 00 00 00 00 00 00 00 00 00 00 00 00 00
[   39.495474] nvdla_blob 000009d0: 00 00 00 00 00 00 00 00 00 00 00 00 00 00 00 00
[   39.495869] nvdla_blob 000009e0: 00 00 00 00 00 00 00 00 00 00 00 00 00 00 00 00
[   39.496250] nvdla_blob 000009f0: 00 00 00 00 00 00 00 00 00 00 00 00 00 00 00 00
[   39.497839] nvdla_blob 00000a00: 00 00 00 00 00 00 00 00 00 00 00 00 00 00 00 00
[   39.498271] nvdla_blob 00000a10: 00 00 00 00 00 00 00 00 00 00 00 00 00 00 00 00
[   39.498675] nvdla_blob 00000a20: 00 00 00 00 00 00 00 00 00 00 00 00 00 00 00 00
[   39.499065] nvdla_blob 00000a30: 00 00 00 00 00 00 00 00 00 00 00 00 00 00 00 00
[   39.499452] nvdla_blob 00000a40: 00 00 00 00 00 00 00 00 00 00 00 00 00 00 00 00
[   39.499841] nvdla_blob 00000a50: 00 00 00 00 00 00 00 00 00 00 00 00 00 00 00 00
[   39.500220] nvdla_blob 00000a60: 00 00 00 00 00 00 00 00 00 00 00 00 00 00 00 00
[   39.500635] nvdla_blob 00000a70: 00 00 00 00 00 00 00 00 00 00 00 00 00 00 00 00
[   39.502154] nvdla_blob 00000a80: 00 00 00 00 00 00 00 00 00 00 00 00 00 00 00 00
[   39.502549] nvdla_blob 00000a90: 00 00 00 00 00 00 00 00 00 00 00 00 00 00 00 00
[   39.502928] nvdla_blob 00000aa0: 00 00 00 00 00 00 00 00 00 00 00 00 00 00 00 00
[   39.503312] nvdla_blob 00000ab0: 00 00 00 00 00 00 00 00 00 00 00 00 00 00 00 00
[   39.503701] nvdla_blob 00000ac0: 00 00 00 00 00 00 00 00 00 00 00 00 00 00 00 00
[   39.504078] nvdla_blob 00000ad0: 00 00 00 00 00 00 00 00 00 00 00 00 00 00 00 00
[   39.504471] nvdla_blob 00000ae0: 00 00 00 00 00 00 00 00 00 00 00 00 00 00 00 00
[   39.506025] nvdla_blob 00000af0: 00 00 00 00 00 00 00 00 00 00 00 00 00 00 00 00
[   39.506415] nvdla_blob 00000b00: 00 00 00 00 00 00 00 00 00 00 00 00 00 00 00 00
[   39.506803] nvdla_blob 00000b10: 00 00 00 00 00 00 00 00 00 00 00 00 00 00 00 00
[   39.507180] nvdla_blob 00000b20: 00 00 00 00 00 00 00 00 00 00 00 00 00 00 00 00
[   39.507573] nvdla_blob 00000b30: 00 00 00 00 00 00 00 00 00 00 00 00 00 00 00 00
[   39.507951] nvdla_blob 00000b40: 00 00 00 00 00 00 00 00 00 00 00 00 00 00 00 00
[   39.508331] nvdla_blob 00000b50: 00 00 00 00 00 00 00 00 00 00 00 00 00 00 00 00
[   39.509891] nvdla_blob 00000b60: 00 00 00 00 00 00 00 00 00 00 00 00 00 00 00 00
[   39.510317] nvdla_blob 00000b70: 00 00 00 00 00 00 00 00 00 00 00 00 00 00 00 00
[   39.510771] nvdla_blob 00000b80: 00 00 00 00 00 00 00 00 00 00 00 00 00 00 00 00
[   39.511154] nvdla_blob 00000b90: 00 00 00 00 00 00 00 00 00 00 00 00 00 00 00 00
[   39.511618] nvdla_blob 00000ba0: 00 00 00 00 00 00 00 00 00 00 00 00 00 00 00 00
[   39.512193] nvdla_blob 00000bb0: 00 00 00 00 00 00 00 00 00 00 00 00 00 00 00 00
[   39.512641] nvdla_blob 00000bc0: 00 00 00 00 00 00 00 00 00 00 00 00 00 00 00 00
[   39.514251] nvdla_blob 00000bd0: 00 00 00 00 00 00 00 00 00 00 00 00 00 00 00 00
[   39.514656] nvdla_blob 00000be0: 00 00 00 00 00 00 00 00 00 00 00 00 00 00 00 00
[   39.515040] nvdla_blob 00000bf0: 00 00 00 00 00 00 00 00 00 00 00 00 00 00 00 00
[   39.515424] nvdla_blob 00000c00: 00 00 00 00 00 00 00 00 00 00 00 00 00 00 00 00
[   39.515813] nvdla_blob 00000c10: 00 00 00 00 00 00 00 00 00 00 00 00 00 00 00 00
[   39.516189] nvdla_blob 00000c20: 00 00 00 00 00 00 00 00 00 00 00 00 00 00 00 00
[   39.516592] nvdla_blob 00000c30: 00 00 00 00 00 00 00 00 00 00 00 00 00 00 00 00
[   39.518197] nvdla_blob 00000c40: 00 00 00 00 00 00 00 00 00 00 00 00 00 00 00 00
[   39.518592] nvdla_blob 00000c50: 00 00 00 00 00 00 00 00 00 00 00 00 00 00 00 00
[   39.518970] nvdla_blob 00000c60: 00 00 00 00 00 00 00 00 00 00 00 00 00 00 00 00
[   39.519350] nvdla_blob 00000c70: 00 00 00 00 00 00 00 00 00 00 00 00 00 00 00 00
[   39.519753] nvdla_blob 00000c80: 00 00 00 00 00 00 00 00 00 00 00 00 00 00 00 00
[   39.520132] nvdla_blob 00000c90: 00 00 00 00 00 00 00 00 00 00 00 00 00 00 00 00
[   39.520521] nvdla_blob 00000ca0: 00 00 00 00 00 00 00 00 00 00 00 00 00 00 00 00
[   39.522034] nvdla_blob 00000cb0: 00 00 00 00 00 00 00 00 00 00 00 00 00 00 00 00
[   39.522458] nvdla_blob 00000cc0: 00 00 00 00 00 00 00 00 00 00 00 00 00 00 00 00
[   39.522856] nvdla_blob 00000cd0: 00 00 00 00 00 00 00 00 00 00 00 00 00 00 00 00
[   39.523241] nvdla_blob 00000ce0: 00 00 00 00 00 00 00 00 00 00 00 00 00 00 00 00
[   39.523631] nvdla_blob 00000cf0: 00 00 00 00 00 00 00 00 00 00 00 00 00 00 00 00
[   39.524011] nvdla_blob 00000d00: 00 00 00 00 00 00 00 00 00 00 00 00 00 00 00 00
[   39.524390] nvdla_blob 00000d10: 00 00 00 00 00 00 00 00 00 00 00 00 00 00 00 00
[   39.525895] nvdla_blob 00000d20: 00 00 00 00 00 00 00 00 00 00 00 00 00 00 00 00
[   39.526323] nvdla_blob 00000d30: 00 00 00 00 00 00 00 00 00 00 00 00 00 00 00 00
[   39.526716] nvdla_blob 00000d40: 00 00 00 00 00 00 00 00 00 00 00 00 00 00 00 00
[   39.527102] nvdla_blob 00000d50: 00 00 00 00 00 00 00 00 00 00 00 00 00 00 00 00
[   39.527521] nvdla_blob 00000d60: 00 00 00 00 00 00 00 00 00 00 00 00 00 00 00 00
[   39.527898] nvdla_blob 00000d70: 00 00 00 00 00 00 00 00 00 00 00 00 00 00 00 00
[   39.528329] nvdla_blob 00000d80: 00 00 00 00 00 00 00 00 00 00 00 00 00 00 00 00
[   39.529928] nvdla_blob 00000d90: 00 00 00 00 00 00 00 00 00 00 00 00 00 00 00 00
[   39.530352] nvdla_blob 00000da0: 00 00 00 00 00 00 00 00 00 00 00 00 00 00 00 00
[   39.530754] nvdla_blob 00000db0: 00 00 00 00 00 00 00 00 00 00 00 00 00 00 00 00
[   39.531130] nvdla_blob 00000dc0: 00 00 00 00 00 00 00 00 00 00 00 00 00 00 00 00
[   39.531519] nvdla_blob 00000dd0: 00 00 00 00 00 00 00 00 00 00 00 00 00 00 00 00
[   39.531909] nvdla_blob 00000de0: 00 00 00 00 00 00 00 00 00 00 00 00 00 00 00 00
[   39.532289] nvdla_blob 00000df0: 00 00 00 00 00 00 00 00 00 00 00 00 00 00 00 00
[   39.532688] nvdla_blob 00000e00: 00 00 00 00 00 00 00 00 00 00 00 00 00 00 00 00
[   39.534340] nvdla_blob 00000e10: 00 00 00 00 00 00 00 00 00 00 00 00 00 00 00 00
[   39.534741] nvdla_blob 00000e20: 00 00 00 00 00 00 00 00 00 00 00 00 00 00 00 00
[   39.535121] nvdla_blob 00000e30: 00 00 00 00 00 00 00 00 00 00 00 00 00 00 00 00
[   39.535508] nvdla_blob 00000e40: 00 00 00 00 00 00 00 00 00 00 00 00 00 00 00 00
[   39.535900] nvdla_blob 00000e50: 00 00 00 00 00 00 00 00 00 00 00 00 00 00 00 00
[   39.536282] nvdla_blob 00000e60: 00 00 00 00 00 00 00 00 00 00 00 00 00 00 00 00
[   39.536691] nvdla_blob 00000e70: 00 00 00 00 00 00 00 00 00 00 00 00 00 00 00 00
[   39.538218] nvdla_blob 00000e80: 00 00 00 00 00 00 00 00 00 00 00 00 00 00 00 00
[   39.538646] nvdla_blob 00000e90: 00 00 00 00 00 00 00 00 00 00 00 00 00 00 00 00
[   39.539040] nvdla_blob 00000ea0: 00 00 00 00 00 00 00 00 00 00 00 00 00 00 00 00
[   39.539420] nvdla_blob 00000eb0: 00 00 00 00 00 00 00 00 00 00 00 00 00 00 00 00
[   39.539811] nvdla_blob 00000ec0: 00 00 00 00 00 00 00 00 00 00 00 00 00 00 00 00
[   39.540190] nvdla_blob 00000ed0: 00 00 00 00 00 00 00 00 00 00 00 00 00 00 00 00
[   39.540593] nvdla_blob 00000ee0: 00 00 00 00 00 00 00 00 00 00 00 00 00 00 00 00
[   39.542178] nvdla_blob 00000ef0: 00 00 00 00 00 00 00 00 00 00 00 00 00 00 00 00
[   39.542572] nvdla_blob 00000f00: 00 00 00 00 00 00 00 00 00 00 00 00 00 00 00 00
[   39.542952] nvdla_blob 00000f10: 00 00 00 00 00 00 00 00 00 00 00 00 00 00 00 00
[   39.543330] nvdla_blob 00000f20: 00 00 00 00 00 00 00 00 00 00 00 00 00 00 00 00
[   39.543717] nvdla_blob 00000f30: 00 00 00 00 00 00 00 00 00 00 00 00 00 00 00 00
[   39.544105] nvdla_blob 00000f40: 00 00 00 00 00 00 00 00 00 00 00 00 00 00 00 00
[   39.544484] nvdla_blob 00000f50: 00 00 00 00 00 00 00 00 00 00 00 00 00 00 00 00
[   39.545995] nvdla_blob 00000f60: 00 00 00 00 00 00 00 00 00 00 00 00 00 00 00 00
[   39.546415] nvdla_blob 00000f70: 00 00 00 00 00 00 00 00 00 00 00 00 00 00 00 00
[   39.546811] nvdla_blob 00000f80: 00 00 00 00 00 00 00 00 00 00 00 00 00 00 00 00
[   39.547188] nvdla_blob 00000f90: 00 00 00 00 00 00 00 00 00 00 00 00 00 00 00 00
[   39.547569] nvdla_blob 00000fa0: 00 00 00 00 00 00 00 00 00 00 00 00 00 00 00 00
[   39.547949] nvdla_blob 00000fb0: 00 00 00 00 00 00 00 00 00 00 00 00 00 00 00 00
[   39.548321] nvdla_blob 00000fc0: 00 00 00 00 00 00 00 00 00 00 00 00 00 00 00 00
[   39.549756] nvdla_blob 00000fd0: 00 00 00 00 00 00 00 00 00 00 00 00 00 00 00 00
[   39.550172] nvdla_blob 00000fe0: 00 00 00 00 00 00 00 00 00 00 00 00 00 00 00 00
[   39.550563] nvdla_blob 00000ff0: 00 00 00 00 00 00 00 00 00 00 00 00 00 00 00 00
[   39.550737] nvdla_blob[8] prime_fd=10 handle=7 size=4096 dma=0xc0009000 full_4096_bytes:
[   39.551126] nvdla_blob 00000000: 00 00 00 00 00 00 00 00 00 00 00 00 00 00 00 00
[   39.551504] nvdla_blob 00000010: 00 00 00 00 00 00 00 00 00 00 00 00 00 00 00 00
[   39.551881] nvdla_blob 00000020: 00 00 00 00 00 00 00 00 00 00 00 00 00 00 00 00
[   39.552254] nvdla_blob 00000030: 00 00 00 00 00 00 00 00 00 00 00 00 00 00 00 00
[   39.552654] nvdla_blob 00000040: 00 00 00 00 00 00 00 00 00 00 00 00 00 00 00 00
[   39.554325] nvdla_blob 00000050: 00 00 00 00 00 00 00 00 00 00 00 00 00 00 00 00
[   39.554721] nvdla_blob 00000060: 00 00 00 00 00 00 00 00 00 00 00 00 00 00 00 00
[   39.555095] nvdla_blob 00000070: 00 00 00 00 00 00 00 00 00 00 00 00 00 00 00 00
[   39.555469] nvdla_blob 00000080: 00 00 00 00 00 00 00 00 00 00 00 00 00 00 00 00
[   39.555863] nvdla_blob 00000090: 00 00 00 00 00 00 00 00 00 00 00 00 00 00 00 00
[   39.556241] nvdla_blob 000000a0: 00 00 00 00 00 00 00 00 00 00 00 00 00 00 00 00
[   39.556648] nvdla_blob 000000b0: 00 00 00 00 00 00 00 00 00 00 00 00 00 00 00 00
[   39.558178] nvdla_blob 000000c0: 00 00 00 00 00 00 00 00 00 00 00 00 00 00 00 00
[   39.558579] nvdla_blob 000000d0: 00 00 00 00 00 00 00 00 00 00 00 00 00 00 00 00
[   39.558952] nvdla_blob 000000e0: 00 00 00 00 00 00 00 00 00 00 00 00 00 00 00 00
[   39.559328] nvdla_blob 000000f0: 00 00 00 00 00 00 00 00 00 00 00 00 00 00 00 00
[   39.559720] nvdla_blob 00000100: 00 00 00 00 00 00 00 00 00 00 00 00 00 00 00 00
[   39.560096] nvdla_blob 00000110: 00 00 00 00 00 00 00 00 00 00 00 00 00 00 00 00
[   39.560467] nvdla_blob 00000120: 00 00 00 00 00 00 00 00 00 00 00 00 00 00 00 00
[   39.562006] nvdla_blob 00000130: 00 00 00 00 00 00 00 00 00 00 00 00 00 00 00 00
[   39.562420] nvdla_blob 00000140: 00 00 00 00 00 00 00 00 00 00 00 00 00 00 00 00
[   39.562805] nvdla_blob 00000150: 00 00 00 00 00 00 00 00 00 00 00 00 00 00 00 00
[   39.563180] nvdla_blob 00000160: 00 00 00 00 00 00 00 00 00 00 00 00 00 00 00 00
[   39.563562] nvdla_blob 00000170: 00 00 00 00 00 00 00 00 00 00 00 00 00 00 00 00
[   39.563939] nvdla_blob 00000180: 00 00 00 00 00 00 00 00 00 00 00 00 00 00 00 00
[   39.564319] nvdla_blob 00000190: 00 00 00 00 00 00 00 00 00 00 00 00 00 00 00 00
[   39.565831] nvdla_blob 000001a0: 00 00 00 00 00 00 00 00 00 00 00 00 00 00 00 00
[   39.566411] nvdla_blob 000001b0: 00 00 00 00 00 00 00 00 00 00 00 00 00 00 00 00
[   39.566818] nvdla_blob 000001c0: 00 00 00 00 00 00 00 00 00 00 00 00 00 00 00 00
[   39.567197] nvdla_blob 000001d0: 00 00 00 00 00 00 00 00 00 00 00 00 00 00 00 00
[   39.567600] nvdla_blob 000001e0: 00 00 00 00 00 00 00 00 00 00 00 00 00 00 00 00
[   39.567992] nvdla_blob 000001f0: 00 00 00 00 00 00 00 00 00 00 00 00 00 00 00 00
[   39.568373] nvdla_blob 00000200: 00 00 00 00 00 00 00 00 00 00 00 00 00 00 00 00
[   39.570113] nvdla_blob 00000210: 00 00 00 00 00 00 00 00 00 00 00 00 00 00 00 00
[   39.570551] nvdla_blob 00000220: 00 00 00 00 00 00 00 00 00 00 00 00 00 00 00 00
[   39.570937] nvdla_blob 00000230: 00 00 00 00 00 00 00 00 00 00 00 00 00 00 00 00
[   39.571326] nvdla_blob 00000240: 00 00 00 00 00 00 00 00 00 00 00 00 00 00 00 00
[   39.571718] nvdla_blob 00000250: 00 00 00 00 00 00 00 00 00 00 00 00 00 00 00 00
[   39.572093] nvdla_blob 00000260: 00 00 00 00 00 00 00 00 00 00 00 00 00 00 00 00
[   39.572503] nvdla_blob 00000270: 00 00 00 00 00 00 00 00 00 00 00 00 00 00 00 00
[   39.573987] nvdla_blob 00000280: 00 00 00 00 00 00 00 00 00 00 00 00 00 00 00 00
[   39.574367] nvdla_blob 00000290: 00 00 00 00 00 00 00 00 00 00 00 00 00 00 00 00
[   39.574762] nvdla_blob 000002a0: 00 00 00 00 00 00 00 00 00 00 00 00 00 00 00 00
[   39.575318] nvdla_blob 000002b0: 00 00 00 00 00 00 00 00 00 00 00 00 00 00 00 00
[   39.575702] nvdla_blob 000002c0: 00 00 00 00 00 00 00 00 00 00 00 00 00 00 00 00
[   39.576082] nvdla_blob 000002d0: 00 00 00 00 00 00 00 00 00 00 00 00 00 00 00 00
[   39.576473] nvdla_blob 000002e0: 00 00 00 00 00 00 00 00 00 00 00 00 00 00 00 00
[   39.577956] nvdla_blob 000002f0: 00 00 00 00 00 00 00 00 00 00 00 00 00 00 00 00
[   39.578365] nvdla_blob 00000300: 00 00 00 00 00 00 00 00 00 00 00 00 00 00 00 00
[   39.578758] nvdla_blob 00000310: 00 00 00 00 00 00 00 00 00 00 00 00 00 00 00 00
[   39.579139] nvdla_blob 00000320: 00 00 00 00 00 00 00 00 00 00 00 00 00 00 00 00
[   39.579530] nvdla_blob 00000330: 00 00 00 00 00 00 00 00 00 00 00 00 00 00 00 00
[   39.579910] nvdla_blob 00000340: 00 00 00 00 00 00 00 00 00 00 00 00 00 00 00 00
[   39.580284] nvdla_blob 00000350: 00 00 00 00 00 00 00 00 00 00 00 00 00 00 00 00
[   39.580686] nvdla_blob 00000360: 00 00 00 00 00 00 00 00 00 00 00 00 00 00 00 00
[   39.582332] nvdla_blob 00000370: 00 00 00 00 00 00 00 00 00 00 00 00 00 00 00 00
[   39.582723] nvdla_blob 00000380: 00 00 00 00 00 00 00 00 00 00 00 00 00 00 00 00
[   39.583101] nvdla_blob 00000390: 00 00 00 00 00 00 00 00 00 00 00 00 00 00 00 00
[   39.583480] nvdla_blob 000003a0: 00 00 00 00 00 00 00 00 00 00 00 00 00 00 00 00
[   39.583867] nvdla_blob 000003b0: 00 00 00 00 00 00 00 00 00 00 00 00 00 00 00 00
[   39.584242] nvdla_blob 000003c0: 00 00 00 00 00 00 00 00 00 00 00 00 00 00 00 00
[   39.584642] nvdla_blob 000003d0: 00 00 00 00 00 00 00 00 00 00 00 00 00 00 00 00
[   39.586235] nvdla_blob 000003e0: 00 00 00 00 00 00 00 00 00 00 00 00 00 00 00 00
[   39.586627] nvdla_blob 000003f0: 00 00 00 00 00 00 00 00 00 00 00 00 00 00 00 00
[   39.587005] nvdla_blob 00000400: 00 00 00 00 00 00 00 00 00 00 00 00 00 00 00 00
[   39.587388] nvdla_blob 00000410: 00 00 00 00 00 00 00 00 00 00 00 00 00 00 00 00
[   39.587793] nvdla_blob 00000420: 00 00 00 00 00 00 00 00 00 00 00 00 00 00 00 00
[   39.588172] nvdla_blob 00000430: 00 00 00 00 00 00 00 00 00 00 00 00 00 00 00 00
[   39.588576] nvdla_blob 00000440: 00 00 00 00 00 00 00 00 00 00 00 00 00 00 00 00
[   39.590115] nvdla_blob 00000450: 00 00 00 00 00 00 00 00 00 00 00 00 00 00 00 00
[   39.590508] nvdla_blob 00000460: 00 00 00 00 00 00 00 00 00 00 00 00 00 00 00 00
[   39.590890] nvdla_blob 00000470: 00 00 00 00 00 00 00 00 00 00 00 00 00 00 00 00
[   39.591267] nvdla_blob 00000480: 00 00 00 00 00 00 00 00 00 00 00 00 00 00 00 00
[   39.591649] nvdla_blob 00000490: 00 00 00 00 00 00 00 00 00 00 00 00 00 00 00 00
[   39.592048] nvdla_blob 000004a0: 00 00 00 00 00 00 00 00 00 00 00 00 00 00 00 00
[   39.592430] nvdla_blob 000004b0: 00 00 00 00 00 00 00 00 00 00 00 00 00 00 00 00
[   39.594063] nvdla_blob 000004c0: 00 00 00 00 00 00 00 00 00 00 00 00 00 00 00 00
[   39.594559] nvdla_blob 000004d0: 00 00 00 00 00 00 00 00 00 00 00 00 00 00 00 00
[   39.595040] nvdla_blob 000004e0: 00 00 00 00 00 00 00 00 00 00 00 00 00 00 00 00
[   39.595516] nvdla_blob 000004f0: 00 00 00 00 00 00 00 00 00 00 00 00 00 00 00 00
[   39.595906] nvdla_blob 00000500: 00 00 00 00 00 00 00 00 00 00 00 00 00 00 00 00
[   39.596305] nvdla_blob 00000510: 00 00 00 00 00 00 00 00 00 00 00 00 00 00 00 00
[   39.598004] nvdla_blob 00000520: 00 00 00 00 00 00 00 00 00 00 00 00 00 00 00 00
[   39.598445] nvdla_blob 00000530: 00 00 00 00 00 00 00 00 00 00 00 00 00 00 00 00
[   39.598853] nvdla_blob 00000540: 00 00 00 00 00 00 00 00 00 00 00 00 00 00 00 00
[   39.599237] nvdla_blob 00000550: 00 00 00 00 00 00 00 00 00 00 00 00 00 00 00 00
[   39.599640] nvdla_blob 00000560: 00 00 00 00 00 00 00 00 00 00 00 00 00 00 00 00
[   39.600023] nvdla_blob 00000570: 00 00 00 00 00 00 00 00 00 00 00 00 00 00 00 00
[   39.600410] nvdla_blob 00000580: 00 00 00 00 00 00 00 00 00 00 00 00 00 00 00 00
[   39.601845] nvdla_blob 00000590: 00 00 00 00 00 00 00 00 00 00 00 00 00 00 00 00
[   39.602265] nvdla_blob 000005a0: 00 00 00 00 00 00 00 00 00 00 00 00 00 00 00 00
[   39.602662] nvdla_blob 000005b0: 00 00 00 00 00 00 00 00 00 00 00 00 00 00 00 00
[   39.603048] nvdla_blob 000005c0: 00 00 00 00 00 00 00 00 00 00 00 00 00 00 00 00
[   39.603578] nvdla_blob 000005d0: 00 00 00 00 00 00 00 00 00 00 00 00 00 00 00 00
[   39.603971] nvdla_blob 000005e0: 00 00 00 00 00 00 00 00 00 00 00 00 00 00 00 00
[   39.604346] nvdla_blob 000005f0: 00 00 00 00 00 00 00 00 00 00 00 00 00 00 00 00
[   39.606145] nvdla_blob 00000600: 00 00 00 00 00 00 00 00 00 00 00 00 00 00 00 00
[   39.606616] nvdla_blob 00000610: 00 00 00 00 00 00 00 00 00 00 00 00 00 00 00 00
[   39.606994] nvdla_blob 00000620: 00 00 00 00 00 00 00 00 00 00 00 00 00 00 00 00
[   39.607411] nvdla_blob 00000630: 00 00 00 00 00 00 00 00 00 00 00 00 00 00 00 00
[   39.607873] nvdla_blob 00000640: 00 00 00 00 00 00 00 00 00 00 00 00 00 00 00 00
[   39.608331] nvdla_blob 00000650: 00 00 00 00 00 00 00 00 00 00 00 00 00 00 00 00
[   39.610031] nvdla_blob 00000660: 00 00 00 00 00 00 00 00 00 00 00 00 00 00 00 00
[   39.610469] nvdla_blob 00000670: 00 00 00 00 00 00 00 00 00 00 00 00 00 00 00 00
[   39.610874] nvdla_blob 00000680: 00 00 00 00 00 00 00 00 00 00 00 00 00 00 00 00
[   39.611252] nvdla_blob 00000690: 00 00 00 00 00 00 00 00 00 00 00 00 00 00 00 00
[   39.611648] nvdla_blob 000006a0: 00 00 00 00 00 00 00 00 00 00 00 00 00 00 00 00
[   39.612022] nvdla_blob 000006b0: 00 00 00 00 00 00 00 00 00 00 00 00 00 00 00 00
[   39.612414] nvdla_blob 000006c0: 00 00 00 00 00 00 00 00 00 00 00 00 00 00 00 00
[   39.614273] nvdla_blob 000006d0: 00 00 00 00 00 00 00 00 00 00 00 00 00 00 00 00
[   39.614722] nvdla_blob 000006e0: 00 00 00 00 00 00 00 00 00 00 00 00 00 00 00 00
[   39.615099] nvdla_blob 000006f0: 00 00 00 00 00 00 00 00 00 00 00 00 00 00 00 00
[   39.615473] nvdla_blob 00000700: 00 00 00 00 00 00 00 00 00 00 00 00 00 00 00 00
[   39.615901] nvdla_blob 00000710: 00 00 00 00 00 00 00 00 00 00 00 00 00 00 00 00
[   39.616276] nvdla_blob 00000720: 00 00 00 00 00 00 00 00 00 00 00 00 00 00 00 00
[   39.616688] nvdla_blob 00000730: 00 00 00 00 00 00 00 00 00 00 00 00 00 00 00 00
[   39.618210] nvdla_blob 00000740: 00 00 00 00 00 00 00 00 00 00 00 00 00 00 00 00
[   39.618595] nvdla_blob 00000750: 00 00 00 00 00 00 00 00 00 00 00 00 00 00 00 00
[   39.618975] nvdla_blob 00000760: 00 00 00 00 00 00 00 00 00 00 00 00 00 00 00 00
[   39.619432] nvdla_blob 00000770: 00 00 00 00 00 00 00 00 00 00 00 00 00 00 00 00
[   39.619825] nvdla_blob 00000780: 00 00 00 00 00 00 00 00 00 00 00 00 00 00 00 00
[   39.620200] nvdla_blob 00000790: 00 00 00 00 00 00 00 00 00 00 00 00 00 00 00 00
[   39.620603] nvdla_blob 000007a0: 00 00 00 00 00 00 00 00 00 00 00 00 00 00 00 00
[   39.622081] nvdla_blob 000007b0: 00 00 00 00 00 00 00 00 00 00 00 00 00 00 00 00
[   39.622499] nvdla_blob 000007c0: 00 00 00 00 00 00 00 00 00 00 00 00 00 00 00 00
[   39.622890] nvdla_blob 000007d0: 00 00 00 00 00 00 00 00 00 00 00 00 00 00 00 00
[   39.623269] nvdla_blob 000007e0: 00 00 00 00 00 00 00 00 00 00 00 00 00 00 00 00
[   39.623657] nvdla_blob 000007f0: 00 00 00 00 00 00 00 00 00 00 00 00 00 00 00 00
[   39.624036] nvdla_blob 00000800: 00 00 00 00 00 00 00 00 00 00 00 00 00 00 00 00
[   39.624413] nvdla_blob 00000810: 00 00 00 00 00 00 00 00 00 00 00 00 00 00 00 00
[   39.626157] nvdla_blob 00000820: 00 00 00 00 00 00 00 00 00 00 00 00 00 00 00 00
[   39.626616] nvdla_blob 00000830: 00 00 00 00 00 00 00 00 00 00 00 00 00 00 00 00
[   39.626997] nvdla_blob 00000840: 00 00 00 00 00 00 00 00 00 00 00 00 00 00 00 00
[   39.627371] nvdla_blob 00000850: 00 00 00 00 00 00 00 00 00 00 00 00 00 00 00 00
[   39.627761] nvdla_blob 00000860: 00 00 00 00 00 00 00 00 00 00 00 00 00 00 00 00
[   39.628137] nvdla_blob 00000870: 00 00 00 00 00 00 00 00 00 00 00 00 00 00 00 00
[   39.628518] nvdla_blob 00000880: 00 00 00 00 00 00 00 00 00 00 00 00 00 00 00 00
[   39.630142] nvdla_blob 00000890: 00 00 00 00 00 00 00 00 00 00 00 00 00 00 00 00
[   39.630573] nvdla_blob 000008a0: 00 00 00 00 00 00 00 00 00 00 00 00 00 00 00 00
[   39.630950] nvdla_blob 000008b0: 00 00 00 00 00 00 00 00 00 00 00 00 00 00 00 00
[   39.631335] nvdla_blob 000008c0: 00 00 00 00 00 00 00 00 00 00 00 00 00 00 00 00
[   39.631726] nvdla_blob 000008d0: 00 00 00 00 00 00 00 00 00 00 00 00 00 00 00 00
[   39.632187] nvdla_blob 000008e0: 00 00 00 00 00 00 00 00 00 00 00 00 00 00 00 00
[   39.632586] nvdla_blob 000008f0: 00 00 00 00 00 00 00 00 00 00 00 00 00 00 00 00
[   39.634191] nvdla_blob 00000900: 00 00 00 00 00 00 00 00 00 00 00 00 00 00 00 00
[   39.634614] nvdla_blob 00000910: 00 00 00 00 00 00 00 00 00 00 00 00 00 00 00 00
[   39.634989] nvdla_blob 00000920: 00 00 00 00 00 00 00 00 00 00 00 00 00 00 00 00
[   39.635361] nvdla_blob 00000930: 00 00 00 00 00 00 00 00 00 00 00 00 00 00 00 00
[   39.635742] nvdla_blob 00000940: 00 00 00 00 00 00 00 00 00 00 00 00 00 00 00 00
[   39.636117] nvdla_blob 00000950: 00 00 00 00 00 00 00 00 00 00 00 00 00 00 00 00
[   39.636495] nvdla_blob 00000960: 00 00 00 00 00 00 00 00 00 00 00 00 00 00 00 00
[   39.638009] nvdla_blob 00000970: 00 00 00 00 00 00 00 00 00 00 00 00 00 00 00 00
[   39.638424] nvdla_blob 00000980: 00 00 00 00 00 00 00 00 00 00 00 00 00 00 00 00
[   39.638815] nvdla_blob 00000990: 00 00 00 00 00 00 00 00 00 00 00 00 00 00 00 00
[   39.639189] nvdla_blob 000009a0: 00 00 00 00 00 00 00 00 00 00 00 00 00 00 00 00
[   39.639567] nvdla_blob 000009b0: 00 00 00 00 00 00 00 00 00 00 00 00 00 00 00 00
[   39.639942] nvdla_blob 000009c0: 00 00 00 00 00 00 00 00 00 00 00 00 00 00 00 00
[   39.640315] nvdla_blob 000009d0: 00 00 00 00 00 00 00 00 00 00 00 00 00 00 00 00
[   39.641982] nvdla_blob 000009e0: 00 00 00 00 00 00 00 00 00 00 00 00 00 00 00 00
[   39.642468] nvdla_blob 000009f0: 00 00 00 00 00 00 00 00 00 00 00 00 00 00 00 00
[   39.642863] nvdla_blob 00000a00: 00 00 00 00 00 00 00 00 00 00 00 00 00 00 00 00
[   39.643240] nvdla_blob 00000a10: 00 00 00 00 00 00 00 00 00 00 00 00 00 00 00 00
[   39.643710] nvdla_blob 00000a20: 00 00 00 00 00 00 00 00 00 00 00 00 00 00 00 00
[   39.644123] nvdla_blob 00000a30: 00 00 00 00 00 00 00 00 00 00 00 00 00 00 00 00
[   39.644553] nvdla_blob 00000a40: 00 00 00 00 00 00 00 00 00 00 00 00 00 00 00 00
[   39.646319] nvdla_blob 00000a50: 00 00 00 00 00 00 00 00 00 00 00 00 00 00 00 00
[   39.646744] nvdla_blob 00000a60: 00 00 00 00 00 00 00 00 00 00 00 00 00 00 00 00
[   39.647133] nvdla_blob 00000a70: 00 00 00 00 00 00 00 00 00 00 00 00 00 00 00 00
[   39.647520] nvdla_blob 00000a80: 00 00 00 00 00 00 00 00 00 00 00 00 00 00 00 00
[   39.647895] nvdla_blob 00000a90: 00 00 00 00 00 00 00 00 00 00 00 00 00 00 00 00
[   39.648282] nvdla_blob 00000aa0: 00 00 00 00 00 00 00 00 00 00 00 00 00 00 00 00
[   39.648692] nvdla_blob 00000ab0: 00 00 00 00 00 00 00 00 00 00 00 00 00 00 00 00
[   39.650475] nvdla_blob 00000ac0: 00 00 00 00 00 00 00 00 00 00 00 00 00 00 00 00
[   39.650940] nvdla_blob 00000ad0: 00 00 00 00 00 00 00 00 00 00 00 00 00 00 00 00
[   39.651338] nvdla_blob 00000ae0: 00 00 00 00 00 00 00 00 00 00 00 00 00 00 00 00
[   39.651748] nvdla_blob 00000af0: 00 00 00 00 00 00 00 00 00 00 00 00 00 00 00 00
[   39.652186] nvdla_blob 00000b00: 00 00 00 00 00 00 00 00 00 00 00 00 00 00 00 00
[   39.652613] nvdla_blob 00000b10: 00 00 00 00 00 00 00 00 00 00 00 00 00 00 00 00
[   39.654512] nvdla_blob 00000b20: 00 00 00 00 00 00 00 00 00 00 00 00 00 00 00 00
[   39.654913] nvdla_blob 00000b30: 00 00 00 00 00 00 00 00 00 00 00 00 00 00 00 00
[   39.655292] nvdla_blob 00000b40: 00 00 00 00 00 00 00 00 00 00 00 00 00 00 00 00
[   39.655679] nvdla_blob 00000b50: 00 00 00 00 00 00 00 00 00 00 00 00 00 00 00 00
[   39.656053] nvdla_blob 00000b60: 00 00 00 00 00 00 00 00 00 00 00 00 00 00 00 00
[   39.656427] nvdla_blob 00000b70: 00 00 00 00 00 00 00 00 00 00 00 00 00 00 00 00
[   39.658549] nvdla_blob 00000b80: 00 00 00 00 00 00 00 00 00 00 00 00 00 00 00 00
[   39.659237] nvdla_blob 00000b90: 00 00 00 00 00 00 00 00 00 00 00 00 00 00 00 00
[   39.659709] nvdla_blob 00000ba0: 00 00 00 00 00 00 00 00 00 00 00 00 00 00 00 00
[   39.660203] nvdla_blob 00000bb0: 00 00 00 00 00 00 00 00 00 00 00 00 00 00 00 00
[   39.660776] nvdla_blob 00000bc0: 00 00 00 00 00 00 00 00 00 00 00 00 00 00 00 00
[   39.662514] nvdla_blob 00000bd0: 00 00 00 00 00 00 00 00 00 00 00 00 00 00 00 00
[   39.662925] nvdla_blob 00000be0: 00 00 00 00 00 00 00 00 00 00 00 00 00 00 00 00
[   39.663375] nvdla_blob 00000bf0: 00 00 00 00 00 00 00 00 00 00 00 00 00 00 00 00
[   39.663863] nvdla_blob 00000c00: 00 00 00 00 00 00 00 00 00 00 00 00 00 00 00 00
[   39.664263] nvdla_blob 00000c10: 00 00 00 00 00 00 00 00 00 00 00 00 00 00 00 00
[   39.664692] nvdla_blob 00000c20: 00 00 00 00 00 00 00 00 00 00 00 00 00 00 00 00
[   39.666372] nvdla_blob 00000c30: 00 00 00 00 00 00 00 00 00 00 00 00 00 00 00 00
[   39.668896] nvdla_blob 00000c40: 00 00 00 00 00 00 00 00 00 00 00 00 00 00 00 00
[   39.671067] nvdla_blob 00000c50: 00 00 00 00 00 00 00 00 00 00 00 00 00 00 00 00
[   39.671622] nvdla_blob 00000c60: 00 00 00 00 00 00 00 00 00 00 00 00 00 00 00 00
[   39.672054] nvdla_blob 00000c70: 00 00 00 00 00 00 00 00 00 00 00 00 00 00 00 00
[   39.672574] nvdla_blob 00000c80: 00 00 00 00 00 00 00 00 00 00 00 00 00 00 00 00
[   39.674250] nvdla_blob 00000c90: 00 00 00 00 00 00 00 00 00 00 00 00 00 00 00 00
[   39.674716] nvdla_blob 00000ca0: 00 00 00 00 00 00 00 00 00 00 00 00 00 00 00 00
[   39.675134] nvdla_blob 00000cb0: 00 00 00 00 00 00 00 00 00 00 00 00 00 00 00 00
[   39.675650] nvdla_blob 00000cc0: 00 00 00 00 00 00 00 00 00 00 00 00 00 00 00 00
[   39.676061] nvdla_blob 00000cd0: 00 00 00 00 00 00 00 00 00 00 00 00 00 00 00 00
[   39.676541] nvdla_blob 00000ce0: 00 00 00 00 00 00 00 00 00 00 00 00 00 00 00 00
[   39.678264] nvdla_blob 00000cf0: 00 00 00 00 00 00 00 00 00 00 00 00 00 00 00 00
[   39.678750] nvdla_blob 00000d00: 00 00 00 00 00 00 00 00 00 00 00 00 00 00 00 00
[   39.679239] nvdla_blob 00000d10: 00 00 00 00 00 00 00 00 00 00 00 00 00 00 00 00
[   39.679713] nvdla_blob 00000d20: 00 00 00 00 00 00 00 00 00 00 00 00 00 00 00 00
[   39.680160] nvdla_blob 00000d30: 00 00 00 00 00 00 00 00 00 00 00 00 00 00 00 00
[   39.680633] nvdla_blob 00000d40: 00 00 00 00 00 00 00 00 00 00 00 00 00 00 00 00
[   39.682437] nvdla_blob 00000d50: 00 00 00 00 00 00 00 00 00 00 00 00 00 00 00 00
[   39.682889] nvdla_blob 00000d60: 00 00 00 00 00 00 00 00 00 00 00 00 00 00 00 00
[   39.683308] nvdla_blob 00000d70: 00 00 00 00 00 00 00 00 00 00 00 00 00 00 00 00
[   39.683769] nvdla_blob 00000d80: 00 00 00 00 00 00 00 00 00 00 00 00 00 00 00 00
[   39.684417] nvdla_blob 00000d90: 00 00 00 00 00 00 00 00 00 00 00 00 00 00 00 00
[   39.686062] nvdla_blob 00000da0: 00 00 00 00 00 00 00 00 00 00 00 00 00 00 00 00
[   39.686518] nvdla_blob 00000db0: 00 00 00 00 00 00 00 00 00 00 00 00 00 00 00 00
[   39.686899] nvdla_blob 00000dc0: 00 00 00 00 00 00 00 00 00 00 00 00 00 00 00 00
[   39.687324] nvdla_blob 00000dd0: 00 00 00 00 00 00 00 00 00 00 00 00 00 00 00 00
[   39.687711] nvdla_blob 00000de0: 00 00 00 00 00 00 00 00 00 00 00 00 00 00 00 00
[   39.688090] nvdla_blob 00000df0: 00 00 00 00 00 00 00 00 00 00 00 00 00 00 00 00
[   39.688496] nvdla_blob 00000e00: 00 00 00 00 00 00 00 00 00 00 00 00 00 00 00 00
[   39.690130] nvdla_blob 00000e10: 00 00 00 00 00 00 00 00 00 00 00 00 00 00 00 00
[   39.690552] nvdla_blob 00000e20: 00 00 00 00 00 00 00 00 00 00 00 00 00 00 00 00
[   39.690931] nvdla_blob 00000e30: 00 00 00 00 00 00 00 00 00 00 00 00 00 00 00 00
[   39.691313] nvdla_blob 00000e40: 00 00 00 00 00 00 00 00 00 00 00 00 00 00 00 00
[   39.691708] nvdla_blob 00000e50: 00 00 00 00 00 00 00 00 00 00 00 00 00 00 00 00
[   39.692087] nvdla_blob 00000e60: 00 00 00 00 00 00 00 00 00 00 00 00 00 00 00 00
[   39.692464] nvdla_blob 00000e70: 00 00 00 00 00 00 00 00 00 00 00 00 00 00 00 00
[   39.694165] nvdla_blob 00000e80: 00 00 00 00 00 00 00 00 00 00 00 00 00 00 00 00
[   39.694621] nvdla_blob 00000e90: 00 00 00 00 00 00 00 00 00 00 00 00 00 00 00 00
[   39.695001] nvdla_blob 00000ea0: 00 00 00 00 00 00 00 00 00 00 00 00 00 00 00 00
[   39.695401] nvdla_blob 00000eb0: 00 00 00 00 00 00 00 00 00 00 00 00 00 00 00 00
[   39.695793] nvdla_blob 00000ec0: 00 00 00 00 00 00 00 00 00 00 00 00 00 00 00 00
[   39.696171] nvdla_blob 00000ed0: 00 00 00 00 00 00 00 00 00 00 00 00 00 00 00 00
[   39.697752] nvdla_blob 00000ee0: 00 00 00 00 00 00 00 00 00 00 00 00 00 00 00 00
[   39.698194] nvdla_blob 00000ef0: 00 00 00 00 00 00 00 00 00 00 00 00 00 00 00 00
[   39.698586] nvdla_blob 00000f00: 00 00 00 00 00 00 00 00 00 00 00 00 00 00 00 00
[   39.698967] nvdla_blob 00000f10: 00 00 00 00 00 00 00 00 00 00 00 00 00 00 00 00
[   39.699345] nvdla_blob 00000f20: 00 00 00 00 00 00 00 00 00 00 00 00 00 00 00 00
[   39.699746] nvdla_blob 00000f30: 00 00 00 00 00 00 00 00 00 00 00 00 00 00 00 00
[   39.700129] nvdla_blob 00000f40: 00 00 00 00 00 00 00 00 00 00 00 00 00 00 00 00
[   39.700542] nvdla_blob 00000f50: 00 00 00 00 00 00 00 00 00 00 00 00 00 00 00 00
[   39.702159] nvdla_blob 00000f60: 00 00 00 00 00 00 00 00 00 00 00 00 00 00 00 00
[   39.702544] nvdla_blob 00000f70: 00 00 00 00 00 00 00 00 00 00 00 00 00 00 00 00
[   39.703069] nvdla_blob 00000f80: 00 00 00 00 00 00 00 00 00 00 00 00 00 00 00 00
[   39.703461] nvdla_blob 00000f90: 00 00 00 00 00 00 00 00 00 00 00 00 00 00 00 00
[   39.703855] nvdla_blob 00000fa0: 00 00 00 00 00 00 00 00 00 00 00 00 00 00 00 00
[   39.704235] nvdla_blob 00000fb0: 00 00 00 00 00 00 00 00 00 00 00 00 00 00 00 00
[   39.704665] nvdla_blob 00000fc0: 00 00 00 00 00 00 00 00 00 00 00 00 00 00 00 00
[   39.706473] nvdla_blob 00000fd0: 00 00 00 00 00 00 00 00 00 00 00 00 00 00 00 00
[   39.706928] nvdla_blob 00000fe0: 00 00 00 00 00 00 00 00 00 00 00 00 00 00 00 00
[   39.707589] nvdla_blob 00000ff0: 00 00 00 00 00 00 00 00 00 00 00 00 00 00 00 00
[   39.708138] Enter:dla_read_network_config
[   39.710053] Exit:dla_read_network_config status=0
[   39.710228] Enter: dla_initiate_processors
[   39.710624] Enter: dla_submit_operation
[   39.710729] Prepare Convolution operation index 0 ROI 0 dep_count 1
[   39.710867] Enter: dla_prepare_operation
[   39.711171] processor:Convolution group:0, rdma_group:0 available
[   39.711339] Enter: dla_read_config
[   39.715623] Exit: dla_read_config
[   39.715802] Exit: dla_prepare_operation status=0
[   39.715945] Enter: dla_program_operation
[   39.716079] Program Convolution operation index 0 ROI 0 Group[0]
[   39.716280] nvdla_reg_write offset=0x00009004 value=0x00000000
[   39.716565] nvdla_reg_write offset=0x00007004 value=0x00000000
[   39.717949] nvdla_reg_write offset=0x00008004 value=0x00000000
[   39.718178] nvdla_reg_write offset=0x00006004 value=0x00000000
[   39.718349] nvdla_reg_write offset=0x00005004 value=0x00000000
[   39.718680] nvdla_dma_address index=1 handle=5 offset=0x0 dma=0xc0004000 ret=0
[   39.718872] nvdla_dma_address index=0 handle=6 offset=0x0 dma=0xc0001000 ret=0
[   39.719064] nvdla_dma_address index=0 handle=6 offset=0x0 dma=0xc0001000 ret=0
[   39.719497] nvdla_reg_write offset=0x0000900c value=0x00002000
[   39.719683] nvdla_reg_write offset=0x00009010 value=0xffffffff
[   39.719835] nvdla_reg_write offset=0x00009014 value=0xffffffff
[   39.719988] nvdla_reg_write offset=0x00009018 value=0xc0007200
[   39.720133] nvdla_reg_write offset=0x0000901c value=0x00000000
[   39.720280] nvdla_reg_write offset=0x00009020 value=0x00000000
[   39.720423] nvdla_reg_write offset=0x00009024 value=0x00000000
[   39.722407] nvdla_reg_write offset=0x00009028 value=0x00000000
[   39.722658] nvdla_reg_write offset=0x0000902c value=0x00000000
[   39.722842] nvdla_reg_write offset=0x0000700c value=0x00002000
[   39.723013] nvdla_reg_write offset=0x0000800c value=0x00002000
[   39.723194] nvdla_reg_write offset=0x0000600c value=0x00002200
[   39.723357] nvdla_reg_write offset=0x00006010 value=0x00000000
[   39.723518] nvdla_reg_write offset=0x00006014 value=0x001b001b
[   39.723668] nvdla_reg_write offset=0x00006018 value=0x0000008f
[   39.723832] nvdla_reg_write offset=0x0000601c value=0x00000000
[   39.723995] nvdla_reg_write offset=0x00006020 value=0x00000000
[   39.724192] nvdla_reg_write offset=0x00006024 value=0x0000003e
[   39.726075] nvdla_reg_write offset=0x00006028 value=0x00000000
[   39.726276] nvdla_reg_write offset=0x0000602c value=0x00000000
[   39.726430] nvdla_reg_write offset=0x00006030 value=0xffff008f
[   39.726607] nvdla_reg_write offset=0x00006034 value=0x00010001
[   39.726758] nvdla_reg_write offset=0x00006038 value=0x00000000
[   39.726931] nvdla_reg_write offset=0x0000603c value=0x001b001b
[   39.727095] nvdla_reg_write offset=0x00006040 value=0xffffffff
[   39.727263] nvdla_reg_write offset=0x00006044 value=0xffffffff
[   39.727425] nvdla_reg_write offset=0x00006048 value=0x0000001b
[   39.727606] nvdla_reg_write offset=0x0000604c value=0x00000000
[   39.727773] nvdla_reg_write offset=0x00006050 value=0x00000000
[   39.727981] nvdla_reg_write offset=0x00006054 value=0x00000000
[   39.728240] nvdla_reg_write offset=0x00006058 value=0x00000000
[   39.729379] nvdla_reg_write offset=0x0000605c value=0x00000006
[   39.731697] nvdla_reg_write offset=0x00006060 value=0x00000000
[   39.731942] nvdla_reg_write offset=0x00005014 value=0x00002200
[   39.732184] nvdla_reg_write offset=0x00005018 value=0x00000000
[   39.732476] nvdla_reg_write offset=0x0000501c value=0xffffffff
[   39.733865] nvdla_reg_write offset=0x00005020 value=0x00000001
[   39.734055] nvdla_reg_write offset=0x00005024 value=0x001b001b
[   39.734211] nvdla_reg_write offset=0x0000502c value=0x00000000
[   39.734366] nvdla_reg_write offset=0x00005030 value=0x00000000
[   39.734526] nvdla_reg_write offset=0x00005034 value=0xc0001380
[   39.734678] nvdla_reg_write offset=0x00005038 value=0x00000000
[   39.734835] nvdla_reg_write offset=0x0000503c value=0xc0001380
[   39.734983] nvdla_reg_write offset=0x00005040 value=0x0000c400
[   39.735130] nvdla_reg_write offset=0x00005048 value=0x001c001c
[   39.735283] nvdla_reg_write offset=0x00005044 value=0x00000000
[   39.735447] nvdla_reg_write offset=0x0000504c value=0x00000000
[   39.735606] nvdla_reg_write offset=0x00005058 value=0x00000000
[   39.735762] nvdla_reg_write offset=0x0000505c value=0x00000000
[   39.735917] nvdla_reg_write offset=0x00005060 value=0x0000003e
[   39.736068] nvdla_reg_write offset=0x00005064 value=0x00000000
[   39.736219] nvdla_reg_write offset=0x00005068 value=0x00000000
[   39.736370] nvdla_reg_write offset=0x0000506c value=0x0000011f
[   39.738699] nvdla_reg_write offset=0x00005070 value=0xffffffff
[   39.738928] nvdla_reg_write offset=0x00005074 value=0x00000001
[   39.739110] nvdla_reg_write offset=0x00005078 value=0x00000000
[   39.739300] nvdla_reg_write offset=0x0000507c value=0xc0006400
[   39.739485] nvdla_reg_write offset=0x00005080 value=0x00010001
[   39.739727] nvdla_reg_write offset=0x00005098 value=0x00000000
[   39.739955] nvdla_reg_write offset=0x000050a4 value=0x00000000
[   39.740144] nvdla_reg_write offset=0x000050b0 value=0x00000000
[   39.744309] nvdla_reg_write offset=0x000050b4 value=0x00000000
[   39.744951] nvdla_reg_write offset=0x000050b8 value=0x00000000
[   39.745133] nvdla_reg_write offset=0x000050bc value=0x00000006
[   39.745310] no desc get due to index==-1
[   39.745438] no desc get due to index==-1
[   39.745708] no desc get due to index==-1
[   39.745803] no desc get due to index==-1
[   39.745891] no desc get due to index==-1
[   39.745997] no desc get due to index==-1
[   39.746100] Enter: dla_op_programmed
[   39.746261] Update dependency operation index 1 ROI 0 DEP_COUNT=1
[   39.746399] enable SDP in dla_update_dependency as depdency are resolved
[   39.746555] Enter: dla_enable_operation
[   39.746655] exit dla_enable_operation without actual enable due to processor hasn't been programmed
[   39.746830] Exit: dla_enable_operation status=0
[   39.746959] Exit: dla_op_programmed
[   39.747045] Exit: dla_program_operation status=0
[   39.747161] Exit: dla_submit_operation
[   39.747311] Enter: dla_dequeue_operation
[   39.747473] exit Convolution as there's no further operation
[   39.747609] Exit: dla_dequeue_operation
[   39.747733] Enter: dla_submit_operation
[   39.747826] Prepare SDP operation index 1 ROI 0 dep_count 0
[   39.747944] Enter: dla_prepare_operation
[   39.748203] processor:SDP group:0, rdma_group:0 available
[   39.748315] Enter: dla_read_config
[   39.760018] Exit: dla_read_config
[   39.760231] Exit: dla_prepare_operation status=0
[   39.760355] Enter: dla_program_operation
[   39.760448] Program SDP operation index 1 ROI 0 Group[0]
[   39.764995] nvdla_reg_write offset=0x0000b004 value=0x00000000
[   39.765326] nvdla_reg_write offset=0x0000a004 value=0x00000000
[   39.765618] nvdla_reg_write offset=0x00000004 value=0x00000000
[   39.765887] nvdla_dma_address index=0 handle=6 offset=0x0 dma=0xc0001000 ret=0
[   39.766068] nvdla_reg_write offset=0x0000a070 value=0x00000000
[   39.766248] nvdla_reg_write offset=0x0000a028 value=0x00000000
[   39.766421] nvdla_reg_write offset=0x0000a040 value=0x00000000
[   39.766606] nvdla_reg_write offset=0x0000a058 value=0x00000000
[   39.766796] nvdla_reg_write offset=0x0000a070 value=0x000000a9
[   39.766956] nvdla_reg_write offset=0x0000b03c value=0x0000001f
[   39.767114] nvdla_reg_write offset=0x0000b040 value=0xffffffff
[   39.767266] nvdla_reg_write offset=0x0000b044 value=0xffffffff
[   39.767425] nvdla_reg_write offset=0x0000b04c value=0x00000000
[   39.767587] nvdla_reg_write offset=0x0000b048 value=0xc0007200
[   39.767737] nvdla_reg_write offset=0x0000b050 value=0x00000000
[   39.767983] nvdla_reg_write offset=0x0000b054 value=0x00000000
[   39.768173] nvdla_reg_write offset=0x0000b058 value=0x00000053
[   39.768352] nvdla_reg_write offset=0x0000b06c value=0x00000053
[   39.774989] nvdla_reg_write offset=0x0000b080 value=0x00000053
[   39.775325] nvdla_reg_write offset=0x0000b0b0 value=0x00000001
[   39.775485] nvdla_reg_write offset=0x0000b0b4 value=0x00000000
[   39.775715] nvdla_reg_write offset=0x0000b0bc value=0x0000000a
[   39.775912] nvdla_reg_write offset=0x0000b0c0 value=0x00000000
[   39.776075] nvdla_reg_write offset=0x0000b0c4 value=0x00000001
[   39.776221] nvdla_reg_write offset=0x0000b0c8 value=0x00000000
[   39.776395] no desc get due to index==-1
[   39.777792] no desc get due to index==-1
[   39.777928] no desc get due to index==-1
[   39.778023] no desc get due to index==-1
[   39.778110] no desc get due to index==-1
[   39.778195] no desc get due to index==-1
[   39.778311] Enter: dla_op_programmed
[   39.778397] Exit: dla_op_programmed
[   39.778479] Exit: dla_program_operation status=0
[   39.778592] Enter: dla_enable_operation
[   39.778723] Enable SDP operation index 1 ROI 0
[   39.778831] nvdla_reg_write offset=0x0000b004 value=0x00000000
[   39.779039] nvdla_reg_write offset=0x0000a004 value=0x00000000
[   39.779209] nvdla_reg_write offset=0x0000b038 value=0x00000001
[   39.779378] Enter: dla_op_enabled
[   39.779467] Update dependency operation index 0 ROI 0 DEP_COUNT=1
[   39.779604] enable Convolution in dla_update_dependency as depdency are resolved
[   39.779751] Enter: dla_enable_operation
[   39.779839] Enable Convolution operation index 0 ROI 0
[   39.779946] nvdla_reg_write offset=0x00009004 value=0x00000000
[   39.780096] nvdla_reg_write offset=0x00007004 value=0x00000000
[   39.780322] nvdla_reg_write offset=0x00008004 value=0x00000000
[   39.780514] nvdla_reg_write offset=0x00006004 value=0x00000000
[   39.783416] nvdla_reg_write offset=0x00005004 value=0x00000000
[   39.783762] nvdla_reg_write offset=0x00009008 value=0x00000001
[   39.783975] nvdla_reg_write offset=0x00007008 value=0x00000001
[   39.784171] nvdla_reg_write offset=0x00008008 value=0x00000001
[   39.784360] nvdla_reg_write offset=0x00006008 value=0x00000001
[   39.785777] nvdla_reg_write offset=0x00005010 value=0x00000001
[   39.786059] Enter: dla_op_enabled
[   39.786155] Exit: dla_op_enabled
[   39.786237] Exit: dla_enable_operation status=0
[   39.786332] Exit: dla_op_enabled
[   39.786408] Exit: dla_enable_operation status=0
[   39.786515] Exit: dla_submit_operation
[   39.786603] Enter: dla_dequeue_operation
[   39.786692] exit SDP as there's no further operation
[   39.786793] Exit: dla_dequeue_operation
[   39.786889] Exit: dla_initiate_processors status=0
