Warning: Permanently added '[127.0.0.1]:6667' (ED25519) to the list of known hosts.
[   23.689823] nvdla_blob 00000a20: 00 00 00 00 00 00 00 00 00 00 00 00 00 00 00 00
[   23.690213] nvdla_blob 00000a30: 00 00 00 00 00 00 00 00 00 00 00 00 00 00 00 00
[   23.690587] nvdla_blob 00000a40: 00 00 00 00 00 00 00 00 00 00 00 00 00 00 00 00
[   23.690985] nvdla_blob 00000a50: 00 00 00 00 00 00 00 00 00 00 00 00 00 00 00 00
[   23.691360] nvdla_blob 00000a60: 00 00 00 00 00 00 00 00 00 00 00 00 00 00 00 00
[   23.691728] nvdla_blob 00000a70: 00 00 00 00 00 00 00 00 00 00 00 00 00 00 00 00
[   23.693223] nvdla_blob 00000a80: 00 00 00 00 00 00 00 00 00 00 00 00 00 00 00 00
[   23.693654] nvdla_blob 00000a90: 00 00 00 00 00 00 00 00 00 00 00 00 00 00 00 00
[   23.694059] nvdla_blob 00000aa0: 00 00 00 00 00 00 00 00 00 00 00 00 00 00 00 00
[   23.694447] nvdla_blob 00000ab0: 00 00 00 00 00 00 00 00 00 00 00 00 00 00 00 00
[   23.694824] nvdla_blob 00000ac0: 00 00 00 00 00 00 00 00 00 00 00 00 00 00 00 00
[   23.695211] nvdla_blob 00000ad0: 00 00 00 00 00 00 00 00 00 00 00 00 00 00 00 00
[   23.695584] nvdla_blob 00000ae0: 00 00 00 00 00 00 00 00 00 00 00 00 00 00 00 00
[   23.695966] nvdla_blob 00000af0: 00 00 00 00 00 00 00 00 00 00 00 00 00 00 00 00
[   23.697645] nvdla_blob 00000b00: 00 00 00 00 00 00 00 00 00 00 00 00 00 00 00 00
[   23.698073] nvdla_blob 00000b10: 00 00 00 00 00 00 00 00 00 00 00 00 00 00 00 00
[   23.698456] nvdla_blob 00000b20: 00 00 00 00 00 00 00 00 00 00 00 00 00 00 00 00
[   23.698837] nvdla_blob 00000b30: 00 00 00 00 00 00 00 00 00 00 00 00 00 00 00 00
[   23.699229] nvdla_blob 00000b40: 00 00 00 00 00 00 00 00 00 00 00 00 00 00 00 00
[   23.699604] nvdla_blob 00000b50: 00 00 00 00 00 00 00 00 00 00 00 00 00 00 00 00
[   23.699981] nvdla_blob 00000b60: 00 00 00 00 00 00 00 00 00 00 00 00 00 00 00 00
[   23.701457] nvdla_blob 00000b70: 00 00 00 00 00 00 00 00 00 00 00 00 00 00 00 00
[   23.701940] nvdla_blob 00000b80: 00 00 00 00 00 00 00 00 00 00 00 00 00 00 00 00
[   23.702327] nvdla_blob 00000b90: 00 00 00 00 00 00 00 00 00 00 00 00 00 00 00 00
[   23.702702] nvdla_blob 00000ba0: 00 00 00 00 00 00 00 00 00 00 00 00 00 00 00 00
[   23.703079] nvdla_blob 00000bb0: 00 00 00 00 00 00 00 00 00 00 00 00 00 00 00 00
[   23.703454] nvdla_blob 00000bc0: 00 00 00 00 00 00 00 00 00 00 00 00 00 00 00 00
[   23.703824] nvdla_blob 00000bd0: 00 00 00 00 00 00 00 00 00 00 00 00 00 00 00 00
[   23.704230] nvdla_blob 00000be0: 00 00 00 00 00 00 00 00 00 00 00 00 00 00 00 00
[   23.705971] nvdla_blob 00000bf0: 00 00 00 00 00 00 00 00 00 00 00 00 00 00 00 00
[   23.706351] nvdla_blob 00000c00: 00 00 00 00 00 00 00 00 00 00 00 00 00 00 00 00
[   23.706726] nvdla_blob 00000c10: 00 00 00 00 00 00 00 00 00 00 00 00 00 00 00 00
[   23.707113] nvdla_blob 00000c20: 00 00 00 00 00 00 00 00 00 00 00 00 00 00 00 00
[   23.707484] nvdla_blob 00000c30: 00 00 00 00 00 00 00 00 00 00 00 00 00 00 00 00
[   23.707859] nvdla_blob 00000c40: 00 00 00 00 00 00 00 00 00 00 00 00 00 00 00 00
[   23.708268] nvdla_blob 00000c50: 00 00 00 00 00 00 00 00 00 00 00 00 00 00 00 00
[   23.709766] nvdla_blob 00000c60: 00 00 00 00 00 00 00 00 00 00 00 00 00 00 00 00
[   23.710164] nvdla_blob 00000c70: 00 00 00 00 00 00 00 00 00 00 00 00 00 00 00 00
[   23.710539] nvdla_blob 00000c80: 00 00 00 00 00 00 00 00 00 00 00 00 00 00 00 00
[   23.710917] nvdla_blob 00000c90: 00 00 00 00 00 00 00 00 00 00 00 00 00 00 00 00
[   23.711295] nvdla_blob 00000ca0: 00 00 00 00 00 00 00 00 00 00 00 00 00 00 00 00
[   23.711718] nvdla_blob 00000cb0: 00 00 00 00 00 00 00 00 00 00 00 00 00 00 00 00
[   23.712132] nvdla_blob 00000cc0: 00 00 00 00 00 00 00 00 00 00 00 00 00 00 00 00
[   23.713807] nvdla_blob 00000cd0: 00 00 00 00 00 00 00 00 00 00 00 00 00 00 00 00
[   23.714195] nvdla_blob 00000ce0: 00 00 00 00 00 00 00 00 00 00 00 00 00 00 00 00
[   23.714568] nvdla_blob 00000cf0: 00 00 00 00 00 00 00 00 00 00 00 00 00 00 00 00
[   23.714947] nvdla_blob 00000d00: 00 00 00 00 00 00 00 00 00 00 00 00 00 00 00 00
[   23.715322] nvdla_blob 00000d10: 00 00 00 00 00 00 00 00 00 00 00 00 00 00 00 00
[   23.715700] nvdla_blob 00000d20: 00 00 00 00 00 00 00 00 00 00 00 00 00 00 00 00
[   23.716100] nvdla_blob 00000d30: 00 00 00 00 00 00 00 00 00 00 00 00 00 00 00 00
[   23.717580] nvdla_blob 00000d40: 00 00 00 00 00 00 00 00 00 00 00 00 00 00 00 00
[   23.717965] nvdla_blob 00000d50: 00 00 00 00 00 00 00 00 00 00 00 00 00 00 00 00
[   23.718343] nvdla_blob 00000d60: 00 00 00 00 00 00 00 00 00 00 00 00 00 00 00 00
[   23.718729] nvdla_blob 00000d70: 00 00 00 00 00 00 00 00 00 00 00 00 00 00 00 00
[   23.719114] nvdla_blob 00000d80: 00 00 00 00 00 00 00 00 00 00 00 00 00 00 00 00
[   23.719492] nvdla_blob 00000d90: 00 00 00 00 00 00 00 00 00 00 00 00 00 00 00 00
[   23.719885] nvdla_blob 00000da0: 00 00 00 00 00 00 00 00 00 00 00 00 00 00 00 00
[   23.721472] nvdla_blob 00000db0: 00 00 00 00 00 00 00 00 00 00 00 00 00 00 00 00
[   23.721904] nvdla_blob 00000dc0: 00 00 00 00 00 00 00 00 00 00 00 00 00 00 00 00
[   23.722284] nvdla_blob 00000dd0: 00 00 00 00 00 00 00 00 00 00 00 00 00 00 00 00
[   23.722655] nvdla_blob 00000de0: 00 00 00 00 00 00 00 00 00 00 00 00 00 00 00 00
[   23.723035] nvdla_blob 00000df0: 00 00 00 00 00 00 00 00 00 00 00 00 00 00 00 00
[   23.723417] nvdla_blob 00000e00: 00 00 00 00 00 00 00 00 00 00 00 00 00 00 00 00
[   23.723795] nvdla_blob 00000e10: 00 00 00 00 00 00 00 00 00 00 00 00 00 00 00 00
[   23.724187] nvdla_blob 00000e20: 00 00 00 00 00 00 00 00 00 00 00 00 00 00 00 00
[   23.725737] nvdla_blob 00000e30: 00 00 00 00 00 00 00 00 00 00 00 00 00 00 00 00
[   23.726130] nvdla_blob 00000e40: 00 00 00 00 00 00 00 00 00 00 00 00 00 00 00 00
[   23.726507] nvdla_blob 00000e50: 00 00 00 00 00 00 00 00 00 00 00 00 00 00 00 00
[   23.726893] nvdla_blob 00000e60: 00 00 00 00 00 00 00 00 00 00 00 00 00 00 00 00
[   23.727269] nvdla_blob 00000e70: 00 00 00 00 00 00 00 00 00 00 00 00 00 00 00 00
[   23.727647] nvdla_blob 00000e80: 00 00 00 00 00 00 00 00 00 00 00 00 00 00 00 00
[   23.728039] nvdla_blob 00000e90: 00 00 00 00 00 00 00 00 00 00 00 00 00 00 00 00
[   23.729562] nvdla_blob 00000ea0: 00 00 00 00 00 00 00 00 00 00 00 00 00 00 00 00
[   23.729975] nvdla_blob 00000eb0: 00 00 00 00 00 00 00 00 00 00 00 00 00 00 00 00
[   23.730358] nvdla_blob 00000ec0: 00 00 00 00 00 00 00 00 00 00 00 00 00 00 00 00
[   23.730745] nvdla_blob 00000ed0: 00 00 00 00 00 00 00 00 00 00 00 00 00 00 00 00
[   23.731131] nvdla_blob 00000ee0: 00 00 00 00 00 00 00 00 00 00 00 00 00 00 00 00
[   23.731515] nvdla_blob 00000ef0: 00 00 00 00 00 00 00 00 00 00 00 00 00 00 00 00
[   23.731962] nvdla_blob 00000f00: 00 00 00 00 00 00 00 00 00 00 00 00 00 00 00 00
[   23.736403] nvdla_blob 00000f10: 00 00 00 00 00 00 00 00 00 00 00 00 00 00 00 00
[   23.737764] nvdla_blob 00000f20: 00 00 00 00 00 00 00 00 00 00 00 00 00 00 00 00
[   23.738236] nvdla_blob 00000f30: 00 00 00 00 00 00 00 00 00 00 00 00 00 00 00 00
[   23.738615] nvdla_blob 00000f40: 00 00 00 00 00 00 00 00 00 00 00 00 00 00 00 00
[   23.739021] nvdla_blob 00000f50: 00 00 00 00 00 00 00 00 00 00 00 00 00 00 00 00
[   23.739404] nvdla_blob 00000f60: 00 00 00 00 00 00 00 00 00 00 00 00 00 00 00 00
[   23.739784] nvdla_blob 00000f70: 00 00 00 00 00 00 00 00 00 00 00 00 00 00 00 00
[   23.740339] nvdla_blob 00000f80: 00 00 00 00 00 00 00 00 00 00 00 00 00 00 00 00
[   23.745089] nvdla_blob 00000f90: 00 00 00 00 00 00 00 00 00 00 00 00 00 00 00 00
[   23.745502] nvdla_blob 00000fa0: 00 00 00 00 00 00 00 00 00 00 00 00 00 00 00 00
[   23.745986] nvdla_blob 00000fb0: 00 00 00 00 00 00 00 00 00 00 00 00 00 00 00 00
[   23.746422] nvdla_blob 00000fc0: 00 00 00 00 00 00 00 00 00 00 00 00 00 00 00 00
[   23.746809] nvdla_blob 00000fd0: 00 00 00 00 00 00 00 00 00 00 00 00 00 00 00 00
[   23.747202] nvdla_blob 00000fe0: 00 00 00 00 00 00 00 00 00 00 00 00 00 00 00 00
[   23.747575] nvdla_blob 00000ff0: 00 00 00 00 00 00 00 00 00 00 00 00 00 00 00 00
[   23.747823] nvdla_blob[1] prime_fd=5 handle=2 size=4096 dma=0xc0001000 full_4096_bytes:
[   23.748275] nvdla_blob 00000000: 00 3c 00 40 00 42 00 44 00 45 00 46 00 47 00 48
[   23.756765] nvdla_blob 00000010: 00 00 00 00 00 00 00 00 00 00 00 00 00 00 00 00
[   23.757181] nvdla_blob 00000020: 00 00 00 00 00 00 00 00 00 00 00 00 00 00 00 00
[   23.757559] nvdla_blob 00000030: 00 00 00 00 00 00 00 00 00 00 00 00 00 00 00 00
[   23.757942] nvdla_blob 00000040: 00 00 00 00 00 00 00 00 00 00 00 00 00 00 00 00
[   23.758320] nvdla_blob 00000050: 00 00 00 00 00 00 00 00 00 00 00 00 00 00 00 00
[   23.758693] nvdla_blob 00000060: 00 00 00 00 00 00 00 00 00 00 00 00 00 00 00 00
[   23.759071] nvdla_blob 00000070: 00 00 00 00 00 00 00 00 00 00 00 00 00 00 00 00
[   23.759448] nvdla_blob 00000080: 00 00 00 00 00 00 00 00 00 00 00 00 00 00 00 00
[   23.759821] nvdla_blob 00000090: 00 00 00 00 00 00 00 00 00 00 00 00 00 00 00 00
[   23.760225] nvdla_blob 000000a0: 00 00 00 00 00 00 00 00 00 00 00 00 00 00 00 00
[   23.764901] nvdla_blob 000000b0: 00 00 00 00 00 00 00 00 00 00 00 00 00 00 00 00
[   23.765375] nvdla_blob 000000c0: 00 00 00 00 00 00 00 00 00 00 00 00 00 00 00 00
[   23.765839] nvdla_blob 000000d0: 00 00 00 00 00 00 00 00 00 00 00 00 00 00 00 00
[   23.766283] nvdla_blob 000000e0: 00 00 00 00 00 00 00 00 00 00 00 00 00 00 00 00
[   23.766662] nvdla_blob 000000f0: 00 00 00 00 00 00 00 00 00 00 00 00 00 00 00 00
[   23.767041] nvdla_blob 00000100: 00 00 00 00 00 00 00 00 00 00 00 00 00 00 00 00
[   23.767422] nvdla_blob 00000110: 00 00 00 00 00 00 00 00 00 00 00 00 00 00 00 00
[   23.767799] nvdla_blob 00000120: 00 00 00 00 00 00 00 00 00 00 00 00 00 00 00 00
[   23.768313] nvdla_blob 00000130: 00 00 00 00 00 00 00 00 00 00 00 00 00 00 00 00
[   23.770033] nvdla_blob 00000140: 00 00 00 00 00 00 00 00 00 00 00 00 00 00 00 00
[   23.770418] nvdla_blob 00000150: 00 00 00 00 00 00 00 00 00 00 00 00 00 00 00 00
[   23.770790] nvdla_blob 00000160: 00 00 00 00 00 00 00 00 00 00 00 00 00 00 00 00
[   23.771309] nvdla_blob 00000170: 00 00 00 00 00 00 00 00 00 00 00 00 00 00 00 00
[   23.771769] nvdla_blob 00000180: 00 00 00 00 00 00 00 00 00 00 00 00 00 00 00 00
[   23.772366] nvdla_blob 00000190: 00 00 00 00 00 00 00 00 00 00 00 00 00 00 00 00
[   23.774193] nvdla_blob 000001a0: 00 00 00 00 00 00 00 00 00 00 00 00 00 00 00 00
[   23.774593] nvdla_blob 000001b0: 00 00 00 00 00 00 00 00 00 00 00 00 00 00 00 00
[   23.774999] nvdla_blob 000001c0: 00 00 00 00 00 00 00 00 00 00 00 00 00 00 00 00
[   23.775374] nvdla_blob 000001d0: 00 00 00 00 00 00 00 00 00 00 00 00 00 00 00 00
[   23.775753] nvdla_blob 000001e0: 00 00 00 00 00 00 00 00 00 00 00 00 00 00 00 00
[   23.776169] nvdla_blob 000001f0: 00 00 00 00 00 00 00 00 00 00 00 00 00 00 00 00
[   23.777746] nvdla_blob 00000200: 00 00 00 00 00 00 00 00 00 00 00 00 00 00 00 00
[   23.778168] nvdla_blob 00000210: 00 00 00 00 00 00 00 00 00 00 00 00 00 00 00 00
[   23.778557] nvdla_blob 00000220: 00 00 00 00 00 00 00 00 00 00 00 00 00 00 00 00
[   23.778957] nvdla_blob 00000230: 00 00 00 00 00 00 00 00 00 00 00 00 00 00 00 00
[   23.779348] nvdla_blob 00000240: 00 00 00 00 00 00 00 00 00 00 00 00 00 00 00 00
[   23.779731] nvdla_blob 00000250: 00 00 00 00 00 00 00 00 00 00 00 00 00 00 00 00
[   23.780215] nvdla_blob 00000260: 00 00 00 00 00 00 00 00 00 00 00 00 00 00 00 00
[   23.781845] nvdla_blob 00000270: 00 00 00 00 00 00 00 00 00 00 00 00 00 00 00 00
[   23.782265] nvdla_blob 00000280: 00 00 00 00 00 00 00 00 00 00 00 00 00 00 00 00
[   23.782675] nvdla_blob 00000290: 00 00 00 00 00 00 00 00 00 00 00 00 00 00 00 00
[   23.783072] nvdla_blob 000002a0: 00 00 00 00 00 00 00 00 00 00 00 00 00 00 00 00
[   23.783456] nvdla_blob 000002b0: 00 00 00 00 00 00 00 00 00 00 00 00 00 00 00 00
[   23.783834] nvdla_blob 000002c0: 00 00 00 00 00 00 00 00 00 00 00 00 00 00 00 00
[   23.784303] nvdla_blob 000002d0: 00 00 00 00 00 00 00 00 00 00 00 00 00 00 00 00
[   23.786013] nvdla_blob 000002e0: 00 00 00 00 00 00 00 00 00 00 00 00 00 00 00 00
[   23.786461] nvdla_blob 000002f0: 00 00 00 00 00 00 00 00 00 00 00 00 00 00 00 00
[   23.786872] nvdla_blob 00000300: 00 00 00 00 00 00 00 00 00 00 00 00 00 00 00 00
[   23.787263] nvdla_blob 00000310: 00 00 00 00 00 00 00 00 00 00 00 00 00 00 00 00
[   23.787635] nvdla_blob 00000320: 00 00 00 00 00 00 00 00 00 00 00 00 00 00 00 00
[   23.788063] nvdla_blob 00000330: 00 00 00 00 00 00 00 00 00 00 00 00 00 00 00 00
[   23.789670] nvdla_blob 00000340: 00 00 00 00 00 00 00 00 00 00 00 00 00 00 00 00
[   23.790059] nvdla_blob 00000350: 00 00 00 00 00 00 00 00 00 00 00 00 00 00 00 00
[   23.790434] nvdla_blob 00000360: 00 00 00 00 00 00 00 00 00 00 00 00 00 00 00 00
[   23.790806] nvdla_blob 00000370: 00 00 00 00 00 00 00 00 00 00 00 00 00 00 00 00
[   23.791200] nvdla_blob 00000380: 00 00 00 00 00 00 00 00 00 00 00 00 00 00 00 00
[   23.791580] nvdla_blob 00000390: 00 00 00 00 00 00 00 00 00 00 00 00 00 00 00 00
[   23.791961] nvdla_blob 000003a0: 00 00 00 00 00 00 00 00 00 00 00 00 00 00 00 00
[   23.793547] nvdla_blob 000003b0: 00 00 00 00 00 00 00 00 00 00 00 00 00 00 00 00
[   23.793979] nvdla_blob 000003c0: 00 00 00 00 00 00 00 00 00 00 00 00 00 00 00 00
[   23.794358] nvdla_blob 000003d0: 00 00 00 00 00 00 00 00 00 00 00 00 00 00 00 00
[   23.794735] nvdla_blob 000003e0: 00 00 00 00 00 00 00 00 00 00 00 00 00 00 00 00
[   23.795117] nvdla_blob 000003f0: 00 00 00 00 00 00 00 00 00 00 00 00 00 00 00 00
[   23.795491] nvdla_blob 00000400: 00 00 00 00 00 00 00 00 00 00 00 00 00 00 00 00
[   23.795874] nvdla_blob 00000410: 00 00 00 00 00 00 00 00 00 00 00 00 00 00 00 00
[   23.797299] nvdla_blob 00000420: 00 00 00 00 00 00 00 00 00 00 00 00 00 00 00 00
[   23.797729] nvdla_blob 00000430: 00 00 00 00 00 00 00 00 00 00 00 00 00 00 00 00
[   23.798120] nvdla_blob 00000440: 00 00 00 00 00 00 00 00 00 00 00 00 00 00 00 00
[   23.798497] nvdla_blob 00000450: 00 00 00 00 00 00 00 00 00 00 00 00 00 00 00 00
[   23.798878] nvdla_blob 00000460: 00 00 00 00 00 00 00 00 00 00 00 00 00 00 00 00
[   23.799258] nvdla_blob 00000470: 00 00 00 00 00 00 00 00 00 00 00 00 00 00 00 00
[   23.799634] nvdla_blob 00000480: 00 00 00 00 00 00 00 00 00 00 00 00 00 00 00 00
[   23.800030] nvdla_blob 00000490: 00 00 00 00 00 00 00 00 00 00 00 00 00 00 00 00
[   23.801606] nvdla_blob 000004a0: 00 00 00 00 00 00 00 00 00 00 00 00 00 00 00 00
[   23.802071] nvdla_blob 000004b0: 00 00 00 00 00 00 00 00 00 00 00 00 00 00 00 00
[   23.802453] nvdla_blob 000004c0: 00 00 00 00 00 00 00 00 00 00 00 00 00 00 00 00
[   23.802830] nvdla_blob 000004d0: 00 00 00 00 00 00 00 00 00 00 00 00 00 00 00 00
[   23.803217] nvdla_blob 000004e0: 00 00 00 00 00 00 00 00 00 00 00 00 00 00 00 00
[   23.803593] nvdla_blob 000004f0: 00 00 00 00 00 00 00 00 00 00 00 00 00 00 00 00
[   23.803974] nvdla_blob 00000500: 00 00 00 00 00 00 00 00 00 00 00 00 00 00 00 00
[   23.805534] nvdla_blob 00000510: 00 00 00 00 00 00 00 00 00 00 00 00 00 00 00 00
[   23.805961] nvdla_blob 00000520: 00 00 00 00 00 00 00 00 00 00 00 00 00 00 00 00
[   23.806341] nvdla_blob 00000530: 00 00 00 00 00 00 00 00 00 00 00 00 00 00 00 00
[   23.806718] nvdla_blob 00000540: 00 00 00 00 00 00 00 00 00 00 00 00 00 00 00 00
[   23.807101] nvdla_blob 00000550: 00 00 00 00 00 00 00 00 00 00 00 00 00 00 00 00
[   23.807478] nvdla_blob 00000560: 00 00 00 00 00 00 00 00 00 00 00 00 00 00 00 00
[   23.807869] nvdla_blob 00000570: 00 00 00 00 00 00 00 00 00 00 00 00 00 00 00 00
[   23.809464] nvdla_blob 00000580: 00 00 00 00 00 00 00 00 00 00 00 00 00 00 00 00
[   23.809904] nvdla_blob 00000590: 00 00 00 00 00 00 00 00 00 00 00 00 00 00 00 00
[   23.810286] nvdla_blob 000005a0: 00 00 00 00 00 00 00 00 00 00 00 00 00 00 00 00
[   23.810662] nvdla_blob 000005b0: 00 00 00 00 00 00 00 00 00 00 00 00 00 00 00 00
[   23.811047] nvdla_blob 000005c0: 00 00 00 00 00 00 00 00 00 00 00 00 00 00 00 00
[   23.811424] nvdla_blob 000005d0: 00 00 00 00 00 00 00 00 00 00 00 00 00 00 00 00
[   23.811802] nvdla_blob 000005e0: 00 00 00 00 00 00 00 00 00 00 00 00 00 00 00 00
[   23.812181] nvdla_blob 000005f0: 00 00 00 00 00 00 00 00 00 00 00 00 00 00 00 00
[   23.813752] nvdla_blob 00000600: 00 00 00 00 00 00 00 00 00 00 00 00 00 00 00 00
[   23.814186] nvdla_blob 00000610: 00 00 00 00 00 00 00 00 00 00 00 00 00 00 00 00
[   23.814568] nvdla_blob 00000620: 00 00 00 00 00 00 00 00 00 00 00 00 00 00 00 00
[   23.815206] nvdla_blob 00000630: 00 00 00 00 00 00 00 00 00 00 00 00 00 00 00 00
[   23.815593] nvdla_blob 00000640: 00 00 00 00 00 00 00 00 00 00 00 00 00 00 00 00
[   23.815987] nvdla_blob 00000650: 00 00 00 00 00 00 00 00 00 00 00 00 00 00 00 00
[   23.817753] nvdla_blob 00000660: 00 00 00 00 00 00 00 00 00 00 00 00 00 00 00 00
[   23.818221] nvdla_blob 00000670: 00 00 00 00 00 00 00 00 00 00 00 00 00 00 00 00
[   23.818594] nvdla_blob 00000680: 00 00 00 00 00 00 00 00 00 00 00 00 00 00 00 00
[   23.818978] nvdla_blob 00000690: 00 00 00 00 00 00 00 00 00 00 00 00 00 00 00 00
[   23.819587] nvdla_blob 000006a0: 00 00 00 00 00 00 00 00 00 00 00 00 00 00 00 00
[   23.819988] nvdla_blob 000006b0: 00 00 00 00 00 00 00 00 00 00 00 00 00 00 00 00
[   23.821554] nvdla_blob 000006c0: 00 00 00 00 00 00 00 00 00 00 00 00 00 00 00 00
[   23.821985] nvdla_blob 000006d0: 00 00 00 00 00 00 00 00 00 00 00 00 00 00 00 00
[   23.822364] nvdla_blob 000006e0: 00 00 00 00 00 00 00 00 00 00 00 00 00 00 00 00
[   23.822744] nvdla_blob 000006f0: 00 00 00 00 00 00 00 00 00 00 00 00 00 00 00 00
[   23.823127] nvdla_blob 00000700: 00 00 00 00 00 00 00 00 00 00 00 00 00 00 00 00
[   23.823508] nvdla_blob 00000710: 00 00 00 00 00 00 00 00 00 00 00 00 00 00 00 00
[   23.823888] nvdla_blob 00000720: 00 00 00 00 00 00 00 00 00 00 00 00 00 00 00 00
[   23.825358] nvdla_blob 00000730: 00 00 00 00 00 00 00 00 00 00 00 00 00 00 00 00
[   23.825775] nvdla_blob 00000740: 00 00 00 00 00 00 00 00 00 00 00 00 00 00 00 00
[   23.826163] nvdla_blob 00000750: 00 00 00 00 00 00 00 00 00 00 00 00 00 00 00 00
[   23.826622] nvdla_blob 00000760: 00 00 00 00 00 00 00 00 00 00 00 00 00 00 00 00
[   23.827119] nvdla_blob 00000770: 00 00 00 00 00 00 00 00 00 00 00 00 00 00 00 00
[   23.827501] nvdla_blob 00000780: 00 00 00 00 00 00 00 00 00 00 00 00 00 00 00 00
[   23.827887] nvdla_blob 00000790: 00 00 00 00 00 00 00 00 00 00 00 00 00 00 00 00
[   23.829499] nvdla_blob 000007a0: 00 00 00 00 00 00 00 00 00 00 00 00 00 00 00 00
[   23.829958] nvdla_blob 000007b0: 00 00 00 00 00 00 00 00 00 00 00 00 00 00 00 00
[   23.830340] nvdla_blob 000007c0: 00 00 00 00 00 00 00 00 00 00 00 00 00 00 00 00
[   23.830718] nvdla_blob 000007d0: 00 00 00 00 00 00 00 00 00 00 00 00 00 00 00 00
[   23.831105] nvdla_blob 000007e0: 00 00 00 00 00 00 00 00 00 00 00 00 00 00 00 00
[   23.831484] nvdla_blob 000007f0: 00 00 00 00 00 00 00 00 00 00 00 00 00 00 00 00
[   23.831867] nvdla_blob 00000800: 00 00 00 00 00 00 00 00 00 00 00 00 00 00 00 00
[   23.832271] nvdla_blob 00000810: 00 00 00 00 00 00 00 00 00 00 00 00 00 00 00 00
[   23.833955] nvdla_blob 00000820: 00 00 00 00 00 00 00 00 00 00 00 00 00 00 00 00
[   23.834340] nvdla_blob 00000830: 00 00 00 00 00 00 00 00 00 00 00 00 00 00 00 00
[   23.834718] nvdla_blob 00000840: 00 00 00 00 00 00 00 00 00 00 00 00 00 00 00 00
[   23.835110] nvdla_blob 00000850: 00 00 00 00 00 00 00 00 00 00 00 00 00 00 00 00
[   23.835494] nvdla_blob 00000860: 00 00 00 00 00 00 00 00 00 00 00 00 00 00 00 00
[   23.835879] nvdla_blob 00000870: 00 00 00 00 00 00 00 00 00 00 00 00 00 00 00 00
[   23.837312] nvdla_blob 00000880: 00 00 00 00 00 00 00 00 00 00 00 00 00 00 00 00
[   23.837728] nvdla_blob 00000890: 00 00 00 00 00 00 00 00 00 00 00 00 00 00 00 00
[   23.838114] nvdla_blob 000008a0: 00 00 00 00 00 00 00 00 00 00 00 00 00 00 00 00
[   23.838561] nvdla_blob 000008b0: 00 00 00 00 00 00 00 00 00 00 00 00 00 00 00 00
[   23.839035] nvdla_blob 000008c0: 00 00 00 00 00 00 00 00 00 00 00 00 00 00 00 00
[   23.839446] nvdla_blob 000008d0: 00 00 00 00 00 00 00 00 00 00 00 00 00 00 00 00
[   23.839819] nvdla_blob 000008e0: 00 00 00 00 00 00 00 00 00 00 00 00 00 00 00 00
[   23.840210] nvdla_blob 000008f0: 00 00 00 00 00 00 00 00 00 00 00 00 00 00 00 00
[   23.841711] nvdla_blob 00000900: 00 00 00 00 00 00 00 00 00 00 00 00 00 00 00 00
[   23.842106] nvdla_blob 00000910: 00 00 00 00 00 00 00 00 00 00 00 00 00 00 00 00
[   23.842481] nvdla_blob 00000920: 00 00 00 00 00 00 00 00 00 00 00 00 00 00 00 00
[   23.842872] nvdla_blob 00000930: 00 00 00 00 00 00 00 00 00 00 00 00 00 00 00 00
[   23.843245] nvdla_blob 00000940: 00 00 00 00 00 00 00 00 00 00 00 00 00 00 00 00
[   23.843622] nvdla_blob 00000950: 00 00 00 00 00 00 00 00 00 00 00 00 00 00 00 00
[   23.844033] nvdla_blob 00000960: 00 00 00 00 00 00 00 00 00 00 00 00 00 00 00 00
[   23.845681] nvdla_blob 00000970: 00 00 00 00 00 00 00 00 00 00 00 00 00 00 00 00
[   23.846072] nvdla_blob 00000980: 00 00 00 00 00 00 00 00 00 00 00 00 00 00 00 00
[   23.846489] nvdla_blob 00000990: 00 00 00 00 00 00 00 00 00 00 00 00 00 00 00 00
[   23.846957] nvdla_blob 000009a0: 00 00 00 00 00 00 00 00 00 00 00 00 00 00 00 00
[   23.847386] nvdla_blob 000009b0: 00 00 00 00 00 00 00 00 00 00 00 00 00 00 00 00
[   23.847762] nvdla_blob 000009c0: 00 00 00 00 00 00 00 00 00 00 00 00 00 00 00 00
[   23.848218] nvdla_blob 000009d0: 00 00 00 00 00 00 00 00 00 00 00 00 00 00 00 00
[   23.849970] nvdla_blob 000009e0: 00 00 00 00 00 00 00 00 00 00 00 00 00 00 00 00
[   23.850353] nvdla_blob 000009f0: 00 00 00 00 00 00 00 00 00 00 00 00 00 00 00 00
[   23.850729] nvdla_blob 00000a00: 00 00 00 00 00 00 00 00 00 00 00 00 00 00 00 00
[   23.851110] nvdla_blob 00000a10: 00 00 00 00 00 00 00 00 00 00 00 00 00 00 00 00
[   23.851481] nvdla_blob 00000a20: 00 00 00 00 00 00 00 00 00 00 00 00 00 00 00 00
[   23.851865] nvdla_blob 00000a30: 00 00 00 00 00 00 00 00 00 00 00 00 00 00 00 00
[   23.852257] nvdla_blob 00000a40: 00 00 00 00 00 00 00 00 00 00 00 00 00 00 00 00
[   23.853763] nvdla_blob 00000a50: 00 00 00 00 00 00 00 00 00 00 00 00 00 00 00 00
[   23.854196] nvdla_blob 00000a60: 00 00 00 00 00 00 00 00 00 00 00 00 00 00 00 00
[   23.854656] nvdla_blob 00000a70: 00 00 00 00 00 00 00 00 00 00 00 00 00 00 00 00
[   23.855127] nvdla_blob 00000a80: 00 00 00 00 00 00 00 00 00 00 00 00 00 00 00 00
[   23.855517] nvdla_blob 00000a90: 00 00 00 00 00 00 00 00 00 00 00 00 00 00 00 00
[   23.855894] nvdla_blob 00000aa0: 00 00 00 00 00 00 00 00 00 00 00 00 00 00 00 00
[   23.857401] nvdla_blob 00000ab0: 00 00 00 00 00 00 00 00 00 00 00 00 00 00 00 00
[   23.857821] nvdla_blob 00000ac0: 00 00 00 00 00 00 00 00 00 00 00 00 00 00 00 00
[   23.858211] nvdla_blob 00000ad0: 00 00 00 00 00 00 00 00 00 00 00 00 00 00 00 00
[   23.858671] nvdla_blob 00000ae0: 00 00 00 00 00 00 00 00 00 00 00 00 00 00 00 00
[   23.859129] nvdla_blob 00000af0: 00 00 00 00 00 00 00 00 00 00 00 00 00 00 00 00
[   23.859525] nvdla_blob 00000b00: 00 00 00 00 00 00 00 00 00 00 00 00 00 00 00 00
[   23.859905] nvdla_blob 00000b10: 00 00 00 00 00 00 00 00 00 00 00 00 00 00 00 00
[   23.861453] nvdla_blob 00000b20: 00 00 00 00 00 00 00 00 00 00 00 00 00 00 00 00
[   23.861886] nvdla_blob 00000b30: 00 00 00 00 00 00 00 00 00 00 00 00 00 00 00 00
[   23.862267] nvdla_blob 00000b40: 00 00 00 00 00 00 00 00 00 00 00 00 00 00 00 00
[   23.862728] nvdla_blob 00000b50: 00 00 00 00 00 00 00 00 00 00 00 00 00 00 00 00
[   23.863204] nvdla_blob 00000b60: 00 00 00 00 00 00 00 00 00 00 00 00 00 00 00 00
[   23.863587] nvdla_blob 00000b70: 00 00 00 00 00 00 00 00 00 00 00 00 00 00 00 00
[   23.863968] nvdla_blob 00000b80: 00 00 00 00 00 00 00 00 00 00 00 00 00 00 00 00
[   23.865586] nvdla_blob 00000b90: 00 00 00 00 00 00 00 00 00 00 00 00 00 00 00 00
[   23.866029] nvdla_blob 00000ba0: 00 00 00 00 00 00 00 00 00 00 00 00 00 00 00 00
[   23.866410] nvdla_blob 00000bb0: 00 00 00 00 00 00 00 00 00 00 00 00 00 00 00 00
[   23.866789] nvdla_blob 00000bc0: 00 00 00 00 00 00 00 00 00 00 00 00 00 00 00 00
[   23.867178] nvdla_blob 00000bd0: 00 00 00 00 00 00 00 00 00 00 00 00 00 00 00 00
[   23.867558] nvdla_blob 00000be0: 00 00 00 00 00 00 00 00 00 00 00 00 00 00 00 00
[   23.867943] nvdla_blob 00000bf0: 00 00 00 00 00 00 00 00 00 00 00 00 00 00 00 00
[   23.869444] nvdla_blob 00000c00: 00 00 00 00 00 00 00 00 00 00 00 00 00 00 00 00
[   23.869870] nvdla_blob 00000c10: 00 00 00 00 00 00 00 00 00 00 00 00 00 00 00 00
[   23.870251] nvdla_blob 00000c20: 00 00 00 00 00 00 00 00 00 00 00 00 00 00 00 00
[   23.870720] nvdla_blob 00000c30: 00 00 00 00 00 00 00 00 00 00 00 00 00 00 00 00
[   23.871185] nvdla_blob 00000c40: 00 00 00 00 00 00 00 00 00 00 00 00 00 00 00 00
[   23.871575] nvdla_blob 00000c50: 00 00 00 00 00 00 00 00 00 00 00 00 00 00 00 00
[   23.871955] nvdla_blob 00000c60: 00 00 00 00 00 00 00 00 00 00 00 00 00 00 00 00
[   23.873519] nvdla_blob 00000c70: 00 00 00 00 00 00 00 00 00 00 00 00 00 00 00 00
[   23.873992] nvdla_blob 00000c80: 00 00 00 00 00 00 00 00 00 00 00 00 00 00 00 00
[   23.874395] nvdla_blob 00000c90: 00 00 00 00 00 00 00 00 00 00 00 00 00 00 00 00
[   23.874773] nvdla_blob 00000ca0: 00 00 00 00 00 00 00 00 00 00 00 00 00 00 00 00
[   23.875160] nvdla_blob 00000cb0: 00 00 00 00 00 00 00 00 00 00 00 00 00 00 00 00
[   23.875535] nvdla_blob 00000cc0: 00 00 00 00 00 00 00 00 00 00 00 00 00 00 00 00
[   23.875917] nvdla_blob 00000cd0: 00 00 00 00 00 00 00 00 00 00 00 00 00 00 00 00
[   23.877481] nvdla_blob 00000ce0: 00 00 00 00 00 00 00 00 00 00 00 00 00 00 00 00
[   23.877917] nvdla_blob 00000cf0: 00 00 00 00 00 00 00 00 00 00 00 00 00 00 00 00
[   23.878297] nvdla_blob 00000d00: 00 00 00 00 00 00 00 00 00 00 00 00 00 00 00 00
[   23.878679] nvdla_blob 00000d10: 00 00 00 00 00 00 00 00 00 00 00 00 00 00 00 00
[   23.879063] nvdla_blob 00000d20: 00 00 00 00 00 00 00 00 00 00 00 00 00 00 00 00
[   23.879439] nvdla_blob 00000d30: 00 00 00 00 00 00 00 00 00 00 00 00 00 00 00 00
[   23.879814] nvdla_blob 00000d40: 00 00 00 00 00 00 00 00 00 00 00 00 00 00 00 00
[   23.880221] nvdla_blob 00000d50: 00 00 00 00 00 00 00 00 00 00 00 00 00 00 00 00
[   23.881781] nvdla_blob 00000d60: 00 00 00 00 00 00 00 00 00 00 00 00 00 00 00 00
[   23.882177] nvdla_blob 00000d70: 00 00 00 00 00 00 00 00 00 00 00 00 00 00 00 00
[   23.882565] nvdla_blob 00000d80: 00 00 00 00 00 00 00 00 00 00 00 00 00 00 00 00
[   23.882956] nvdla_blob 00000d90: 00 00 00 00 00 00 00 00 00 00 00 00 00 00 00 00
[   23.883333] nvdla_blob 00000da0: 00 00 00 00 00 00 00 00 00 00 00 00 00 00 00 00
[   23.883709] nvdla_blob 00000db0: 00 00 00 00 00 00 00 00 00 00 00 00 00 00 00 00
[   23.884098] nvdla_blob 00000dc0: 00 00 00 00 00 00 00 00 00 00 00 00 00 00 00 00
[   23.885636] nvdla_blob 00000dd0: 00 00 00 00 00 00 00 00 00 00 00 00 00 00 00 00
[   23.886026] nvdla_blob 00000de0: 00 00 00 00 00 00 00 00 00 00 00 00 00 00 00 00
[   23.886411] nvdla_blob 00000df0: 00 00 00 00 00 00 00 00 00 00 00 00 00 00 00 00
[   23.886878] nvdla_blob 00000e00: 00 00 00 00 00 00 00 00 00 00 00 00 00 00 00 00
[   23.887340] nvdla_blob 00000e10: 00 00 00 00 00 00 00 00 00 00 00 00 00 00 00 00
[   23.887712] nvdla_blob 00000e20: 00 00 00 00 00 00 00 00 00 00 00 00 00 00 00 00
[   23.888104] nvdla_blob 00000e30: 00 00 00 00 00 00 00 00 00 00 00 00 00 00 00 00
[   23.889714] nvdla_blob 00000e40: 00 00 00 00 00 00 00 00 00 00 00 00 00 00 00 00
[   23.890115] nvdla_blob 00000e50: 00 00 00 00 00 00 00 00 00 00 00 00 00 00 00 00
[   23.890492] nvdla_blob 00000e60: 00 00 00 00 00 00 00 00 00 00 00 00 00 00 00 00
[   23.890872] nvdla_blob 00000e70: 00 00 00 00 00 00 00 00 00 00 00 00 00 00 00 00
[   23.891249] nvdla_blob 00000e80: 00 00 00 00 00 00 00 00 00 00 00 00 00 00 00 00
[   23.891623] nvdla_blob 00000e90: 00 00 00 00 00 00 00 00 00 00 00 00 00 00 00 00
[   23.892014] nvdla_blob 00000ea0: 00 00 00 00 00 00 00 00 00 00 00 00 00 00 00 00
[   23.893556] nvdla_blob 00000eb0: 00 00 00 00 00 00 00 00 00 00 00 00 00 00 00 00
[   23.893990] nvdla_blob 00000ec0: 00 00 00 00 00 00 00 00 00 00 00 00 00 00 00 00
[   23.894368] nvdla_blob 00000ed0: 00 00 00 00 00 00 00 00 00 00 00 00 00 00 00 00
[   23.894744] nvdla_blob 00000ee0: 00 00 00 00 00 00 00 00 00 00 00 00 00 00 00 00
[   23.895128] nvdla_blob 00000ef0: 00 00 00 00 00 00 00 00 00 00 00 00 00 00 00 00
[   23.895507] nvdla_blob 00000f00: 00 00 00 00 00 00 00 00 00 00 00 00 00 00 00 00
[   23.895886] nvdla_blob 00000f10: 00 00 00 00 00 00 00 00 00 00 00 00 00 00 00 00
[   23.897302] nvdla_blob 00000f20: 00 00 00 00 00 00 00 00 00 00 00 00 00 00 00 00
[   23.897728] nvdla_blob 00000f30: 00 00 00 00 00 00 00 00 00 00 00 00 00 00 00 00
[   23.898121] nvdla_blob 00000f40: 00 00 00 00 00 00 00 00 00 00 00 00 00 00 00 00
[   23.898524] nvdla_blob 00000f50: 00 00 00 00 00 00 00 00 00 00 00 00 00 00 00 00
[   23.898995] nvdla_blob 00000f60: 00 00 00 00 00 00 00 00 00 00 00 00 00 00 00 00
[   23.899452] nvdla_blob 00000f70: 00 00 00 00 00 00 00 00 00 00 00 00 00 00 00 00
[   23.899828] nvdla_blob 00000f80: 00 00 00 00 00 00 00 00 00 00 00 00 00 00 00 00
[   23.900222] nvdla_blob 00000f90: 00 00 00 00 00 00 00 00 00 00 00 00 00 00 00 00
[   23.901824] nvdla_blob 00000fa0: 00 00 00 00 00 00 00 00 00 00 00 00 00 00 00 00
[   23.902217] nvdla_blob 00000fb0: 00 00 00 00 00 00 00 00 00 00 00 00 00 00 00 00
[   23.902596] nvdla_blob 00000fc0: 00 00 00 00 00 00 00 00 00 00 00 00 00 00 00 00
[   23.902977] nvdla_blob 00000fd0: 00 00 00 00 00 00 00 00 00 00 00 00 00 00 00 00
[   23.903348] nvdla_blob 00000fe0: 00 00 00 00 00 00 00 00 00 00 00 00 00 00 00 00
[   23.903736] nvdla_blob 00000ff0: 00 00 00 00 00 00 00 00 00 00 00 00 00 00 00 00
[   23.903922] nvdla_blob[2] prime_fd=11 handle=8 size=4096 dma=0xc0007000 full_4096_bytes:
[   23.905416] nvdla_blob 00000000: 00 53 00 00 00 00 00 00 00 00 00 00 00 00 00 00
[   23.905842] nvdla_blob 00000010: 00 00 00 00 00 00 00 00 00 00 00 00 00 00 00 00
[   23.906228] nvdla_blob 00000020: 00 00 00 00 00 00 00 00 00 00 00 00 00 00 00 00
[   23.906682] nvdla_blob 00000030: 00 00 00 00 00 00 00 00 00 00 00 00 00 00 00 00
[   23.907147] nvdla_blob 00000040: 00 00 00 00 00 00 00 00 00 00 00 00 00 00 00 00
[   23.907567] nvdla_blob 00000050: 00 00 00 00 00 00 00 00 00 00 00 00 00 00 00 00
[   23.907949] nvdla_blob 00000060: 00 00 00 00 00 00 00 00 00 00 00 00 00 00 00 00
[   23.909390] nvdla_blob 00000070: 00 00 00 00 00 00 00 00 00 00 00 00 00 00 00 00
[   23.909810] nvdla_blob 00000080: 00 00 00 00 00 00 00 00 00 00 00 00 00 00 00 00
[   23.910196] nvdla_blob 00000090: 00 00 00 00 00 00 00 00 00 00 00 00 00 00 00 00
[   23.910616] nvdla_blob 000000a0: 00 00 00 00 00 00 00 00 00 00 00 00 00 00 00 00
[   23.911081] nvdla_blob 000000b0: 00 00 00 00 00 00 00 00 00 00 00 00 00 00 00 00
[   23.911522] nvdla_blob 000000c0: 00 00 00 00 00 00 00 00 00 00 00 00 00 00 00 00
[   23.911899] nvdla_blob 000000d0: 00 00 00 00 00 00 00 00 00 00 00 00 00 00 00 00
[   23.913294] nvdla_blob 000000e0: 00 00 00 00 00 00 00 00 00 00 00 00 00 00 00 00
[   23.913702] nvdla_blob 000000f0: 00 00 00 00 00 00 00 00 00 00 00 00 00 00 00 00
[   23.914087] nvdla_blob 00000100: 00 00 00 00 00 00 00 00 00 00 00 00 00 00 00 00
[   23.914463] nvdla_blob 00000110: 00 00 00 00 00 00 00 00 00 00 00 00 00 00 00 00
[   23.914934] nvdla_blob 00000120: 00 00 00 00 00 00 00 00 00 00 00 00 00 00 00 00
[   23.915398] nvdla_blob 00000130: 00 00 00 00 00 00 00 00 00 00 00 00 00 00 00 00
[   23.915774] nvdla_blob 00000140: 00 00 00 00 00 00 00 00 00 00 00 00 00 00 00 00
[   23.916169] nvdla_blob 00000150: 00 00 00 00 00 00 00 00 00 00 00 00 00 00 00 00
[   23.917937] nvdla_blob 00000160: 00 00 00 00 00 00 00 00 00 00 00 00 00 00 00 00
[   23.918321] nvdla_blob 00000170: 00 00 00 00 00 00 00 00 00 00 00 00 00 00 00 00
[   23.918716] nvdla_blob 00000180: 00 00 00 00 00 00 00 00 00 00 00 00 00 00 00 00
[   23.919105] nvdla_blob 00000190: 00 00 00 00 00 00 00 00 00 00 00 00 00 00 00 00
[   23.919488] nvdla_blob 000001a0: 00 00 00 00 00 00 00 00 00 00 00 00 00 00 00 00
[   23.919868] nvdla_blob 000001b0: 00 00 00 00 00 00 00 00 00 00 00 00 00 00 00 00
[   23.920326] nvdla_blob 000001c0: 00 00 00 00 00 00 00 00 00 00 00 00 00 00 00 00
[   23.921927] nvdla_blob 000001d0: 00 00 00 00 00 00 00 00 00 00 00 00 00 00 00 00
[   23.922308] nvdla_blob 000001e0: 00 00 00 00 00 00 00 00 00 00 00 00 00 00 00 00
[   23.922689] nvdla_blob 000001f0: 00 00 00 00 00 00 00 00 00 00 00 00 00 00 00 00
[   23.923072] nvdla_blob 00000200: 00 00 00 00 00 00 00 00 00 00 00 00 00 00 00 00
[   23.923450] nvdla_blob 00000210: 00 00 00 00 00 00 00 00 00 00 00 00 00 00 00 00
[   23.923826] nvdla_blob 00000220: 00 00 00 00 00 00 00 00 00 00 00 00 00 00 00 00
[   23.924222] nvdla_blob 00000230: 00 00 00 00 00 00 00 00 00 00 00 00 00 00 00 00
[   23.925685] nvdla_blob 00000240: 00 00 00 00 00 00 00 00 00 00 00 00 00 00 00 00
[   23.926073] nvdla_blob 00000250: 00 00 00 00 00 00 00 00 00 00 00 00 00 00 00 00
[   23.926450] nvdla_blob 00000260: 00 00 00 00 00 00 00 00 00 00 00 00 00 00 00 00
[   23.926925] nvdla_blob 00000270: 00 00 00 00 00 00 00 00 00 00 00 00 00 00 00 00
[   23.927391] nvdla_blob 00000280: 00 00 00 00 00 00 00 00 00 00 00 00 00 00 00 00
[   23.927769] nvdla_blob 00000290: 00 00 00 00 00 00 00 00 00 00 00 00 00 00 00 00
[   23.928162] nvdla_blob 000002a0: 00 00 00 00 00 00 00 00 00 00 00 00 00 00 00 00
[   23.929617] nvdla_blob 000002b0: 00 00 00 00 00 00 00 00 00 00 00 00 00 00 00 00
[   23.930011] nvdla_blob 000002c0: 00 00 00 00 00 00 00 00 00 00 00 00 00 00 00 00
[   23.930390] nvdla_blob 000002d0: 00 00 00 00 00 00 00 00 00 00 00 00 00 00 00 00
[   23.930870] nvdla_blob 000002e0: 00 00 00 00 00 00 00 00 00 00 00 00 00 00 00 00
[   23.931340] nvdla_blob 000002f0: 00 00 00 00 00 00 00 00 00 00 00 00 00 00 00 00
[   23.931721] nvdla_blob 00000300: 00 00 00 00 00 00 00 00 00 00 00 00 00 00 00 00
[   23.932118] nvdla_blob 00000310: 00 00 00 00 00 00 00 00 00 00 00 00 00 00 00 00
[   23.933849] nvdla_blob 00000320: 00 00 00 00 00 00 00 00 00 00 00 00 00 00 00 00
[   23.934269] nvdla_blob 00000330: 00 00 00 00 00 00 00 00 00 00 00 00 00 00 00 00
[   23.934649] nvdla_blob 00000340: 00 00 00 00 00 00 00 00 00 00 00 00 00 00 00 00
[   23.935036] nvdla_blob 00000350: 00 00 00 00 00 00 00 00 00 00 00 00 00 00 00 00
[   23.935410] nvdla_blob 00000360: 00 00 00 00 00 00 00 00 00 00 00 00 00 00 00 00
[   23.935791] nvdla_blob 00000370: 00 00 00 00 00 00 00 00 00 00 00 00 00 00 00 00
[   23.937508] nvdla_blob 00000380: 00 00 00 00 00 00 00 00 00 00 00 00 00 00 00 00
[   23.937962] nvdla_blob 00000390: 00 00 00 00 00 00 00 00 00 00 00 00 00 00 00 00
[   23.938341] nvdla_blob 000003a0: 00 00 00 00 00 00 00 00 00 00 00 00 00 00 00 00
[   23.938804] nvdla_blob 000003b0: 00 00 00 00 00 00 00 00 00 00 00 00 00 00 00 00
[   23.939264] nvdla_blob 000003c0: 00 00 00 00 00 00 00 00 00 00 00 00 00 00 00 00
[   23.939643] nvdla_blob 000003d0: 00 00 00 00 00 00 00 00 00 00 00 00 00 00 00 00
[   23.941121] nvdla_blob 000003e0: 00 00 00 00 00 00 00 00 00 00 00 00 00 00 00 00
[   23.941570] nvdla_blob 000003f0: 00 00 00 00 00 00 00 00 00 00 00 00 00 00 00 00
[   23.941962] nvdla_blob 00000400: 00 00 00 00 00 00 00 00 00 00 00 00 00 00 00 00
[   23.942334] nvdla_blob 00000410: 00 00 00 00 00 00 00 00 00 00 00 00 00 00 00 00
[   23.942796] nvdla_blob 00000420: 00 00 00 00 00 00 00 00 00 00 00 00 00 00 00 00
[   23.943263] nvdla_blob 00000430: 00 00 00 00 00 00 00 00 00 00 00 00 00 00 00 00
[   23.943660] nvdla_blob 00000440: 00 00 00 00 00 00 00 00 00 00 00 00 00 00 00 00
[   23.944065] nvdla_blob 00000450: 00 00 00 00 00 00 00 00 00 00 00 00 00 00 00 00
[   23.945622] nvdla_blob 00000460: 00 00 00 00 00 00 00 00 00 00 00 00 00 00 00 00
[   23.946010] nvdla_blob 00000470: 00 00 00 00 00 00 00 00 00 00 00 00 00 00 00 00
[   23.946386] nvdla_blob 00000480: 00 00 00 00 00 00 00 00 00 00 00 00 00 00 00 00
[   23.946843] nvdla_blob 00000490: 00 00 00 00 00 00 00 00 00 00 00 00 00 00 00 00
[   23.947313] nvdla_blob 000004a0: 00 00 00 00 00 00 00 00 00 00 00 00 00 00 00 00
[   23.947694] nvdla_blob 000004b0: 00 00 00 00 00 00 00 00 00 00 00 00 00 00 00 00
[   23.948095] nvdla_blob 000004c0: 00 00 00 00 00 00 00 00 00 00 00 00 00 00 00 00
[   23.949560] nvdla_blob 000004d0: 00 00 00 00 00 00 00 00 00 00 00 00 00 00 00 00
[   23.949947] nvdla_blob 000004e0: 00 00 00 00 00 00 00 00 00 00 00 00 00 00 00 00
[   23.950321] nvdla_blob 000004f0: 00 00 00 00 00 00 00 00 00 00 00 00 00 00 00 00
[   23.950768] nvdla_blob 00000500: 00 00 00 00 00 00 00 00 00 00 00 00 00 00 00 00
[   23.951233] nvdla_blob 00000510: 00 00 00 00 00 00 00 00 00 00 00 00 00 00 00 00
[   23.951650] nvdla_blob 00000520: 00 00 00 00 00 00 00 00 00 00 00 00 00 00 00 00
[   23.952072] nvdla_blob 00000530: 00 00 00 00 00 00 00 00 00 00 00 00 00 00 00 00
[   23.953554] nvdla_blob 00000540: 00 00 00 00 00 00 00 00 00 00 00 00 00 00 00 00
[   23.953943] nvdla_blob 00000550: 00 00 00 00 00 00 00 00 00 00 00 00 00 00 00 00
[   23.954319] nvdla_blob 00000560: 00 00 00 00 00 00 00 00 00 00 00 00 00 00 00 00
[   23.954769] nvdla_blob 00000570: 00 00 00 00 00 00 00 00 00 00 00 00 00 00 00 00
[   23.955235] nvdla_blob 00000580: 00 00 00 00 00 00 00 00 00 00 00 00 00 00 00 00
[   23.955653] nvdla_blob 00000590: 00 00 00 00 00 00 00 00 00 00 00 00 00 00 00 00
[   23.956030] nvdla_blob 000005a0: 00 00 00 00 00 00 00 00 00 00 00 00 00 00 00 00
[   23.957583] nvdla_blob 000005b0: 00 00 00 00 00 00 00 00 00 00 00 00 00 00 00 00
[   23.958002] nvdla_blob 000005c0: 00 00 00 00 00 00 00 00 00 00 00 00 00 00 00 00
[   23.958377] nvdla_blob 000005d0: 00 00 00 00 00 00 00 00 00 00 00 00 00 00 00 00
[   23.958836] nvdla_blob 000005e0: 00 00 00 00 00 00 00 00 00 00 00 00 00 00 00 00
[   23.959305] nvdla_blob 000005f0: 00 00 00 00 00 00 00 00 00 00 00 00 00 00 00 00
[   23.959715] nvdla_blob 00000600: 00 00 00 00 00 00 00 00 00 00 00 00 00 00 00 00
[   23.960093] nvdla_blob 00000610: 00 00 00 00 00 00 00 00 00 00 00 00 00 00 00 00
[   23.961558] nvdla_blob 00000620: 00 00 00 00 00 00 00 00 00 00 00 00 00 00 00 00
[   23.962017] nvdla_blob 00000630: 00 00 00 00 00 00 00 00 00 00 00 00 00 00 00 00
[   23.962417] nvdla_blob 00000640: 00 00 00 00 00 00 00 00 00 00 00 00 00 00 00 00
[   23.962891] nvdla_blob 00000650: 00 00 00 00 00 00 00 00 00 00 00 00 00 00 00 00
[   23.963373] nvdla_blob 00000660: 00 00 00 00 00 00 00 00 00 00 00 00 00 00 00 00
[   23.963811] nvdla_blob 00000670: 00 00 00 00 00 00 00 00 00 00 00 00 00 00 00 00
[   23.964248] nvdla_blob 00000680: 00 00 00 00 00 00 00 00 00 00 00 00 00 00 00 00
[   23.965959] nvdla_blob 00000690: 00 00 00 00 00 00 00 00 00 00 00 00 00 00 00 00
[   23.966341] nvdla_blob 000006a0: 00 00 00 00 00 00 00 00 00 00 00 00 00 00 00 00
[   23.966776] nvdla_blob 000006b0: 00 00 00 00 00 00 00 00 00 00 00 00 00 00 00 00
[   23.967252] nvdla_blob 000006c0: 00 00 00 00 00 00 00 00 00 00 00 00 00 00 00 00
[   23.967675] nvdla_blob 000006d0: 00 00 00 00 00 00 00 00 00 00 00 00 00 00 00 00
[   23.968060] nvdla_blob 000006e0: 00 00 00 00 00 00 00 00 00 00 00 00 00 00 00 00
[   23.969488] nvdla_blob 000006f0: 00 00 00 00 00 00 00 00 00 00 00 00 00 00 00 00
[   23.969916] nvdla_blob 00000700: 00 00 00 00 00 00 00 00 00 00 00 00 00 00 00 00
[   23.970299] nvdla_blob 00000710: 00 00 00 00 00 00 00 00 00 00 00 00 00 00 00 00
[   23.970727] nvdla_blob 00000720: 00 00 00 00 00 00 00 00 00 00 00 00 00 00 00 00
[   23.971202] nvdla_blob 00000730: 00 00 00 00 00 00 00 00 00 00 00 00 00 00 00 00
[   23.971687] nvdla_blob 00000740: 00 00 00 00 00 00 00 00 00 00 00 00 00 00 00 00
[   23.972083] nvdla_blob 00000750: 00 00 00 00 00 00 00 00 00 00 00 00 00 00 00 00
[   23.973668] nvdla_blob 00000760: 00 00 00 00 00 00 00 00 00 00 00 00 00 00 00 00
[   23.974055] nvdla_blob 00000770: 00 00 00 00 00 00 00 00 00 00 00 00 00 00 00 00
[   23.974431] nvdla_blob 00000780: 00 00 00 00 00 00 00 00 00 00 00 00 00 00 00 00
[   23.974901] nvdla_blob 00000790: 00 00 00 00 00 00 00 00 00 00 00 00 00 00 00 00
[   23.975368] nvdla_blob 000007a0: 00 00 00 00 00 00 00 00 00 00 00 00 00 00 00 00
[   23.975754] nvdla_blob 000007b0: 00 00 00 00 00 00 00 00 00 00 00 00 00 00 00 00
[   23.976152] nvdla_blob 000007c0: 00 00 00 00 00 00 00 00 00 00 00 00 00 00 00 00
[   23.977633] nvdla_blob 000007d0: 00 00 00 00 00 00 00 00 00 00 00 00 00 00 00 00
[   23.978043] nvdla_blob 000007e0: 00 00 00 00 00 00 00 00 00 00 00 00 00 00 00 00
[   23.978423] nvdla_blob 000007f0: 00 00 00 00 00 00 00 00 00 00 00 00 00 00 00 00
[   23.978911] nvdla_blob 00000800: 00 00 00 00 00 00 00 00 00 00 00 00 00 00 00 00
[   23.979381] nvdla_blob 00000810: 00 00 00 00 00 00 00 00 00 00 00 00 00 00 00 00
[   23.979769] nvdla_blob 00000820: 00 00 00 00 00 00 00 00 00 00 00 00 00 00 00 00
[   23.981272] nvdla_blob 00000830: 00 00 00 00 00 00 00 00 00 00 00 00 00 00 00 00
[   23.981705] nvdla_blob 00000840: 00 00 00 00 00 00 00 00 00 00 00 00 00 00 00 00
[   23.982104] nvdla_blob 00000850: 00 00 00 00 00 00 00 00 00 00 00 00 00 00 00 00
[   23.982485] nvdla_blob 00000860: 00 00 00 00 00 00 00 00 00 00 00 00 00 00 00 00
[   23.982869] nvdla_blob 00000870: 00 00 00 00 00 00 00 00 00 00 00 00 00 00 00 00
[   23.983247] nvdla_blob 00000880: 00 00 00 00 00 00 00 00 00 00 00 00 00 00 00 00
[   23.983623] nvdla_blob 00000890: 00 00 00 00 00 00 00 00 00 00 00 00 00 00 00 00
[   23.984001] nvdla_blob 000008a0: 00 00 00 00 00 00 00 00 00 00 00 00 00 00 00 00
[   23.985496] nvdla_blob 000008b0: 00 00 00 00 00 00 00 00 00 00 00 00 00 00 00 00
[   23.985932] nvdla_blob 000008c0: 00 00 00 00 00 00 00 00 00 00 00 00 00 00 00 00
[   23.986310] nvdla_blob 000008d0: 00 00 00 00 00 00 00 00 00 00 00 00 00 00 00 00
[   23.986731] nvdla_blob 000008e0: 00 00 00 00 00 00 00 00 00 00 00 00 00 00 00 00
[   23.987210] nvdla_blob 000008f0: 00 00 00 00 00 00 00 00 00 00 00 00 00 00 00 00
[   23.987664] nvdla_blob 00000900: 00 00 00 00 00 00 00 00 00 00 00 00 00 00 00 00
[   23.988049] nvdla_blob 00000910: 00 00 00 00 00 00 00 00 00 00 00 00 00 00 00 00
[   23.989599] nvdla_blob 00000920: 00 00 00 00 00 00 00 00 00 00 00 00 00 00 00 00
[   23.990032] nvdla_blob 00000930: 00 00 00 00 00 00 00 00 00 00 00 00 00 00 00 00
[   23.990415] nvdla_blob 00000940: 00 00 00 00 00 00 00 00 00 00 00 00 00 00 00 00
[   23.990880] nvdla_blob 00000950: 00 00 00 00 00 00 00 00 00 00 00 00 00 00 00 00
[   23.991340] nvdla_blob 00000960: 00 00 00 00 00 00 00 00 00 00 00 00 00 00 00 00
[   23.991745] nvdla_blob 00000970: 00 00 00 00 00 00 00 00 00 00 00 00 00 00 00 00
[   23.992138] nvdla_blob 00000980: 00 00 00 00 00 00 00 00 00 00 00 00 00 00 00 00
[   23.993749] nvdla_blob 00000990: 00 00 00 00 00 00 00 00 00 00 00 00 00 00 00 00
[   23.994150] nvdla_blob 000009a0: 00 00 00 00 00 00 00 00 00 00 00 00 00 00 00 00
[   23.994529] nvdla_blob 000009b0: 00 00 00 00 00 00 00 00 00 00 00 00 00 00 00 00
[   23.994917] nvdla_blob 000009c0: 00 00 00 00 00 00 00 00 00 00 00 00 00 00 00 00
[   23.995290] nvdla_blob 000009d0: 00 00 00 00 00 00 00 00 00 00 00 00 00 00 00 00
[   23.995672] nvdla_blob 000009e0: 00 00 00 00 00 00 00 00 00 00 00 00 00 00 00 00
[   23.996078] nvdla_blob 000009f0: 00 00 00 00 00 00 00 00 00 00 00 00 00 00 00 00
[   23.997643] nvdla_blob 00000a00: 00 00 00 00 00 00 00 00 00 00 00 00 00 00 00 00
[   23.998040] nvdla_blob 00000a10: 00 00 00 00 00 00 00 00 00 00 00 00 00 00 00 00
[   23.998419] nvdla_blob 00000a20: 00 00 00 00 00 00 00 00 00 00 00 00 00 00 00 00
[   23.998876] nvdla_blob 00000a30: 00 00 00 00 00 00 00 00 00 00 00 00 00 00 00 00
[   23.999343] nvdla_blob 00000a40: 00 00 00 00 00 00 00 00 00 00 00 00 00 00 00 00
[   23.999754] nvdla_blob 00000a50: 00 00 00 00 00 00 00 00 00 00 00 00 00 00 00 00
[   24.000150] nvdla_blob 00000a60: 00 00 00 00 00 00 00 00 00 00 00 00 00 00 00 00
[   24.001622] nvdla_blob 00000a70: 00 00 00 00 00 00 00 00 00 00 00 00 00 00 00 00
[   24.002008] nvdla_blob 00000a80: 00 00 00 00 00 00 00 00 00 00 00 00 00 00 00 00
[   24.002390] nvdla_blob 00000a90: 00 00 00 00 00 00 00 00 00 00 00 00 00 00 00 00
[   24.002769] nvdla_blob 00000aa0: 00 00 00 00 00 00 00 00 00 00 00 00 00 00 00 00
[   24.003153] nvdla_blob 00000ab0: 00 00 00 00 00 00 00 00 00 00 00 00 00 00 00 00
[   24.003528] nvdla_blob 00000ac0: 00 00 00 00 00 00 00 00 00 00 00 00 00 00 00 00
[   24.003914] nvdla_blob 00000ad0: 00 00 00 00 00 00 00 00 00 00 00 00 00 00 00 00
[   24.005357] nvdla_blob 00000ae0: 00 00 00 00 00 00 00 00 00 00 00 00 00 00 00 00
[   24.005903] nvdla_blob 00000af0: 00 00 00 00 00 00 00 00 00 00 00 00 00 00 00 00
[   24.006287] nvdla_blob 00000b00: 00 00 00 00 00 00 00 00 00 00 00 00 00 00 00 00
[   24.006669] nvdla_blob 00000b10: 00 00 00 00 00 00 00 00 00 00 00 00 00 00 00 00
[   24.007071] nvdla_blob 00000b20: 00 00 00 00 00 00 00 00 00 00 00 00 00 00 00 00
[   24.007451] nvdla_blob 00000b30: 00 00 00 00 00 00 00 00 00 00 00 00 00 00 00 00
[   24.007829] nvdla_blob 00000b40: 00 00 00 00 00 00 00 00 00 00 00 00 00 00 00 00
[   24.008228] nvdla_blob 00000b50: 00 00 00 00 00 00 00 00 00 00 00 00 00 00 00 00
[   24.009986] nvdla_blob 00000b60: 00 00 00 00 00 00 00 00 00 00 00 00 00 00 00 00
[   24.010368] nvdla_blob 00000b70: 00 00 00 00 00 00 00 00 00 00 00 00 00 00 00 00
[   24.010794] nvdla_blob 00000b80: 00 00 00 00 00 00 00 00 00 00 00 00 00 00 00 00
[   24.011267] nvdla_blob 00000b90: 00 00 00 00 00 00 00 00 00 00 00 00 00 00 00 00
[   24.011699] nvdla_blob 00000ba0: 00 00 00 00 00 00 00 00 00 00 00 00 00 00 00 00
[   24.012100] nvdla_blob 00000bb0: 00 00 00 00 00 00 00 00 00 00 00 00 00 00 00 00
[   24.013543] nvdla_blob 00000bc0: 00 00 00 00 00 00 00 00 00 00 00 00 00 00 00 00
[   24.013932] nvdla_blob 00000bd0: 00 00 00 00 00 00 00 00 00 00 00 00 00 00 00 00
[   24.014313] nvdla_blob 00000be0: 00 00 00 00 00 00 00 00 00 00 00 00 00 00 00 00
[   24.014695] nvdla_blob 00000bf0: 00 00 00 00 00 00 00 00 00 00 00 00 00 00 00 00
[   24.015077] nvdla_blob 00000c00: 00 00 00 00 00 00 00 00 00 00 00 00 00 00 00 00
[   24.015450] nvdla_blob 00000c10: 00 00 00 00 00 00 00 00 00 00 00 00 00 00 00 00
[   24.015825] nvdla_blob 00000c20: 00 00 00 00 00 00 00 00 00 00 00 00 00 00 00 00
[   24.017286] nvdla_blob 00000c30: 00 00 00 00 00 00 00 00 00 00 00 00 00 00 00 00
[   24.017740] nvdla_blob 00000c40: 00 00 00 00 00 00 00 00 00 00 00 00 00 00 00 00
[   24.018126] nvdla_blob 00000c50: 00 00 00 00 00 00 00 00 00 00 00 00 00 00 00 00
[   24.018498] nvdla_blob 00000c60: 00 00 00 00 00 00 00 00 00 00 00 00 00 00 00 00
[   24.018873] nvdla_blob 00000c70: 00 00 00 00 00 00 00 00 00 00 00 00 00 00 00 00
[   24.019250] nvdla_blob 00000c80: 00 00 00 00 00 00 00 00 00 00 00 00 00 00 00 00
[   24.019629] nvdla_blob 00000c90: 00 00 00 00 00 00 00 00 00 00 00 00 00 00 00 00
[   24.020005] nvdla_blob 00000ca0: 00 00 00 00 00 00 00 00 00 00 00 00 00 00 00 00
[   24.021540] nvdla_blob 00000cb0: 00 00 00 00 00 00 00 00 00 00 00 00 00 00 00 00
[   24.022240] nvdla_blob 00000cc0: 00 00 00 00 00 00 00 00 00 00 00 00 00 00 00 00
[   24.022731] nvdla_blob 00000cd0: 00 00 00 00 00 00 00 00 00 00 00 00 00 00 00 00
[   24.023196] nvdla_blob 00000ce0: 00 00 00 00 00 00 00 00 00 00 00 00 00 00 00 00
[   24.023588] nvdla_blob 00000cf0: 00 00 00 00 00 00 00 00 00 00 00 00 00 00 00 00
[   24.023992] nvdla_blob 00000d00: 00 00 00 00 00 00 00 00 00 00 00 00 00 00 00 00
[   24.025866] nvdla_blob 00000d10: 00 00 00 00 00 00 00 00 00 00 00 00 00 00 00 00
[   24.026315] nvdla_blob 00000d20: 00 00 00 00 00 00 00 00 00 00 00 00 00 00 00 00
[   24.026706] nvdla_blob 00000d30: 00 00 00 00 00 00 00 00 00 00 00 00 00 00 00 00
[   24.027098] nvdla_blob 00000d40: 00 00 00 00 00 00 00 00 00 00 00 00 00 00 00 00
[   24.027475] nvdla_blob 00000d50: 00 00 00 00 00 00 00 00 00 00 00 00 00 00 00 00
[   24.027865] nvdla_blob 00000d60: 00 00 00 00 00 00 00 00 00 00 00 00 00 00 00 00
[   24.028305] nvdla_blob 00000d70: 00 00 00 00 00 00 00 00 00 00 00 00 00 00 00 00
[   24.030076] nvdla_blob 00000d80: 00 00 00 00 00 00 00 00 00 00 00 00 00 00 00 00
[   24.030474] nvdla_blob 00000d90: 00 00 00 00 00 00 00 00 00 00 00 00 00 00 00 00
[   24.030849] nvdla_blob 00000da0: 00 00 00 00 00 00 00 00 00 00 00 00 00 00 00 00
[   24.031243] nvdla_blob 00000db0: 00 00 00 00 00 00 00 00 00 00 00 00 00 00 00 00
[   24.031623] nvdla_blob 00000dc0: 00 00 00 00 00 00 00 00 00 00 00 00 00 00 00 00
[   24.031998] nvdla_blob 00000dd0: 00 00 00 00 00 00 00 00 00 00 00 00 00 00 00 00
[   24.033608] nvdla_blob 00000de0: 00 00 00 00 00 00 00 00 00 00 00 00 00 00 00 00
[   24.034059] nvdla_blob 00000df0: 00 00 00 00 00 00 00 00 00 00 00 00 00 00 00 00
[   24.034433] nvdla_blob 00000e00: 00 00 00 00 00 00 00 00 00 00 00 00 00 00 00 00
[   24.034809] nvdla_blob 00000e10: 00 00 00 00 00 00 00 00 00 00 00 00 00 00 00 00
[   24.035215] nvdla_blob 00000e20: 00 00 00 00 00 00 00 00 00 00 00 00 00 00 00 00
[   24.035606] nvdla_blob 00000e30: 00 00 00 00 00 00 00 00 00 00 00 00 00 00 00 00
[   24.036004] nvdla_blob 00000e40: 00 00 00 00 00 00 00 00 00 00 00 00 00 00 00 00
[   24.037618] nvdla_blob 00000e50: 00 00 00 00 00 00 00 00 00 00 00 00 00 00 00 00
[   24.038075] nvdla_blob 00000e60: 00 00 00 00 00 00 00 00 00 00 00 00 00 00 00 00
[   24.038466] nvdla_blob 00000e70: 00 00 00 00 00 00 00 00 00 00 00 00 00 00 00 00
[   24.038863] nvdla_blob 00000e80: 00 00 00 00 00 00 00 00 00 00 00 00 00 00 00 00
[   24.039242] nvdla_blob 00000e90: 00 00 00 00 00 00 00 00 00 00 00 00 00 00 00 00
[   24.039624] nvdla_blob 00000ea0: 00 00 00 00 00 00 00 00 00 00 00 00 00 00 00 00
[   24.040051] nvdla_blob 00000eb0: 00 00 00 00 00 00 00 00 00 00 00 00 00 00 00 00
[   24.041713] nvdla_blob 00000ec0: 00 00 00 00 00 00 00 00 00 00 00 00 00 00 00 00
[   24.042124] nvdla_blob 00000ed0: 00 00 00 00 00 00 00 00 00 00 00 00 00 00 00 00
[   24.042510] nvdla_blob 00000ee0: 00 00 00 00 00 00 00 00 00 00 00 00 00 00 00 00
[   24.042903] nvdla_blob 00000ef0: 00 00 00 00 00 00 00 00 00 00 00 00 00 00 00 00
[   24.043283] nvdla_blob 00000f00: 00 00 00 00 00 00 00 00 00 00 00 00 00 00 00 00
[   24.043684] nvdla_blob 00000f10: 00 00 00 00 00 00 00 00 00 00 00 00 00 00 00 00
[   24.044122] nvdla_blob 00000f20: 00 00 00 00 00 00 00 00 00 00 00 00 00 00 00 00
[   24.045873] nvdla_blob 00000f30: 00 00 00 00 00 00 00 00 00 00 00 00 00 00 00 00
[   24.046346] nvdla_blob 00000f40: 00 00 00 00 00 00 00 00 00 00 00 00 00 00 00 00
[   24.046756] nvdla_blob 00000f50: 00 00 00 00 00 00 00 00 00 00 00 00 00 00 00 00
[   24.047160] nvdla_blob 00000f60: 00 00 00 00 00 00 00 00 00 00 00 00 00 00 00 00
[   24.047547] nvdla_blob 00000f70: 00 00 00 00 00 00 00 00 00 00 00 00 00 00 00 00
[   24.047935] nvdla_blob 00000f80: 00 00 00 00 00 00 00 00 00 00 00 00 00 00 00 00
[   24.049576] nvdla_blob 00000f90: 00 00 00 00 00 00 00 00 00 00 00 00 00 00 00 00
[   24.050016] nvdla_blob 00000fa0: 00 00 00 00 00 00 00 00 00 00 00 00 00 00 00 00
[   24.050399] nvdla_blob 00000fb0: 00 00 00 00 00 00 00 00 00 00 00 00 00 00 00 00
[   24.050814] nvdla_blob 00000fc0: 00 00 00 00 00 00 00 00 00 00 00 00 00 00 00 00
[   24.051238] nvdla_blob 00000fd0: 00 00 00 00 00 00 00 00 00 00 00 00 00 00 00 00
[   24.051620] nvdla_blob 00000fe0: 00 00 00 00 00 00 00 00 00 00 00 00 00 00 00 00
[   24.052033] nvdla_blob 00000ff0: 00 00 00 00 00 00 00 00 00 00 00 00 00 00 00 00
[   24.053400] nvdla_blob[3] prime_fd=12 handle=9 size=4096 dma=0xc0008000 full_4096_bytes:
[   24.053843] nvdla_blob 00000000: 00 00 00 00 00 00 00 00 00 00 00 00 00 00 00 00
[   24.054328] nvdla_blob 00000010: 00 00 00 00 00 00 00 00 00 00 00 00 00 00 00 00
[   24.054773] nvdla_blob 00000020: 00 00 00 00 00 00 00 00 00 00 00 00 00 00 00 00
[   24.055157] nvdla_blob 00000030: 00 00 00 00 00 00 00 00 00 00 00 00 00 00 00 00
[   24.055528] nvdla_blob 00000040: 00 00 00 00 00 00 00 00 00 00 00 00 00 00 00 00
[   24.055914] nvdla_blob 00000050: 00 00 00 00 00 00 00 00 00 00 00 00 00 00 00 00
[   24.057363] nvdla_blob 00000060: 00 00 00 00 00 00 00 00 00 00 00 00 00 00 00 00
[   24.057774] nvdla_blob 00000070: 00 00 00 00 00 00 00 00 00 00 00 00 00 00 00 00
[   24.058156] nvdla_blob 00000080: 00 00 00 00 00 00 00 00 00 00 00 00 00 00 00 00
[   24.058532] nvdla_blob 00000090: 00 00 00 00 00 00 00 00 00 00 00 00 00 00 00 00
[   24.058916] nvdla_blob 000000a0: 00 00 00 00 00 00 00 00 00 00 00 00 00 00 00 00
[   24.059295] nvdla_blob 000000b0: 00 00 00 00 00 00 00 00 00 00 00 00 00 00 00 00
[   24.059674] nvdla_blob 000000c0: 00 00 00 00 00 00 00 00 00 00 00 00 00 00 00 00
[   24.060082] nvdla_blob 000000d0: 00 00 00 00 00 00 00 00 00 00 00 00 00 00 00 00
[   24.061603] nvdla_blob 000000e0: 00 00 00 00 00 00 00 00 00 00 00 00 00 00 00 00
[   24.061999] nvdla_blob 000000f0: 00 00 00 00 00 00 00 00 00 00 00 00 00 00 00 00
[   24.062374] nvdla_blob 00000100: 00 00 00 00 00 00 00 00 00 00 00 00 00 00 00 00
[   24.062745] nvdla_blob 00000110: 00 00 00 00 00 00 00 00 00 00 00 00 00 00 00 00
[   24.063128] nvdla_blob 00000120: 00 00 00 00 00 00 00 00 00 00 00 00 00 00 00 00
[   24.063500] nvdla_blob 00000130: 00 00 00 00 00 00 00 00 00 00 00 00 00 00 00 00
[   24.063881] nvdla_blob 00000140: 00 00 00 00 00 00 00 00 00 00 00 00 00 00 00 00
[   24.065438] nvdla_blob 00000150: 00 00 00 00 00 00 00 00 00 00 00 00 00 00 00 00
[   24.065870] nvdla_blob 00000160: 00 00 00 00 00 00 00 00 00 00 00 00 00 00 00 00
[   24.066247] nvdla_blob 00000170: 00 00 00 00 00 00 00 00 00 00 00 00 00 00 00 00
[   24.066628] nvdla_blob 00000180: 00 00 00 00 00 00 00 00 00 00 00 00 00 00 00 00
[   24.067016] nvdla_blob 00000190: 00 00 00 00 00 00 00 00 00 00 00 00 00 00 00 00
[   24.067394] nvdla_blob 000001a0: 00 00 00 00 00 00 00 00 00 00 00 00 00 00 00 00
[   24.067777] nvdla_blob 000001b0: 00 00 00 00 00 00 00 00 00 00 00 00 00 00 00 00
[   24.068177] nvdla_blob 000001c0: 00 00 00 00 00 00 00 00 00 00 00 00 00 00 00 00
[   24.069714] nvdla_blob 000001d0: 00 00 00 00 00 00 00 00 00 00 00 00 00 00 00 00
[   24.070197] nvdla_blob 000001e0: 00 00 00 00 00 00 00 00 00 00 00 00 00 00 00 00
[   24.070656] nvdla_blob 000001f0: 00 00 00 00 00 00 00 00 00 00 00 00 00 00 00 00
[   24.071042] nvdla_blob 00000200: 00 00 00 00 00 00 00 00 00 00 00 00 00 00 00 00
[   24.071416] nvdla_blob 00000210: 00 00 00 00 00 00 00 00 00 00 00 00 00 00 00 00
[   24.071797] nvdla_blob 00000220: 00 00 00 00 00 00 00 00 00 00 00 00 00 00 00 00
[   24.072192] nvdla_blob 00000230: 00 00 00 00 00 00 00 00 00 00 00 00 00 00 00 00
[   24.073647] nvdla_blob 00000240: 00 00 00 00 00 00 00 00 00 00 00 00 00 00 00 00
[   24.074040] nvdla_blob 00000250: 00 00 00 00 00 00 00 00 00 00 00 00 00 00 00 00
[   24.074409] nvdla_blob 00000260: 00 00 00 00 00 00 00 00 00 00 00 00 00 00 00 00
[   24.074785] nvdla_blob 00000270: 00 00 00 00 00 00 00 00 00 00 00 00 00 00 00 00
[   24.075172] nvdla_blob 00000280: 00 00 00 00 00 00 00 00 00 00 00 00 00 00 00 00
[   24.075549] nvdla_blob 00000290: 00 00 00 00 00 00 00 00 00 00 00 00 00 00 00 00
[   24.075935] nvdla_blob 000002a0: 00 00 00 00 00 00 00 00 00 00 00 00 00 00 00 00
[   24.077407] nvdla_blob 000002b0: 00 00 00 00 00 00 00 00 00 00 00 00 00 00 00 00
[   24.077827] nvdla_blob 000002c0: 00 00 00 00 00 00 00 00 00 00 00 00 00 00 00 00
[   24.078215] nvdla_blob 000002d0: 00 00 00 00 00 00 00 00 00 00 00 00 00 00 00 00
[   24.078592] nvdla_blob 000002e0: 00 00 00 00 00 00 00 00 00 00 00 00 00 00 00 00
[   24.078976] nvdla_blob 000002f0: 00 00 00 00 00 00 00 00 00 00 00 00 00 00 00 00
[   24.079359] nvdla_blob 00000300: 00 00 00 00 00 00 00 00 00 00 00 00 00 00 00 00
[   24.079747] nvdla_blob 00000310: 00 00 00 00 00 00 00 00 00 00 00 00 00 00 00 00
[   24.080145] nvdla_blob 00000320: 00 00 00 00 00 00 00 00 00 00 00 00 00 00 00 00
[   24.081658] nvdla_blob 00000330: 00 00 00 00 00 00 00 00 00 00 00 00 00 00 00 00
[   24.082041] nvdla_blob 00000340: 00 00 00 00 00 00 00 00 00 00 00 00 00 00 00 00
[   24.082416] nvdla_blob 00000350: 00 00 00 00 00 00 00 00 00 00 00 00 00 00 00 00
[   24.082791] nvdla_blob 00000360: 00 00 00 00 00 00 00 00 00 00 00 00 00 00 00 00
[   24.083174] nvdla_blob 00000370: 00 00 00 00 00 00 00 00 00 00 00 00 00 00 00 00
[   24.083544] nvdla_blob 00000380: 00 00 00 00 00 00 00 00 00 00 00 00 00 00 00 00
[   24.083930] nvdla_blob 00000390: 00 00 00 00 00 00 00 00 00 00 00 00 00 00 00 00
[   24.085482] nvdla_blob 000003a0: 00 00 00 00 00 00 00 00 00 00 00 00 00 00 00 00
[   24.085914] nvdla_blob 000003b0: 00 00 00 00 00 00 00 00 00 00 00 00 00 00 00 00
[   24.086290] nvdla_blob 000003c0: 00 00 00 00 00 00 00 00 00 00 00 00 00 00 00 00
[   24.086661] nvdla_blob 000003d0: 00 00 00 00 00 00 00 00 00 00 00 00 00 00 00 00
[   24.087043] nvdla_blob 000003e0: 00 00 00 00 00 00 00 00 00 00 00 00 00 00 00 00
[   24.087426] nvdla_blob 000003f0: 00 00 00 00 00 00 00 00 00 00 00 00 00 00 00 00
[   24.087808] nvdla_blob 00000400: 00 00 00 00 00 00 00 00 00 00 00 00 00 00 00 00
[   24.088208] nvdla_blob 00000410: 00 00 00 00 00 00 00 00 00 00 00 00 00 00 00 00
[   24.089762] nvdla_blob 00000420: 00 00 00 00 00 00 00 00 00 00 00 00 00 00 00 00
[   24.090239] nvdla_blob 00000430: 00 00 00 00 00 00 00 00 00 00 00 00 00 00 00 00
[   24.090695] nvdla_blob 00000440: 00 00 00 00 00 00 00 00 00 00 00 00 00 00 00 00
[   24.091076] nvdla_blob 00000450: 00 00 00 00 00 00 00 00 00 00 00 00 00 00 00 00
[   24.091453] nvdla_blob 00000460: 00 00 00 00 00 00 00 00 00 00 00 00 00 00 00 00
[   24.091834] nvdla_blob 00000470: 00 00 00 00 00 00 00 00 00 00 00 00 00 00 00 00
[   24.092227] nvdla_blob 00000480: 00 00 00 00 00 00 00 00 00 00 00 00 00 00 00 00
[   24.093662] nvdla_blob 00000490: 00 00 00 00 00 00 00 00 00 00 00 00 00 00 00 00
[   24.094060] nvdla_blob 000004a0: 00 00 00 00 00 00 00 00 00 00 00 00 00 00 00 00
[   24.094441] nvdla_blob 000004b0: 00 00 00 00 00 00 00 00 00 00 00 00 00 00 00 00
[   24.094820] nvdla_blob 000004c0: 00 00 00 00 00 00 00 00 00 00 00 00 00 00 00 00
[   24.095205] nvdla_blob 000004d0: 00 00 00 00 00 00 00 00 00 00 00 00 00 00 00 00
[   24.095576] nvdla_blob 000004e0: 00 00 00 00 00 00 00 00 00 00 00 00 00 00 00 00
[   24.095963] nvdla_blob 000004f0: 00 00 00 00 00 00 00 00 00 00 00 00 00 00 00 00
[   24.097432] nvdla_blob 00000500: 00 00 00 00 00 00 00 00 00 00 00 00 00 00 00 00
[   24.097850] nvdla_blob 00000510: 00 00 00 00 00 00 00 00 00 00 00 00 00 00 00 00
[   24.098235] nvdla_blob 00000520: 00 00 00 00 00 00 00 00 00 00 00 00 00 00 00 00
[   24.098608] nvdla_blob 00000530: 00 00 00 00 00 00 00 00 00 00 00 00 00 00 00 00
[   24.098992] nvdla_blob 00000540: 00 00 00 00 00 00 00 00 00 00 00 00 00 00 00 00
[   24.099369] nvdla_blob 00000550: 00 00 00 00 00 00 00 00 00 00 00 00 00 00 00 00
[   24.099749] nvdla_blob 00000560: 00 00 00 00 00 00 00 00 00 00 00 00 00 00 00 00
[   24.100149] nvdla_blob 00000570: 00 00 00 00 00 00 00 00 00 00 00 00 00 00 00 00
[   24.101759] nvdla_blob 00000580: 00 00 00 00 00 00 00 00 00 00 00 00 00 00 00 00
[   24.102151] nvdla_blob 00000590: 00 00 00 00 00 00 00 00 00 00 00 00 00 00 00 00
[   24.102519] nvdla_blob 000005a0: 00 00 00 00 00 00 00 00 00 00 00 00 00 00 00 00
[   24.102901] nvdla_blob 000005b0: 00 00 00 00 00 00 00 00 00 00 00 00 00 00 00 00
[   24.103277] nvdla_blob 000005c0: 00 00 00 00 00 00 00 00 00 00 00 00 00 00 00 00
[   24.103646] nvdla_blob 000005d0: 00 00 00 00 00 00 00 00 00 00 00 00 00 00 00 00
[   24.104026] nvdla_blob 000005e0: 00 00 00 00 00 00 00 00 00 00 00 00 00 00 00 00
[   24.105477] nvdla_blob 000005f0: 00 00 00 00 00 00 00 00 00 00 00 00 00 00 00 00
[   24.105903] nvdla_blob 00000600: 00 00 00 00 00 00 00 00 00 00 00 00 00 00 00 00
[   24.106280] nvdla_blob 00000610: 00 00 00 00 00 00 00 00 00 00 00 00 00 00 00 00
[   24.106654] nvdla_blob 00000620: 00 00 00 00 00 00 00 00 00 00 00 00 00 00 00 00
[   24.107039] nvdla_blob 00000630: 00 00 00 00 00 00 00 00 00 00 00 00 00 00 00 00
[   24.107414] nvdla_blob 00000640: 00 00 00 00 00 00 00 00 00 00 00 00 00 00 00 00
[   24.107790] nvdla_blob 00000650: 00 00 00 00 00 00 00 00 00 00 00 00 00 00 00 00
[   24.108199] nvdla_blob 00000660: 00 00 00 00 00 00 00 00 00 00 00 00 00 00 00 00
[   24.109687] nvdla_blob 00000670: 00 00 00 00 00 00 00 00 00 00 00 00 00 00 00 00
[   24.110074] nvdla_blob 00000680: 00 00 00 00 00 00 00 00 00 00 00 00 00 00 00 00
[   24.110451] nvdla_blob 00000690: 00 00 00 00 00 00 00 00 00 00 00 00 00 00 00 00
[   24.110831] nvdla_blob 000006a0: 00 00 00 00 00 00 00 00 00 00 00 00 00 00 00 00
[   24.111212] nvdla_blob 000006b0: 00 00 00 00 00 00 00 00 00 00 00 00 00 00 00 00
[   24.111588] nvdla_blob 000006c0: 00 00 00 00 00 00 00 00 00 00 00 00 00 00 00 00
[   24.111973] nvdla_blob 000006d0: 00 00 00 00 00 00 00 00 00 00 00 00 00 00 00 00
[   24.113451] nvdla_blob 000006e0: 00 00 00 00 00 00 00 00 00 00 00 00 00 00 00 00
[   24.113881] nvdla_blob 000006f0: 00 00 00 00 00 00 00 00 00 00 00 00 00 00 00 00
[   24.114257] nvdla_blob 00000700: 00 00 00 00 00 00 00 00 00 00 00 00 00 00 00 00
[   24.114626] nvdla_blob 00000710: 00 00 00 00 00 00 00 00 00 00 00 00 00 00 00 00
[   24.115002] nvdla_blob 00000720: 00 00 00 00 00 00 00 00 00 00 00 00 00 00 00 00
[   24.115382] nvdla_blob 00000730: 00 00 00 00 00 00 00 00 00 00 00 00 00 00 00 00
[   24.115760] nvdla_blob 00000740: 00 00 00 00 00 00 00 00 00 00 00 00 00 00 00 00
[   24.116166] nvdla_blob 00000750: 00 00 00 00 00 00 00 00 00 00 00 00 00 00 00 00
[   24.117768] nvdla_blob 00000760: 00 00 00 00 00 00 00 00 00 00 00 00 00 00 00 00
[   24.118251] nvdla_blob 00000770: 00 00 00 00 00 00 00 00 00 00 00 00 00 00 00 00
[   24.118710] nvdla_blob 00000780: 00 00 00 00 00 00 00 00 00 00 00 00 00 00 00 00
[   24.119100] nvdla_blob 00000790: 00 00 00 00 00 00 00 00 00 00 00 00 00 00 00 00
[   24.119473] nvdla_blob 000007a0: 00 00 00 00 00 00 00 00 00 00 00 00 00 00 00 00
[   24.119845] nvdla_blob 000007b0: 00 00 00 00 00 00 00 00 00 00 00 00 00 00 00 00
[   24.120276] nvdla_blob 000007c0: 00 00 00 00 00 00 00 00 00 00 00 00 00 00 00 00
[   24.121798] nvdla_blob 000007d0: 00 00 00 00 00 00 00 00 00 00 00 00 00 00 00 00
[   24.122237] nvdla_blob 000007e0: 00 00 00 00 00 00 00 00 00 00 00 00 00 00 00 00
[   24.122618] nvdla_blob 000007f0: 00 00 00 00 00 00 00 00 00 00 00 00 00 00 00 00
[   24.123061] nvdla_blob 00000800: 00 00 00 00 00 00 00 00 00 00 00 00 00 00 00 00
[   24.123519] nvdla_blob 00000810: 00 00 00 00 00 00 00 00 00 00 00 00 00 00 00 00
[   24.123945] nvdla_blob 00000820: 00 00 00 00 00 00 00 00 00 00 00 00 00 00 00 00
[   24.125381] nvdla_blob 00000830: 00 00 00 00 00 00 00 00 00 00 00 00 00 00 00 00
[   24.125798] nvdla_blob 00000840: 00 00 00 00 00 00 00 00 00 00 00 00 00 00 00 00
[   24.126182] nvdla_blob 00000850: 00 00 00 00 00 00 00 00 00 00 00 00 00 00 00 00
[   24.126561] nvdla_blob 00000860: 00 00 00 00 00 00 00 00 00 00 00 00 00 00 00 00
[   24.126942] nvdla_blob 00000870: 00 00 00 00 00 00 00 00 00 00 00 00 00 00 00 00
[   24.127315] nvdla_blob 00000880: 00 00 00 00 00 00 00 00 00 00 00 00 00 00 00 00
[   24.127694] nvdla_blob 00000890: 00 00 00 00 00 00 00 00 00 00 00 00 00 00 00 00
[   24.128095] nvdla_blob 000008a0: 00 00 00 00 00 00 00 00 00 00 00 00 00 00 00 00
[   24.129587] nvdla_blob 000008b0: 00 00 00 00 00 00 00 00 00 00 00 00 00 00 00 00
[   24.129978] nvdla_blob 000008c0: 00 00 00 00 00 00 00 00 00 00 00 00 00 00 00 00
[   24.130350] nvdla_blob 000008d0: 00 00 00 00 00 00 00 00 00 00 00 00 00 00 00 00
[   24.130720] nvdla_blob 000008e0: 00 00 00 00 00 00 00 00 00 00 00 00 00 00 00 00
[   24.131095] nvdla_blob 000008f0: 00 00 00 00 00 00 00 00 00 00 00 00 00 00 00 00
[   24.131467] nvdla_blob 00000900: 00 00 00 00 00 00 00 00 00 00 00 00 00 00 00 00
[   24.131835] nvdla_blob 00000910: 00 00 00 00 00 00 00 00 00 00 00 00 00 00 00 00
[   24.132230] nvdla_blob 00000920: 00 00 00 00 00 00 00 00 00 00 00 00 00 00 00 00
[   24.133709] nvdla_blob 00000930: 00 00 00 00 00 00 00 00 00 00 00 00 00 00 00 00
[   24.134100] nvdla_blob 00000940: 00 00 00 00 00 00 00 00 00 00 00 00 00 00 00 00
[   24.134474] nvdla_blob 00000950: 00 00 00 00 00 00 00 00 00 00 00 00 00 00 00 00
[   24.134848] nvdla_blob 00000960: 00 00 00 00 00 00 00 00 00 00 00 00 00 00 00 00
[   24.135235] nvdla_blob 00000970: 00 00 00 00 00 00 00 00 00 00 00 00 00 00 00 00
[   24.135604] nvdla_blob 00000980: 00 00 00 00 00 00 00 00 00 00 00 00 00 00 00 00
[   24.135983] nvdla_blob 00000990: 00 00 00 00 00 00 00 00 00 00 00 00 00 00 00 00
[   24.137565] nvdla_blob 000009a0: 00 00 00 00 00 00 00 00 00 00 00 00 00 00 00 00
[   24.137989] nvdla_blob 000009b0: 00 00 00 00 00 00 00 00 00 00 00 00 00 00 00 00
[   24.138366] nvdla_blob 000009c0: 00 00 00 00 00 00 00 00 00 00 00 00 00 00 00 00
[   24.138840] nvdla_blob 000009d0: 00 00 00 00 00 00 00 00 00 00 00 00 00 00 00 00
[   24.139260] nvdla_blob 000009e0: 00 00 00 00 00 00 00 00 00 00 00 00 00 00 00 00
[   24.139640] nvdla_blob 000009f0: 00 00 00 00 00 00 00 00 00 00 00 00 00 00 00 00
[   24.140033] nvdla_blob 00000a00: 00 00 00 00 00 00 00 00 00 00 00 00 00 00 00 00
[   24.141606] nvdla_blob 00000a10: 00 00 00 00 00 00 00 00 00 00 00 00 00 00 00 00
[   24.142044] nvdla_blob 00000a20: 00 00 00 00 00 00 00 00 00 00 00 00 00 00 00 00
[   24.142420] nvdla_blob 00000a30: 00 00 00 00 00 00 00 00 00 00 00 00 00 00 00 00
[   24.142798] nvdla_blob 00000a40: 00 00 00 00 00 00 00 00 00 00 00 00 00 00 00 00
[   24.143187] nvdla_blob 00000a50: 00 00 00 00 00 00 00 00 00 00 00 00 00 00 00 00
[   24.143571] nvdla_blob 00000a60: 00 00 00 00 00 00 00 00 00 00 00 00 00 00 00 00
[   24.143961] nvdla_blob 00000a70: 00 00 00 00 00 00 00 00 00 00 00 00 00 00 00 00
[   24.145496] nvdla_blob 00000a80: 00 00 00 00 00 00 00 00 00 00 00 00 00 00 00 00
[   24.145919] nvdla_blob 00000a90: 00 00 00 00 00 00 00 00 00 00 00 00 00 00 00 00
[   24.146295] nvdla_blob 00000aa0: 00 00 00 00 00 00 00 00 00 00 00 00 00 00 00 00
[   24.146671] nvdla_blob 00000ab0: 00 00 00 00 00 00 00 00 00 00 00 00 00 00 00 00
[   24.147057] nvdla_blob 00000ac0: 00 00 00 00 00 00 00 00 00 00 00 00 00 00 00 00
[   24.147438] nvdla_blob 00000ad0: 00 00 00 00 00 00 00 00 00 00 00 00 00 00 00 00
[   24.147818] nvdla_blob 00000ae0: 00 00 00 00 00 00 00 00 00 00 00 00 00 00 00 00
[   24.148220] nvdla_blob 00000af0: 00 00 00 00 00 00 00 00 00 00 00 00 00 00 00 00
[   24.149734] nvdla_blob 00000b00: 00 00 00 00 00 00 00 00 00 00 00 00 00 00 00 00
[   24.150128] nvdla_blob 00000b10: 00 00 00 00 00 00 00 00 00 00 00 00 00 00 00 00
[   24.150505] nvdla_blob 00000b20: 00 00 00 00 00 00 00 00 00 00 00 00 00 00 00 00
[   24.150887] nvdla_blob 00000b30: 00 00 00 00 00 00 00 00 00 00 00 00 00 00 00 00
[   24.151260] nvdla_blob 00000b40: 00 00 00 00 00 00 00 00 00 00 00 00 00 00 00 00
[   24.151636] nvdla_blob 00000b50: 00 00 00 00 00 00 00 00 00 00 00 00 00 00 00 00
[   24.152026] nvdla_blob 00000b60: 00 00 00 00 00 00 00 00 00 00 00 00 00 00 00 00
[   24.153594] nvdla_blob 00000b70: 00 00 00 00 00 00 00 00 00 00 00 00 00 00 00 00
[   24.153988] nvdla_blob 00000b80: 00 00 00 00 00 00 00 00 00 00 00 00 00 00 00 00
[   24.154368] nvdla_blob 00000b90: 00 00 00 00 00 00 00 00 00 00 00 00 00 00 00 00
[   24.154756] nvdla_blob 00000ba0: 00 00 00 00 00 00 00 00 00 00 00 00 00 00 00 00
[   24.155147] nvdla_blob 00000bb0: 00 00 00 00 00 00 00 00 00 00 00 00 00 00 00 00
[   24.155527] nvdla_blob 00000bc0: 00 00 00 00 00 00 00 00 00 00 00 00 00 00 00 00
[   24.155919] nvdla_blob 00000bd0: 00 00 00 00 00 00 00 00 00 00 00 00 00 00 00 00
[   24.157581] nvdla_blob 00000be0: 00 00 00 00 00 00 00 00 00 00 00 00 00 00 00 00
[   24.158017] nvdla_blob 00000bf0: 00 00 00 00 00 00 00 00 00 00 00 00 00 00 00 00
[   24.158399] nvdla_blob 00000c00: 00 00 00 00 00 00 00 00 00 00 00 00 00 00 00 00
[   24.158775] nvdla_blob 00000c10: 00 00 00 00 00 00 00 00 00 00 00 00 00 00 00 00
[   24.159164] nvdla_blob 00000c20: 00 00 00 00 00 00 00 00 00 00 00 00 00 00 00 00
[   24.159539] nvdla_blob 00000c30: 00 00 00 00 00 00 00 00 00 00 00 00 00 00 00 00
[   24.159930] nvdla_blob 00000c40: 00 00 00 00 00 00 00 00 00 00 00 00 00 00 00 00
[   24.161451] nvdla_blob 00000c50: 00 00 00 00 00 00 00 00 00 00 00 00 00 00 00 00
[   24.161877] nvdla_blob 00000c60: 00 00 00 00 00 00 00 00 00 00 00 00 00 00 00 00
[   24.162262] nvdla_blob 00000c70: 00 00 00 00 00 00 00 00 00 00 00 00 00 00 00 00
[   24.162642] nvdla_blob 00000c80: 00 00 00 00 00 00 00 00 00 00 00 00 00 00 00 00
[   24.163027] nvdla_blob 00000c90: 00 00 00 00 00 00 00 00 00 00 00 00 00 00 00 00
[   24.163407] nvdla_blob 00000ca0: 00 00 00 00 00 00 00 00 00 00 00 00 00 00 00 00
[   24.163784] nvdla_blob 00000cb0: 00 00 00 00 00 00 00 00 00 00 00 00 00 00 00 00
[   24.164192] nvdla_blob 00000cc0: 00 00 00 00 00 00 00 00 00 00 00 00 00 00 00 00
[   24.165694] nvdla_blob 00000cd0: 00 00 00 00 00 00 00 00 00 00 00 00 00 00 00 00
[   24.166087] nvdla_blob 00000ce0: 00 00 00 00 00 00 00 00 00 00 00 00 00 00 00 00
[   24.166468] nvdla_blob 00000cf0: 00 00 00 00 00 00 00 00 00 00 00 00 00 00 00 00
[   24.166847] nvdla_blob 00000d00: 00 00 00 00 00 00 00 00 00 00 00 00 00 00 00 00
[   24.167236] nvdla_blob 00000d10: 00 00 00 00 00 00 00 00 00 00 00 00 00 00 00 00
[   24.167614] nvdla_blob 00000d20: 00 00 00 00 00 00 00 00 00 00 00 00 00 00 00 00
[   24.167993] nvdla_blob 00000d30: 00 00 00 00 00 00 00 00 00 00 00 00 00 00 00 00
[   24.169437] nvdla_blob 00000d40: 00 00 00 00 00 00 00 00 00 00 00 00 00 00 00 00
[   24.169898] nvdla_blob 00000d50: 00 00 00 00 00 00 00 00 00 00 00 00 00 00 00 00
[   24.170272] nvdla_blob 00000d60: 00 00 00 00 00 00 00 00 00 00 00 00 00 00 00 00
[   24.170645] nvdla_blob 00000d70: 00 00 00 00 00 00 00 00 00 00 00 00 00 00 00 00
[   24.171028] nvdla_blob 00000d80: 00 00 00 00 00 00 00 00 00 00 00 00 00 00 00 00
[   24.171402] nvdla_blob 00000d90: 00 00 00 00 00 00 00 00 00 00 00 00 00 00 00 00
[   24.171774] nvdla_blob 00000da0: 00 00 00 00 00 00 00 00 00 00 00 00 00 00 00 00
[   24.172173] nvdla_blob 00000db0: 00 00 00 00 00 00 00 00 00 00 00 00 00 00 00 00
[   24.173819] nvdla_blob 00000dc0: 00 00 00 00 00 00 00 00 00 00 00 00 00 00 00 00
[   24.174210] nvdla_blob 00000dd0: 00 00 00 00 00 00 00 00 00 00 00 00 00 00 00 00
[   24.174584] nvdla_blob 00000de0: 00 00 00 00 00 00 00 00 00 00 00 00 00 00 00 00
[   24.174962] nvdla_blob 00000df0: 00 00 00 00 00 00 00 00 00 00 00 00 00 00 00 00
[   24.175338] nvdla_blob 00000e00: 00 00 00 00 00 00 00 00 00 00 00 00 00 00 00 00
[   24.175710] nvdla_blob 00000e10: 00 00 00 00 00 00 00 00 00 00 00 00 00 00 00 00
[   24.176110] nvdla_blob 00000e20: 00 00 00 00 00 00 00 00 00 00 00 00 00 00 00 00
[   24.177543] nvdla_blob 00000e30: 00 00 00 00 00 00 00 00 00 00 00 00 00 00 00 00
[   24.177928] nvdla_blob 00000e40: 00 00 00 00 00 00 00 00 00 00 00 00 00 00 00 00
[   24.178315] nvdla_blob 00000e50: 00 00 00 00 00 00 00 00 00 00 00 00 00 00 00 00
[   24.178687] nvdla_blob 00000e60: 00 00 00 00 00 00 00 00 00 00 00 00 00 00 00 00
[   24.179069] nvdla_blob 00000e70: 00 00 00 00 00 00 00 00 00 00 00 00 00 00 00 00
[   24.179446] nvdla_blob 00000e80: 00 00 00 00 00 00 00 00 00 00 00 00 00 00 00 00
[   24.179818] nvdla_blob 00000e90: 00 00 00 00 00 00 00 00 00 00 00 00 00 00 00 00
[   24.180217] nvdla_blob 00000ea0: 00 00 00 00 00 00 00 00 00 00 00 00 00 00 00 00
[   24.181779] nvdla_blob 00000eb0: 00 00 00 00 00 00 00 00 00 00 00 00 00 00 00 00
[   24.182170] nvdla_blob 00000ec0: 00 00 00 00 00 00 00 00 00 00 00 00 00 00 00 00
[   24.182546] nvdla_blob 00000ed0: 00 00 00 00 00 00 00 00 00 00 00 00 00 00 00 00
[   24.182930] nvdla_blob 00000ee0: 00 00 00 00 00 00 00 00 00 00 00 00 00 00 00 00
[   24.183378] nvdla_blob 00000ef0: 00 00 00 00 00 00 00 00 00 00 00 00 00 00 00 00
[   24.183779] nvdla_blob 00000f00: 00 00 00 00 00 00 00 00 00 00 00 00 00 00 00 00
[   24.184194] nvdla_blob 00000f10: 00 00 00 00 00 00 00 00 00 00 00 00 00 00 00 00
[   24.185783] nvdla_blob 00000f20: 00 00 00 00 00 00 00 00 00 00 00 00 00 00 00 00
[   24.186175] nvdla_blob 00000f30: 00 00 00 00 00 00 00 00 00 00 00 00 00 00 00 00
[   24.186551] nvdla_blob 00000f40: 00 00 00 00 00 00 00 00 00 00 00 00 00 00 00 00
[   24.186942] nvdla_blob 00000f50: 00 00 00 00 00 00 00 00 00 00 00 00 00 00 00 00
[   24.187328] nvdla_blob 00000f60: 00 00 00 00 00 00 00 00 00 00 00 00 00 00 00 00
[   24.187701] nvdla_blob 00000f70: 00 00 00 00 00 00 00 00 00 00 00 00 00 00 00 00
[   24.188100] nvdla_blob 00000f80: 00 00 00 00 00 00 00 00 00 00 00 00 00 00 00 00
[   24.189781] nvdla_blob 00000f90: 00 00 00 00 00 00 00 00 00 00 00 00 00 00 00 00
[   24.190179] nvdla_blob 00000fa0: 00 00 00 00 00 00 00 00 00 00 00 00 00 00 00 00
[   24.190552] nvdla_blob 00000fb0: 00 00 00 00 00 00 00 00 00 00 00 00 00 00 00 00
[   24.190934] nvdla_blob 00000fc0: 00 00 00 00 00 00 00 00 00 00 00 00 00 00 00 00
[   24.191310] nvdla_blob 00000fd0: 00 00 00 00 00 00 00 00 00 00 00 00 00 00 00 00
[   24.191686] nvdla_blob 00000fe0: 00 00 00 00 00 00 00 00 00 00 00 00 00 00 00 00
[   24.192084] nvdla_blob 00000ff0: 00 00 00 00 00 00 00 00 00 00 00 00 00 00 00 00
[   24.193323] nvdla_blob[7] prime_fd=9 handle=6 size=4096 dma=0xc0005000 full_4096_bytes:
[   24.193727] nvdla_blob 00000000: 00 00 01 00 80 00 00 00 01 00 01 00 08 00 00 00
[   24.194115] nvdla_blob 00000010: 00 00 00 00 00 00 00 00 00 00 00 00 02 00 ff ff
[   24.194519] nvdla_blob 00000020: 00 00 00 00 00 00 00 00 00 00 00 00 00 00 00 00
[   24.194914] nvdla_blob 00000030: 00 00 00 00 00 00 00 00 02 00 ff ff 00 00 00 00
[   24.195293] nvdla_blob 00000040: 00 00 00 00 00 00 00 00 00 00 00 00 00 00 00 00
[   24.195667] nvdla_blob 00000050: 00 00 00 00 00 00 02 00 20 00 00 00 01 00 01 00
[   24.196066] nvdla_blob 00000060: 08 00 00 00 20 00 00 00 20 00 00 00 00 00 00 00
[   24.197600] nvdla_blob 00000070: 02 00 ff ff 20 00 00 00 01 00 01 00 01 00 00 00
[   24.197987] nvdla_blob 00000080: 20 00 00 00 20 00 00 00 00 00 00 00 00 00 00 00
[   24.198372] nvdla_blob 00000090: 00 00 00 00 00 00 00 00 00 00 00 00 00 00 00 00
[   24.198754] nvdla_blob 000000a0: 00 00 00 00 00 00 00 00 00 00 00 00 00 00 00 00
[   24.199166] nvdla_blob 000000b0: 00 00 00 00 00 00 00 00 00 00 00 00 00 00 00 00
[   24.199542] nvdla_blob 000000c0: 00 00 00 00 00 00 00 00 00 00 00 00 00 00 00 00
[   24.199947] nvdla_blob 000000d0: 00 00 00 00 00 00 00 00 00 00 00 00 00 00 00 00
[   24.201610] nvdla_blob 000000e0: 00 00 00 00 00 00 00 00 00 00 00 00 00 00 00 00
[   24.202056] nvdla_blob 000000f0: 00 00 00 00 00 00 00 00 00 00 00 00 00 00 00 00
[   24.202437] nvdla_blob 00000100: 00 00 00 00 00 00 00 00 00 00 00 00 00 00 00 00
[   24.202811] nvdla_blob 00000110: 00 00 00 00 00 00 00 00 00 00 00 00 00 00 00 00
[   24.203271] nvdla_blob 00000120: 00 00 00 00 00 00 00 00 00 00 00 00 00 00 00 00
[   24.203727] nvdla_blob 00000130: 00 00 00 00 00 00 00 00 00 00 00 00 00 00 00 00
[   24.204148] nvdla_blob 00000140: 00 00 00 00 00 00 00 00 00 00 00 00 00 00 00 00
[   24.205710] nvdla_blob 00000150: 00 00 00 00 00 00 00 00 00 00 00 00 00 00 00 00
[   24.206101] nvdla_blob 00000160: 00 00 00 00 00 00 00 00 00 00 00 00 00 00 00 00
[   24.206477] nvdla_blob 00000170: 00 00 00 00 00 00 00 00 00 00 00 00 00 00 00 00
[   24.206864] nvdla_blob 00000180: 00 00 00 00 00 00 00 00 00 00 00 00 00 00 00 00
[   24.207244] nvdla_blob 00000190: 00 00 00 00 00 00 00 00 00 00 00 00 00 00 00 00
[   24.207618] nvdla_blob 000001a0: 00 00 00 00 00 00 00 00 00 00 00 00 00 00 00 00
[   24.207996] nvdla_blob 000001b0: 00 00 00 00 00 00 00 00 00 00 00 00 00 00 00 00
[   24.209419] nvdla_blob 000001c0: 00 00 00 00 00 00 00 00 00 00 00 00 00 00 00 00
[   24.209830] nvdla_blob 000001d0: 00 00 00 00 00 00 00 00 00 00 00 00 00 00 00 00
[   24.210214] nvdla_blob 000001e0: 00 00 00 00 00 00 00 00 00 00 00 00 00 00 00 00
[   24.210589] nvdla_blob 000001f0: 00 00 00 00 00 00 00 00 00 00 00 00 00 00 00 00
[   24.210978] nvdla_blob 00000200: 00 00 00 00 00 00 00 00 00 00 00 00 00 00 00 00
[   24.211357] nvdla_blob 00000210: 00 00 00 00 00 00 00 00 00 00 00 00 00 00 00 00
[   24.211732] nvdla_blob 00000220: 00 00 00 00 00 00 00 00 00 00 00 00 00 00 00 00
[   24.212129] nvdla_blob 00000230: 00 00 00 00 00 00 00 00 00 00 00 00 00 00 00 00
[   24.213605] nvdla_blob 00000240: 00 00 00 00 00 00 00 00 00 00 00 00 00 00 00 00
[   24.213996] nvdla_blob 00000250: 00 00 00 00 00 00 00 00 00 00 00 00 00 00 00 00
[   24.214383] nvdla_blob 00000260: 00 00 00 00 00 00 00 00 00 00 00 00 00 00 00 00
[   24.214767] nvdla_blob 00000270: 00 00 00 00 00 00 00 00 00 00 00 00 00 00 00 00
[   24.215155] nvdla_blob 00000280: 00 00 00 00 02 00 ff ff 20 00 00 00 01 00 01 00
[   24.215529] nvdla_blob 00000290: 01 00 00 00 00 00 00 00 00 00 00 00 00 00 00 00
[   24.215909] nvdla_blob 000002a0: 00 00 00 00 00 00 00 00 00 00 00 00 00 00 00 00
[   24.217364] nvdla_blob 000002b0: 00 00 00 00 00 00 00 00 00 00 00 00 00 00 00 00
[   24.217786] nvdla_blob 000002c0: 00 00 00 00 00 00 00 00 00 00 00 00 00 00 00 00
[   24.218173] nvdla_blob 000002d0: 00 00 00 00 00 00 00 00 00 00 00 00 00 00 00 00
[   24.218551] nvdla_blob 000002e0: 00 00 00 00 00 00 00 00 00 00 00 00 00 00 00 00
[   24.218936] nvdla_blob 000002f0: 00 00 00 00 00 00 03 00 20 00 00 00 01 00 01 00
[   24.219319] nvdla_blob 00000300: 01 00 00 00 20 00 00 00 20 00 00 00 00 00 00 00
[   24.219694] nvdla_blob 00000310: 00 00 00 00 00 00 00 00 00 00 00 00 00 00 00 00
[   24.220098] nvdla_blob 00000320: 00 00 00 00 00 00 00 00 00 00 00 00 00 00 00 00
[   24.221615] nvdla_blob 00000330: 00 00 00 00 00 00 00 00 00 00 00 00 00 00 00 00
[   24.222007] nvdla_blob 00000340: 00 00 00 00 00 00 00 00 00 00 00 00 00 00 00 00
[   24.222392] nvdla_blob 00000350: 00 00 00 00 00 00 00 00 00 00 00 00 00 00 00 00
[   24.222768] nvdla_blob 00000360: 00 00 00 00 00 00 00 00 00 00 00 00 00 00 00 00
[   24.223154] nvdla_blob 00000370: 00 00 00 00 00 00 00 00 00 00 00 00 00 00 00 00
[   24.223532] nvdla_blob 00000380: 00 00 00 00 00 00 00 00 00 00 00 00 00 00 00 00
[   24.223920] nvdla_blob 00000390: 00 00 00 00 00 00 00 00 00 00 00 00 00 00 00 00
[   24.226088] nvdla_blob 000003a0: 00 00 00 00 00 00 00 00 00 00 00 00 00 00 00 00
[   24.226523] nvdla_blob 000003b0: 00 00 00 00 00 00 00 00 00 00 00 00 00 00 00 00
[   24.226909] nvdla_blob 000003c0: 00 00 00 00 00 00 00 00 00 00 00 00 00 00 00 00
[   24.227456] nvdla_blob 000003d0: 00 00 00 00 00 00 00 00 00 00 00 00 00 00 00 00
[   24.228172] nvdla_blob 000003e0: 00 00 00 00 00 00 00 00 00 00 00 00 00 00 00 00
[   24.229785] nvdla_blob 000003f0: 00 00 00 00 00 00 00 00 00 00 00 00 00 00 00 00
[   24.230176] nvdla_blob 00000400: 00 00 00 00 00 00 00 00 00 00 00 00 00 00 00 00
[   24.230549] nvdla_blob 00000410: 00 00 00 00 00 00 00 00 00 00 00 00 00 00 00 00
[   24.230929] nvdla_blob 00000420: 00 00 00 00 00 00 00 00 00 00 00 00 00 00 00 00
[   24.231302] nvdla_blob 00000430: 00 00 00 00 00 00 00 00 00 00 00 00 00 00 00 00
[   24.231672] nvdla_blob 00000440: 00 00 00 00 00 00 00 00 00 00 00 00 00 00 00 00
[   24.232079] nvdla_blob 00000450: 00 00 00 00 00 00 00 00 00 00 00 00 00 00 00 00
[   24.233721] nvdla_blob 00000460: 00 00 00 00 00 00 00 00 00 00 00 00 00 00 00 00
[   24.234121] nvdla_blob 00000470: 00 00 00 00 00 00 00 00 00 00 00 00 00 00 00 00
[   24.234502] nvdla_blob 00000480: 00 00 00 00 00 00 00 00 00 00 00 00 00 00 00 00
[   24.234880] nvdla_blob 00000490: 00 00 00 00 00 00 00 00 00 00 00 00 00 00 00 00
[   24.235265] nvdla_blob 000004a0: 00 00 00 00 00 00 00 00 00 00 00 00 00 00 00 00
[   24.235645] nvdla_blob 000004b0: 00 00 00 00 00 00 00 00 00 00 00 00 00 00 00 00
[   24.236032] nvdla_blob 000004c0: 00 00 00 00 00 00 00 00 00 00 00 00 00 00 00 00
[   24.237550] nvdla_blob 000004d0: 00 00 00 00 00 00 00 00 00 00 00 00 00 00 00 00
[   24.237978] nvdla_blob 000004e0: 00 00 00 00 00 00 00 00 00 00 00 00 00 00 00 00
[   24.238368] nvdla_blob 000004f0: 00 00 00 00 00 00 00 00 00 00 00 00 00 00 00 00
[   24.238748] nvdla_blob 00000500: 00 00 00 00 00 00 00 00 00 00 00 00 00 00 00 00
[   24.239137] nvdla_blob 00000510: 00 00 00 00 00 00 00 00 00 00 00 00 00 00 00 00
[   24.239511] nvdla_blob 00000520: 00 00 00 00 00 00 00 00 00 00 00 00 00 00 00 00
[   24.239893] nvdla_blob 00000530: 00 00 00 00 00 00 00 00 00 00 00 00 00 00 00 00
[   24.241328] nvdla_blob 00000540: 00 00 00 00 00 00 00 00 00 00 00 00 00 00 00 00
[   24.241749] nvdla_blob 00000550: 00 00 00 00 00 00 00 00 00 00 00 00 00 00 00 00
[   24.242134] nvdla_blob 00000560: 00 00 00 00 00 00 00 00 00 00 00 00 00 00 00 00
[   24.242511] nvdla_blob 00000570: 00 00 00 00 00 00 00 00 00 00 00 00 00 00 00 00
[   24.242894] nvdla_blob 00000580: 00 00 00 00 00 00 00 00 00 00 00 00 00 00 00 00
[   24.243286] nvdla_blob 00000590: 00 00 00 00 00 00 00 00 00 00 00 00 00 00 00 00
[   24.243658] nvdla_blob 000005a0: 00 00 00 00 00 00 00 00 00 00 00 00 00 00 00 00
[   24.244091] nvdla_blob 000005b0: 00 00 00 00 00 00 00 00 00 00 00 00 00 00 00 00
[   24.245917] nvdla_blob 000005c0: 00 00 00 00 00 00 00 00 00 00 00 00 00 00 00 00
[   24.246302] nvdla_blob 000005d0: 00 00 00 00 00 00 00 00 00 00 00 00 00 00 00 00
[   24.246672] nvdla_blob 000005e0: 00 00 00 00 00 00 00 00 00 00 00 00 00 00 00 00
[   24.247053] nvdla_blob 000005f0: 00 00 00 00 00 00 00 00 00 00 00 00 00 00 00 00
[   24.247439] nvdla_blob 00000600: 00 00 00 00 00 00 00 00 00 00 00 00 00 00 00 00
[   24.247810] nvdla_blob 00000610: 00 00 00 00 00 00 00 00 00 00 00 00 00 00 00 00
[   24.248228] nvdla_blob 00000620: 00 00 00 00 00 00 00 00 00 00 00 00 00 00 00 00
[   24.249779] nvdla_blob 00000630: 00 00 00 00 00 00 00 00 00 00 00 00 00 00 00 00
[   24.250170] nvdla_blob 00000640: 00 00 00 00 00 00 00 00 00 00 00 00 00 00 00 00
[   24.250538] nvdla_blob 00000650: 00 00 00 00 00 00 00 00 00 00 00 00 00 00 00 00
[   24.250911] nvdla_blob 00000660: 00 00 00 00 00 00 00 00 00 00 00 00 00 00 00 00
[   24.251281] nvdla_blob 00000670: 00 00 00 00 00 00 00 00 00 00 00 00 00 00 00 00
[   24.251654] nvdla_blob 00000680: 00 00 00 00 00 00 00 00 00 00 00 00 00 00 00 00
[   24.252050] nvdla_blob 00000690: 00 00 00 00 00 00 00 00 00 00 00 00 00 00 00 00
[   24.253522] nvdla_blob 000006a0: 00 00 00 00 00 00 00 00 00 00 00 00 00 00 00 00
[   24.253917] nvdla_blob 000006b0: 00 00 00 00 00 00 00 00 00 00 00 00 00 00 00 00
[   24.254292] nvdla_blob 000006c0: 00 00 00 00 00 00 00 00 00 00 00 00 00 00 00 00
[   24.254662] nvdla_blob 000006d0: 00 00 00 00 00 00 00 00 00 00 00 00 00 00 00 00
[   24.255045] nvdla_blob 000006e0: 00 00 00 00 00 00 00 00 00 00 00 00 00 00 00 00
[   24.255417] nvdla_blob 000006f0: 00 00 00 00 00 00 00 00 00 00 00 00 00 00 00 00
[   24.255786] nvdla_blob 00000700: 00 00 00 00 00 00 00 00 00 00 00 00 00 00 00 00
[   24.256178] nvdla_blob 00000710: 00 00 00 00 00 00 00 00 00 00 00 00 00 00 00 00
[   24.257770] nvdla_blob 00000720: 00 00 00 00 00 00 00 00 00 00 00 00 00 00 00 00
[   24.258164] nvdla_blob 00000730: 00 00 00 00 00 00 00 00 00 00 00 00 00 00 00 00
[   24.258540] nvdla_blob 00000740: 00 00 00 00 00 00 00 00 00 00 00 00 00 00 00 00
[   24.258972] nvdla_blob 00000750: 00 00 00 00 00 00 00 00 00 00 00 00 00 00 00 00
[   24.259368] nvdla_blob 00000760: 00 00 00 00 00 00 00 00 00 00 00 00 00 00 00 00
[   24.259745] nvdla_blob 00000770: 00 00 00 00 00 00 00 00 00 00 00 00 00 00 00 00
[   24.260173] nvdla_blob 00000780: 00 00 00 00 00 00 00 00 00 00 00 00 00 00 00 00
[   24.262005] nvdla_blob 00000790: 00 00 00 00 00 00 00 00 00 00 00 00 00 00 00 00
[   24.262413] nvdla_blob 000007a0: 00 00 00 00 00 00 00 00 00 00 00 00 00 00 00 00
[   24.262803] nvdla_blob 000007b0: 00 00 00 00 00 00 00 00 00 00 00 00 00 00 00 00
[   24.263201] nvdla_blob 000007c0: 00 00 00 00 00 00 00 00 00 00 00 00 00 00 00 00
[   24.263578] nvdla_blob 000007d0: 00 00 00 00 00 00 00 00 00 00 00 00 00 00 00 00
[   24.263967] nvdla_blob 000007e0: 00 00 00 00 00 00 00 00 00 00 00 00 00 00 00 00
[   24.265507] nvdla_blob 000007f0: 00 00 00 00 00 00 00 00 00 00 00 00 00 00 00 00
[   24.265938] nvdla_blob 00000800: 00 00 00 00 00 00 00 00 00 00 00 00 00 00 00 00
[   24.266317] nvdla_blob 00000810: 00 00 00 00 00 00 00 00 00 00 00 00 00 00 00 00
[   24.266695] nvdla_blob 00000820: 00 00 00 00 00 00 00 00 00 00 00 00 00 00 00 00
[   24.267079] nvdla_blob 00000830: 00 00 00 00 00 00 00 00 00 00 00 00 00 00 00 00
[   24.267463] nvdla_blob 00000840: 00 00 00 00 00 00 00 00 00 00 00 00 00 00 00 00
[   24.267838] nvdla_blob 00000850: 00 00 00 00 00 00 00 00 00 00 00 00 00 00 00 00
[   24.268248] nvdla_blob 00000860: 00 00 00 00 00 00 00 00 00 00 00 00 00 00 00 00
[   24.269766] nvdla_blob 00000870: 00 00 00 00 00 00 00 00 00 00 00 00 00 00 00 00
[   24.270166] nvdla_blob 00000880: 00 00 00 00 00 00 00 00 00 00 00 00 00 00 00 00
[   24.270542] nvdla_blob 00000890: 00 00 00 00 00 00 00 00 00 00 00 00 00 00 00 00
[   24.270926] nvdla_blob 000008a0: 00 00 00 00 00 00 00 00 00 00 00 00 00 00 00 00
[   24.271317] nvdla_blob 000008b0: 00 00 00 00 00 00 00 00 00 00 00 00 00 00 00 00
[   24.271710] nvdla_blob 000008c0: 00 00 00 00 00 00 00 00 00 00 00 00 00 00 00 00
[   24.272132] nvdla_blob 000008d0: 00 00 00 00 00 00 00 00 00 00 00 00 00 00 00 00
[   24.273867] nvdla_blob 000008e0: 00 00 00 00 00 00 00 00 00 00 00 00 00 00 00 00
[   24.274278] nvdla_blob 000008f0: 00 00 00 00 00 00 00 00 00 00 00 00 00 00 00 00
[   24.274661] nvdla_blob 00000900: 00 00 00 00 00 00 00 00 00 00 00 00 00 00 00 00
[   24.275101] nvdla_blob 00000910: 00 00 00 00 00 00 00 00 00 00 00 00 00 00 00 00
[   24.275651] nvdla_blob 00000920: 00 00 00 00 00 00 00 00 00 00 00 00 00 00 00 00
[   24.276444] nvdla_blob 00000930: 00 00 00 00 00 00 00 00 00 00 00 00 00 00 00 00
[   24.278452] nvdla_blob 00000940: 00 00 00 00 00 00 00 00 00 00 00 00 00 00 00 00
[   24.279014] nvdla_blob 00000950: 00 00 00 00 00 00 00 00 00 00 00 00 00 00 00 00
[   24.279449] nvdla_blob 00000960: 00 00 00 00 00 00 00 00 00 00 00 00 00 00 00 00
[   24.279828] nvdla_blob 00000970: 00 00 00 00 00 00 00 00 00 00 00 00 00 00 00 00
[   24.280279] nvdla_blob 00000980: 00 00 00 00 00 00 00 00 00 00 00 00 00 00 00 00
[   24.281942] nvdla_blob 00000990: 00 00 00 00 00 00 00 00 00 00 00 00 00 00 00 00
[   24.282368] nvdla_blob 000009a0: 00 00 00 00 00 00 00 00 00 00 00 00 00 00 00 00
[   24.282803] nvdla_blob 000009b0: 00 00 00 00 00 00 00 00 00 00 00 00 00 00 00 00
[   24.283221] nvdla_blob 000009c0: 00 00 00 00 00 00 00 00 00 00 00 00 00 00 00 00
[   24.283650] nvdla_blob 000009d0: 00 00 00 00 00 00 00 00 00 00 00 00 00 00 00 00
[   24.284079] nvdla_blob 000009e0: 00 00 00 00 00 00 00 00 00 00 00 00 00 00 00 00
[   24.285829] nvdla_blob 000009f0: 00 00 00 00 00 00 00 00 00 00 00 00 00 00 00 00
[   24.286375] nvdla_blob 00000a00: 00 00 00 00 00 00 00 00 00 00 00 00 00 00 00 00
[   24.286776] nvdla_blob 00000a10: 00 00 00 00 00 00 00 00 00 00 00 00 00 00 00 00
[   24.287201] nvdla_blob 00000a20: 00 00 00 00 00 00 00 00 00 00 00 00 00 00 00 00
[   24.287619] nvdla_blob 00000a30: 00 00 00 00 00 00 00 00 00 00 00 00 00 00 00 00
[   24.288143] nvdla_blob 00000a40: 00 00 00 00 00 00 00 00 00 00 00 00 00 00 00 00
[   24.289956] nvdla_blob 00000a50: 00 00 00 00 00 00 00 00 00 00 00 00 00 00 00 00
[   24.290347] nvdla_blob 00000a60: 00 00 00 00 00 00 00 00 00 00 00 00 00 00 00 00
[   24.290729] nvdla_blob 00000a70: 00 00 00 00 00 00 00 00 00 00 00 00 00 00 00 00
[   24.291208] nvdla_blob 00000a80: 00 00 00 00 00 00 00 00 00 00 00 00 00 00 00 00
[   24.291593] nvdla_blob 00000a90: 00 00 00 00 00 00 00 00 00 00 00 00 00 00 00 00
[   24.291984] nvdla_blob 00000aa0: 00 00 00 00 00 00 00 00 00 00 00 00 00 00 00 00
[   24.292449] nvdla_blob 00000ab0: 00 00 00 00 00 00 00 00 00 00 00 00 00 00 00 00
[   24.294128] nvdla_blob 00000ac0: 00 00 00 00 00 00 00 00 00 00 00 00 00 00 00 00
[   24.294579] nvdla_blob 00000ad0: 00 00 00 00 00 00 00 00 00 00 00 00 00 00 00 00
[   24.294983] nvdla_blob 00000ae0: 00 00 00 00 00 00 00 00 00 00 00 00 00 00 00 00
[   24.295372] nvdla_blob 00000af0: 00 00 00 00 00 00 00 00 00 00 00 00 00 00 00 00
[   24.295760] nvdla_blob 00000b00: 00 00 00 00 00 00 00 00 00 00 00 00 00 00 00 00
[   24.296188] nvdla_blob 00000b10: 00 00 00 00 00 00 00 00 00 00 00 00 00 00 00 00
[   24.297757] nvdla_blob 00000b20: 00 00 00 00 00 00 00 00 00 00 00 00 00 00 00 00
[   24.298155] nvdla_blob 00000b30: 00 00 00 00 00 00 00 00 00 00 00 00 00 00 00 00
[   24.298537] nvdla_blob 00000b40: 00 00 00 00 00 00 00 00 00 00 00 00 00 00 00 00
[   24.298927] nvdla_blob 00000b50: 00 00 00 00 00 00 00 00 00 00 00 00 00 00 00 00
[   24.299309] nvdla_blob 00000b60: 00 00 00 00 00 00 00 00 00 00 00 00 00 00 00 00
[   24.299685] nvdla_blob 00000b70: 00 00 00 00 00 00 00 00 00 00 00 00 00 00 00 00
[   24.300096] nvdla_blob 00000b80: 00 00 00 00 00 00 00 00 00 00 00 00 00 00 00 00
[   24.301752] nvdla_blob 00000b90: 00 00 00 00 00 00 00 00 00 00 00 00 00 00 00 00
[   24.302153] nvdla_blob 00000ba0: 00 00 00 00 00 00 00 00 00 00 00 00 00 00 00 00
[   24.302599] nvdla_blob 00000bb0: 00 00 00 00 00 00 00 00 00 00 00 00 00 00 00 00
[   24.303025] nvdla_blob 00000bc0: 00 00 00 00 00 00 00 00 00 00 00 00 00 00 00 00
[   24.303411] nvdla_blob 00000bd0: 00 00 00 00 00 00 00 00 00 00 00 00 00 00 00 00
[   24.303807] nvdla_blob 00000be0: 00 00 00 00 00 00 00 00 00 00 00 00 00 00 00 00
[   24.304305] nvdla_blob 00000bf0: 00 00 00 00 00 00 00 00 00 00 00 00 00 00 00 00
[   24.306044] nvdla_blob 00000c00: 00 00 00 00 00 00 00 00 00 00 00 00 00 00 00 00
[   24.306429] nvdla_blob 00000c10: 00 00 00 00 00 00 00 00 00 00 00 00 00 00 00 00
[   24.306803] nvdla_blob 00000c20: 00 00 00 00 00 00 00 00 00 00 00 00 00 00 00 00
[   24.307188] nvdla_blob 00000c30: 00 00 00 00 00 00 00 00 00 00 00 00 00 00 00 00
[   24.307563] nvdla_blob 00000c40: 00 00 00 00 00 00 00 00 00 00 00 00 00 00 00 00
[   24.307944] nvdla_blob 00000c50: 00 00 00 00 00 00 00 00 00 00 00 00 00 00 00 00
[   24.309383] nvdla_blob 00000c60: 00 00 00 00 00 00 00 00 00 00 00 00 00 00 00 00
[   24.309803] nvdla_blob 00000c70: 00 00 00 00 00 00 00 00 00 00 00 00 00 00 00 00
[   24.310191] nvdla_blob 00000c80: 00 00 00 00 00 00 00 00 00 00 00 00 00 00 00 00
[   24.310563] nvdla_blob 00000c90: 00 00 00 00 00 00 00 00 00 00 00 00 00 00 00 00
[   24.310944] nvdla_blob 00000ca0: 00 00 00 00 00 00 00 00 00 00 00 00 00 00 00 00
[   24.311322] nvdla_blob 00000cb0: 00 00 00 00 00 00 00 00 00 00 00 00 00 00 00 00
[   24.311695] nvdla_blob 00000cc0: 00 00 00 00 00 00 00 00 00 00 00 00 00 00 00 00
[   24.312100] nvdla_blob 00000cd0: 00 00 00 00 00 00 00 00 00 00 00 00 00 00 00 00
[   24.313638] nvdla_blob 00000ce0: 00 00 00 00 00 00 00 00 00 00 00 00 00 00 00 00
[   24.314025] nvdla_blob 00000cf0: 00 00 00 00 00 00 00 00 00 00 00 00 00 00 00 00
[   24.314403] nvdla_blob 00000d00: 00 00 00 00 00 00 00 00 00 00 00 00 00 00 00 00
[   24.314784] nvdla_blob 00000d10: 00 00 00 00 00 00 00 00 00 00 00 00 00 00 00 00
[   24.315181] nvdla_blob 00000d20: 00 00 00 00 00 00 00 00 00 00 00 00 00 00 00 00
[   24.315560] nvdla_blob 00000d30: 00 00 00 00 00 00 00 00 00 00 00 00 00 00 00 00
[   24.315940] nvdla_blob 00000d40: 00 00 00 00 00 00 00 00 00 00 00 00 00 00 00 00
[   24.317560] nvdla_blob 00000d50: 00 00 00 00 00 00 00 00 00 00 00 00 00 00 00 00
[   24.318000] nvdla_blob 00000d60: 00 00 00 00 00 00 00 00 00 00 00 00 00 00 00 00
[   24.318379] nvdla_blob 00000d70: 00 00 00 00 00 00 00 00 00 00 00 00 00 00 00 00
[   24.318761] nvdla_blob 00000d80: 00 00 00 00 00 00 00 00 00 00 00 00 00 00 00 00
[   24.319154] nvdla_blob 00000d90: 00 00 00 00 00 00 00 00 00 00 00 00 00 00 00 00
[   24.319531] nvdla_blob 00000da0: 00 00 00 00 00 00 00 00 00 00 00 00 00 00 00 00
[   24.319912] nvdla_blob 00000db0: 00 00 00 00 00 00 00 00 00 00 00 00 00 00 00 00
[   24.321470] nvdla_blob 00000dc0: 00 00 00 00 00 00 00 00 00 00 00 00 00 00 00 00
[   24.321899] nvdla_blob 00000dd0: 00 00 00 00 00 00 00 00 00 00 00 00 00 00 00 00
[   24.322271] nvdla_blob 00000de0: 00 00 00 00 00 00 00 00 00 00 00 00 00 00 00 00
[   24.322648] nvdla_blob 00000df0: 00 00 00 00 00 00 00 00 00 00 00 00 00 00 00 00
[   24.323029] nvdla_blob 00000e00: 00 00 00 00 00 00 00 00 00 00 00 00 00 00 00 00
[   24.323407] nvdla_blob 00000e10: 00 00 00 00 00 00 00 00 00 00 00 00 00 00 00 00
[   24.323779] nvdla_blob 00000e20: 00 00 00 00 00 00 00 00 00 00 00 00 00 00 00 00
[   24.324177] nvdla_blob 00000e30: 00 00 00 00 00 00 00 00 00 00 00 00 00 00 00 00
[   24.325713] nvdla_blob 00000e40: 00 00 00 00 00 00 00 00 00 00 00 00 00 00 00 00
[   24.326108] nvdla_blob 00000e50: 00 00 00 00 00 00 00 00 00 00 00 00 00 00 00 00
[   24.326485] nvdla_blob 00000e60: 00 00 00 00 00 00 00 00 00 00 00 00 00 00 00 00
[   24.326875] nvdla_blob 00000e70: 00 00 00 00 00 00 00 00 00 00 00 00 00 00 00 00
[   24.327255] nvdla_blob 00000e80: 00 00 00 00 00 00 00 00 00 00 00 00 00 00 00 00
[   24.327636] nvdla_blob 00000e90: 00 00 00 00 00 00 00 00 00 00 00 00 00 00 00 00
[   24.328037] nvdla_blob 00000ea0: 00 00 00 00 00 00 00 00 00 00 00 00 00 00 00 00
[   24.329497] nvdla_blob 00000eb0: 00 00 00 00 00 00 00 00 00 00 00 00 00 00 00 00
[   24.329892] nvdla_blob 00000ec0: 00 00 00 00 00 00 00 00 00 00 00 00 00 00 00 00
[   24.330270] nvdla_blob 00000ed0: 00 00 00 00 00 00 00 00 00 00 00 00 00 00 00 00
[   24.330647] nvdla_blob 00000ee0: 00 00 00 00 00 00 00 00 00 00 00 00 00 00 00 00
[   24.331050] nvdla_blob 00000ef0: 00 00 00 00 00 00 00 00 00 00 00 00 00 00 00 00
[   24.331431] nvdla_blob 00000f00: 00 00 00 00 00 00 00 00 00 00 00 00 00 00 00 00
[   24.331807] nvdla_blob 00000f10: 00 00 00 00 00 00 00 00 00 00 00 00 00 00 00 00
[   24.332213] nvdla_blob 00000f20: 00 00 00 00 00 00 00 00 00 00 00 00 00 00 00 00
[   24.333961] nvdla_blob 00000f30: 00 00 00 00 00 00 00 00 00 00 00 00 00 00 00 00
[   24.334339] nvdla_blob 00000f40: 00 00 00 00 00 00 00 00 00 00 00 00 00 00 00 00
[   24.334711] nvdla_blob 00000f50: 00 00 00 00 00 00 00 00 00 00 00 00 00 00 00 00
[   24.335092] nvdla_blob 00000f60: 00 00 00 00 00 00 00 00 00 00 00 00 00 00 00 00
[   24.335465] nvdla_blob 00000f70: 00 00 00 00 00 00 00 00 00 00 00 00 00 00 00 00
[   24.335833] nvdla_blob 00000f80: 00 00 00 00 00 00 00 00 00 00 00 00 00 00 00 00
[   24.337469] nvdla_blob 00000f90: 00 00 00 00 00 00 00 00 00 00 00 00 00 00 00 00
[   24.337990] nvdla_blob 00000fa0: 00 00 00 00 00 00 00 00 00 00 00 00 00 00 00 00
[   24.338409] nvdla_blob 00000fb0: 00 00 00 00 00 00 00 00 00 00 00 00 00 00 00 00
[   24.338782] nvdla_blob 00000fc0: 00 00 00 00 00 00 00 00 00 00 00 00 00 00 00 00
[   24.339169] nvdla_blob 00000fd0: 00 00 00 00 00 00 00 00 00 00 00 00 00 00 00 00
[   24.339551] nvdla_blob 00000fe0: 00 00 00 00 00 00 00 00 00 00 00 00 00 00 00 00
[   24.339932] nvdla_blob 00000ff0: 00 00 00 00 00 00 00 00 00 00 00 00 00 00 00 00
[   24.341180] nvdla_blob[8] prime_fd=10 handle=7 size=4096 dma=0xc0006000 full_4096_bytes:
[   24.341745] nvdla_blob 00000000: 00 00 00 00 00 00 00 00 00 00 00 00 00 00 00 00
[   24.342213] nvdla_blob 00000010: 00 00 00 00 00 00 00 00 00 00 00 00 00 00 00 00
[   24.342594] nvdla_blob 00000020: 00 00 00 00 00 00 00 00 00 00 00 00 00 00 00 00
[   24.342975] nvdla_blob 00000030: 00 00 00 00 00 00 00 00 00 00 00 00 00 00 00 00
[   24.343349] nvdla_blob 00000040: 00 00 00 00 00 00 00 00 00 00 00 00 00 00 00 00
[   24.343723] nvdla_blob 00000050: 00 00 00 00 00 00 00 00 00 00 00 00 00 00 00 00
[   24.344132] nvdla_blob 00000060: 00 00 00 00 00 00 00 00 00 00 00 00 00 00 00 00
[   24.345710] nvdla_blob 00000070: 00 00 00 00 00 00 00 00 00 00 00 00 00 00 00 00
[   24.346131] nvdla_blob 00000080: 00 00 00 00 00 00 00 00 00 00 00 00 00 00 00 00
[   24.346520] nvdla_blob 00000090: 00 00 00 00 00 00 00 00 00 00 00 00 00 00 00 00
[   24.346913] nvdla_blob 000000a0: 00 00 00 00 00 00 00 00 00 00 00 00 00 00 00 00
[   24.347295] nvdla_blob 000000b0: 00 00 00 00 00 00 00 00 00 00 00 00 00 00 00 00
[   24.347673] nvdla_blob 000000c0: 00 00 00 00 00 00 00 00 00 00 00 00 00 00 00 00
[   24.348061] nvdla_blob 000000d0: 00 00 00 00 00 00 00 00 00 00 00 00 00 00 00 00
[   24.349657] nvdla_blob 000000e0: 00 00 00 00 00 00 00 00 00 00 00 00 00 00 00 00
[   24.350086] nvdla_blob 000000f0: 00 00 00 00 00 00 00 00 00 00 00 00 00 00 00 00
[   24.350466] nvdla_blob 00000100: 00 00 00 00 00 00 00 00 00 00 00 00 00 00 00 00
[   24.350844] nvdla_blob 00000110: 00 00 00 00 00 00 00 00 00 00 00 00 00 00 00 00
[   24.351228] nvdla_blob 00000120: 00 00 00 00 00 00 00 00 00 00 00 00 00 00 00 00
[   24.351605] nvdla_blob 00000130: 00 00 00 00 00 00 00 00 00 00 00 00 00 00 00 00
[   24.351987] nvdla_blob 00000140: 00 00 00 00 00 00 00 00 00 00 00 00 00 00 00 00
[   24.353538] nvdla_blob 00000150: 00 00 00 00 00 00 00 00 00 00 00 00 00 00 00 00
[   24.353964] nvdla_blob 00000160: 00 00 00 00 00 00 00 00 00 00 00 00 00 00 00 00
[   24.354342] nvdla_blob 00000170: 00 00 00 00 00 00 00 00 00 00 00 00 00 00 00 00
[   24.354716] nvdla_blob 00000180: 00 00 00 00 00 00 00 00 00 00 00 00 00 00 00 00
[   24.355105] nvdla_blob 00000190: 00 00 00 00 00 00 00 00 00 00 00 00 00 00 00 00
[   24.355485] nvdla_blob 000001a0: 00 00 00 00 00 00 00 00 00 00 00 00 00 00 00 00
[   24.355870] nvdla_blob 000001b0: 00 00 00 00 00 00 00 00 00 00 00 00 00 00 00 00
[   24.357524] nvdla_blob 000001c0: 00 00 00 00 00 00 00 00 00 00 00 00 00 00 00 00
[   24.357971] nvdla_blob 000001d0: 00 00 00 00 00 00 00 00 00 00 00 00 00 00 00 00
[   24.358368] nvdla_blob 000001e0: 00 00 00 00 00 00 00 00 00 00 00 00 00 00 00 00
[   24.358835] nvdla_blob 000001f0: 00 00 00 00 00 00 00 00 00 00 00 00 00 00 00 00
[   24.359385] nvdla_blob 00000200: 00 00 00 00 00 00 00 00 00 00 00 00 00 00 00 00
[   24.359853] nvdla_blob 00000210: 00 00 00 00 00 00 00 00 00 00 00 00 00 00 00 00
[   24.361614] nvdla_blob 00000220: 00 00 00 00 00 00 00 00 00 00 00 00 00 00 00 00
[   24.362110] nvdla_blob 00000230: 00 00 00 00 00 00 00 00 00 00 00 00 00 00 00 00
[   24.362492] nvdla_blob 00000240: 00 00 00 00 00 00 00 00 00 00 00 00 00 00 00 00
[   24.362878] nvdla_blob 00000250: 00 00 00 00 00 00 00 00 00 00 00 00 00 00 00 00
[   24.363257] nvdla_blob 00000260: 00 00 00 00 00 00 00 00 00 00 00 00 00 00 00 00
[   24.363631] nvdla_blob 00000270: 00 00 00 00 00 00 00 00 00 00 00 00 00 00 00 00
[   24.364010] nvdla_blob 00000280: 00 00 00 00 00 00 00 00 00 00 00 00 00 00 00 00
[   24.365684] nvdla_blob 00000290: 00 00 00 00 00 00 00 00 00 00 00 00 00 00 00 00
[   24.366114] nvdla_blob 000002a0: 00 00 00 00 00 00 00 00 00 00 00 00 00 00 00 00
[   24.366489] nvdla_blob 000002b0: 00 00 00 00 00 00 00 00 00 00 00 00 00 00 00 00
[   24.366872] nvdla_blob 000002c0: 00 00 00 00 00 00 00 00 00 00 00 00 00 00 00 00
[   24.367252] nvdla_blob 000002d0: 00 00 00 00 00 00 00 00 00 00 00 00 00 00 00 00
[   24.367633] nvdla_blob 000002e0: 00 00 00 00 00 00 00 00 00 00 00 00 00 00 00 00
[   24.368031] nvdla_blob 000002f0: 00 00 00 00 00 00 00 00 00 00 00 00 00 00 00 00
[   24.369614] nvdla_blob 00000300: 00 00 00 00 00 00 00 00 00 00 00 00 00 00 00 00
[   24.370007] nvdla_blob 00000310: 00 00 00 00 00 00 00 00 00 00 00 00 00 00 00 00
[   24.370396] nvdla_blob 00000320: 00 00 00 00 00 00 00 00 00 00 00 00 00 00 00 00
[   24.370859] nvdla_blob 00000330: 00 00 00 00 00 00 00 00 00 00 00 00 00 00 00 00
[   24.371323] nvdla_blob 00000340: 00 00 00 00 00 00 00 00 00 00 00 00 00 00 00 00
[   24.371697] nvdla_blob 00000350: 00 00 00 00 00 00 00 00 00 00 00 00 00 00 00 00
[   24.372095] nvdla_blob 00000360: 00 00 00 00 00 00 00 00 00 00 00 00 00 00 00 00
[   24.373663] nvdla_blob 00000370: 00 00 00 00 00 00 00 00 00 00 00 00 00 00 00 00
[   24.374051] nvdla_blob 00000380: 00 00 00 00 00 00 00 00 00 00 00 00 00 00 00 00
[   24.374450] nvdla_blob 00000390: 00 00 00 00 00 00 00 00 00 00 00 00 00 00 00 00
[   24.374920] nvdla_blob 000003a0: 00 00 00 00 00 00 00 00 00 00 00 00 00 00 00 00
[   24.375371] nvdla_blob 000003b0: 00 00 00 00 00 00 00 00 00 00 00 00 00 00 00 00
[   24.375741] nvdla_blob 000003c0: 00 00 00 00 00 00 00 00 00 00 00 00 00 00 00 00
[   24.376151] nvdla_blob 000003d0: 00 00 00 00 00 00 00 00 00 00 00 00 00 00 00 00
[   24.377643] nvdla_blob 000003e0: 00 00 00 00 00 00 00 00 00 00 00 00 00 00 00 00
[   24.378034] nvdla_blob 000003f0: 00 00 00 00 00 00 00 00 00 00 00 00 00 00 00 00
[   24.378411] nvdla_blob 00000400: 00 00 00 00 00 00 00 00 00 00 00 00 00 00 00 00
[   24.378791] nvdla_blob 00000410: 00 00 00 00 00 00 00 00 00 00 00 00 00 00 00 00
[   24.379171] nvdla_blob 00000420: 00 00 00 00 00 00 00 00 00 00 00 00 00 00 00 00
[   24.379546] nvdla_blob 00000430: 00 00 00 00 00 00 00 00 00 00 00 00 00 00 00 00
[   24.379932] nvdla_blob 00000440: 00 00 00 00 00 00 00 00 00 00 00 00 00 00 00 00
[   24.381397] nvdla_blob 00000450: 00 00 00 00 00 00 00 00 00 00 00 00 00 00 00 00
[   24.381817] nvdla_blob 00000460: 00 00 00 00 00 00 00 00 00 00 00 00 00 00 00 00
[   24.382200] nvdla_blob 00000470: 00 00 00 00 00 00 00 00 00 00 00 00 00 00 00 00
[   24.382659] nvdla_blob 00000480: 00 00 00 00 00 00 00 00 00 00 00 00 00 00 00 00
[   24.383126] nvdla_blob 00000490: 00 00 00 00 00 00 00 00 00 00 00 00 00 00 00 00
[   24.383522] nvdla_blob 000004a0: 00 00 00 00 00 00 00 00 00 00 00 00 00 00 00 00
[   24.383903] nvdla_blob 000004b0: 00 00 00 00 00 00 00 00 00 00 00 00 00 00 00 00
[   24.385360] nvdla_blob 000004c0: 00 00 00 00 00 00 00 00 00 00 00 00 00 00 00 00
[   24.385784] nvdla_blob 000004d0: 00 00 00 00 00 00 00 00 00 00 00 00 00 00 00 00
[   24.386172] nvdla_blob 000004e0: 00 00 00 00 00 00 00 00 00 00 00 00 00 00 00 00
[   24.386599] nvdla_blob 000004f0: 00 00 00 00 00 00 00 00 00 00 00 00 00 00 00 00
[   24.387070] nvdla_blob 00000500: 00 00 00 00 00 00 00 00 00 00 00 00 00 00 00 00
[   24.387493] nvdla_blob 00000510: 00 00 00 00 00 00 00 00 00 00 00 00 00 00 00 00
[   24.387873] nvdla_blob 00000520: 00 00 00 00 00 00 00 00 00 00 00 00 00 00 00 00
[   24.389415] nvdla_blob 00000530: 00 00 00 00 00 00 00 00 00 00 00 00 00 00 00 00
[   24.389838] nvdla_blob 00000540: 00 00 00 00 00 00 00 00 00 00 00 00 00 00 00 00
[   24.390224] nvdla_blob 00000550: 00 00 00 00 00 00 00 00 00 00 00 00 00 00 00 00
[   24.390679] nvdla_blob 00000560: 00 00 00 00 00 00 00 00 00 00 00 00 00 00 00 00
[   24.391082] nvdla_blob 00000570: 00 00 00 00 00 00 00 00 00 00 00 00 00 00 00 00
[   24.391479] nvdla_blob 00000580: 00 00 00 00 00 00 00 00 00 00 00 00 00 00 00 00
[   24.391865] nvdla_blob 00000590: 00 00 00 00 00 00 00 00 00 00 00 00 00 00 00 00
[   24.393429] nvdla_blob 000005a0: 00 00 00 00 00 00 00 00 00 00 00 00 00 00 00 00
[   24.393962] nvdla_blob 000005b0: 00 00 00 00 00 00 00 00 00 00 00 00 00 00 00 00
[   24.394406] nvdla_blob 000005c0: 00 00 00 00 00 00 00 00 00 00 00 00 00 00 00 00
[   24.394893] nvdla_blob 000005d0: 00 00 00 00 00 00 00 00 00 00 00 00 00 00 00 00
[   24.395302] nvdla_blob 000005e0: 00 00 00 00 00 00 00 00 00 00 00 00 00 00 00 00
[   24.395687] nvdla_blob 000005f0: 00 00 00 00 00 00 00 00 00 00 00 00 00 00 00 00
[   24.396095] nvdla_blob 00000600: 00 00 00 00 00 00 00 00 00 00 00 00 00 00 00 00
[   24.397621] nvdla_blob 00000610: 00 00 00 00 00 00 00 00 00 00 00 00 00 00 00 00
[   24.398007] nvdla_blob 00000620: 00 00 00 00 00 00 00 00 00 00 00 00 00 00 00 00
[   24.398383] nvdla_blob 00000630: 00 00 00 00 00 00 00 00 00 00 00 00 00 00 00 00
[   24.398849] nvdla_blob 00000640: 00 00 00 00 00 00 00 00 00 00 00 00 00 00 00 00
[   24.399321] nvdla_blob 00000650: 00 00 00 00 00 00 00 00 00 00 00 00 00 00 00 00
[   24.399707] nvdla_blob 00000660: 00 00 00 00 00 00 00 00 00 00 00 00 00 00 00 00
[   24.400106] nvdla_blob 00000670: 00 00 00 00 00 00 00 00 00 00 00 00 00 00 00 00
[   24.401584] nvdla_blob 00000680: 00 00 00 00 00 00 00 00 00 00 00 00 00 00 00 00
[   24.401972] nvdla_blob 00000690: 00 00 00 00 00 00 00 00 00 00 00 00 00 00 00 00
[   24.402346] nvdla_blob 000006a0: 00 00 00 00 00 00 00 00 00 00 00 00 00 00 00 00
[   24.402808] nvdla_blob 000006b0: 00 00 00 00 00 00 00 00 00 00 00 00 00 00 00 00
[   24.403282] nvdla_blob 000006c0: 00 00 00 00 00 00 00 00 00 00 00 00 00 00 00 00
[   24.403723] nvdla_blob 000006d0: 00 00 00 00 00 00 00 00 00 00 00 00 00 00 00 00
[   24.404170] nvdla_blob 000006e0: 00 00 00 00 00 00 00 00 00 00 00 00 00 00 00 00
[   24.405731] nvdla_blob 000006f0: 00 00 00 00 00 00 00 00 00 00 00 00 00 00 00 00
[   24.406126] nvdla_blob 00000700: 00 00 00 00 00 00 00 00 00 00 00 00 00 00 00 00
[   24.406505] nvdla_blob 00000710: 00 00 00 00 00 00 00 00 00 00 00 00 00 00 00 00
[   24.406994] nvdla_blob 00000720: 00 00 00 00 00 00 00 00 00 00 00 00 00 00 00 00
[   24.407430] nvdla_blob 00000730: 00 00 00 00 00 00 00 00 00 00 00 00 00 00 00 00
[   24.407836] nvdla_blob 00000740: 00 00 00 00 00 00 00 00 00 00 00 00 00 00 00 00
[   24.408268] nvdla_blob 00000750: 00 00 00 00 00 00 00 00 00 00 00 00 00 00 00 00
[   24.410118] nvdla_blob 00000760: 00 00 00 00 00 00 00 00 00 00 00 00 00 00 00 00
[   24.410508] nvdla_blob 00000770: 00 00 00 00 00 00 00 00 00 00 00 00 00 00 00 00
[   24.410891] nvdla_blob 00000780: 00 00 00 00 00 00 00 00 00 00 00 00 00 00 00 00
[   24.411264] nvdla_blob 00000790: 00 00 00 00 00 00 00 00 00 00 00 00 00 00 00 00
[   24.411640] nvdla_blob 000007a0: 00 00 00 00 00 00 00 00 00 00 00 00 00 00 00 00
[   24.412022] nvdla_blob 000007b0: 00 00 00 00 00 00 00 00 00 00 00 00 00 00 00 00
[   24.413440] nvdla_blob 000007c0: 00 00 00 00 00 00 00 00 00 00 00 00 00 00 00 00
[   24.413858] nvdla_blob 000007d0: 00 00 00 00 00 00 00 00 00 00 00 00 00 00 00 00
[   24.414241] nvdla_blob 000007e0: 00 00 00 00 00 00 00 00 00 00 00 00 00 00 00 00
[   24.414696] nvdla_blob 000007f0: 00 00 00 00 00 00 00 00 00 00 00 00 00 00 00 00
[   24.415162] nvdla_blob 00000800: 00 00 00 00 00 00 00 00 00 00 00 00 00 00 00 00
[   24.415581] nvdla_blob 00000810: 00 00 00 00 00 00 00 00 00 00 00 00 00 00 00 00
[   24.415963] nvdla_blob 00000820: 00 00 00 00 00 00 00 00 00 00 00 00 00 00 00 00
[   24.417439] nvdla_blob 00000830: 00 00 00 00 00 00 00 00 00 00 00 00 00 00 00 00
[   24.417867] nvdla_blob 00000840: 00 00 00 00 00 00 00 00 00 00 00 00 00 00 00 00
[   24.418254] nvdla_blob 00000850: 00 00 00 00 00 00 00 00 00 00 00 00 00 00 00 00
[   24.418735] nvdla_blob 00000860: 00 00 00 00 00 00 00 00 00 00 00 00 00 00 00 00
[   24.419397] nvdla_blob 00000870: 00 00 00 00 00 00 00 00 00 00 00 00 00 00 00 00
[   24.419840] nvdla_blob 00000880: 00 00 00 00 00 00 00 00 00 00 00 00 00 00 00 00
[   24.420281] nvdla_blob 00000890: 00 00 00 00 00 00 00 00 00 00 00 00 00 00 00 00
[   24.422034] nvdla_blob 000008a0: 00 00 00 00 00 00 00 00 00 00 00 00 00 00 00 00
[   24.422423] nvdla_blob 000008b0: 00 00 00 00 00 00 00 00 00 00 00 00 00 00 00 00
[   24.422797] nvdla_blob 000008c0: 00 00 00 00 00 00 00 00 00 00 00 00 00 00 00 00
[   24.423177] nvdla_blob 000008d0: 00 00 00 00 00 00 00 00 00 00 00 00 00 00 00 00
[   24.423556] nvdla_blob 000008e0: 00 00 00 00 00 00 00 00 00 00 00 00 00 00 00 00
[   24.423971] nvdla_blob 000008f0: 00 00 00 00 00 00 00 00 00 00 00 00 00 00 00 00
[   24.425480] nvdla_blob 00000900: 00 00 00 00 00 00 00 00 00 00 00 00 00 00 00 00
[   24.426007] nvdla_blob 00000910: 00 00 00 00 00 00 00 00 00 00 00 00 00 00 00 00
[   24.426427] nvdla_blob 00000920: 00 00 00 00 00 00 00 00 00 00 00 00 00 00 00 00
[   24.426811] nvdla_blob 00000930: 00 00 00 00 00 00 00 00 00 00 00 00 00 00 00 00
[   24.427219] nvdla_blob 00000940: 00 00 00 00 00 00 00 00 00 00 00 00 00 00 00 00
[   24.427625] nvdla_blob 00000950: 00 00 00 00 00 00 00 00 00 00 00 00 00 00 00 00
[   24.428063] nvdla_blob 00000960: 00 00 00 00 00 00 00 00 00 00 00 00 00 00 00 00
[   24.430073] nvdla_blob 00000970: 00 00 00 00 00 00 00 00 00 00 00 00 00 00 00 00
[   24.430486] nvdla_blob 00000980: 00 00 00 00 00 00 00 00 00 00 00 00 00 00 00 00
[   24.430878] nvdla_blob 00000990: 00 00 00 00 00 00 00 00 00 00 00 00 00 00 00 00
[   24.431258] nvdla_blob 000009a0: 00 00 00 00 00 00 00 00 00 00 00 00 00 00 00 00
[   24.431636] nvdla_blob 000009b0: 00 00 00 00 00 00 00 00 00 00 00 00 00 00 00 00
[   24.432058] nvdla_blob 000009c0: 00 00 00 00 00 00 00 00 00 00 00 00 00 00 00 00
[   24.433642] nvdla_blob 000009d0: 00 00 00 00 00 00 00 00 00 00 00 00 00 00 00 00
[   24.434035] nvdla_blob 000009e0: 00 00 00 00 00 00 00 00 00 00 00 00 00 00 00 00
[   24.434412] nvdla_blob 000009f0: 00 00 00 00 00 00 00 00 00 00 00 00 00 00 00 00
[   24.434886] nvdla_blob 00000a00: 00 00 00 00 00 00 00 00 00 00 00 00 00 00 00 00
[   24.435348] nvdla_blob 00000a10: 00 00 00 00 00 00 00 00 00 00 00 00 00 00 00 00
[   24.435724] nvdla_blob 00000a20: 00 00 00 00 00 00 00 00 00 00 00 00 00 00 00 00
[   24.436129] nvdla_blob 00000a30: 00 00 00 00 00 00 00 00 00 00 00 00 00 00 00 00
[   24.437585] nvdla_blob 00000a40: 00 00 00 00 00 00 00 00 00 00 00 00 00 00 00 00
[   24.437977] nvdla_blob 00000a50: 00 00 00 00 00 00 00 00 00 00 00 00 00 00 00 00
[   24.438360] nvdla_blob 00000a60: 00 00 00 00 00 00 00 00 00 00 00 00 00 00 00 00
[   24.438819] nvdla_blob 00000a70: 00 00 00 00 00 00 00 00 00 00 00 00 00 00 00 00
[   24.439298] nvdla_blob 00000a80: 00 00 00 00 00 00 00 00 00 00 00 00 00 00 00 00
[   24.439692] nvdla_blob 00000a90: 00 00 00 00 00 00 00 00 00 00 00 00 00 00 00 00
[   24.440087] nvdla_blob 00000aa0: 00 00 00 00 00 00 00 00 00 00 00 00 00 00 00 00
[   24.441541] nvdla_blob 00000ab0: 00 00 00 00 00 00 00 00 00 00 00 00 00 00 00 00
[   24.441939] nvdla_blob 00000ac0: 00 00 00 00 00 00 00 00 00 00 00 00 00 00 00 00
[   24.442317] nvdla_blob 00000ad0: 00 00 00 00 00 00 00 00 00 00 00 00 00 00 00 00
[   24.442774] nvdla_blob 00000ae0: 00 00 00 00 00 00 00 00 00 00 00 00 00 00 00 00
[   24.443247] nvdla_blob 00000af0: 00 00 00 00 00 00 00 00 00 00 00 00 00 00 00 00
[   24.443645] nvdla_blob 00000b00: 00 00 00 00 00 00 00 00 00 00 00 00 00 00 00 00
[   24.444045] nvdla_blob 00000b10: 00 00 00 00 00 00 00 00 00 00 00 00 00 00 00 00
[   24.445524] nvdla_blob 00000b20: 00 00 00 00 00 00 00 00 00 00 00 00 00 00 00 00
[   24.445932] nvdla_blob 00000b30: 00 00 00 00 00 00 00 00 00 00 00 00 00 00 00 00
[   24.446322] nvdla_blob 00000b40: 00 00 00 00 00 00 00 00 00 00 00 00 00 00 00 00
[   24.446705] nvdla_blob 00000b50: 00 00 00 00 00 00 00 00 00 00 00 00 00 00 00 00
[   24.447089] nvdla_blob 00000b60: 00 00 00 00 00 00 00 00 00 00 00 00 00 00 00 00
[   24.447499] nvdla_blob 00000b70: 00 00 00 00 00 00 00 00 00 00 00 00 00 00 00 00
[   24.447902] nvdla_blob 00000b80: 00 00 00 00 00 00 00 00 00 00 00 00 00 00 00 00
[   24.449693] nvdla_blob 00000b90: 00 00 00 00 00 00 00 00 00 00 00 00 00 00 00 00
[   24.450144] nvdla_blob 00000ba0: 00 00 00 00 00 00 00 00 00 00 00 00 00 00 00 00
[   24.450521] nvdla_blob 00000bb0: 00 00 00 00 00 00 00 00 00 00 00 00 00 00 00 00
[   24.450901] nvdla_blob 00000bc0: 00 00 00 00 00 00 00 00 00 00 00 00 00 00 00 00
[   24.451280] nvdla_blob 00000bd0: 00 00 00 00 00 00 00 00 00 00 00 00 00 00 00 00
[   24.451660] nvdla_blob 00000be0: 00 00 00 00 00 00 00 00 00 00 00 00 00 00 00 00
[   24.452120] nvdla_blob 00000bf0: 00 00 00 00 00 00 00 00 00 00 00 00 00 00 00 00
[   24.453722] nvdla_blob 00000c00: 00 00 00 00 00 00 00 00 00 00 00 00 00 00 00 00
[   24.454115] nvdla_blob 00000c10: 00 00 00 00 00 00 00 00 00 00 00 00 00 00 00 00
[   24.454487] nvdla_blob 00000c20: 00 00 00 00 00 00 00 00 00 00 00 00 00 00 00 00
[   24.454959] nvdla_blob 00000c30: 00 00 00 00 00 00 00 00 00 00 00 00 00 00 00 00
[   24.455417] nvdla_blob 00000c40: 00 00 00 00 00 00 00 00 00 00 00 00 00 00 00 00
[   24.455792] nvdla_blob 00000c50: 00 00 00 00 00 00 00 00 00 00 00 00 00 00 00 00
[   24.456184] nvdla_blob 00000c60: 00 00 00 00 00 00 00 00 00 00 00 00 00 00 00 00
[   24.457673] nvdla_blob 00000c70: 00 00 00 00 00 00 00 00 00 00 00 00 00 00 00 00
[   24.458059] nvdla_blob 00000c80: 00 00 00 00 00 00 00 00 00 00 00 00 00 00 00 00
[   24.458434] nvdla_blob 00000c90: 00 00 00 00 00 00 00 00 00 00 00 00 00 00 00 00
[   24.458900] nvdla_blob 00000ca0: 00 00 00 00 00 00 00 00 00 00 00 00 00 00 00 00
[   24.459362] nvdla_blob 00000cb0: 00 00 00 00 00 00 00 00 00 00 00 00 00 00 00 00
[   24.459746] nvdla_blob 00000cc0: 00 00 00 00 00 00 00 00 00 00 00 00 00 00 00 00
[   24.460137] nvdla_blob 00000cd0: 00 00 00 00 00 00 00 00 00 00 00 00 00 00 00 00
[   24.461571] nvdla_blob 00000ce0: 00 00 00 00 00 00 00 00 00 00 00 00 00 00 00 00
[   24.461963] nvdla_blob 00000cf0: 00 00 00 00 00 00 00 00 00 00 00 00 00 00 00 00
[   24.462343] nvdla_blob 00000d00: 00 00 00 00 00 00 00 00 00 00 00 00 00 00 00 00
[   24.462790] nvdla_blob 00000d10: 00 00 00 00 00 00 00 00 00 00 00 00 00 00 00 00
[   24.463286] nvdla_blob 00000d20: 00 00 00 00 00 00 00 00 00 00 00 00 00 00 00 00
[   24.463850] nvdla_blob 00000d30: 00 00 00 00 00 00 00 00 00 00 00 00 00 00 00 00
[   24.465633] nvdla_blob 00000d40: 00 00 00 00 00 00 00 00 00 00 00 00 00 00 00 00
[   24.466117] nvdla_blob 00000d50: 00 00 00 00 00 00 00 00 00 00 00 00 00 00 00 00
[   24.466496] nvdla_blob 00000d60: 00 00 00 00 00 00 00 00 00 00 00 00 00 00 00 00
[   24.466890] nvdla_blob 00000d70: 00 00 00 00 00 00 00 00 00 00 00 00 00 00 00 00
[   24.467268] nvdla_blob 00000d80: 00 00 00 00 00 00 00 00 00 00 00 00 00 00 00 00
[   24.467646] nvdla_blob 00000d90: 00 00 00 00 00 00 00 00 00 00 00 00 00 00 00 00
[   24.468065] nvdla_blob 00000da0: 00 00 00 00 00 00 00 00 00 00 00 00 00 00 00 00
[   24.469595] nvdla_blob 00000db0: 00 00 00 00 00 00 00 00 00 00 00 00 00 00 00 00
[   24.469984] nvdla_blob 00000dc0: 00 00 00 00 00 00 00 00 00 00 00 00 00 00 00 00
[   24.470364] nvdla_blob 00000dd0: 00 00 00 00 00 00 00 00 00 00 00 00 00 00 00 00
[   24.470823] nvdla_blob 00000de0: 00 00 00 00 00 00 00 00 00 00 00 00 00 00 00 00
[   24.471288] nvdla_blob 00000df0: 00 00 00 00 00 00 00 00 00 00 00 00 00 00 00 00
[   24.471686] nvdla_blob 00000e00: 00 00 00 00 00 00 00 00 00 00 00 00 00 00 00 00
[   24.472089] nvdla_blob 00000e10: 00 00 00 00 00 00 00 00 00 00 00 00 00 00 00 00
[   24.473542] nvdla_blob 00000e20: 00 00 00 00 00 00 00 00 00 00 00 00 00 00 00 00
[   24.473929] nvdla_blob 00000e30: 00 00 00 00 00 00 00 00 00 00 00 00 00 00 00 00
[   24.474304] nvdla_blob 00000e40: 00 00 00 00 00 00 00 00 00 00 00 00 00 00 00 00
[   24.474750] nvdla_blob 00000e50: 00 00 00 00 00 00 00 00 00 00 00 00 00 00 00 00
[   24.475216] nvdla_blob 00000e60: 00 00 00 00 00 00 00 00 00 00 00 00 00 00 00 00
[   24.475634] nvdla_blob 00000e70: 00 00 00 00 00 00 00 00 00 00 00 00 00 00 00 00
[   24.476109] nvdla_blob 00000e80: 00 00 00 00 00 00 00 00 00 00 00 00 00 00 00 00
[   24.477705] nvdla_blob 00000e90: 00 00 00 00 00 00 00 00 00 00 00 00 00 00 00 00
[   24.478169] nvdla_blob 00000ea0: 00 00 00 00 00 00 00 00 00 00 00 00 00 00 00 00
[   24.478556] nvdla_blob 00000eb0: 00 00 00 00 00 00 00 00 00 00 00 00 00 00 00 00
[   24.478940] nvdla_blob 00000ec0: 00 00 00 00 00 00 00 00 00 00 00 00 00 00 00 00
[   24.479312] nvdla_blob 00000ed0: 00 00 00 00 00 00 00 00 00 00 00 00 00 00 00 00
[   24.479688] nvdla_blob 00000ee0: 00 00 00 00 00 00 00 00 00 00 00 00 00 00 00 00
[   24.480064] nvdla_blob 00000ef0: 00 00 00 00 00 00 00 00 00 00 00 00 00 00 00 00
[   24.481681] nvdla_blob 00000f00: 00 00 00 00 00 00 00 00 00 00 00 00 00 00 00 00
[   24.482196] nvdla_blob 00000f10: 00 00 00 00 00 00 00 00 00 00 00 00 00 00 00 00
[   24.482627] nvdla_blob 00000f20: 00 00 00 00 00 00 00 00 00 00 00 00 00 00 00 00
[   24.483007] nvdla_blob 00000f30: 00 00 00 00 00 00 00 00 00 00 00 00 00 00 00 00
[   24.483379] nvdla_blob 00000f40: 00 00 00 00 00 00 00 00 00 00 00 00 00 00 00 00
[   24.483754] nvdla_blob 00000f50: 00 00 00 00 00 00 00 00 00 00 00 00 00 00 00 00
[   24.484151] nvdla_blob 00000f60: 00 00 00 00 00 00 00 00 00 00 00 00 00 00 00 00
[   24.485790] nvdla_blob 00000f70: 00 00 00 00 00 00 00 00 00 00 00 00 00 00 00 00
[   24.486273] nvdla_blob 00000f80: 00 00 00 00 00 00 00 00 00 00 00 00 00 00 00 00
[   24.486700] nvdla_blob 00000f90: 00 00 00 00 00 00 00 00 00 00 00 00 00 00 00 00
[   24.487083] nvdla_blob 00000fa0: 00 00 00 00 00 00 00 00 00 00 00 00 00 00 00 00
[   24.487462] nvdla_blob 00000fb0: 00 00 00 00 00 00 00 00 00 00 00 00 00 00 00 00
[   24.487840] nvdla_blob 00000fc0: 00 00 00 00 00 00 00 00 00 00 00 00 00 00 00 00
[   24.488230] nvdla_blob 00000fd0: 00 00 00 00 00 00 00 00 00 00 00 00 00 00 00 00
[   24.489720] nvdla_blob 00000fe0: 00 00 00 00 00 00 00 00 00 00 00 00 00 00 00 00
[   24.490112] nvdla_blob 00000ff0: 00 00 00 00 00 00 00 00 00 00 00 00 00 00 00 00
[   24.490381] Enter:dla_read_network_config
[   24.491039] Exit:dla_read_network_config status=0
[   24.491160] Enter: dla_initiate_processors
[   24.491570] Enter: dla_submit_operation
[   24.491692] Prepare Convolution operation index 0 ROI 0 dep_count 1
[   24.491821] Enter: dla_prepare_operation
[   24.493448] processor:Convolution group:0, rdma_group:0 available
[   24.493734] Enter: dla_read_config
[   24.497644] Exit: dla_read_config
[   24.497819] Exit: dla_prepare_operation status=0
[   24.497973] Enter: dla_program_operation
[   24.498072] Program Convolution operation index 0 ROI 0 Group[0]
[   24.498219] nvdla_reg_write offset=0x00009004 value=0x00000000
[   24.498438] nvdla_reg_write offset=0x00007004 value=0x00000000
[   24.498606] nvdla_reg_write offset=0x00008004 value=0x00000000
[   24.498755] nvdla_reg_write offset=0x00006004 value=0x00000000
[   24.498921] nvdla_reg_write offset=0x00005004 value=0x00000000
[   24.499208] nvdla_dma_address index=1 handle=5 offset=0x0 dma=0xc0001000 ret=0
[   24.499401] nvdla_dma_address index=0 handle=6 offset=0x0 dma=0xc0002000 ret=0
[   24.499593] nvdla_dma_address index=0 handle=6 offset=0x0 dma=0xc0002000 ret=0
[   24.499994] nvdla_reg_write offset=0x0000900c value=0x00002000
[   24.501932] nvdla_reg_write offset=0x00009010 value=0xffffffff
[   24.502144] nvdla_reg_write offset=0x00009014 value=0xffffffff
[   24.502312] nvdla_reg_write offset=0x00009018 value=0xc0002020
[   24.502468] nvdla_reg_write offset=0x0000901c value=0x00000000
[   24.502631] nvdla_reg_write offset=0x00009020 value=0x00000000
[   24.502795] nvdla_reg_write offset=0x00009024 value=0x00000000
[   24.502983] nvdla_reg_write offset=0x00009028 value=0x00000000
[   24.503148] nvdla_reg_write offset=0x0000902c value=0x00000000
[   24.503321] nvdla_reg_write offset=0x0000700c value=0x00002000
[   24.503486] nvdla_reg_write offset=0x0000800c value=0x00002000
[   24.503644] nvdla_reg_write offset=0x0000600c value=0x00002200
[   24.503797] nvdla_reg_write offset=0x00006010 value=0x00000000
[   24.503958] nvdla_reg_write offset=0x00006014 value=0x00000000
[   24.505888] nvdla_reg_write offset=0x00006018 value=0x00000007
[   24.506124] nvdla_reg_write offset=0x0000601c value=0x00000000
[   24.506279] nvdla_reg_write offset=0x00006020 value=0x00000000
[   24.506426] nvdla_reg_write offset=0x00006024 value=0x00000000
[   24.506581] nvdla_reg_write offset=0x00006028 value=0x00000000
[   24.506745] nvdla_reg_write offset=0x0000602c value=0x00000000
[   24.506924] nvdla_reg_write offset=0x00006030 value=0xffff0007
[   24.507087] nvdla_reg_write offset=0x00006034 value=0x00010001
[   24.507248] nvdla_reg_write offset=0x00006038 value=0x00000000
[   24.507412] nvdla_reg_write offset=0x0000603c value=0x00000000
[   24.507576] nvdla_reg_write offset=0x00006040 value=0xffffffff
[   24.507728] nvdla_reg_write offset=0x00006044 value=0xffffffff
[   24.507882] nvdla_reg_write offset=0x00006048 value=0x00000000
[   24.509847] nvdla_reg_write offset=0x0000604c value=0x00000000
[   24.510196] nvdla_reg_write offset=0x00006050 value=0x00000000
[   24.510348] nvdla_reg_write offset=0x00006054 value=0x00000000
[   24.510499] nvdla_reg_write offset=0x00006058 value=0x00000000
[   24.510663] nvdla_reg_write offset=0x0000605c value=0x00000000
[   24.510837] nvdla_reg_write offset=0x00006060 value=0x00000000
[   24.511026] nvdla_reg_write offset=0x00005014 value=0x00002200
[   24.511206] nvdla_reg_write offset=0x00005018 value=0x00000000
[   24.511361] nvdla_reg_write offset=0x0000501c value=0xffffffff
[   24.511518] nvdla_reg_write offset=0x00005020 value=0x00000001
[   24.511674] nvdla_reg_write offset=0x00005024 value=0x00000000
[   24.511833] nvdla_reg_write offset=0x0000502c value=0x00000000
[   24.512004] nvdla_reg_write offset=0x00005030 value=0x00000000
[   24.514134] nvdla_reg_write offset=0x00005034 value=0xc0002020
[   24.514348] nvdla_reg_write offset=0x00005038 value=0x00000000
[   24.514502] nvdla_reg_write offset=0x0000503c value=0xc0002020
[   24.514669] nvdla_reg_write offset=0x00005040 value=0x00000020
[   24.514837] nvdla_reg_write offset=0x00005048 value=0x00010001
[   24.515021] nvdla_reg_write offset=0x00005044 value=0x00000000
[   24.515191] nvdla_reg_write offset=0x0000504c value=0x00000000
[   24.515340] nvdla_reg_write offset=0x00005058 value=0x00000000
[   24.515492] nvdla_reg_write offset=0x0000505c value=0x00000000
[   24.515643] nvdla_reg_write offset=0x00005060 value=0x00000000
[   24.515792] nvdla_reg_write offset=0x00005064 value=0x00000000
[   24.515959] nvdla_reg_write offset=0x00005068 value=0x00000000
[   24.518049] nvdla_reg_write offset=0x0000506c value=0x0000000f
[   24.518317] nvdla_reg_write offset=0x00005070 value=0xffffffff
[   24.518516] nvdla_reg_write offset=0x00005074 value=0x00000001
[   24.518671] nvdla_reg_write offset=0x00005078 value=0x00000000
[   24.518824] nvdla_reg_write offset=0x0000507c value=0xc0001080
[   24.518997] nvdla_reg_write offset=0x00005080 value=0x00010001
[   24.519160] nvdla_reg_write offset=0x00005098 value=0x00000000
[   24.519318] nvdla_reg_write offset=0x000050a4 value=0x00000000
[   24.519480] nvdla_reg_write offset=0x000050b0 value=0x00000000
[   24.519631] nvdla_reg_write offset=0x000050b4 value=0x00000000
[   24.519791] nvdla_reg_write offset=0x000050b8 value=0x00000000
[   24.519953] nvdla_reg_write offset=0x000050bc value=0x00000000
[   24.521874] no desc get due to index==-1
[   24.522061] no desc get due to index==-1
[   24.522400] no desc get due to index==-1
[   24.522493] no desc get due to index==-1
[   24.522590] no desc get due to index==-1
[   24.522691] no desc get due to index==-1
[   24.522799] Enter: dla_op_programmed
[   24.522996] Update dependency operation index 1 ROI 0 DEP_COUNT=1
[   24.523143] enable SDP in dla_update_dependency as depdency are resolved
[   24.523300] Enter: dla_enable_operation
[   24.523410] exit dla_enable_operation without actual enable due to processor hasn't been programmed
[   24.523589] Exit: dla_enable_operation status=0
[   24.523726] Exit: dla_op_programmed
[   24.523817] Exit: dla_program_operation status=0
[   24.523945] Exit: dla_submit_operation
[   24.524126] Enter: dla_dequeue_operation
[   24.526396] exit Convolution as there's no further operation
[   24.526530] Exit: dla_dequeue_operation
[   24.526666] Enter: dla_submit_operation
[   24.526768] Prepare SDP operation index 1 ROI 0 dep_count 0
[   24.526920] Enter: dla_prepare_operation
[   24.527198] processor:SDP group:0, rdma_group:0 available
[   24.527318] Enter: dla_read_config
[   24.531870] Exit: dla_read_config
[   24.532290] Exit: dla_prepare_operation status=0
[   24.532429] Enter: dla_program_operation
[   24.532533] Program SDP operation index 1 ROI 0 Group[0]
[   24.532671] nvdla_reg_write offset=0x0000b004 value=0x00000000
[   24.532954] nvdla_reg_write offset=0x0000a004 value=0x00000000
[   24.533195] nvdla_reg_write offset=0x00000004 value=0x00000000
[   24.533485] nvdla_dma_address index=0 handle=6 offset=0x0 dma=0xc0002000 ret=0
[   24.533711] nvdla_reg_write offset=0x0000a070 value=0x00000000
[   24.533913] nvdla_reg_write offset=0x0000a028 value=0x00000000
[   24.534097] nvdla_reg_write offset=0x0000a040 value=0x00000000
[   24.534279] nvdla_reg_write offset=0x0000a058 value=0x00000000
[   24.534477] nvdla_reg_write offset=0x0000a070 value=0x000000a9
[   24.534657] nvdla_reg_write offset=0x0000b03c value=0x00000000
[   24.534834] nvdla_reg_write offset=0x0000b040 value=0xffffffff
[   24.535005] nvdla_reg_write offset=0x0000b044 value=0xffffffff
[   24.535196] nvdla_reg_write offset=0x0000b04c value=0x00000000
[   24.535361] nvdla_reg_write offset=0x0000b048 value=0xc0002020
[   24.535527] nvdla_reg_write offset=0x0000b050 value=0x00000000
[   24.535687] nvdla_reg_write offset=0x0000b054 value=0x00000000
[   24.535881] nvdla_reg_write offset=0x0000b058 value=0x00000053
[   24.536128] nvdla_reg_write offset=0x0000b06c value=0x00000053
[   24.538944] nvdla_reg_write offset=0x0000b080 value=0x00000053
[   24.539210] nvdla_reg_write offset=0x0000b0b0 value=0x00000001
[   24.539376] nvdla_reg_write offset=0x0000b0b4 value=0x00000000
[   24.539541] nvdla_reg_write offset=0x0000b0bc value=0x0000000a
[   24.539727] nvdla_reg_write offset=0x0000b0c0 value=0x00000000
[   24.539914] nvdla_reg_write offset=0x0000b0c4 value=0x00000001
[   24.541277] nvdla_reg_write offset=0x0000b0c8 value=0x00000000
[   24.541520] no desc get due to index==-1
[   24.541621] no desc get due to index==-1
[   24.541707] no desc get due to index==-1
[   24.541796] no desc get due to index==-1
[   24.541907] no desc get due to index==-1
[   24.542001] no desc get due to index==-1
[   24.542108] Enter: dla_op_programmed
[   24.542204] Exit: dla_op_programmed
[   24.542293] Exit: dla_program_operation status=0
[   24.542403] Enter: dla_enable_operation
[   24.542534] Enable SDP operation index 1 ROI 0
[   24.542657] nvdla_reg_write offset=0x0000b004 value=0x00000000
[   24.542828] nvdla_reg_write offset=0x0000a004 value=0x00000000
[   24.543023] nvdla_reg_write offset=0x0000b038 value=0x00000001
[   24.543186] Enter: dla_op_enabled
[   24.543288] Update dependency operation index 0 ROI 0 DEP_COUNT=1
[   24.543415] enable Convolution in dla_update_dependency as depdency are resolved
[   24.543581] Enter: dla_enable_operation
[   24.543679] Enable Convolution operation index 0 ROI 0
[   24.543787] nvdla_reg_write offset=0x00009004 value=0x00000000
[   24.543977] nvdla_reg_write offset=0x00007004 value=0x00000000
[   24.544217] nvdla_reg_write offset=0x00008004 value=0x00000000
[   24.547302] nvdla_reg_write offset=0x00006004 value=0x00000000
[   24.547536] nvdla_reg_write offset=0x00005004 value=0x00000000
[   24.547809] nvdla_reg_write offset=0x00009008 value=0x00000001
[   24.548064] nvdla_reg_write offset=0x00007008 value=0x00000001
[   24.549541] nvdla_reg_write offset=0x00008008 value=0x00000001
[   24.549808] nvdla_reg_write offset=0x00006008 value=0x00000001
[   24.550063] nvdla_reg_write offset=0x00005010 value=0x00000001
[   24.550279] Enter: dla_op_enabled
[   24.550372] Exit: dla_op_enabled
[   24.550453] Exit: dla_enable_operation status=0
[   24.550545] Exit: dla_op_enabled
[   24.550617] Exit: dla_enable_operation status=0
[   24.550726] Exit: dla_submit_operation
[   24.550811] Enter: dla_dequeue_operation
[   24.550908] exit SDP as there's no further operation
[   24.551011] Exit: dla_dequeue_operation
[   24.551107] Exit: dla_initiate_processors status=0
