Warning: Permanently added '[127.0.0.1]:6667' (ED25519) to the list of known hosts.
[   18.862205] nvdla_blob 00000a20: 00 00 00 00 00 00 00 00 00 00 00 00 00 00 00 00
[   18.862584] nvdla_blob 00000a30: 00 00 00 00 00 00 00 00 00 00 00 00 00 00 00 00
[   18.862979] nvdla_blob 00000a40: 00 00 00 00 00 00 00 00 00 00 00 00 00 00 00 00
[   18.864509] nvdla_blob 00000a50: 00 00 00 00 00 00 00 00 00 00 00 00 00 00 00 00
[   18.864885] nvdla_blob 00000a60: 00 00 00 00 00 00 00 00 00 00 00 00 00 00 00 00
[   18.865259] nvdla_blob 00000a70: 00 00 00 00 00 00 00 00 00 00 00 00 00 00 00 00
[   18.865646] nvdla_blob 00000a80: 00 00 00 00 00 00 00 00 00 00 00 00 00 00 00 00
[   18.866021] nvdla_blob 00000a90: 00 00 00 00 00 00 00 00 00 00 00 00 00 00 00 00
[   18.866402] nvdla_blob 00000aa0: 00 00 00 00 00 00 00 00 00 00 00 00 00 00 00 00
[   18.866790] nvdla_blob 00000ab0: 00 00 00 00 00 00 00 00 00 00 00 00 00 00 00 00
[   18.868442] nvdla_blob 00000ac0: 00 00 00 00 00 00 00 00 00 00 00 00 00 00 00 00
[   18.868869] nvdla_blob 00000ad0: 00 00 00 00 00 00 00 00 00 00 00 00 00 00 00 00
[   18.869282] nvdla_blob 00000ae0: 00 00 00 00 00 00 00 00 00 00 00 00 00 00 00 00
[   18.869671] nvdla_blob 00000af0: 00 00 00 00 00 00 00 00 00 00 00 00 00 00 00 00
[   18.870045] nvdla_blob 00000b00: 00 00 00 00 00 00 00 00 00 00 00 00 00 00 00 00
[   18.870428] nvdla_blob 00000b10: 00 00 00 00 00 00 00 00 00 00 00 00 00 00 00 00
[   18.870805] nvdla_blob 00000b20: 00 00 00 00 00 00 00 00 00 00 00 00 00 00 00 00
[   18.872292] nvdla_blob 00000b30: 00 00 00 00 00 00 00 00 00 00 00 00 00 00 00 00
[   18.872765] nvdla_blob 00000b40: 00 00 00 00 00 00 00 00 00 00 00 00 00 00 00 00
[   18.873143] nvdla_blob 00000b50: 00 00 00 00 00 00 00 00 00 00 00 00 00 00 00 00
[   18.873527] nvdla_blob 00000b60: 00 00 00 00 00 00 00 00 00 00 00 00 00 00 00 00
[   18.873903] nvdla_blob 00000b70: 00 00 00 00 00 00 00 00 00 00 00 00 00 00 00 00
[   18.874280] nvdla_blob 00000b80: 00 00 00 00 00 00 00 00 00 00 00 00 00 00 00 00
[   18.874663] nvdla_blob 00000b90: 00 00 00 00 00 00 00 00 00 00 00 00 00 00 00 00
[   18.875054] nvdla_blob 00000ba0: 00 00 00 00 00 00 00 00 00 00 00 00 00 00 00 00
[   18.876698] nvdla_blob 00000bb0: 00 00 00 00 00 00 00 00 00 00 00 00 00 00 00 00
[   18.877081] nvdla_blob 00000bc0: 00 00 00 00 00 00 00 00 00 00 00 00 00 00 00 00
[   18.877467] nvdla_blob 00000bd0: 00 00 00 00 00 00 00 00 00 00 00 00 00 00 00 00
[   18.877886] nvdla_blob 00000be0: 00 00 00 00 00 00 00 00 00 00 00 00 00 00 00 00
[   18.878267] nvdla_blob 00000bf0: 00 00 00 00 00 00 00 00 00 00 00 00 00 00 00 00
[   18.878650] nvdla_blob 00000c00: 00 00 00 00 00 00 00 00 00 00 00 00 00 00 00 00
[   18.880042] nvdla_blob 00000c10: 00 00 00 00 00 00 00 00 00 00 00 00 00 00 00 00
[   18.880492] nvdla_blob 00000c20: 00 00 00 00 00 00 00 00 00 00 00 00 00 00 00 00
[   18.880872] nvdla_blob 00000c30: 00 00 00 00 00 00 00 00 00 00 00 00 00 00 00 00
[   18.881328] nvdla_blob 00000c40: 00 00 00 00 00 00 00 00 00 00 00 00 00 00 00 00
[   18.881715] nvdla_blob 00000c50: 00 00 00 00 00 00 00 00 00 00 00 00 00 00 00 00
[   18.882088] nvdla_blob 00000c60: 00 00 00 00 00 00 00 00 00 00 00 00 00 00 00 00
[   18.882474] nvdla_blob 00000c70: 00 00 00 00 00 00 00 00 00 00 00 00 00 00 00 00
[   18.882845] nvdla_blob 00000c80: 00 00 00 00 00 00 00 00 00 00 00 00 00 00 00 00
[   18.884346] nvdla_blob 00000c90: 00 00 00 00 00 00 00 00 00 00 00 00 00 00 00 00
[   18.884774] nvdla_blob 00000ca0: 00 00 00 00 00 00 00 00 00 00 00 00 00 00 00 00
[   18.885153] nvdla_blob 00000cb0: 00 00 00 00 00 00 00 00 00 00 00 00 00 00 00 00
[   18.885568] nvdla_blob 00000cc0: 00 00 00 00 00 00 00 00 00 00 00 00 00 00 00 00
[   18.885947] nvdla_blob 00000cd0: 00 00 00 00 00 00 00 00 00 00 00 00 00 00 00 00
[   18.886326] nvdla_blob 00000ce0: 00 00 00 00 00 00 00 00 00 00 00 00 00 00 00 00
[   18.886712] nvdla_blob 00000cf0: 00 00 00 00 00 00 00 00 00 00 00 00 00 00 00 00
[   18.888148] nvdla_blob 00000d00: 00 00 00 00 00 00 00 00 00 00 00 00 00 00 00 00
[   18.888610] nvdla_blob 00000d10: 00 00 00 00 00 00 00 00 00 00 00 00 00 00 00 00
[   18.888989] nvdla_blob 00000d20: 00 00 00 00 00 00 00 00 00 00 00 00 00 00 00 00
[   18.889370] nvdla_blob 00000d30: 00 00 00 00 00 00 00 00 00 00 00 00 00 00 00 00
[   18.889762] nvdla_blob 00000d40: 00 00 00 00 00 00 00 00 00 00 00 00 00 00 00 00
[   18.890141] nvdla_blob 00000d50: 00 00 00 00 00 00 00 00 00 00 00 00 00 00 00 00
[   18.890524] nvdla_blob 00000d60: 00 00 00 00 00 00 00 00 00 00 00 00 00 00 00 00
[   18.890914] nvdla_blob 00000d70: 00 00 00 00 00 00 00 00 00 00 00 00 00 00 00 00
[   18.892505] nvdla_blob 00000d80: 00 00 00 00 00 00 00 00 00 00 00 00 00 00 00 00
[   18.892907] nvdla_blob 00000d90: 00 00 00 00 00 00 00 00 00 00 00 00 00 00 00 00
[   18.893287] nvdla_blob 00000da0: 00 00 00 00 00 00 00 00 00 00 00 00 00 00 00 00
[   18.893681] nvdla_blob 00000db0: 00 00 00 00 00 00 00 00 00 00 00 00 00 00 00 00
[   18.894061] nvdla_blob 00000dc0: 00 00 00 00 00 00 00 00 00 00 00 00 00 00 00 00
[   18.894456] nvdla_blob 00000dd0: 00 00 00 00 00 00 00 00 00 00 00 00 00 00 00 00
[   18.894852] nvdla_blob 00000de0: 00 00 00 00 00 00 00 00 00 00 00 00 00 00 00 00
[   18.896448] nvdla_blob 00000df0: 00 00 00 00 00 00 00 00 00 00 00 00 00 00 00 00
[   18.896829] nvdla_blob 00000e00: 00 00 00 00 00 00 00 00 00 00 00 00 00 00 00 00
[   18.897211] nvdla_blob 00000e10: 00 00 00 00 00 00 00 00 00 00 00 00 00 00 00 00
[   18.897600] nvdla_blob 00000e20: 00 00 00 00 00 00 00 00 00 00 00 00 00 00 00 00
[   18.897972] nvdla_blob 00000e30: 00 00 00 00 00 00 00 00 00 00 00 00 00 00 00 00
[   18.898346] nvdla_blob 00000e40: 00 00 00 00 00 00 00 00 00 00 00 00 00 00 00 00
[   18.898733] nvdla_blob 00000e50: 00 00 00 00 00 00 00 00 00 00 00 00 00 00 00 00
[   18.900172] nvdla_blob 00000e60: 00 00 00 00 00 00 00 00 00 00 00 00 00 00 00 00
[   18.900591] nvdla_blob 00000e70: 00 00 00 00 00 00 00 00 00 00 00 00 00 00 00 00
[   18.900970] nvdla_blob 00000e80: 00 00 00 00 00 00 00 00 00 00 00 00 00 00 00 00
[   18.901349] nvdla_blob 00000e90: 00 00 00 00 00 00 00 00 00 00 00 00 00 00 00 00
[   18.901734] nvdla_blob 00000ea0: 00 00 00 00 00 00 00 00 00 00 00 00 00 00 00 00
[   18.902114] nvdla_blob 00000eb0: 00 00 00 00 00 00 00 00 00 00 00 00 00 00 00 00
[   18.902498] nvdla_blob 00000ec0: 00 00 00 00 00 00 00 00 00 00 00 00 00 00 00 00
[   18.902894] nvdla_blob 00000ed0: 00 00 00 00 00 00 00 00 00 00 00 00 00 00 00 00
[   18.904373] nvdla_blob 00000ee0: 00 00 00 00 00 00 00 00 00 00 00 00 00 00 00 00
[   18.904766] nvdla_blob 00000ef0: 00 00 00 00 00 00 00 00 00 00 00 00 00 00 00 00
[   18.905143] nvdla_blob 00000f00: 00 00 00 00 00 00 00 00 00 00 00 00 00 00 00 00
[   18.905529] nvdla_blob 00000f10: 00 00 00 00 00 00 00 00 00 00 00 00 00 00 00 00
[   18.905909] nvdla_blob 00000f20: 00 00 00 00 00 00 00 00 00 00 00 00 00 00 00 00
[   18.906292] nvdla_blob 00000f30: 00 00 00 00 00 00 00 00 00 00 00 00 00 00 00 00
[   18.906676] nvdla_blob 00000f40: 00 00 00 00 00 00 00 00 00 00 00 00 00 00 00 00
[   18.907060] nvdla_blob 00000f50: 00 00 00 00 00 00 00 00 00 00 00 00 00 00 00 00
[   18.908529] nvdla_blob 00000f60: 00 00 00 00 00 00 00 00 00 00 00 00 00 00 00 00
[   18.908909] nvdla_blob 00000f70: 00 00 00 00 00 00 00 00 00 00 00 00 00 00 00 00
[   18.909288] nvdla_blob 00000f80: 00 00 00 00 00 00 00 00 00 00 00 00 00 00 00 00
[   18.909672] nvdla_blob 00000f90: 00 00 00 00 00 00 00 00 00 00 00 00 00 00 00 00
[   18.910052] nvdla_blob 00000fa0: 00 00 00 00 00 00 00 00 00 00 00 00 00 00 00 00
[   18.910443] nvdla_blob 00000fb0: 00 00 00 00 00 00 00 00 00 00 00 00 00 00 00 00
[   18.910821] nvdla_blob 00000fc0: 00 00 00 00 00 00 00 00 00 00 00 00 00 00 00 00
[   18.912319] nvdla_blob 00000fd0: 00 00 00 00 00 00 00 00 00 00 00 00 00 00 00 00
[   18.912750] nvdla_blob 00000fe0: 00 00 00 00 00 00 00 00 00 00 00 00 00 00 00 00
[   18.913131] nvdla_blob 00000ff0: 00 00 00 00 00 00 00 00 00 00 00 00 00 00 00 00
[   18.913355] nvdla_blob[1] prime_fd=5 handle=2 size=4096 dma=0xc0001000 full_4096_bytes:
[   18.913764] nvdla_blob 00000000: 00 3c 00 40 00 42 00 44 00 45 00 46 00 47 00 48
[   18.914216] nvdla_blob 00000010: 00 00 00 00 00 00 00 00 00 00 00 00 00 00 00 00
[   18.914613] nvdla_blob 00000020: 00 00 00 00 00 00 00 00 00 00 00 00 00 00 00 00
[   18.915006] nvdla_blob 00000030: 00 00 00 00 00 00 00 00 00 00 00 00 00 00 00 00
[   18.916619] nvdla_blob 00000040: 00 00 00 00 00 00 00 00 00 00 00 00 00 00 00 00
[   18.917002] nvdla_blob 00000050: 00 00 00 00 00 00 00 00 00 00 00 00 00 00 00 00
[   18.917379] nvdla_blob 00000060: 00 00 00 00 00 00 00 00 00 00 00 00 00 00 00 00
[   18.917760] nvdla_blob 00000070: 00 00 00 00 00 00 00 00 00 00 00 00 00 00 00 00
[   18.918137] nvdla_blob 00000080: 00 00 00 00 00 00 00 00 00 00 00 00 00 00 00 00
[   18.918524] nvdla_blob 00000090: 00 00 00 00 00 00 00 00 00 00 00 00 00 00 00 00
[   18.918915] nvdla_blob 000000a0: 00 00 00 00 00 00 00 00 00 00 00 00 00 00 00 00
[   18.920364] nvdla_blob 000000b0: 00 00 00 00 00 00 00 00 00 00 00 00 00 00 00 00
[   18.920772] nvdla_blob 000000c0: 00 00 00 00 00 00 00 00 00 00 00 00 00 00 00 00
[   18.921150] nvdla_blob 000000d0: 00 00 00 00 00 00 00 00 00 00 00 00 00 00 00 00
[   18.921534] nvdla_blob 000000e0: 00 00 00 00 00 00 00 00 00 00 00 00 00 00 00 00
[   18.921913] nvdla_blob 000000f0: 00 00 00 00 00 00 00 00 00 00 00 00 00 00 00 00
[   18.922288] nvdla_blob 00000100: 00 00 00 00 00 00 00 00 00 00 00 00 00 00 00 00
[   18.922669] nvdla_blob 00000110: 00 00 00 00 00 00 00 00 00 00 00 00 00 00 00 00
[   18.923068] nvdla_blob 00000120: 00 00 00 00 00 00 00 00 00 00 00 00 00 00 00 00
[   18.924600] nvdla_blob 00000130: 00 00 00 00 00 00 00 00 00 00 00 00 00 00 00 00
[   18.924980] nvdla_blob 00000140: 00 00 00 00 00 00 00 00 00 00 00 00 00 00 00 00
[   18.925355] nvdla_blob 00000150: 00 00 00 00 00 00 00 00 00 00 00 00 00 00 00 00
[   18.925742] nvdla_blob 00000160: 00 00 00 00 00 00 00 00 00 00 00 00 00 00 00 00
[   18.926122] nvdla_blob 00000170: 00 00 00 00 00 00 00 00 00 00 00 00 00 00 00 00
[   18.926511] nvdla_blob 00000180: 00 00 00 00 00 00 00 00 00 00 00 00 00 00 00 00
[   18.926904] nvdla_blob 00000190: 00 00 00 00 00 00 00 00 00 00 00 00 00 00 00 00
[   18.928495] nvdla_blob 000001a0: 00 00 00 00 00 00 00 00 00 00 00 00 00 00 00 00
[   18.928874] nvdla_blob 000001b0: 00 00 00 00 00 00 00 00 00 00 00 00 00 00 00 00
[   18.929254] nvdla_blob 000001c0: 00 00 00 00 00 00 00 00 00 00 00 00 00 00 00 00
[   18.929636] nvdla_blob 000001d0: 00 00 00 00 00 00 00 00 00 00 00 00 00 00 00 00
[   18.930012] nvdla_blob 000001e0: 00 00 00 00 00 00 00 00 00 00 00 00 00 00 00 00
[   18.930389] nvdla_blob 000001f0: 00 00 00 00 00 00 00 00 00 00 00 00 00 00 00 00
[   18.930772] nvdla_blob 00000200: 00 00 00 00 00 00 00 00 00 00 00 00 00 00 00 00
[   18.932193] nvdla_blob 00000210: 00 00 00 00 00 00 00 00 00 00 00 00 00 00 00 00
[   18.932864] nvdla_blob 00000220: 00 00 00 00 00 00 00 00 00 00 00 00 00 00 00 00
[   18.933254] nvdla_blob 00000230: 00 00 00 00 00 00 00 00 00 00 00 00 00 00 00 00
[   18.933636] nvdla_blob 00000240: 00 00 00 00 00 00 00 00 00 00 00 00 00 00 00 00
[   18.934010] nvdla_blob 00000250: 00 00 00 00 00 00 00 00 00 00 00 00 00 00 00 00
[   18.934400] nvdla_blob 00000260: 00 00 00 00 00 00 00 00 00 00 00 00 00 00 00 00
[   18.934802] nvdla_blob 00000270: 00 00 00 00 00 00 00 00 00 00 00 00 00 00 00 00
[   18.936301] nvdla_blob 00000280: 00 00 00 00 00 00 00 00 00 00 00 00 00 00 00 00
[   18.936728] nvdla_blob 00000290: 00 00 00 00 00 00 00 00 00 00 00 00 00 00 00 00
[   18.937106] nvdla_blob 000002a0: 00 00 00 00 00 00 00 00 00 00 00 00 00 00 00 00
[   18.937499] nvdla_blob 000002b0: 00 00 00 00 00 00 00 00 00 00 00 00 00 00 00 00
[   18.937879] nvdla_blob 000002c0: 00 00 00 00 00 00 00 00 00 00 00 00 00 00 00 00
[   18.938254] nvdla_blob 000002d0: 00 00 00 00 00 00 00 00 00 00 00 00 00 00 00 00
[   18.938637] nvdla_blob 000002e0: 00 00 00 00 00 00 00 00 00 00 00 00 00 00 00 00
[   18.939036] nvdla_blob 000002f0: 00 00 00 00 00 00 00 00 00 00 00 00 00 00 00 00
[   18.940549] nvdla_blob 00000300: 00 00 00 00 00 00 00 00 00 00 00 00 00 00 00 00
[   18.940934] nvdla_blob 00000310: 00 00 00 00 00 00 00 00 00 00 00 00 00 00 00 00
[   18.941316] nvdla_blob 00000320: 00 00 00 00 00 00 00 00 00 00 00 00 00 00 00 00
[   18.941702] nvdla_blob 00000330: 00 00 00 00 00 00 00 00 00 00 00 00 00 00 00 00
[   18.942078] nvdla_blob 00000340: 00 00 00 00 00 00 00 00 00 00 00 00 00 00 00 00
[   18.942461] nvdla_blob 00000350: 00 00 00 00 00 00 00 00 00 00 00 00 00 00 00 00
[   18.942853] nvdla_blob 00000360: 00 00 00 00 00 00 00 00 00 00 00 00 00 00 00 00
[   18.945902] nvdla_blob 00000370: 00 00 00 00 00 00 00 00 00 00 00 00 00 00 00 00
[   18.946578] nvdla_blob 00000380: 00 00 00 00 00 00 00 00 00 00 00 00 00 00 00 00
[   18.947074] nvdla_blob 00000390: 00 00 00 00 00 00 00 00 00 00 00 00 00 00 00 00
[   18.948683] nvdla_blob 000003a0: 00 00 00 00 00 00 00 00 00 00 00 00 00 00 00 00
[   18.949098] nvdla_blob 000003b0: 00 00 00 00 00 00 00 00 00 00 00 00 00 00 00 00
[   18.949503] nvdla_blob 000003c0: 00 00 00 00 00 00 00 00 00 00 00 00 00 00 00 00
[   18.949884] nvdla_blob 000003d0: 00 00 00 00 00 00 00 00 00 00 00 00 00 00 00 00
[   18.950324] nvdla_blob 000003e0: 00 00 00 00 00 00 00 00 00 00 00 00 00 00 00 00
[   18.950732] nvdla_blob 000003f0: 00 00 00 00 00 00 00 00 00 00 00 00 00 00 00 00
[   18.952350] nvdla_blob 00000400: 00 00 00 00 00 00 00 00 00 00 00 00 00 00 00 00
[   18.952822] nvdla_blob 00000410: 00 00 00 00 00 00 00 00 00 00 00 00 00 00 00 00
[   18.953213] nvdla_blob 00000420: 00 00 00 00 00 00 00 00 00 00 00 00 00 00 00 00
[   18.953609] nvdla_blob 00000430: 00 00 00 00 00 00 00 00 00 00 00 00 00 00 00 00
[   18.953988] nvdla_blob 00000440: 00 00 00 00 00 00 00 00 00 00 00 00 00 00 00 00
[   18.954365] nvdla_blob 00000450: 00 00 00 00 00 00 00 00 00 00 00 00 00 00 00 00
[   18.954758] nvdla_blob 00000460: 00 00 00 00 00 00 00 00 00 00 00 00 00 00 00 00
[   18.956409] nvdla_blob 00000470: 00 00 00 00 00 00 00 00 00 00 00 00 00 00 00 00
[   18.956918] nvdla_blob 00000480: 00 00 00 00 00 00 00 00 00 00 00 00 00 00 00 00
[   18.957401] nvdla_blob 00000490: 00 00 00 00 00 00 00 00 00 00 00 00 00 00 00 00
[   18.957804] nvdla_blob 000004a0: 00 00 00 00 00 00 00 00 00 00 00 00 00 00 00 00
[   18.958230] nvdla_blob 000004b0: 00 00 00 00 00 00 00 00 00 00 00 00 00 00 00 00
[   18.958660] nvdla_blob 000004c0: 00 00 00 00 00 00 00 00 00 00 00 00 00 00 00 00
[   18.959138] nvdla_blob 000004d0: 00 00 00 00 00 00 00 00 00 00 00 00 00 00 00 00
[   18.960838] nvdla_blob 000004e0: 00 00 00 00 00 00 00 00 00 00 00 00 00 00 00 00
[   18.961226] nvdla_blob 000004f0: 00 00 00 00 00 00 00 00 00 00 00 00 00 00 00 00
[   18.961611] nvdla_blob 00000500: 00 00 00 00 00 00 00 00 00 00 00 00 00 00 00 00
[   18.961989] nvdla_blob 00000510: 00 00 00 00 00 00 00 00 00 00 00 00 00 00 00 00
[   18.962364] nvdla_blob 00000520: 00 00 00 00 00 00 00 00 00 00 00 00 00 00 00 00
[   18.962739] nvdla_blob 00000530: 00 00 00 00 00 00 00 00 00 00 00 00 00 00 00 00
[   18.964205] nvdla_blob 00000540: 00 00 00 00 00 00 00 00 00 00 00 00 00 00 00 00
[   18.964638] nvdla_blob 00000550: 00 00 00 00 00 00 00 00 00 00 00 00 00 00 00 00
[   18.965015] nvdla_blob 00000560: 00 00 00 00 00 00 00 00 00 00 00 00 00 00 00 00
[   18.965497] nvdla_blob 00000570: 00 00 00 00 00 00 00 00 00 00 00 00 00 00 00 00
[   18.965958] nvdla_blob 00000580: 00 00 00 00 00 00 00 00 00 00 00 00 00 00 00 00
[   18.966355] nvdla_blob 00000590: 00 00 00 00 00 00 00 00 00 00 00 00 00 00 00 00
[   18.966732] nvdla_blob 000005a0: 00 00 00 00 00 00 00 00 00 00 00 00 00 00 00 00
[   18.968273] nvdla_blob 000005b0: 00 00 00 00 00 00 00 00 00 00 00 00 00 00 00 00
[   18.968707] nvdla_blob 000005c0: 00 00 00 00 00 00 00 00 00 00 00 00 00 00 00 00
[   18.969091] nvdla_blob 000005d0: 00 00 00 00 00 00 00 00 00 00 00 00 00 00 00 00
[   18.969563] nvdla_blob 000005e0: 00 00 00 00 00 00 00 00 00 00 00 00 00 00 00 00
[   18.970027] nvdla_blob 000005f0: 00 00 00 00 00 00 00 00 00 00 00 00 00 00 00 00
[   18.970402] nvdla_blob 00000600: 00 00 00 00 00 00 00 00 00 00 00 00 00 00 00 00
[   18.970788] nvdla_blob 00000610: 00 00 00 00 00 00 00 00 00 00 00 00 00 00 00 00
[   18.972277] nvdla_blob 00000620: 00 00 00 00 00 00 00 00 00 00 00 00 00 00 00 00
[   18.972697] nvdla_blob 00000630: 00 00 00 00 00 00 00 00 00 00 00 00 00 00 00 00
[   18.973071] nvdla_blob 00000640: 00 00 00 00 00 00 00 00 00 00 00 00 00 00 00 00
[   18.973469] nvdla_blob 00000650: 00 00 00 00 00 00 00 00 00 00 00 00 00 00 00 00
[   18.973842] nvdla_blob 00000660: 00 00 00 00 00 00 00 00 00 00 00 00 00 00 00 00
[   18.974216] nvdla_blob 00000670: 00 00 00 00 00 00 00 00 00 00 00 00 00 00 00 00
[   18.974599] nvdla_blob 00000680: 00 00 00 00 00 00 00 00 00 00 00 00 00 00 00 00
[   18.975003] nvdla_blob 00000690: 00 00 00 00 00 00 00 00 00 00 00 00 00 00 00 00
[   18.976511] nvdla_blob 000006a0: 00 00 00 00 00 00 00 00 00 00 00 00 00 00 00 00
[   18.976889] nvdla_blob 000006b0: 00 00 00 00 00 00 00 00 00 00 00 00 00 00 00 00
[   18.977261] nvdla_blob 000006c0: 00 00 00 00 00 00 00 00 00 00 00 00 00 00 00 00
[   18.977640] nvdla_blob 000006d0: 00 00 00 00 00 00 00 00 00 00 00 00 00 00 00 00
[   18.978012] nvdla_blob 000006e0: 00 00 00 00 00 00 00 00 00 00 00 00 00 00 00 00
[   18.978389] nvdla_blob 000006f0: 00 00 00 00 00 00 00 00 00 00 00 00 00 00 00 00
[   18.978767] nvdla_blob 00000700: 00 00 00 00 00 00 00 00 00 00 00 00 00 00 00 00
[   18.980207] nvdla_blob 00000710: 00 00 00 00 00 00 00 00 00 00 00 00 00 00 00 00
[   18.980639] nvdla_blob 00000720: 00 00 00 00 00 00 00 00 00 00 00 00 00 00 00 00
[   18.981020] nvdla_blob 00000730: 00 00 00 00 00 00 00 00 00 00 00 00 00 00 00 00
[   18.981472] nvdla_blob 00000740: 00 00 00 00 00 00 00 00 00 00 00 00 00 00 00 00
[   18.981933] nvdla_blob 00000750: 00 00 00 00 00 00 00 00 00 00 00 00 00 00 00 00
[   18.982344] nvdla_blob 00000760: 00 00 00 00 00 00 00 00 00 00 00 00 00 00 00 00
[   18.982726] nvdla_blob 00000770: 00 00 00 00 00 00 00 00 00 00 00 00 00 00 00 00
[   18.984267] nvdla_blob 00000780: 00 00 00 00 00 00 00 00 00 00 00 00 00 00 00 00
[   18.984759] nvdla_blob 00000790: 00 00 00 00 00 00 00 00 00 00 00 00 00 00 00 00
[   18.985238] nvdla_blob 000007a0: 00 00 00 00 00 00 00 00 00 00 00 00 00 00 00 00
[   18.985634] nvdla_blob 000007b0: 00 00 00 00 00 00 00 00 00 00 00 00 00 00 00 00
[   18.986020] nvdla_blob 000007c0: 00 00 00 00 00 00 00 00 00 00 00 00 00 00 00 00
[   18.986403] nvdla_blob 000007d0: 00 00 00 00 00 00 00 00 00 00 00 00 00 00 00 00
[   18.986788] nvdla_blob 000007e0: 00 00 00 00 00 00 00 00 00 00 00 00 00 00 00 00
[   18.988393] nvdla_blob 000007f0: 00 00 00 00 00 00 00 00 00 00 00 00 00 00 00 00
[   18.988914] nvdla_blob 00000800: 00 00 00 00 00 00 00 00 00 00 00 00 00 00 00 00
[   18.989342] nvdla_blob 00000810: 00 00 00 00 00 00 00 00 00 00 00 00 00 00 00 00
[   18.989729] nvdla_blob 00000820: 00 00 00 00 00 00 00 00 00 00 00 00 00 00 00 00
[   18.990106] nvdla_blob 00000830: 00 00 00 00 00 00 00 00 00 00 00 00 00 00 00 00
[   18.990495] nvdla_blob 00000840: 00 00 00 00 00 00 00 00 00 00 00 00 00 00 00 00
[   18.990869] nvdla_blob 00000850: 00 00 00 00 00 00 00 00 00 00 00 00 00 00 00 00
[   18.992391] nvdla_blob 00000860: 00 00 00 00 00 00 00 00 00 00 00 00 00 00 00 00
[   18.992900] nvdla_blob 00000870: 00 00 00 00 00 00 00 00 00 00 00 00 00 00 00 00
[   18.993348] nvdla_blob 00000880: 00 00 00 00 00 00 00 00 00 00 00 00 00 00 00 00
[   18.993737] nvdla_blob 00000890: 00 00 00 00 00 00 00 00 00 00 00 00 00 00 00 00
[   18.994108] nvdla_blob 000008a0: 00 00 00 00 00 00 00 00 00 00 00 00 00 00 00 00
[   18.994495] nvdla_blob 000008b0: 00 00 00 00 00 00 00 00 00 00 00 00 00 00 00 00
[   18.994870] nvdla_blob 000008c0: 00 00 00 00 00 00 00 00 00 00 00 00 00 00 00 00
[   18.996346] nvdla_blob 000008d0: 00 00 00 00 00 00 00 00 00 00 00 00 00 00 00 00
[   18.996773] nvdla_blob 000008e0: 00 00 00 00 00 00 00 00 00 00 00 00 00 00 00 00
[   18.997146] nvdla_blob 000008f0: 00 00 00 00 00 00 00 00 00 00 00 00 00 00 00 00
[   18.997536] nvdla_blob 00000900: 00 00 00 00 00 00 00 00 00 00 00 00 00 00 00 00
[   18.997917] nvdla_blob 00000910: 00 00 00 00 00 00 00 00 00 00 00 00 00 00 00 00
[   18.998298] nvdla_blob 00000920: 00 00 00 00 00 00 00 00 00 00 00 00 00 00 00 00
[   18.998690] nvdla_blob 00000930: 00 00 00 00 00 00 00 00 00 00 00 00 00 00 00 00
[   19.000106] nvdla_blob 00000940: 00 00 00 00 00 00 00 00 00 00 00 00 00 00 00 00
[   19.000543] nvdla_blob 00000950: 00 00 00 00 00 00 00 00 00 00 00 00 00 00 00 00
[   19.000928] nvdla_blob 00000960: 00 00 00 00 00 00 00 00 00 00 00 00 00 00 00 00
[   19.001332] nvdla_blob 00000970: 00 00 00 00 00 00 00 00 00 00 00 00 00 00 00 00
[   19.001804] nvdla_blob 00000980: 00 00 00 00 00 00 00 00 00 00 00 00 00 00 00 00
[   19.002270] nvdla_blob 00000990: 00 00 00 00 00 00 00 00 00 00 00 00 00 00 00 00
[   19.002662] nvdla_blob 000009a0: 00 00 00 00 00 00 00 00 00 00 00 00 00 00 00 00
[   19.003061] nvdla_blob 000009b0: 00 00 00 00 00 00 00 00 00 00 00 00 00 00 00 00
[   19.004685] nvdla_blob 000009c0: 00 00 00 00 00 00 00 00 00 00 00 00 00 00 00 00
[   19.005068] nvdla_blob 000009d0: 00 00 00 00 00 00 00 00 00 00 00 00 00 00 00 00
[   19.005462] nvdla_blob 000009e0: 00 00 00 00 00 00 00 00 00 00 00 00 00 00 00 00
[   19.005841] nvdla_blob 000009f0: 00 00 00 00 00 00 00 00 00 00 00 00 00 00 00 00
[   19.006219] nvdla_blob 00000a00: 00 00 00 00 00 00 00 00 00 00 00 00 00 00 00 00
[   19.006605] nvdla_blob 00000a10: 00 00 00 00 00 00 00 00 00 00 00 00 00 00 00 00
[   19.006997] nvdla_blob 00000a20: 00 00 00 00 00 00 00 00 00 00 00 00 00 00 00 00
[   19.008480] nvdla_blob 00000a30: 00 00 00 00 00 00 00 00 00 00 00 00 00 00 00 00
[   19.008868] nvdla_blob 00000a40: 00 00 00 00 00 00 00 00 00 00 00 00 00 00 00 00
[   19.009245] nvdla_blob 00000a50: 00 00 00 00 00 00 00 00 00 00 00 00 00 00 00 00
[   19.009726] nvdla_blob 00000a60: 00 00 00 00 00 00 00 00 00 00 00 00 00 00 00 00
[   19.010189] nvdla_blob 00000a70: 00 00 00 00 00 00 00 00 00 00 00 00 00 00 00 00
[   19.010573] nvdla_blob 00000a80: 00 00 00 00 00 00 00 00 00 00 00 00 00 00 00 00
[   19.010955] nvdla_blob 00000a90: 00 00 00 00 00 00 00 00 00 00 00 00 00 00 00 00
[   19.012404] nvdla_blob 00000aa0: 00 00 00 00 00 00 00 00 00 00 00 00 00 00 00 00
[   19.012806] nvdla_blob 00000ab0: 00 00 00 00 00 00 00 00 00 00 00 00 00 00 00 00
[   19.013186] nvdla_blob 00000ac0: 00 00 00 00 00 00 00 00 00 00 00 00 00 00 00 00
[   19.013661] nvdla_blob 00000ad0: 00 00 00 00 00 00 00 00 00 00 00 00 00 00 00 00
[   19.014118] nvdla_blob 00000ae0: 00 00 00 00 00 00 00 00 00 00 00 00 00 00 00 00
[   19.014501] nvdla_blob 00000af0: 00 00 00 00 00 00 00 00 00 00 00 00 00 00 00 00
[   19.014893] nvdla_blob 00000b00: 00 00 00 00 00 00 00 00 00 00 00 00 00 00 00 00
[   19.016435] nvdla_blob 00000b10: 00 00 00 00 00 00 00 00 00 00 00 00 00 00 00 00
[   19.016818] nvdla_blob 00000b20: 00 00 00 00 00 00 00 00 00 00 00 00 00 00 00 00
[   19.017198] nvdla_blob 00000b30: 00 00 00 00 00 00 00 00 00 00 00 00 00 00 00 00
[   19.017673] nvdla_blob 00000b40: 00 00 00 00 00 00 00 00 00 00 00 00 00 00 00 00
[   19.018132] nvdla_blob 00000b50: 00 00 00 00 00 00 00 00 00 00 00 00 00 00 00 00
[   19.018529] nvdla_blob 00000b60: 00 00 00 00 00 00 00 00 00 00 00 00 00 00 00 00
[   19.018919] nvdla_blob 00000b70: 00 00 00 00 00 00 00 00 00 00 00 00 00 00 00 00
[   19.020471] nvdla_blob 00000b80: 00 00 00 00 00 00 00 00 00 00 00 00 00 00 00 00
[   19.020857] nvdla_blob 00000b90: 00 00 00 00 00 00 00 00 00 00 00 00 00 00 00 00
[   19.021234] nvdla_blob 00000ba0: 00 00 00 00 00 00 00 00 00 00 00 00 00 00 00 00
[   19.021712] nvdla_blob 00000bb0: 00 00 00 00 00 00 00 00 00 00 00 00 00 00 00 00
[   19.022172] nvdla_blob 00000bc0: 00 00 00 00 00 00 00 00 00 00 00 00 00 00 00 00
[   19.022564] nvdla_blob 00000bd0: 00 00 00 00 00 00 00 00 00 00 00 00 00 00 00 00
[   19.022953] nvdla_blob 00000be0: 00 00 00 00 00 00 00 00 00 00 00 00 00 00 00 00
[   19.024465] nvdla_blob 00000bf0: 00 00 00 00 00 00 00 00 00 00 00 00 00 00 00 00
[   19.024857] nvdla_blob 00000c00: 00 00 00 00 00 00 00 00 00 00 00 00 00 00 00 00
[   19.025234] nvdla_blob 00000c10: 00 00 00 00 00 00 00 00 00 00 00 00 00 00 00 00
[   19.025710] nvdla_blob 00000c20: 00 00 00 00 00 00 00 00 00 00 00 00 00 00 00 00
[   19.026166] nvdla_blob 00000c30: 00 00 00 00 00 00 00 00 00 00 00 00 00 00 00 00
[   19.026551] nvdla_blob 00000c40: 00 00 00 00 00 00 00 00 00 00 00 00 00 00 00 00
[   19.026938] nvdla_blob 00000c50: 00 00 00 00 00 00 00 00 00 00 00 00 00 00 00 00
[   19.028399] nvdla_blob 00000c60: 00 00 00 00 00 00 00 00 00 00 00 00 00 00 00 00
[   19.028792] nvdla_blob 00000c70: 00 00 00 00 00 00 00 00 00 00 00 00 00 00 00 00
[   19.029172] nvdla_blob 00000c80: 00 00 00 00 00 00 00 00 00 00 00 00 00 00 00 00
[   19.029657] nvdla_blob 00000c90: 00 00 00 00 00 00 00 00 00 00 00 00 00 00 00 00
[   19.030120] nvdla_blob 00000ca0: 00 00 00 00 00 00 00 00 00 00 00 00 00 00 00 00
[   19.030539] nvdla_blob 00000cb0: 00 00 00 00 00 00 00 00 00 00 00 00 00 00 00 00
[   19.030935] nvdla_blob 00000cc0: 00 00 00 00 00 00 00 00 00 00 00 00 00 00 00 00
[   19.032435] nvdla_blob 00000cd0: 00 00 00 00 00 00 00 00 00 00 00 00 00 00 00 00
[   19.032830] nvdla_blob 00000ce0: 00 00 00 00 00 00 00 00 00 00 00 00 00 00 00 00
[   19.033212] nvdla_blob 00000cf0: 00 00 00 00 00 00 00 00 00 00 00 00 00 00 00 00
[   19.033694] nvdla_blob 00000d00: 00 00 00 00 00 00 00 00 00 00 00 00 00 00 00 00
[   19.034152] nvdla_blob 00000d10: 00 00 00 00 00 00 00 00 00 00 00 00 00 00 00 00
[   19.034552] nvdla_blob 00000d20: 00 00 00 00 00 00 00 00 00 00 00 00 00 00 00 00
[   19.034943] nvdla_blob 00000d30: 00 00 00 00 00 00 00 00 00 00 00 00 00 00 00 00
[   19.036417] nvdla_blob 00000d40: 00 00 00 00 00 00 00 00 00 00 00 00 00 00 00 00
[   19.036807] nvdla_blob 00000d50: 00 00 00 00 00 00 00 00 00 00 00 00 00 00 00 00
[   19.037193] nvdla_blob 00000d60: 00 00 00 00 00 00 00 00 00 00 00 00 00 00 00 00
[   19.037666] nvdla_blob 00000d70: 00 00 00 00 00 00 00 00 00 00 00 00 00 00 00 00
[   19.038091] nvdla_blob 00000d80: 00 00 00 00 00 00 00 00 00 00 00 00 00 00 00 00
[   19.038468] nvdla_blob 00000d90: 00 00 00 00 00 00 00 00 00 00 00 00 00 00 00 00
[   19.038860] nvdla_blob 00000da0: 00 00 00 00 00 00 00 00 00 00 00 00 00 00 00 00
[   19.040551] nvdla_blob 00000db0: 00 00 00 00 00 00 00 00 00 00 00 00 00 00 00 00
[   19.041017] nvdla_blob 00000dc0: 00 00 00 00 00 00 00 00 00 00 00 00 00 00 00 00
[   19.041454] nvdla_blob 00000dd0: 00 00 00 00 00 00 00 00 00 00 00 00 00 00 00 00
[   19.041830] nvdla_blob 00000de0: 00 00 00 00 00 00 00 00 00 00 00 00 00 00 00 00
[   19.042202] nvdla_blob 00000df0: 00 00 00 00 00 00 00 00 00 00 00 00 00 00 00 00
[   19.042594] nvdla_blob 00000e00: 00 00 00 00 00 00 00 00 00 00 00 00 00 00 00 00
[   19.042983] nvdla_blob 00000e10: 00 00 00 00 00 00 00 00 00 00 00 00 00 00 00 00
[   19.044535] nvdla_blob 00000e20: 00 00 00 00 00 00 00 00 00 00 00 00 00 00 00 00
[   19.045009] nvdla_blob 00000e30: 00 00 00 00 00 00 00 00 00 00 00 00 00 00 00 00
[   19.045465] nvdla_blob 00000e40: 00 00 00 00 00 00 00 00 00 00 00 00 00 00 00 00
[   19.045930] nvdla_blob 00000e50: 00 00 00 00 00 00 00 00 00 00 00 00 00 00 00 00
[   19.046375] nvdla_blob 00000e60: 00 00 00 00 00 00 00 00 00 00 00 00 00 00 00 00
[   19.046757] nvdla_blob 00000e70: 00 00 00 00 00 00 00 00 00 00 00 00 00 00 00 00
[   19.048191] nvdla_blob 00000e80: 00 00 00 00 00 00 00 00 00 00 00 00 00 00 00 00
[   19.048623] nvdla_blob 00000e90: 00 00 00 00 00 00 00 00 00 00 00 00 00 00 00 00
[   19.049006] nvdla_blob 00000ea0: 00 00 00 00 00 00 00 00 00 00 00 00 00 00 00 00
[   19.049400] nvdla_blob 00000eb0: 00 00 00 00 00 00 00 00 00 00 00 00 00 00 00 00
[   19.049869] nvdla_blob 00000ec0: 00 00 00 00 00 00 00 00 00 00 00 00 00 00 00 00
[   19.050330] nvdla_blob 00000ed0: 00 00 00 00 00 00 00 00 00 00 00 00 00 00 00 00
[   19.050711] nvdla_blob 00000ee0: 00 00 00 00 00 00 00 00 00 00 00 00 00 00 00 00
[   19.052179] nvdla_blob 00000ef0: 00 00 00 00 00 00 00 00 00 00 00 00 00 00 00 00
[   19.052702] nvdla_blob 00000f00: 00 00 00 00 00 00 00 00 00 00 00 00 00 00 00 00
[   19.053166] nvdla_blob 00000f10: 00 00 00 00 00 00 00 00 00 00 00 00 00 00 00 00
[   19.053642] nvdla_blob 00000f20: 00 00 00 00 00 00 00 00 00 00 00 00 00 00 00 00
[   19.054100] nvdla_blob 00000f30: 00 00 00 00 00 00 00 00 00 00 00 00 00 00 00 00
[   19.054519] nvdla_blob 00000f40: 00 00 00 00 00 00 00 00 00 00 00 00 00 00 00 00
[   19.054908] nvdla_blob 00000f50: 00 00 00 00 00 00 00 00 00 00 00 00 00 00 00 00
[   19.056387] nvdla_blob 00000f60: 00 00 00 00 00 00 00 00 00 00 00 00 00 00 00 00
[   19.056776] nvdla_blob 00000f70: 00 00 00 00 00 00 00 00 00 00 00 00 00 00 00 00
[   19.057150] nvdla_blob 00000f80: 00 00 00 00 00 00 00 00 00 00 00 00 00 00 00 00
[   19.057588] nvdla_blob 00000f90: 00 00 00 00 00 00 00 00 00 00 00 00 00 00 00 00
[   19.058054] nvdla_blob 00000fa0: 00 00 00 00 00 00 00 00 00 00 00 00 00 00 00 00
[   19.058491] nvdla_blob 00000fb0: 00 00 00 00 00 00 00 00 00 00 00 00 00 00 00 00
[   19.058883] nvdla_blob 00000fc0: 00 00 00 00 00 00 00 00 00 00 00 00 00 00 00 00
[   19.060592] nvdla_blob 00000fd0: 00 00 00 00 00 00 00 00 00 00 00 00 00 00 00 00
[   19.061059] nvdla_blob 00000fe0: 00 00 00 00 00 00 00 00 00 00 00 00 00 00 00 00
[   19.061539] nvdla_blob 00000ff0: 00 00 00 00 00 00 00 00 00 00 00 00 00 00 00 00
[   19.061714] nvdla_blob[2] prime_fd=11 handle=8 size=4096 dma=0xc0007000 full_4096_bytes:
[   19.062193] nvdla_blob 00000000: 00 53 00 00 00 00 00 00 00 00 00 00 00 00 00 00
[   19.062589] nvdla_blob 00000010: 00 00 00 00 00 00 00 00 00 00 00 00 00 00 00 00
[   19.062976] nvdla_blob 00000020: 00 00 00 00 00 00 00 00 00 00 00 00 00 00 00 00
[   19.064495] nvdla_blob 00000030: 00 00 00 00 00 00 00 00 00 00 00 00 00 00 00 00
[   19.064959] nvdla_blob 00000040: 00 00 00 00 00 00 00 00 00 00 00 00 00 00 00 00
[   19.065418] nvdla_blob 00000050: 00 00 00 00 00 00 00 00 00 00 00 00 00 00 00 00
[   19.065895] nvdla_blob 00000060: 00 00 00 00 00 00 00 00 00 00 00 00 00 00 00 00
[   19.066362] nvdla_blob 00000070: 00 00 00 00 00 00 00 00 00 00 00 00 00 00 00 00
[   19.066750] nvdla_blob 00000080: 00 00 00 00 00 00 00 00 00 00 00 00 00 00 00 00
[   19.068155] nvdla_blob 00000090: 00 00 00 00 00 00 00 00 00 00 00 00 00 00 00 00
[   19.068585] nvdla_blob 000000a0: 00 00 00 00 00 00 00 00 00 00 00 00 00 00 00 00
[   19.068964] nvdla_blob 000000b0: 00 00 00 00 00 00 00 00 00 00 00 00 00 00 00 00
[   19.069346] nvdla_blob 000000c0: 00 00 00 00 00 00 00 00 00 00 00 00 00 00 00 00
[   19.069732] nvdla_blob 000000d0: 00 00 00 00 00 00 00 00 00 00 00 00 00 00 00 00
[   19.070111] nvdla_blob 000000e0: 00 00 00 00 00 00 00 00 00 00 00 00 00 00 00 00
[   19.070500] nvdla_blob 000000f0: 00 00 00 00 00 00 00 00 00 00 00 00 00 00 00 00
[   19.070893] nvdla_blob 00000100: 00 00 00 00 00 00 00 00 00 00 00 00 00 00 00 00
[   19.072435] nvdla_blob 00000110: 00 00 00 00 00 00 00 00 00 00 00 00 00 00 00 00
[   19.072911] nvdla_blob 00000120: 00 00 00 00 00 00 00 00 00 00 00 00 00 00 00 00
[   19.073370] nvdla_blob 00000130: 00 00 00 00 00 00 00 00 00 00 00 00 00 00 00 00
[   19.073848] nvdla_blob 00000140: 00 00 00 00 00 00 00 00 00 00 00 00 00 00 00 00
[   19.074309] nvdla_blob 00000150: 00 00 00 00 00 00 00 00 00 00 00 00 00 00 00 00
[   19.074703] nvdla_blob 00000160: 00 00 00 00 00 00 00 00 00 00 00 00 00 00 00 00
[   19.076291] nvdla_blob 00000170: 00 00 00 00 00 00 00 00 00 00 00 00 00 00 00 00
[   19.076730] nvdla_blob 00000180: 00 00 00 00 00 00 00 00 00 00 00 00 00 00 00 00
[   19.077114] nvdla_blob 00000190: 00 00 00 00 00 00 00 00 00 00 00 00 00 00 00 00
[   19.077526] nvdla_blob 000001a0: 00 00 00 00 00 00 00 00 00 00 00 00 00 00 00 00
[   19.077987] nvdla_blob 000001b0: 00 00 00 00 00 00 00 00 00 00 00 00 00 00 00 00
[   19.078453] nvdla_blob 000001c0: 00 00 00 00 00 00 00 00 00 00 00 00 00 00 00 00
[   19.078840] nvdla_blob 000001d0: 00 00 00 00 00 00 00 00 00 00 00 00 00 00 00 00
[   19.080290] nvdla_blob 000001e0: 00 00 00 00 00 00 00 00 00 00 00 00 00 00 00 00
[   19.080728] nvdla_blob 000001f0: 00 00 00 00 00 00 00 00 00 00 00 00 00 00 00 00
[   19.081104] nvdla_blob 00000200: 00 00 00 00 00 00 00 00 00 00 00 00 00 00 00 00
[   19.081494] nvdla_blob 00000210: 00 00 00 00 00 00 00 00 00 00 00 00 00 00 00 00
[   19.081871] nvdla_blob 00000220: 00 00 00 00 00 00 00 00 00 00 00 00 00 00 00 00
[   19.082251] nvdla_blob 00000230: 00 00 00 00 00 00 00 00 00 00 00 00 00 00 00 00
[   19.082640] nvdla_blob 00000240: 00 00 00 00 00 00 00 00 00 00 00 00 00 00 00 00
[   19.083027] nvdla_blob 00000250: 00 00 00 00 00 00 00 00 00 00 00 00 00 00 00 00
[   19.084625] nvdla_blob 00000260: 00 00 00 00 00 00 00 00 00 00 00 00 00 00 00 00
[   19.085093] nvdla_blob 00000270: 00 00 00 00 00 00 00 00 00 00 00 00 00 00 00 00
[   19.085522] nvdla_blob 00000280: 00 00 00 00 00 00 00 00 00 00 00 00 00 00 00 00
[   19.085904] nvdla_blob 00000290: 00 00 00 00 00 00 00 00 00 00 00 00 00 00 00 00
[   19.086274] nvdla_blob 000002a0: 00 00 00 00 00 00 00 00 00 00 00 00 00 00 00 00
[   19.086655] nvdla_blob 000002b0: 00 00 00 00 00 00 00 00 00 00 00 00 00 00 00 00
[   19.087040] nvdla_blob 000002c0: 00 00 00 00 00 00 00 00 00 00 00 00 00 00 00 00
[   19.088479] nvdla_blob 000002d0: 00 00 00 00 00 00 00 00 00 00 00 00 00 00 00 00
[   19.088860] nvdla_blob 000002e0: 00 00 00 00 00 00 00 00 00 00 00 00 00 00 00 00
[   19.089241] nvdla_blob 000002f0: 00 00 00 00 00 00 00 00 00 00 00 00 00 00 00 00
[   19.089631] nvdla_blob 00000300: 00 00 00 00 00 00 00 00 00 00 00 00 00 00 00 00
[   19.090009] nvdla_blob 00000310: 00 00 00 00 00 00 00 00 00 00 00 00 00 00 00 00
[   19.090389] nvdla_blob 00000320: 00 00 00 00 00 00 00 00 00 00 00 00 00 00 00 00
[   19.090776] nvdla_blob 00000330: 00 00 00 00 00 00 00 00 00 00 00 00 00 00 00 00
[   19.092228] nvdla_blob 00000340: 00 00 00 00 00 00 00 00 00 00 00 00 00 00 00 00
[   19.092657] nvdla_blob 00000350: 00 00 00 00 00 00 00 00 00 00 00 00 00 00 00 00
[   19.093063] nvdla_blob 00000360: 00 00 00 00 00 00 00 00 00 00 00 00 00 00 00 00
[   19.093447] nvdla_blob 00000370: 00 00 00 00 00 00 00 00 00 00 00 00 00 00 00 00
[   19.093828] nvdla_blob 00000380: 00 00 00 00 00 00 00 00 00 00 00 00 00 00 00 00
[   19.094212] nvdla_blob 00000390: 00 00 00 00 00 00 00 00 00 00 00 00 00 00 00 00
[   19.094606] nvdla_blob 000003a0: 00 00 00 00 00 00 00 00 00 00 00 00 00 00 00 00
[   19.095002] nvdla_blob 000003b0: 00 00 00 00 00 00 00 00 00 00 00 00 00 00 00 00
[   19.096736] nvdla_blob 000003c0: 00 00 00 00 00 00 00 00 00 00 00 00 00 00 00 00
[   19.097208] nvdla_blob 000003d0: 00 00 00 00 00 00 00 00 00 00 00 00 00 00 00 00
[   19.097687] nvdla_blob 000003e0: 00 00 00 00 00 00 00 00 00 00 00 00 00 00 00 00
[   19.098148] nvdla_blob 000003f0: 00 00 00 00 00 00 00 00 00 00 00 00 00 00 00 00
[   19.098571] nvdla_blob 00000400: 00 00 00 00 00 00 00 00 00 00 00 00 00 00 00 00
[   19.098966] nvdla_blob 00000410: 00 00 00 00 00 00 00 00 00 00 00 00 00 00 00 00
[   19.100368] nvdla_blob 00000420: 00 00 00 00 00 00 00 00 00 00 00 00 00 00 00 00
[   19.100760] nvdla_blob 00000430: 00 00 00 00 00 00 00 00 00 00 00 00 00 00 00 00
[   19.101141] nvdla_blob 00000440: 00 00 00 00 00 00 00 00 00 00 00 00 00 00 00 00
[   19.101530] nvdla_blob 00000450: 00 00 00 00 00 00 00 00 00 00 00 00 00 00 00 00
[   19.101911] nvdla_blob 00000460: 00 00 00 00 00 00 00 00 00 00 00 00 00 00 00 00
[   19.102289] nvdla_blob 00000470: 00 00 00 00 00 00 00 00 00 00 00 00 00 00 00 00
[   19.102686] nvdla_blob 00000480: 00 00 00 00 00 00 00 00 00 00 00 00 00 00 00 00
[   19.103084] nvdla_blob 00000490: 00 00 00 00 00 00 00 00 00 00 00 00 00 00 00 00
[   19.104685] nvdla_blob 000004a0: 00 00 00 00 00 00 00 00 00 00 00 00 00 00 00 00
[   19.105068] nvdla_blob 000004b0: 00 00 00 00 00 00 00 00 00 00 00 00 00 00 00 00
[   19.105458] nvdla_blob 000004c0: 00 00 00 00 00 00 00 00 00 00 00 00 00 00 00 00
[   19.105836] nvdla_blob 000004d0: 00 00 00 00 00 00 00 00 00 00 00 00 00 00 00 00
[   19.106211] nvdla_blob 000004e0: 00 00 00 00 00 00 00 00 00 00 00 00 00 00 00 00
[   19.106598] nvdla_blob 000004f0: 00 00 00 00 00 00 00 00 00 00 00 00 00 00 00 00
[   19.106984] nvdla_blob 00000500: 00 00 00 00 00 00 00 00 00 00 00 00 00 00 00 00
[   19.108411] nvdla_blob 00000510: 00 00 00 00 00 00 00 00 00 00 00 00 00 00 00 00
[   19.108808] nvdla_blob 00000520: 00 00 00 00 00 00 00 00 00 00 00 00 00 00 00 00
[   19.109191] nvdla_blob 00000530: 00 00 00 00 00 00 00 00 00 00 00 00 00 00 00 00
[   19.109618] nvdla_blob 00000540: 00 00 00 00 00 00 00 00 00 00 00 00 00 00 00 00
[   19.110075] nvdla_blob 00000550: 00 00 00 00 00 00 00 00 00 00 00 00 00 00 00 00
[   19.110526] nvdla_blob 00000560: 00 00 00 00 00 00 00 00 00 00 00 00 00 00 00 00
[   19.110912] nvdla_blob 00000570: 00 00 00 00 00 00 00 00 00 00 00 00 00 00 00 00
[   19.112430] nvdla_blob 00000580: 00 00 00 00 00 00 00 00 00 00 00 00 00 00 00 00
[   19.112813] nvdla_blob 00000590: 00 00 00 00 00 00 00 00 00 00 00 00 00 00 00 00
[   19.113197] nvdla_blob 000005a0: 00 00 00 00 00 00 00 00 00 00 00 00 00 00 00 00
[   19.113581] nvdla_blob 000005b0: 00 00 00 00 00 00 00 00 00 00 00 00 00 00 00 00
[   19.113962] nvdla_blob 000005c0: 00 00 00 00 00 00 00 00 00 00 00 00 00 00 00 00
[   19.114338] nvdla_blob 000005d0: 00 00 00 00 00 00 00 00 00 00 00 00 00 00 00 00
[   19.114727] nvdla_blob 000005e0: 00 00 00 00 00 00 00 00 00 00 00 00 00 00 00 00
[   19.116146] nvdla_blob 000005f0: 00 00 00 00 00 00 00 00 00 00 00 00 00 00 00 00
[   19.116570] nvdla_blob 00000600: 00 00 00 00 00 00 00 00 00 00 00 00 00 00 00 00
[   19.116962] nvdla_blob 00000610: 00 00 00 00 00 00 00 00 00 00 00 00 00 00 00 00
[   19.117338] nvdla_blob 00000620: 00 00 00 00 00 00 00 00 00 00 00 00 00 00 00 00
[   19.117733] nvdla_blob 00000630: 00 00 00 00 00 00 00 00 00 00 00 00 00 00 00 00
[   19.118119] nvdla_blob 00000640: 00 00 00 00 00 00 00 00 00 00 00 00 00 00 00 00
[   19.118511] nvdla_blob 00000650: 00 00 00 00 00 00 00 00 00 00 00 00 00 00 00 00
[   19.118886] nvdla_blob 00000660: 00 00 00 00 00 00 00 00 00 00 00 00 00 00 00 00
[   19.120396] nvdla_blob 00000670: 00 00 00 00 00 00 00 00 00 00 00 00 00 00 00 00
[   19.120907] nvdla_blob 00000680: 00 00 00 00 00 00 00 00 00 00 00 00 00 00 00 00
[   19.121374] nvdla_blob 00000690: 00 00 00 00 00 00 00 00 00 00 00 00 00 00 00 00
[   19.121851] nvdla_blob 000006a0: 00 00 00 00 00 00 00 00 00 00 00 00 00 00 00 00
[   19.122313] nvdla_blob 000006b0: 00 00 00 00 00 00 00 00 00 00 00 00 00 00 00 00
[   19.122713] nvdla_blob 000006c0: 00 00 00 00 00 00 00 00 00 00 00 00 00 00 00 00
[   19.124084] nvdla_blob 000006d0: 00 00 00 00 00 00 00 00 00 00 00 00 00 00 00 00
[   19.124516] nvdla_blob 000006e0: 00 00 00 00 00 00 00 00 00 00 00 00 00 00 00 00
[   19.124896] nvdla_blob 000006f0: 00 00 00 00 00 00 00 00 00 00 00 00 00 00 00 00
[   19.125270] nvdla_blob 00000700: 00 00 00 00 00 00 00 00 00 00 00 00 00 00 00 00
[   19.125664] nvdla_blob 00000710: 00 00 00 00 00 00 00 00 00 00 00 00 00 00 00 00
[   19.126039] nvdla_blob 00000720: 00 00 00 00 00 00 00 00 00 00 00 00 00 00 00 00
[   19.126419] nvdla_blob 00000730: 00 00 00 00 00 00 00 00 00 00 00 00 00 00 00 00
[   19.126811] nvdla_blob 00000740: 00 00 00 00 00 00 00 00 00 00 00 00 00 00 00 00
[   19.128287] nvdla_blob 00000750: 00 00 00 00 00 00 00 00 00 00 00 00 00 00 00 00
[   19.128715] nvdla_blob 00000760: 00 00 00 00 00 00 00 00 00 00 00 00 00 00 00 00
[   19.129097] nvdla_blob 00000770: 00 00 00 00 00 00 00 00 00 00 00 00 00 00 00 00
[   19.129481] nvdla_blob 00000780: 00 00 00 00 00 00 00 00 00 00 00 00 00 00 00 00
[   19.129869] nvdla_blob 00000790: 00 00 00 00 00 00 00 00 00 00 00 00 00 00 00 00
[   19.130258] nvdla_blob 000007a0: 00 00 00 00 00 00 00 00 00 00 00 00 00 00 00 00
[   19.130651] nvdla_blob 000007b0: 00 00 00 00 00 00 00 00 00 00 00 00 00 00 00 00
[   19.131039] nvdla_blob 000007c0: 00 00 00 00 00 00 00 00 00 00 00 00 00 00 00 00
[   19.132628] nvdla_blob 000007d0: 00 00 00 00 00 00 00 00 00 00 00 00 00 00 00 00
[   19.133012] nvdla_blob 000007e0: 00 00 00 00 00 00 00 00 00 00 00 00 00 00 00 00
[   19.133399] nvdla_blob 000007f0: 00 00 00 00 00 00 00 00 00 00 00 00 00 00 00 00
[   19.133786] nvdla_blob 00000800: 00 00 00 00 00 00 00 00 00 00 00 00 00 00 00 00
[   19.134171] nvdla_blob 00000810: 00 00 00 00 00 00 00 00 00 00 00 00 00 00 00 00
[   19.134555] nvdla_blob 00000820: 00 00 00 00 00 00 00 00 00 00 00 00 00 00 00 00
[   19.134947] nvdla_blob 00000830: 00 00 00 00 00 00 00 00 00 00 00 00 00 00 00 00
[   19.136377] nvdla_blob 00000840: 00 00 00 00 00 00 00 00 00 00 00 00 00 00 00 00
[   19.136767] nvdla_blob 00000850: 00 00 00 00 00 00 00 00 00 00 00 00 00 00 00 00
[   19.137152] nvdla_blob 00000860: 00 00 00 00 00 00 00 00 00 00 00 00 00 00 00 00
[   19.137535] nvdla_blob 00000870: 00 00 00 00 00 00 00 00 00 00 00 00 00 00 00 00
[   19.137913] nvdla_blob 00000880: 00 00 00 00 00 00 00 00 00 00 00 00 00 00 00 00
[   19.138290] nvdla_blob 00000890: 00 00 00 00 00 00 00 00 00 00 00 00 00 00 00 00
[   19.138674] nvdla_blob 000008a0: 00 00 00 00 00 00 00 00 00 00 00 00 00 00 00 00
[   19.139062] nvdla_blob 000008b0: 00 00 00 00 00 00 00 00 00 00 00 00 00 00 00 00
[   19.140535] nvdla_blob 000008c0: 00 00 00 00 00 00 00 00 00 00 00 00 00 00 00 00
[   19.141003] nvdla_blob 000008d0: 00 00 00 00 00 00 00 00 00 00 00 00 00 00 00 00
[   19.141476] nvdla_blob 000008e0: 00 00 00 00 00 00 00 00 00 00 00 00 00 00 00 00
[   19.141863] nvdla_blob 000008f0: 00 00 00 00 00 00 00 00 00 00 00 00 00 00 00 00
[   19.142239] nvdla_blob 00000900: 00 00 00 00 00 00 00 00 00 00 00 00 00 00 00 00
[   19.142648] nvdla_blob 00000910: 00 00 00 00 00 00 00 00 00 00 00 00 00 00 00 00
[   19.143093] nvdla_blob 00000920: 00 00 00 00 00 00 00 00 00 00 00 00 00 00 00 00
[   19.144684] nvdla_blob 00000930: 00 00 00 00 00 00 00 00 00 00 00 00 00 00 00 00
[   19.145150] nvdla_blob 00000940: 00 00 00 00 00 00 00 00 00 00 00 00 00 00 00 00
[   19.145594] nvdla_blob 00000950: 00 00 00 00 00 00 00 00 00 00 00 00 00 00 00 00
[   19.145966] nvdla_blob 00000960: 00 00 00 00 00 00 00 00 00 00 00 00 00 00 00 00
[   19.146338] nvdla_blob 00000970: 00 00 00 00 00 00 00 00 00 00 00 00 00 00 00 00
[   19.146720] nvdla_blob 00000980: 00 00 00 00 00 00 00 00 00 00 00 00 00 00 00 00
[   19.148216] nvdla_blob 00000990: 00 00 00 00 00 00 00 00 00 00 00 00 00 00 00 00
[   19.148648] nvdla_blob 000009a0: 00 00 00 00 00 00 00 00 00 00 00 00 00 00 00 00
[   19.149044] nvdla_blob 000009b0: 00 00 00 00 00 00 00 00 00 00 00 00 00 00 00 00
[   19.149419] nvdla_blob 000009c0: 00 00 00 00 00 00 00 00 00 00 00 00 00 00 00 00
[   19.149805] nvdla_blob 000009d0: 00 00 00 00 00 00 00 00 00 00 00 00 00 00 00 00
[   19.150185] nvdla_blob 000009e0: 00 00 00 00 00 00 00 00 00 00 00 00 00 00 00 00
[   19.150565] nvdla_blob 000009f0: 00 00 00 00 00 00 00 00 00 00 00 00 00 00 00 00
[   19.150964] nvdla_blob 00000a00: 00 00 00 00 00 00 00 00 00 00 00 00 00 00 00 00
[   19.152466] nvdla_blob 00000a10: 00 00 00 00 00 00 00 00 00 00 00 00 00 00 00 00
[   19.152930] nvdla_blob 00000a20: 00 00 00 00 00 00 00 00 00 00 00 00 00 00 00 00
[   19.153382] nvdla_blob 00000a30: 00 00 00 00 00 00 00 00 00 00 00 00 00 00 00 00
[   19.153766] nvdla_blob 00000a40: 00 00 00 00 00 00 00 00 00 00 00 00 00 00 00 00
[   19.154141] nvdla_blob 00000a50: 00 00 00 00 00 00 00 00 00 00 00 00 00 00 00 00
[   19.154522] nvdla_blob 00000a60: 00 00 00 00 00 00 00 00 00 00 00 00 00 00 00 00
[   19.154916] nvdla_blob 00000a70: 00 00 00 00 00 00 00 00 00 00 00 00 00 00 00 00
[   19.156376] nvdla_blob 00000a80: 00 00 00 00 00 00 00 00 00 00 00 00 00 00 00 00
[   19.156767] nvdla_blob 00000a90: 00 00 00 00 00 00 00 00 00 00 00 00 00 00 00 00
[   19.157136] nvdla_blob 00000aa0: 00 00 00 00 00 00 00 00 00 00 00 00 00 00 00 00
[   19.157512] nvdla_blob 00000ab0: 00 00 00 00 00 00 00 00 00 00 00 00 00 00 00 00
[   19.157888] nvdla_blob 00000ac0: 00 00 00 00 00 00 00 00 00 00 00 00 00 00 00 00
[   19.158260] nvdla_blob 00000ad0: 00 00 00 00 00 00 00 00 00 00 00 00 00 00 00 00
[   19.158661] nvdla_blob 00000ae0: 00 00 00 00 00 00 00 00 00 00 00 00 00 00 00 00
[   19.160288] nvdla_blob 00000af0: 00 00 00 00 00 00 00 00 00 00 00 00 00 00 00 00
[   19.160753] nvdla_blob 00000b00: 00 00 00 00 00 00 00 00 00 00 00 00 00 00 00 00
[   19.161129] nvdla_blob 00000b10: 00 00 00 00 00 00 00 00 00 00 00 00 00 00 00 00
[   19.161515] nvdla_blob 00000b20: 00 00 00 00 00 00 00 00 00 00 00 00 00 00 00 00
[   19.161889] nvdla_blob 00000b30: 00 00 00 00 00 00 00 00 00 00 00 00 00 00 00 00
[   19.162263] nvdla_blob 00000b40: 00 00 00 00 00 00 00 00 00 00 00 00 00 00 00 00
[   19.162645] nvdla_blob 00000b50: 00 00 00 00 00 00 00 00 00 00 00 00 00 00 00 00
[   19.163062] nvdla_blob 00000b60: 00 00 00 00 00 00 00 00 00 00 00 00 00 00 00 00
[   19.164735] nvdla_blob 00000b70: 00 00 00 00 00 00 00 00 00 00 00 00 00 00 00 00
[   19.165114] nvdla_blob 00000b80: 00 00 00 00 00 00 00 00 00 00 00 00 00 00 00 00
[   19.165503] nvdla_blob 00000b90: 00 00 00 00 00 00 00 00 00 00 00 00 00 00 00 00
[   19.165966] nvdla_blob 00000ba0: 00 00 00 00 00 00 00 00 00 00 00 00 00 00 00 00
[   19.166431] nvdla_blob 00000bb0: 00 00 00 00 00 00 00 00 00 00 00 00 00 00 00 00
[   19.166813] nvdla_blob 00000bc0: 00 00 00 00 00 00 00 00 00 00 00 00 00 00 00 00
[   19.168244] nvdla_blob 00000bd0: 00 00 00 00 00 00 00 00 00 00 00 00 00 00 00 00
[   19.168677] nvdla_blob 00000be0: 00 00 00 00 00 00 00 00 00 00 00 00 00 00 00 00
[   19.169059] nvdla_blob 00000bf0: 00 00 00 00 00 00 00 00 00 00 00 00 00 00 00 00
[   19.169442] nvdla_blob 00000c00: 00 00 00 00 00 00 00 00 00 00 00 00 00 00 00 00
[   19.169822] nvdla_blob 00000c10: 00 00 00 00 00 00 00 00 00 00 00 00 00 00 00 00
[   19.170200] nvdla_blob 00000c20: 00 00 00 00 00 00 00 00 00 00 00 00 00 00 00 00
[   19.170588] nvdla_blob 00000c30: 00 00 00 00 00 00 00 00 00 00 00 00 00 00 00 00
[   19.170989] nvdla_blob 00000c40: 00 00 00 00 00 00 00 00 00 00 00 00 00 00 00 00
[   19.172467] nvdla_blob 00000c50: 00 00 00 00 00 00 00 00 00 00 00 00 00 00 00 00
[   19.172848] nvdla_blob 00000c60: 00 00 00 00 00 00 00 00 00 00 00 00 00 00 00 00
[   19.173222] nvdla_blob 00000c70: 00 00 00 00 00 00 00 00 00 00 00 00 00 00 00 00
[   19.173609] nvdla_blob 00000c80: 00 00 00 00 00 00 00 00 00 00 00 00 00 00 00 00
[   19.173988] nvdla_blob 00000c90: 00 00 00 00 00 00 00 00 00 00 00 00 00 00 00 00
[   19.174363] nvdla_blob 00000ca0: 00 00 00 00 00 00 00 00 00 00 00 00 00 00 00 00
[   19.174755] nvdla_blob 00000cb0: 00 00 00 00 00 00 00 00 00 00 00 00 00 00 00 00
[   19.176244] nvdla_blob 00000cc0: 00 00 00 00 00 00 00 00 00 00 00 00 00 00 00 00
[   19.176728] nvdla_blob 00000cd0: 00 00 00 00 00 00 00 00 00 00 00 00 00 00 00 00
[   19.177190] nvdla_blob 00000ce0: 00 00 00 00 00 00 00 00 00 00 00 00 00 00 00 00
[   19.177646] nvdla_blob 00000cf0: 00 00 00 00 00 00 00 00 00 00 00 00 00 00 00 00
[   19.178019] nvdla_blob 00000d00: 00 00 00 00 00 00 00 00 00 00 00 00 00 00 00 00
[   19.178391] nvdla_blob 00000d10: 00 00 00 00 00 00 00 00 00 00 00 00 00 00 00 00
[   19.178774] nvdla_blob 00000d20: 00 00 00 00 00 00 00 00 00 00 00 00 00 00 00 00
[   19.180288] nvdla_blob 00000d30: 00 00 00 00 00 00 00 00 00 00 00 00 00 00 00 00
[   19.180713] nvdla_blob 00000d40: 00 00 00 00 00 00 00 00 00 00 00 00 00 00 00 00
[   19.181090] nvdla_blob 00000d50: 00 00 00 00 00 00 00 00 00 00 00 00 00 00 00 00
[   19.181465] nvdla_blob 00000d60: 00 00 00 00 00 00 00 00 00 00 00 00 00 00 00 00
[   19.181844] nvdla_blob 00000d70: 00 00 00 00 00 00 00 00 00 00 00 00 00 00 00 00
[   19.182221] nvdla_blob 00000d80: 00 00 00 00 00 00 00 00 00 00 00 00 00 00 00 00
[   19.182600] nvdla_blob 00000d90: 00 00 00 00 00 00 00 00 00 00 00 00 00 00 00 00
[   19.183006] nvdla_blob 00000da0: 00 00 00 00 00 00 00 00 00 00 00 00 00 00 00 00
[   19.184663] nvdla_blob 00000db0: 00 00 00 00 00 00 00 00 00 00 00 00 00 00 00 00
[   19.185040] nvdla_blob 00000dc0: 00 00 00 00 00 00 00 00 00 00 00 00 00 00 00 00
[   19.185412] nvdla_blob 00000dd0: 00 00 00 00 00 00 00 00 00 00 00 00 00 00 00 00
[   19.185876] nvdla_blob 00000de0: 00 00 00 00 00 00 00 00 00 00 00 00 00 00 00 00
[   19.186394] nvdla_blob 00000df0: 00 00 00 00 00 00 00 00 00 00 00 00 00 00 00 00
[   19.186819] nvdla_blob 00000e00: 00 00 00 00 00 00 00 00 00 00 00 00 00 00 00 00
[   19.188250] nvdla_blob 00000e10: 00 00 00 00 00 00 00 00 00 00 00 00 00 00 00 00
[   19.188682] nvdla_blob 00000e20: 00 00 00 00 00 00 00 00 00 00 00 00 00 00 00 00
[   19.189122] nvdla_blob 00000e30: 00 00 00 00 00 00 00 00 00 00 00 00 00 00 00 00
[   19.189533] nvdla_blob 00000e40: 00 00 00 00 00 00 00 00 00 00 00 00 00 00 00 00
[   19.190640] nvdla_blob 00000e50: 00 00 00 00 00 00 00 00 00 00 00 00 00 00 00 00
[   19.192275] nvdla_blob 00000e60: 00 00 00 00 00 00 00 00 00 00 00 00 00 00 00 00
[   19.192716] nvdla_blob 00000e70: 00 00 00 00 00 00 00 00 00 00 00 00 00 00 00 00
[   19.193096] nvdla_blob 00000e80: 00 00 00 00 00 00 00 00 00 00 00 00 00 00 00 00
[   19.193508] nvdla_blob 00000e90: 00 00 00 00 00 00 00 00 00 00 00 00 00 00 00 00
[   19.193887] nvdla_blob 00000ea0: 00 00 00 00 00 00 00 00 00 00 00 00 00 00 00 00
[   19.194264] nvdla_blob 00000eb0: 00 00 00 00 00 00 00 00 00 00 00 00 00 00 00 00
[   19.194732] nvdla_blob 00000ec0: 00 00 00 00 00 00 00 00 00 00 00 00 00 00 00 00
[   19.195124] nvdla_blob 00000ed0: 00 00 00 00 00 00 00 00 00 00 00 00 00 00 00 00
[   19.195558] nvdla_blob 00000ee0: 00 00 00 00 00 00 00 00 00 00 00 00 00 00 00 00
[   19.197348] nvdla_blob 00000ef0: 00 00 00 00 00 00 00 00 00 00 00 00 00 00 00 00
[   19.197753] nvdla_blob 00000f00: 00 00 00 00 00 00 00 00 00 00 00 00 00 00 00 00
[   19.198133] nvdla_blob 00000f10: 00 00 00 00 00 00 00 00 00 00 00 00 00 00 00 00
[   19.198519] nvdla_blob 00000f20: 00 00 00 00 00 00 00 00 00 00 00 00 00 00 00 00
[   19.198948] nvdla_blob 00000f30: 00 00 00 00 00 00 00 00 00 00 00 00 00 00 00 00
[   19.200646] nvdla_blob 00000f40: 00 00 00 00 00 00 00 00 00 00 00 00 00 00 00 00
[   19.201064] nvdla_blob 00000f50: 00 00 00 00 00 00 00 00 00 00 00 00 00 00 00 00
[   19.201464] nvdla_blob 00000f60: 00 00 00 00 00 00 00 00 00 00 00 00 00 00 00 00
[   19.201844] nvdla_blob 00000f70: 00 00 00 00 00 00 00 00 00 00 00 00 00 00 00 00
[   19.202232] nvdla_blob 00000f80: 00 00 00 00 00 00 00 00 00 00 00 00 00 00 00 00
[   19.202627] nvdla_blob 00000f90: 00 00 00 00 00 00 00 00 00 00 00 00 00 00 00 00
[   19.203088] nvdla_blob 00000fa0: 00 00 00 00 00 00 00 00 00 00 00 00 00 00 00 00
[   19.204859] nvdla_blob 00000fb0: 00 00 00 00 00 00 00 00 00 00 00 00 00 00 00 00
[   19.205255] nvdla_blob 00000fc0: 00 00 00 00 00 00 00 00 00 00 00 00 00 00 00 00
[   19.205643] nvdla_blob 00000fd0: 00 00 00 00 00 00 00 00 00 00 00 00 00 00 00 00
[   19.206141] nvdla_blob 00000fe0: 00 00 00 00 00 00 00 00 00 00 00 00 00 00 00 00
[   19.206557] nvdla_blob 00000ff0: 00 00 00 00 00 00 00 00 00 00 00 00 00 00 00 00
[   19.206749] nvdla_blob[3] prime_fd=12 handle=9 size=4096 dma=0xc0008000 full_4096_bytes:
[   19.208503] nvdla_blob 00000000: 00 00 00 00 00 00 00 00 00 00 00 00 00 00 00 00
[   19.208971] nvdla_blob 00000010: 00 00 00 00 00 00 00 00 00 00 00 00 00 00 00 00
[   19.209352] nvdla_blob 00000020: 00 00 00 00 00 00 00 00 00 00 00 00 00 00 00 00
[   19.209791] nvdla_blob 00000030: 00 00 00 00 00 00 00 00 00 00 00 00 00 00 00 00
[   19.210252] nvdla_blob 00000040: 00 00 00 00 00 00 00 00 00 00 00 00 00 00 00 00
[   19.210692] nvdla_blob 00000050: 00 00 00 00 00 00 00 00 00 00 00 00 00 00 00 00
[   19.211109] nvdla_blob 00000060: 00 00 00 00 00 00 00 00 00 00 00 00 00 00 00 00
[   19.212797] nvdla_blob 00000070: 00 00 00 00 00 00 00 00 00 00 00 00 00 00 00 00
[   19.213204] nvdla_blob 00000080: 00 00 00 00 00 00 00 00 00 00 00 00 00 00 00 00
[   19.213600] nvdla_blob 00000090: 00 00 00 00 00 00 00 00 00 00 00 00 00 00 00 00
[   19.214000] nvdla_blob 000000a0: 00 00 00 00 00 00 00 00 00 00 00 00 00 00 00 00
[   19.214393] nvdla_blob 000000b0: 00 00 00 00 00 00 00 00 00 00 00 00 00 00 00 00
[   19.214794] nvdla_blob 000000c0: 00 00 00 00 00 00 00 00 00 00 00 00 00 00 00 00
[   19.216384] nvdla_blob 000000d0: 00 00 00 00 00 00 00 00 00 00 00 00 00 00 00 00
[   19.216845] nvdla_blob 000000e0: 00 00 00 00 00 00 00 00 00 00 00 00 00 00 00 00
[   19.217236] nvdla_blob 000000f0: 00 00 00 00 00 00 00 00 00 00 00 00 00 00 00 00
[   19.217629] nvdla_blob 00000100: 00 00 00 00 00 00 00 00 00 00 00 00 00 00 00 00
[   19.218058] nvdla_blob 00000110: 00 00 00 00 00 00 00 00 00 00 00 00 00 00 00 00
[   19.218566] nvdla_blob 00000120: 00 00 00 00 00 00 00 00 00 00 00 00 00 00 00 00
[   19.218981] nvdla_blob 00000130: 00 00 00 00 00 00 00 00 00 00 00 00 00 00 00 00
[   19.220565] nvdla_blob 00000140: 00 00 00 00 00 00 00 00 00 00 00 00 00 00 00 00
[   19.220954] nvdla_blob 00000150: 00 00 00 00 00 00 00 00 00 00 00 00 00 00 00 00
[   19.221331] nvdla_blob 00000160: 00 00 00 00 00 00 00 00 00 00 00 00 00 00 00 00
[   19.221719] nvdla_blob 00000170: 00 00 00 00 00 00 00 00 00 00 00 00 00 00 00 00
[   19.222095] nvdla_blob 00000180: 00 00 00 00 00 00 00 00 00 00 00 00 00 00 00 00
[   19.222484] nvdla_blob 00000190: 00 00 00 00 00 00 00 00 00 00 00 00 00 00 00 00
[   19.222865] nvdla_blob 000001a0: 00 00 00 00 00 00 00 00 00 00 00 00 00 00 00 00
[   19.224413] nvdla_blob 000001b0: 00 00 00 00 00 00 00 00 00 00 00 00 00 00 00 00
[   19.224848] nvdla_blob 000001c0: 00 00 00 00 00 00 00 00 00 00 00 00 00 00 00 00
[   19.225227] nvdla_blob 000001d0: 00 00 00 00 00 00 00 00 00 00 00 00 00 00 00 00
[   19.225621] nvdla_blob 000001e0: 00 00 00 00 00 00 00 00 00 00 00 00 00 00 00 00
[   19.225999] nvdla_blob 000001f0: 00 00 00 00 00 00 00 00 00 00 00 00 00 00 00 00
[   19.226371] nvdla_blob 00000200: 00 00 00 00 00 00 00 00 00 00 00 00 00 00 00 00
[   19.226757] nvdla_blob 00000210: 00 00 00 00 00 00 00 00 00 00 00 00 00 00 00 00
[   19.228213] nvdla_blob 00000220: 00 00 00 00 00 00 00 00 00 00 00 00 00 00 00 00
[   19.228638] nvdla_blob 00000230: 00 00 00 00 00 00 00 00 00 00 00 00 00 00 00 00
[   19.229025] nvdla_blob 00000240: 00 00 00 00 00 00 00 00 00 00 00 00 00 00 00 00
[   19.229406] nvdla_blob 00000250: 00 00 00 00 00 00 00 00 00 00 00 00 00 00 00 00
[   19.229800] nvdla_blob 00000260: 00 00 00 00 00 00 00 00 00 00 00 00 00 00 00 00
[   19.230175] nvdla_blob 00000270: 00 00 00 00 00 00 00 00 00 00 00 00 00 00 00 00
[   19.230559] nvdla_blob 00000280: 00 00 00 00 00 00 00 00 00 00 00 00 00 00 00 00
[   19.230951] nvdla_blob 00000290: 00 00 00 00 00 00 00 00 00 00 00 00 00 00 00 00
[   19.232473] nvdla_blob 000002a0: 00 00 00 00 00 00 00 00 00 00 00 00 00 00 00 00
[   19.232862] nvdla_blob 000002b0: 00 00 00 00 00 00 00 00 00 00 00 00 00 00 00 00
[   19.233242] nvdla_blob 000002c0: 00 00 00 00 00 00 00 00 00 00 00 00 00 00 00 00
[   19.233634] nvdla_blob 000002d0: 00 00 00 00 00 00 00 00 00 00 00 00 00 00 00 00
[   19.234009] nvdla_blob 000002e0: 00 00 00 00 00 00 00 00 00 00 00 00 00 00 00 00
[   19.234384] nvdla_blob 000002f0: 00 00 00 00 00 00 00 00 00 00 00 00 00 00 00 00
[   19.234766] nvdla_blob 00000300: 00 00 00 00 00 00 00 00 00 00 00 00 00 00 00 00
[   19.236191] nvdla_blob 00000310: 00 00 00 00 00 00 00 00 00 00 00 00 00 00 00 00
[   19.236610] nvdla_blob 00000320: 00 00 00 00 00 00 00 00 00 00 00 00 00 00 00 00
[   19.236991] nvdla_blob 00000330: 00 00 00 00 00 00 00 00 00 00 00 00 00 00 00 00
[   19.237366] nvdla_blob 00000340: 00 00 00 00 00 00 00 00 00 00 00 00 00 00 00 00
[   19.237750] nvdla_blob 00000350: 00 00 00 00 00 00 00 00 00 00 00 00 00 00 00 00
[   19.238124] nvdla_blob 00000360: 00 00 00 00 00 00 00 00 00 00 00 00 00 00 00 00
[   19.238513] nvdla_blob 00000370: 00 00 00 00 00 00 00 00 00 00 00 00 00 00 00 00
[   19.238908] nvdla_blob 00000380: 00 00 00 00 00 00 00 00 00 00 00 00 00 00 00 00
[   19.240524] nvdla_blob 00000390: 00 00 00 00 00 00 00 00 00 00 00 00 00 00 00 00
[   19.240909] nvdla_blob 000003a0: 00 00 00 00 00 00 00 00 00 00 00 00 00 00 00 00
[   19.241288] nvdla_blob 000003b0: 00 00 00 00 00 00 00 00 00 00 00 00 00 00 00 00
[   19.241676] nvdla_blob 000003c0: 00 00 00 00 00 00 00 00 00 00 00 00 00 00 00 00
[   19.242056] nvdla_blob 000003d0: 00 00 00 00 00 00 00 00 00 00 00 00 00 00 00 00
[   19.242438] nvdla_blob 000003e0: 00 00 00 00 00 00 00 00 00 00 00 00 00 00 00 00
[   19.242817] nvdla_blob 000003f0: 00 00 00 00 00 00 00 00 00 00 00 00 00 00 00 00
[   19.244288] nvdla_blob 00000400: 00 00 00 00 00 00 00 00 00 00 00 00 00 00 00 00
[   19.244718] nvdla_blob 00000410: 00 00 00 00 00 00 00 00 00 00 00 00 00 00 00 00
[   19.245195] nvdla_blob 00000420: 00 00 00 00 00 00 00 00 00 00 00 00 00 00 00 00
[   19.245836] nvdla_blob 00000430: 00 00 00 00 00 00 00 00 00 00 00 00 00 00 00 00
[   19.246215] nvdla_blob 00000440: 00 00 00 00 00 00 00 00 00 00 00 00 00 00 00 00
[   19.246597] nvdla_blob 00000450: 00 00 00 00 00 00 00 00 00 00 00 00 00 00 00 00
[   19.247007] nvdla_blob 00000460: 00 00 00 00 00 00 00 00 00 00 00 00 00 00 00 00
[   19.248517] nvdla_blob 00000470: 00 00 00 00 00 00 00 00 00 00 00 00 00 00 00 00
[   19.248898] nvdla_blob 00000480: 00 00 00 00 00 00 00 00 00 00 00 00 00 00 00 00
[   19.249281] nvdla_blob 00000490: 00 00 00 00 00 00 00 00 00 00 00 00 00 00 00 00
[   19.249673] nvdla_blob 000004a0: 00 00 00 00 00 00 00 00 00 00 00 00 00 00 00 00
[   19.250050] nvdla_blob 000004b0: 00 00 00 00 00 00 00 00 00 00 00 00 00 00 00 00
[   19.250429] nvdla_blob 000004c0: 00 00 00 00 00 00 00 00 00 00 00 00 00 00 00 00
[   19.250802] nvdla_blob 000004d0: 00 00 00 00 00 00 00 00 00 00 00 00 00 00 00 00
[   19.252225] nvdla_blob 000004e0: 00 00 00 00 00 00 00 00 00 00 00 00 00 00 00 00
[   19.252640] nvdla_blob 000004f0: 00 00 00 00 00 00 00 00 00 00 00 00 00 00 00 00
[   19.253029] nvdla_blob 00000500: 00 00 00 00 00 00 00 00 00 00 00 00 00 00 00 00
[   19.253511] nvdla_blob 00000510: 00 00 00 00 00 00 00 00 00 00 00 00 00 00 00 00
[   19.253947] nvdla_blob 00000520: 00 00 00 00 00 00 00 00 00 00 00 00 00 00 00 00
[   19.254439] nvdla_blob 00000530: 00 00 00 00 00 00 00 00 00 00 00 00 00 00 00 00
[   19.254910] nvdla_blob 00000540: 00 00 00 00 00 00 00 00 00 00 00 00 00 00 00 00
[   19.256763] nvdla_blob 00000550: 00 00 00 00 00 00 00 00 00 00 00 00 00 00 00 00
[   19.257178] nvdla_blob 00000560: 00 00 00 00 00 00 00 00 00 00 00 00 00 00 00 00
[   19.257568] nvdla_blob 00000570: 00 00 00 00 00 00 00 00 00 00 00 00 00 00 00 00
[   19.257948] nvdla_blob 00000580: 00 00 00 00 00 00 00 00 00 00 00 00 00 00 00 00
[   19.258327] nvdla_blob 00000590: 00 00 00 00 00 00 00 00 00 00 00 00 00 00 00 00
[   19.258711] nvdla_blob 000005a0: 00 00 00 00 00 00 00 00 00 00 00 00 00 00 00 00
[   19.260336] nvdla_blob 000005b0: 00 00 00 00 00 00 00 00 00 00 00 00 00 00 00 00
[   19.260770] nvdla_blob 000005c0: 00 00 00 00 00 00 00 00 00 00 00 00 00 00 00 00
[   19.261155] nvdla_blob 000005d0: 00 00 00 00 00 00 00 00 00 00 00 00 00 00 00 00
[   19.261552] nvdla_blob 000005e0: 00 00 00 00 00 00 00 00 00 00 00 00 00 00 00 00
[   19.261929] nvdla_blob 000005f0: 00 00 00 00 00 00 00 00 00 00 00 00 00 00 00 00
[   19.262301] nvdla_blob 00000600: 00 00 00 00 00 00 00 00 00 00 00 00 00 00 00 00
[   19.262688] nvdla_blob 00000610: 00 00 00 00 00 00 00 00 00 00 00 00 00 00 00 00
[   19.264154] nvdla_blob 00000620: 00 00 00 00 00 00 00 00 00 00 00 00 00 00 00 00
[   19.264606] nvdla_blob 00000630: 00 00 00 00 00 00 00 00 00 00 00 00 00 00 00 00
[   19.264994] nvdla_blob 00000640: 00 00 00 00 00 00 00 00 00 00 00 00 00 00 00 00
[   19.265373] nvdla_blob 00000650: 00 00 00 00 00 00 00 00 00 00 00 00 00 00 00 00
[   19.265760] nvdla_blob 00000660: 00 00 00 00 00 00 00 00 00 00 00 00 00 00 00 00
[   19.266136] nvdla_blob 00000670: 00 00 00 00 00 00 00 00 00 00 00 00 00 00 00 00
[   19.266521] nvdla_blob 00000680: 00 00 00 00 00 00 00 00 00 00 00 00 00 00 00 00
[   19.266928] nvdla_blob 00000690: 00 00 00 00 00 00 00 00 00 00 00 00 00 00 00 00
[   19.268558] nvdla_blob 000006a0: 00 00 00 00 00 00 00 00 00 00 00 00 00 00 00 00
[   19.268943] nvdla_blob 000006b0: 00 00 00 00 00 00 00 00 00 00 00 00 00 00 00 00
[   19.269322] nvdla_blob 000006c0: 00 00 00 00 00 00 00 00 00 00 00 00 00 00 00 00
[   19.269708] nvdla_blob 000006d0: 00 00 00 00 00 00 00 00 00 00 00 00 00 00 00 00
[   19.270085] nvdla_blob 000006e0: 00 00 00 00 00 00 00 00 00 00 00 00 00 00 00 00
[   19.270469] nvdla_blob 000006f0: 00 00 00 00 00 00 00 00 00 00 00 00 00 00 00 00
[   19.270863] nvdla_blob 00000700: 00 00 00 00 00 00 00 00 00 00 00 00 00 00 00 00
[   19.272390] nvdla_blob 00000710: 00 00 00 00 00 00 00 00 00 00 00 00 00 00 00 00
[   19.272784] nvdla_blob 00000720: 00 00 00 00 00 00 00 00 00 00 00 00 00 00 00 00
[   19.273173] nvdla_blob 00000730: 00 00 00 00 00 00 00 00 00 00 00 00 00 00 00 00
[   19.273557] nvdla_blob 00000740: 00 00 00 00 00 00 00 00 00 00 00 00 00 00 00 00
[   19.274001] nvdla_blob 00000750: 00 00 00 00 00 00 00 00 00 00 00 00 00 00 00 00
[   19.274467] nvdla_blob 00000760: 00 00 00 00 00 00 00 00 00 00 00 00 00 00 00 00
[   19.274972] nvdla_blob 00000770: 00 00 00 00 00 00 00 00 00 00 00 00 00 00 00 00
[   19.276665] nvdla_blob 00000780: 00 00 00 00 00 00 00 00 00 00 00 00 00 00 00 00
[   19.277051] nvdla_blob 00000790: 00 00 00 00 00 00 00 00 00 00 00 00 00 00 00 00
[   19.277431] nvdla_blob 000007a0: 00 00 00 00 00 00 00 00 00 00 00 00 00 00 00 00
[   19.277809] nvdla_blob 000007b0: 00 00 00 00 00 00 00 00 00 00 00 00 00 00 00 00
[   19.278186] nvdla_blob 000007c0: 00 00 00 00 00 00 00 00 00 00 00 00 00 00 00 00
[   19.278568] nvdla_blob 000007d0: 00 00 00 00 00 00 00 00 00 00 00 00 00 00 00 00
[   19.279016] nvdla_blob 000007e0: 00 00 00 00 00 00 00 00 00 00 00 00 00 00 00 00
[   19.280561] nvdla_blob 000007f0: 00 00 00 00 00 00 00 00 00 00 00 00 00 00 00 00
[   19.280939] nvdla_blob 00000800: 00 00 00 00 00 00 00 00 00 00 00 00 00 00 00 00
[   19.281308] nvdla_blob 00000810: 00 00 00 00 00 00 00 00 00 00 00 00 00 00 00 00
[   19.281691] nvdla_blob 00000820: 00 00 00 00 00 00 00 00 00 00 00 00 00 00 00 00
[   19.282064] nvdla_blob 00000830: 00 00 00 00 00 00 00 00 00 00 00 00 00 00 00 00
[   19.282440] nvdla_blob 00000840: 00 00 00 00 00 00 00 00 00 00 00 00 00 00 00 00
[   19.282811] nvdla_blob 00000850: 00 00 00 00 00 00 00 00 00 00 00 00 00 00 00 00
[   19.284298] nvdla_blob 00000860: 00 00 00 00 00 00 00 00 00 00 00 00 00 00 00 00
[   19.284730] nvdla_blob 00000870: 00 00 00 00 00 00 00 00 00 00 00 00 00 00 00 00
[   19.285107] nvdla_blob 00000880: 00 00 00 00 00 00 00 00 00 00 00 00 00 00 00 00
[   19.285496] nvdla_blob 00000890: 00 00 00 00 00 00 00 00 00 00 00 00 00 00 00 00
[   19.285876] nvdla_blob 000008a0: 00 00 00 00 00 00 00 00 00 00 00 00 00 00 00 00
[   19.286247] nvdla_blob 000008b0: 00 00 00 00 00 00 00 00 00 00 00 00 00 00 00 00
[   19.286628] nvdla_blob 000008c0: 00 00 00 00 00 00 00 00 00 00 00 00 00 00 00 00
[   19.287020] nvdla_blob 000008d0: 00 00 00 00 00 00 00 00 00 00 00 00 00 00 00 00
[   19.288558] nvdla_blob 000008e0: 00 00 00 00 00 00 00 00 00 00 00 00 00 00 00 00
[   19.288940] nvdla_blob 000008f0: 00 00 00 00 00 00 00 00 00 00 00 00 00 00 00 00
[   19.289314] nvdla_blob 00000900: 00 00 00 00 00 00 00 00 00 00 00 00 00 00 00 00
[   19.289697] nvdla_blob 00000910: 00 00 00 00 00 00 00 00 00 00 00 00 00 00 00 00
[   19.290071] nvdla_blob 00000920: 00 00 00 00 00 00 00 00 00 00 00 00 00 00 00 00
[   19.290448] nvdla_blob 00000930: 00 00 00 00 00 00 00 00 00 00 00 00 00 00 00 00
[   19.290819] nvdla_blob 00000940: 00 00 00 00 00 00 00 00 00 00 00 00 00 00 00 00
[   19.292312] nvdla_blob 00000950: 00 00 00 00 00 00 00 00 00 00 00 00 00 00 00 00
[   19.292737] nvdla_blob 00000960: 00 00 00 00 00 00 00 00 00 00 00 00 00 00 00 00
[   19.293115] nvdla_blob 00000970: 00 00 00 00 00 00 00 00 00 00 00 00 00 00 00 00
[   19.293580] nvdla_blob 00000980: 00 00 00 00 00 00 00 00 00 00 00 00 00 00 00 00
[   19.293971] nvdla_blob 00000990: 00 00 00 00 00 00 00 00 00 00 00 00 00 00 00 00
[   19.294349] nvdla_blob 000009a0: 00 00 00 00 00 00 00 00 00 00 00 00 00 00 00 00
[   19.294734] nvdla_blob 000009b0: 00 00 00 00 00 00 00 00 00 00 00 00 00 00 00 00
[   19.296329] nvdla_blob 000009c0: 00 00 00 00 00 00 00 00 00 00 00 00 00 00 00 00
[   19.296784] nvdla_blob 000009d0: 00 00 00 00 00 00 00 00 00 00 00 00 00 00 00 00
[   19.297160] nvdla_blob 000009e0: 00 00 00 00 00 00 00 00 00 00 00 00 00 00 00 00
[   19.297554] nvdla_blob 000009f0: 00 00 00 00 00 00 00 00 00 00 00 00 00 00 00 00
[   19.297940] nvdla_blob 00000a00: 00 00 00 00 00 00 00 00 00 00 00 00 00 00 00 00
[   19.298343] nvdla_blob 00000a10: 00 00 00 00 00 00 00 00 00 00 00 00 00 00 00 00
[   19.298730] nvdla_blob 00000a20: 00 00 00 00 00 00 00 00 00 00 00 00 00 00 00 00
[   19.300278] nvdla_blob 00000a30: 00 00 00 00 00 00 00 00 00 00 00 00 00 00 00 00
[   19.300734] nvdla_blob 00000a40: 00 00 00 00 00 00 00 00 00 00 00 00 00 00 00 00
[   19.301111] nvdla_blob 00000a50: 00 00 00 00 00 00 00 00 00 00 00 00 00 00 00 00
[   19.301526] nvdla_blob 00000a60: 00 00 00 00 00 00 00 00 00 00 00 00 00 00 00 00
[   19.301911] nvdla_blob 00000a70: 00 00 00 00 00 00 00 00 00 00 00 00 00 00 00 00
[   19.302285] nvdla_blob 00000a80: 00 00 00 00 00 00 00 00 00 00 00 00 00 00 00 00
[   19.302667] nvdla_blob 00000a90: 00 00 00 00 00 00 00 00 00 00 00 00 00 00 00 00
[   19.303092] nvdla_blob 00000aa0: 00 00 00 00 00 00 00 00 00 00 00 00 00 00 00 00
[   19.304700] nvdla_blob 00000ab0: 00 00 00 00 00 00 00 00 00 00 00 00 00 00 00 00
[   19.305083] nvdla_blob 00000ac0: 00 00 00 00 00 00 00 00 00 00 00 00 00 00 00 00
[   19.305470] nvdla_blob 00000ad0: 00 00 00 00 00 00 00 00 00 00 00 00 00 00 00 00
[   19.305851] nvdla_blob 00000ae0: 00 00 00 00 00 00 00 00 00 00 00 00 00 00 00 00
[   19.306226] nvdla_blob 00000af0: 00 00 00 00 00 00 00 00 00 00 00 00 00 00 00 00
[   19.306608] nvdla_blob 00000b00: 00 00 00 00 00 00 00 00 00 00 00 00 00 00 00 00
[   19.308059] nvdla_blob 00000b10: 00 00 00 00 00 00 00 00 00 00 00 00 00 00 00 00
[   19.308497] nvdla_blob 00000b20: 00 00 00 00 00 00 00 00 00 00 00 00 00 00 00 00
[   19.308877] nvdla_blob 00000b30: 00 00 00 00 00 00 00 00 00 00 00 00 00 00 00 00
[   19.309256] nvdla_blob 00000b40: 00 00 00 00 00 00 00 00 00 00 00 00 00 00 00 00
[   19.309636] nvdla_blob 00000b50: 00 00 00 00 00 00 00 00 00 00 00 00 00 00 00 00
[   19.310021] nvdla_blob 00000b60: 00 00 00 00 00 00 00 00 00 00 00 00 00 00 00 00
[   19.310392] nvdla_blob 00000b70: 00 00 00 00 00 00 00 00 00 00 00 00 00 00 00 00
[   19.310775] nvdla_blob 00000b80: 00 00 00 00 00 00 00 00 00 00 00 00 00 00 00 00
[   19.312453] nvdla_blob 00000b90: 00 00 00 00 00 00 00 00 00 00 00 00 00 00 00 00
[   19.312890] nvdla_blob 00000ba0: 00 00 00 00 00 00 00 00 00 00 00 00 00 00 00 00
[   19.313267] nvdla_blob 00000bb0: 00 00 00 00 00 00 00 00 00 00 00 00 00 00 00 00
[   19.313651] nvdla_blob 00000bc0: 00 00 00 00 00 00 00 00 00 00 00 00 00 00 00 00
[   19.314031] nvdla_blob 00000bd0: 00 00 00 00 00 00 00 00 00 00 00 00 00 00 00 00
[   19.314410] nvdla_blob 00000be0: 00 00 00 00 00 00 00 00 00 00 00 00 00 00 00 00
[   19.314798] nvdla_blob 00000bf0: 00 00 00 00 00 00 00 00 00 00 00 00 00 00 00 00
[   19.316297] nvdla_blob 00000c00: 00 00 00 00 00 00 00 00 00 00 00 00 00 00 00 00
[   19.316732] nvdla_blob 00000c10: 00 00 00 00 00 00 00 00 00 00 00 00 00 00 00 00
[   19.317113] nvdla_blob 00000c20: 00 00 00 00 00 00 00 00 00 00 00 00 00 00 00 00
[   19.317503] nvdla_blob 00000c30: 00 00 00 00 00 00 00 00 00 00 00 00 00 00 00 00
[   19.317883] nvdla_blob 00000c40: 00 00 00 00 00 00 00 00 00 00 00 00 00 00 00 00
[   19.318259] nvdla_blob 00000c50: 00 00 00 00 00 00 00 00 00 00 00 00 00 00 00 00
[   19.318645] nvdla_blob 00000c60: 00 00 00 00 00 00 00 00 00 00 00 00 00 00 00 00
[   19.319036] nvdla_blob 00000c70: 00 00 00 00 00 00 00 00 00 00 00 00 00 00 00 00
[   19.320551] nvdla_blob 00000c80: 00 00 00 00 00 00 00 00 00 00 00 00 00 00 00 00
[   19.320934] nvdla_blob 00000c90: 00 00 00 00 00 00 00 00 00 00 00 00 00 00 00 00
[   19.321315] nvdla_blob 00000ca0: 00 00 00 00 00 00 00 00 00 00 00 00 00 00 00 00
[   19.321705] nvdla_blob 00000cb0: 00 00 00 00 00 00 00 00 00 00 00 00 00 00 00 00
[   19.322087] nvdla_blob 00000cc0: 00 00 00 00 00 00 00 00 00 00 00 00 00 00 00 00
[   19.322468] nvdla_blob 00000cd0: 00 00 00 00 00 00 00 00 00 00 00 00 00 00 00 00
[   19.322867] nvdla_blob 00000ce0: 00 00 00 00 00 00 00 00 00 00 00 00 00 00 00 00
[   19.324323] nvdla_blob 00000cf0: 00 00 00 00 00 00 00 00 00 00 00 00 00 00 00 00
[   19.324723] nvdla_blob 00000d00: 00 00 00 00 00 00 00 00 00 00 00 00 00 00 00 00
[   19.325105] nvdla_blob 00000d10: 00 00 00 00 00 00 00 00 00 00 00 00 00 00 00 00
[   19.325494] nvdla_blob 00000d20: 00 00 00 00 00 00 00 00 00 00 00 00 00 00 00 00
[   19.325884] nvdla_blob 00000d30: 00 00 00 00 00 00 00 00 00 00 00 00 00 00 00 00
[   19.326271] nvdla_blob 00000d40: 00 00 00 00 00 00 00 00 00 00 00 00 00 00 00 00
[   19.326660] nvdla_blob 00000d50: 00 00 00 00 00 00 00 00 00 00 00 00 00 00 00 00
[   19.327119] nvdla_blob 00000d60: 00 00 00 00 00 00 00 00 00 00 00 00 00 00 00 00
[   19.329190] nvdla_blob 00000d70: 00 00 00 00 00 00 00 00 00 00 00 00 00 00 00 00
[   19.329669] nvdla_blob 00000d80: 00 00 00 00 00 00 00 00 00 00 00 00 00 00 00 00
[   19.330067] nvdla_blob 00000d90: 00 00 00 00 00 00 00 00 00 00 00 00 00 00 00 00
[   19.330446] nvdla_blob 00000da0: 00 00 00 00 00 00 00 00 00 00 00 00 00 00 00 00
[   19.330819] nvdla_blob 00000db0: 00 00 00 00 00 00 00 00 00 00 00 00 00 00 00 00
[   19.332254] nvdla_blob 00000dc0: 00 00 00 00 00 00 00 00 00 00 00 00 00 00 00 00
[   19.332680] nvdla_blob 00000dd0: 00 00 00 00 00 00 00 00 00 00 00 00 00 00 00 00
[   19.333057] nvdla_blob 00000de0: 00 00 00 00 00 00 00 00 00 00 00 00 00 00 00 00
[   19.333438] nvdla_blob 00000df0: 00 00 00 00 00 00 00 00 00 00 00 00 00 00 00 00
[   19.333815] nvdla_blob 00000e00: 00 00 00 00 00 00 00 00 00 00 00 00 00 00 00 00
[   19.334185] nvdla_blob 00000e10: 00 00 00 00 00 00 00 00 00 00 00 00 00 00 00 00
[   19.334572] nvdla_blob 00000e20: 00 00 00 00 00 00 00 00 00 00 00 00 00 00 00 00
[   19.335026] nvdla_blob 00000e30: 00 00 00 00 00 00 00 00 00 00 00 00 00 00 00 00
[   19.336639] nvdla_blob 00000e40: 00 00 00 00 00 00 00 00 00 00 00 00 00 00 00 00
[   19.337026] nvdla_blob 00000e50: 00 00 00 00 00 00 00 00 00 00 00 00 00 00 00 00
[   19.337401] nvdla_blob 00000e60: 00 00 00 00 00 00 00 00 00 00 00 00 00 00 00 00
[   19.337785] nvdla_blob 00000e70: 00 00 00 00 00 00 00 00 00 00 00 00 00 00 00 00
[   19.338167] nvdla_blob 00000e80: 00 00 00 00 00 00 00 00 00 00 00 00 00 00 00 00
[   19.338543] nvdla_blob 00000e90: 00 00 00 00 00 00 00 00 00 00 00 00 00 00 00 00
[   19.338940] nvdla_blob 00000ea0: 00 00 00 00 00 00 00 00 00 00 00 00 00 00 00 00
[   19.340531] nvdla_blob 00000eb0: 00 00 00 00 00 00 00 00 00 00 00 00 00 00 00 00
[   19.340912] nvdla_blob 00000ec0: 00 00 00 00 00 00 00 00 00 00 00 00 00 00 00 00
[   19.341289] nvdla_blob 00000ed0: 00 00 00 00 00 00 00 00 00 00 00 00 00 00 00 00
[   19.341672] nvdla_blob 00000ee0: 00 00 00 00 00 00 00 00 00 00 00 00 00 00 00 00
[   19.342048] nvdla_blob 00000ef0: 00 00 00 00 00 00 00 00 00 00 00 00 00 00 00 00
[   19.342434] nvdla_blob 00000f00: 00 00 00 00 00 00 00 00 00 00 00 00 00 00 00 00
[   19.342811] nvdla_blob 00000f10: 00 00 00 00 00 00 00 00 00 00 00 00 00 00 00 00
[   19.344262] nvdla_blob 00000f20: 00 00 00 00 00 00 00 00 00 00 00 00 00 00 00 00
[   19.344695] nvdla_blob 00000f30: 00 00 00 00 00 00 00 00 00 00 00 00 00 00 00 00
[   19.345071] nvdla_blob 00000f40: 00 00 00 00 00 00 00 00 00 00 00 00 00 00 00 00
[   19.345455] nvdla_blob 00000f50: 00 00 00 00 00 00 00 00 00 00 00 00 00 00 00 00
[   19.345833] nvdla_blob 00000f60: 00 00 00 00 00 00 00 00 00 00 00 00 00 00 00 00
[   19.346211] nvdla_blob 00000f70: 00 00 00 00 00 00 00 00 00 00 00 00 00 00 00 00
[   19.346592] nvdla_blob 00000f80: 00 00 00 00 00 00 00 00 00 00 00 00 00 00 00 00
[   19.346988] nvdla_blob 00000f90: 00 00 00 00 00 00 00 00 00 00 00 00 00 00 00 00
[   19.348592] nvdla_blob 00000fa0: 00 00 00 00 00 00 00 00 00 00 00 00 00 00 00 00
[   19.348979] nvdla_blob 00000fb0: 00 00 00 00 00 00 00 00 00 00 00 00 00 00 00 00
[   19.349351] nvdla_blob 00000fc0: 00 00 00 00 00 00 00 00 00 00 00 00 00 00 00 00
[   19.349738] nvdla_blob 00000fd0: 00 00 00 00 00 00 00 00 00 00 00 00 00 00 00 00
[   19.350115] nvdla_blob 00000fe0: 00 00 00 00 00 00 00 00 00 00 00 00 00 00 00 00
[   19.350496] nvdla_blob 00000ff0: 00 00 00 00 00 00 00 00 00 00 00 00 00 00 00 00
[   19.350671] nvdla_blob[7] prime_fd=9 handle=6 size=4096 dma=0xc0005000 full_4096_bytes:
[   19.352111] nvdla_blob 00000000: 00 00 01 00 80 00 00 00 01 00 01 00 08 00 00 00
[   19.352552] nvdla_blob 00000010: 00 00 00 00 00 00 00 00 00 00 00 00 02 00 ff ff
[   19.352930] nvdla_blob 00000020: 00 00 00 00 00 00 00 00 00 00 00 00 00 00 00 00
[   19.353305] nvdla_blob 00000030: 00 00 00 00 00 00 00 00 02 00 ff ff 00 00 00 00
[   19.353691] nvdla_blob 00000040: 00 00 00 00 00 00 00 00 00 00 00 00 00 00 00 00
[   19.354069] nvdla_blob 00000050: 00 00 00 00 00 00 02 00 20 00 00 00 01 00 01 00
[   19.354457] nvdla_blob 00000060: 08 00 00 00 20 00 00 00 20 00 00 00 00 00 00 00
[   19.354856] nvdla_blob 00000070: 02 00 ff ff 20 00 00 00 01 00 01 00 01 00 00 00
[   19.356337] nvdla_blob 00000080: 20 00 00 00 20 00 00 00 00 00 00 00 00 00 00 00
[   19.356731] nvdla_blob 00000090: 00 00 00 00 00 00 00 00 00 00 00 00 00 00 00 00
[   19.357116] nvdla_blob 000000a0: 00 00 00 00 00 00 00 00 00 00 00 00 00 00 00 00
[   19.357510] nvdla_blob 000000b0: 00 00 00 00 00 00 00 00 00 00 00 00 00 00 00 00
[   19.357897] nvdla_blob 000000c0: 00 00 00 00 00 00 00 00 00 00 00 00 00 00 00 00
[   19.358291] nvdla_blob 000000d0: 00 00 00 00 00 00 00 00 00 00 00 00 00 00 00 00
[   19.358697] nvdla_blob 000000e0: 00 00 00 00 00 00 00 00 00 00 00 00 00 00 00 00
[   19.359076] nvdla_blob 000000f0: 00 00 00 00 00 00 00 00 00 00 00 00 00 00 00 00
[   19.359513] nvdla_blob 00000100: 00 00 00 00 00 00 00 00 00 00 00 00 00 00 00 00
[   19.361290] nvdla_blob 00000110: 00 00 00 00 00 00 00 00 00 00 00 00 00 00 00 00
[   19.361684] nvdla_blob 00000120: 00 00 00 00 00 00 00 00 00 00 00 00 00 00 00 00
[   19.362107] nvdla_blob 00000130: 00 00 00 00 00 00 00 00 00 00 00 00 00 00 00 00
[   19.362575] nvdla_blob 00000140: 00 00 00 00 00 00 00 00 00 00 00 00 00 00 00 00
[   19.363023] nvdla_blob 00000150: 00 00 00 00 00 00 00 00 00 00 00 00 00 00 00 00
[   19.364510] nvdla_blob 00000160: 00 00 00 00 00 00 00 00 00 00 00 00 00 00 00 00
[   19.364888] nvdla_blob 00000170: 00 00 00 00 00 00 00 00 00 00 00 00 00 00 00 00
[   19.365271] nvdla_blob 00000180: 00 00 00 00 00 00 00 00 00 00 00 00 00 00 00 00
[   19.365655] nvdla_blob 00000190: 00 00 00 00 00 00 00 00 00 00 00 00 00 00 00 00
[   19.366033] nvdla_blob 000001a0: 00 00 00 00 00 00 00 00 00 00 00 00 00 00 00 00
[   19.366408] nvdla_blob 000001b0: 00 00 00 00 00 00 00 00 00 00 00 00 00 00 00 00
[   19.366797] nvdla_blob 000001c0: 00 00 00 00 00 00 00 00 00 00 00 00 00 00 00 00
[   19.368274] nvdla_blob 000001d0: 00 00 00 00 00 00 00 00 00 00 00 00 00 00 00 00
[   19.368708] nvdla_blob 000001e0: 00 00 00 00 00 00 00 00 00 00 00 00 00 00 00 00
[   19.369109] nvdla_blob 000001f0: 00 00 00 00 00 00 00 00 00 00 00 00 00 00 00 00
[   19.369498] nvdla_blob 00000200: 00 00 00 00 00 00 00 00 00 00 00 00 00 00 00 00
[   19.369890] nvdla_blob 00000210: 00 00 00 00 00 00 00 00 00 00 00 00 00 00 00 00
[   19.370267] nvdla_blob 00000220: 00 00 00 00 00 00 00 00 00 00 00 00 00 00 00 00
[   19.370648] nvdla_blob 00000230: 00 00 00 00 00 00 00 00 00 00 00 00 00 00 00 00
[   19.371047] nvdla_blob 00000240: 00 00 00 00 00 00 00 00 00 00 00 00 00 00 00 00
[   19.372663] nvdla_blob 00000250: 00 00 00 00 00 00 00 00 00 00 00 00 00 00 00 00
[   19.373042] nvdla_blob 00000260: 00 00 00 00 00 00 00 00 00 00 00 00 00 00 00 00
[   19.373414] nvdla_blob 00000270: 00 00 00 00 00 00 00 00 00 00 00 00 00 00 00 00
[   19.373794] nvdla_blob 00000280: 00 00 00 00 02 00 ff ff 20 00 00 00 01 00 01 00
[   19.374170] nvdla_blob 00000290: 01 00 00 00 00 00 00 00 00 00 00 00 00 00 00 00
[   19.374552] nvdla_blob 000002a0: 00 00 00 00 00 00 00 00 00 00 00 00 00 00 00 00
[   19.374949] nvdla_blob 000002b0: 00 00 00 00 00 00 00 00 00 00 00 00 00 00 00 00
[   19.376445] nvdla_blob 000002c0: 00 00 00 00 00 00 00 00 00 00 00 00 00 00 00 00
[   19.376829] nvdla_blob 000002d0: 00 00 00 00 00 00 00 00 00 00 00 00 00 00 00 00
[   19.377202] nvdla_blob 000002e0: 00 00 00 00 00 00 00 00 00 00 00 00 00 00 00 00
[   19.377584] nvdla_blob 000002f0: 00 00 00 00 00 00 03 00 20 00 00 00 01 00 01 00
[   19.377966] nvdla_blob 00000300: 01 00 00 00 20 00 00 00 20 00 00 00 00 00 00 00
[   19.378338] nvdla_blob 00000310: 00 00 00 00 00 00 00 00 00 00 00 00 00 00 00 00
[   19.378713] nvdla_blob 00000320: 00 00 00 00 00 00 00 00 00 00 00 00 00 00 00 00
[   19.380141] nvdla_blob 00000330: 00 00 00 00 00 00 00 00 00 00 00 00 00 00 00 00
[   19.380573] nvdla_blob 00000340: 00 00 00 00 00 00 00 00 00 00 00 00 00 00 00 00
[   19.380951] nvdla_blob 00000350: 00 00 00 00 00 00 00 00 00 00 00 00 00 00 00 00
[   19.381335] nvdla_blob 00000360: 00 00 00 00 00 00 00 00 00 00 00 00 00 00 00 00
[   19.381718] nvdla_blob 00000370: 00 00 00 00 00 00 00 00 00 00 00 00 00 00 00 00
[   19.382167] nvdla_blob 00000380: 00 00 00 00 00 00 00 00 00 00 00 00 00 00 00 00
[   19.382550] nvdla_blob 00000390: 00 00 00 00 00 00 00 00 00 00 00 00 00 00 00 00
[   19.382987] nvdla_blob 000003a0: 00 00 00 00 00 00 00 00 00 00 00 00 00 00 00 00
[   19.385194] nvdla_blob 000003b0: 00 00 00 00 00 00 00 00 00 00 00 00 00 00 00 00
[   19.385595] nvdla_blob 000003c0: 00 00 00 00 00 00 00 00 00 00 00 00 00 00 00 00
[   19.385974] nvdla_blob 000003d0: 00 00 00 00 00 00 00 00 00 00 00 00 00 00 00 00
[   19.386443] nvdla_blob 000003e0: 00 00 00 00 00 00 00 00 00 00 00 00 00 00 00 00
[   19.386919] nvdla_blob 000003f0: 00 00 00 00 00 00 00 00 00 00 00 00 00 00 00 00
[   19.388412] nvdla_blob 00000400: 00 00 00 00 00 00 00 00 00 00 00 00 00 00 00 00
[   19.388800] nvdla_blob 00000410: 00 00 00 00 00 00 00 00 00 00 00 00 00 00 00 00
[   19.389177] nvdla_blob 00000420: 00 00 00 00 00 00 00 00 00 00 00 00 00 00 00 00
[   19.389562] nvdla_blob 00000430: 00 00 00 00 00 00 00 00 00 00 00 00 00 00 00 00
[   19.389936] nvdla_blob 00000440: 00 00 00 00 00 00 00 00 00 00 00 00 00 00 00 00
[   19.390314] nvdla_blob 00000450: 00 00 00 00 00 00 00 00 00 00 00 00 00 00 00 00
[   19.390702] nvdla_blob 00000460: 00 00 00 00 00 00 00 00 00 00 00 00 00 00 00 00
[   19.392241] nvdla_blob 00000470: 00 00 00 00 00 00 00 00 00 00 00 00 00 00 00 00
[   19.392710] nvdla_blob 00000480: 00 00 00 00 00 00 00 00 00 00 00 00 00 00 00 00
[   19.393110] nvdla_blob 00000490: 00 00 00 00 00 00 00 00 00 00 00 00 00 00 00 00
[   19.393512] nvdla_blob 000004a0: 00 00 00 00 00 00 00 00 00 00 00 00 00 00 00 00
[   19.393898] nvdla_blob 000004b0: 00 00 00 00 00 00 00 00 00 00 00 00 00 00 00 00
[   19.394281] nvdla_blob 000004c0: 00 00 00 00 00 00 00 00 00 00 00 00 00 00 00 00
[   19.394669] nvdla_blob 000004d0: 00 00 00 00 00 00 00 00 00 00 00 00 00 00 00 00
[   19.395073] nvdla_blob 000004e0: 00 00 00 00 00 00 00 00 00 00 00 00 00 00 00 00
[   19.396850] nvdla_blob 000004f0: 00 00 00 00 00 00 00 00 00 00 00 00 00 00 00 00
[   19.397234] nvdla_blob 00000500: 00 00 00 00 00 00 00 00 00 00 00 00 00 00 00 00
[   19.397632] nvdla_blob 00000510: 00 00 00 00 00 00 00 00 00 00 00 00 00 00 00 00
[   19.398015] nvdla_blob 00000520: 00 00 00 00 00 00 00 00 00 00 00 00 00 00 00 00
[   19.398392] nvdla_blob 00000530: 00 00 00 00 00 00 00 00 00 00 00 00 00 00 00 00
[   19.398781] nvdla_blob 00000540: 00 00 00 00 00 00 00 00 00 00 00 00 00 00 00 00
[   19.400241] nvdla_blob 00000550: 00 00 00 00 00 00 00 00 00 00 00 00 00 00 00 00
[   19.400670] nvdla_blob 00000560: 00 00 00 00 00 00 00 00 00 00 00 00 00 00 00 00
[   19.401055] nvdla_blob 00000570: 00 00 00 00 00 00 00 00 00 00 00 00 00 00 00 00
[   19.401440] nvdla_blob 00000580: 00 00 00 00 00 00 00 00 00 00 00 00 00 00 00 00
[   19.401820] nvdla_blob 00000590: 00 00 00 00 00 00 00 00 00 00 00 00 00 00 00 00
[   19.402205] nvdla_blob 000005a0: 00 00 00 00 00 00 00 00 00 00 00 00 00 00 00 00
[   19.402590] nvdla_blob 000005b0: 00 00 00 00 00 00 00 00 00 00 00 00 00 00 00 00
[   19.402983] nvdla_blob 000005c0: 00 00 00 00 00 00 00 00 00 00 00 00 00 00 00 00
[   19.404604] nvdla_blob 000005d0: 00 00 00 00 00 00 00 00 00 00 00 00 00 00 00 00
[   19.405000] nvdla_blob 000005e0: 00 00 00 00 00 00 00 00 00 00 00 00 00 00 00 00
[   19.405388] nvdla_blob 000005f0: 00 00 00 00 00 00 00 00 00 00 00 00 00 00 00 00
[   19.405767] nvdla_blob 00000600: 00 00 00 00 00 00 00 00 00 00 00 00 00 00 00 00
[   19.406142] nvdla_blob 00000610: 00 00 00 00 00 00 00 00 00 00 00 00 00 00 00 00
[   19.406522] nvdla_blob 00000620: 00 00 00 00 00 00 00 00 00 00 00 00 00 00 00 00
[   19.406942] nvdla_blob 00000630: 00 00 00 00 00 00 00 00 00 00 00 00 00 00 00 00
[   19.408687] nvdla_blob 00000640: 00 00 00 00 00 00 00 00 00 00 00 00 00 00 00 00
[   19.409097] nvdla_blob 00000650: 00 00 00 00 00 00 00 00 00 00 00 00 00 00 00 00
[   19.409485] nvdla_blob 00000660: 00 00 00 00 00 00 00 00 00 00 00 00 00 00 00 00
[   19.409938] nvdla_blob 00000670: 00 00 00 00 00 00 00 00 00 00 00 00 00 00 00 00
[   19.410329] nvdla_blob 00000680: 00 00 00 00 00 00 00 00 00 00 00 00 00 00 00 00
[   19.410711] nvdla_blob 00000690: 00 00 00 00 00 00 00 00 00 00 00 00 00 00 00 00
[   19.412328] nvdla_blob 000006a0: 00 00 00 00 00 00 00 00 00 00 00 00 00 00 00 00
[   19.412752] nvdla_blob 000006b0: 00 00 00 00 00 00 00 00 00 00 00 00 00 00 00 00
[   19.413130] nvdla_blob 000006c0: 00 00 00 00 00 00 00 00 00 00 00 00 00 00 00 00
[   19.413509] nvdla_blob 000006d0: 00 00 00 00 00 00 00 00 00 00 00 00 00 00 00 00
[   19.413879] nvdla_blob 000006e0: 00 00 00 00 00 00 00 00 00 00 00 00 00 00 00 00
[   19.414253] nvdla_blob 000006f0: 00 00 00 00 00 00 00 00 00 00 00 00 00 00 00 00
[   19.414634] nvdla_blob 00000700: 00 00 00 00 00 00 00 00 00 00 00 00 00 00 00 00
[   19.415018] nvdla_blob 00000710: 00 00 00 00 00 00 00 00 00 00 00 00 00 00 00 00
[   19.416515] nvdla_blob 00000720: 00 00 00 00 00 00 00 00 00 00 00 00 00 00 00 00
[   19.416900] nvdla_blob 00000730: 00 00 00 00 00 00 00 00 00 00 00 00 00 00 00 00
[   19.417274] nvdla_blob 00000740: 00 00 00 00 00 00 00 00 00 00 00 00 00 00 00 00
[   19.417657] nvdla_blob 00000750: 00 00 00 00 00 00 00 00 00 00 00 00 00 00 00 00
[   19.418035] nvdla_blob 00000760: 00 00 00 00 00 00 00 00 00 00 00 00 00 00 00 00
[   19.418411] nvdla_blob 00000770: 00 00 00 00 00 00 00 00 00 00 00 00 00 00 00 00
[   19.418800] nvdla_blob 00000780: 00 00 00 00 00 00 00 00 00 00 00 00 00 00 00 00
[   19.420330] nvdla_blob 00000790: 00 00 00 00 00 00 00 00 00 00 00 00 00 00 00 00
[   19.420757] nvdla_blob 000007a0: 00 00 00 00 00 00 00 00 00 00 00 00 00 00 00 00
[   19.421138] nvdla_blob 000007b0: 00 00 00 00 00 00 00 00 00 00 00 00 00 00 00 00
[   19.421521] nvdla_blob 000007c0: 00 00 00 00 00 00 00 00 00 00 00 00 00 00 00 00
[   19.421899] nvdla_blob 000007d0: 00 00 00 00 00 00 00 00 00 00 00 00 00 00 00 00
[   19.422277] nvdla_blob 000007e0: 00 00 00 00 00 00 00 00 00 00 00 00 00 00 00 00
[   19.422663] nvdla_blob 000007f0: 00 00 00 00 00 00 00 00 00 00 00 00 00 00 00 00
[   19.423051] nvdla_blob 00000800: 00 00 00 00 00 00 00 00 00 00 00 00 00 00 00 00
[   19.424565] nvdla_blob 00000810: 00 00 00 00 00 00 00 00 00 00 00 00 00 00 00 00
[   19.424947] nvdla_blob 00000820: 00 00 00 00 00 00 00 00 00 00 00 00 00 00 00 00
[   19.425326] nvdla_blob 00000830: 00 00 00 00 00 00 00 00 00 00 00 00 00 00 00 00
[   19.425709] nvdla_blob 00000840: 00 00 00 00 00 00 00 00 00 00 00 00 00 00 00 00
[   19.426086] nvdla_blob 00000850: 00 00 00 00 00 00 00 00 00 00 00 00 00 00 00 00
[   19.426468] nvdla_blob 00000860: 00 00 00 00 00 00 00 00 00 00 00 00 00 00 00 00
[   19.426857] nvdla_blob 00000870: 00 00 00 00 00 00 00 00 00 00 00 00 00 00 00 00
[   19.428281] nvdla_blob 00000880: 00 00 00 00 00 00 00 00 00 00 00 00 00 00 00 00
[   19.428670] nvdla_blob 00000890: 00 00 00 00 00 00 00 00 00 00 00 00 00 00 00 00
[   19.429050] nvdla_blob 000008a0: 00 00 00 00 00 00 00 00 00 00 00 00 00 00 00 00
[   19.429527] nvdla_blob 000008b0: 00 00 00 00 00 00 00 00 00 00 00 00 00 00 00 00
[   19.429992] nvdla_blob 000008c0: 00 00 00 00 00 00 00 00 00 00 00 00 00 00 00 00
[   19.430372] nvdla_blob 000008d0: 00 00 00 00 00 00 00 00 00 00 00 00 00 00 00 00
[   19.430757] nvdla_blob 000008e0: 00 00 00 00 00 00 00 00 00 00 00 00 00 00 00 00
[   19.432218] nvdla_blob 000008f0: 00 00 00 00 00 00 00 00 00 00 00 00 00 00 00 00
[   19.432670] nvdla_blob 00000900: 00 00 00 00 00 00 00 00 00 00 00 00 00 00 00 00
[   19.433231] nvdla_blob 00000910: 00 00 00 00 00 00 00 00 00 00 00 00 00 00 00 00
[   19.433610] nvdla_blob 00000920: 00 00 00 00 00 00 00 00 00 00 00 00 00 00 00 00
[   19.433983] nvdla_blob 00000930: 00 00 00 00 00 00 00 00 00 00 00 00 00 00 00 00
[   19.434357] nvdla_blob 00000940: 00 00 00 00 00 00 00 00 00 00 00 00 00 00 00 00
[   19.434738] nvdla_blob 00000950: 00 00 00 00 00 00 00 00 00 00 00 00 00 00 00 00
[   19.436227] nvdla_blob 00000960: 00 00 00 00 00 00 00 00 00 00 00 00 00 00 00 00
[   19.436649] nvdla_blob 00000970: 00 00 00 00 00 00 00 00 00 00 00 00 00 00 00 00
[   19.437027] nvdla_blob 00000980: 00 00 00 00 00 00 00 00 00 00 00 00 00 00 00 00
[   19.437502] nvdla_blob 00000990: 00 00 00 00 00 00 00 00 00 00 00 00 00 00 00 00
[   19.438039] nvdla_blob 000009a0: 00 00 00 00 00 00 00 00 00 00 00 00 00 00 00 00
[   19.438435] nvdla_blob 000009b0: 00 00 00 00 00 00 00 00 00 00 00 00 00 00 00 00
[   19.438814] nvdla_blob 000009c0: 00 00 00 00 00 00 00 00 00 00 00 00 00 00 00 00
[   19.440409] nvdla_blob 000009d0: 00 00 00 00 00 00 00 00 00 00 00 00 00 00 00 00
[   19.440830] nvdla_blob 000009e0: 00 00 00 00 00 00 00 00 00 00 00 00 00 00 00 00
[   19.441210] nvdla_blob 000009f0: 00 00 00 00 00 00 00 00 00 00 00 00 00 00 00 00
[   19.441594] nvdla_blob 00000a00: 00 00 00 00 00 00 00 00 00 00 00 00 00 00 00 00
[   19.441984] nvdla_blob 00000a10: 00 00 00 00 00 00 00 00 00 00 00 00 00 00 00 00
[   19.442362] nvdla_blob 00000a20: 00 00 00 00 00 00 00 00 00 00 00 00 00 00 00 00
[   19.442744] nvdla_blob 00000a30: 00 00 00 00 00 00 00 00 00 00 00 00 00 00 00 00
[   19.444249] nvdla_blob 00000a40: 00 00 00 00 00 00 00 00 00 00 00 00 00 00 00 00
[   19.444685] nvdla_blob 00000a50: 00 00 00 00 00 00 00 00 00 00 00 00 00 00 00 00
[   19.445156] nvdla_blob 00000a60: 00 00 00 00 00 00 00 00 00 00 00 00 00 00 00 00
[   19.445563] nvdla_blob 00000a70: 00 00 00 00 00 00 00 00 00 00 00 00 00 00 00 00
[   19.445946] nvdla_blob 00000a80: 00 00 00 00 00 00 00 00 00 00 00 00 00 00 00 00
[   19.446325] nvdla_blob 00000a90: 00 00 00 00 00 00 00 00 00 00 00 00 00 00 00 00
[   19.446711] nvdla_blob 00000aa0: 00 00 00 00 00 00 00 00 00 00 00 00 00 00 00 00
[   19.448347] nvdla_blob 00000ab0: 00 00 00 00 00 00 00 00 00 00 00 00 00 00 00 00
[   19.448805] nvdla_blob 00000ac0: 00 00 00 00 00 00 00 00 00 00 00 00 00 00 00 00
[   19.449192] nvdla_blob 00000ad0: 00 00 00 00 00 00 00 00 00 00 00 00 00 00 00 00
[   19.449584] nvdla_blob 00000ae0: 00 00 00 00 00 00 00 00 00 00 00 00 00 00 00 00
[   19.449969] nvdla_blob 00000af0: 00 00 00 00 00 00 00 00 00 00 00 00 00 00 00 00
[   19.450362] nvdla_blob 00000b00: 00 00 00 00 00 00 00 00 00 00 00 00 00 00 00 00
[   19.450750] nvdla_blob 00000b10: 00 00 00 00 00 00 00 00 00 00 00 00 00 00 00 00
[   19.452385] nvdla_blob 00000b20: 00 00 00 00 00 00 00 00 00 00 00 00 00 00 00 00
[   19.452845] nvdla_blob 00000b30: 00 00 00 00 00 00 00 00 00 00 00 00 00 00 00 00
[   19.453234] nvdla_blob 00000b40: 00 00 00 00 00 00 00 00 00 00 00 00 00 00 00 00
[   19.453632] nvdla_blob 00000b50: 00 00 00 00 00 00 00 00 00 00 00 00 00 00 00 00
[   19.454046] nvdla_blob 00000b60: 00 00 00 00 00 00 00 00 00 00 00 00 00 00 00 00
[   19.454472] nvdla_blob 00000b70: 00 00 00 00 00 00 00 00 00 00 00 00 00 00 00 00
[   19.454885] nvdla_blob 00000b80: 00 00 00 00 00 00 00 00 00 00 00 00 00 00 00 00
[   19.456595] nvdla_blob 00000b90: 00 00 00 00 00 00 00 00 00 00 00 00 00 00 00 00
[   19.456991] nvdla_blob 00000ba0: 00 00 00 00 00 00 00 00 00 00 00 00 00 00 00 00
[   19.457374] nvdla_blob 00000bb0: 00 00 00 00 00 00 00 00 00 00 00 00 00 00 00 00
[   19.457774] nvdla_blob 00000bc0: 00 00 00 00 00 00 00 00 00 00 00 00 00 00 00 00
[   19.458158] nvdla_blob 00000bd0: 00 00 00 00 00 00 00 00 00 00 00 00 00 00 00 00
[   19.458559] nvdla_blob 00000be0: 00 00 00 00 00 00 00 00 00 00 00 00 00 00 00 00
[   19.458970] nvdla_blob 00000bf0: 00 00 00 00 00 00 00 00 00 00 00 00 00 00 00 00
[   19.460653] nvdla_blob 00000c00: 00 00 00 00 00 00 00 00 00 00 00 00 00 00 00 00
[   19.461051] nvdla_blob 00000c10: 00 00 00 00 00 00 00 00 00 00 00 00 00 00 00 00
[   19.461478] nvdla_blob 00000c20: 00 00 00 00 00 00 00 00 00 00 00 00 00 00 00 00
[   19.461860] nvdla_blob 00000c30: 00 00 00 00 00 00 00 00 00 00 00 00 00 00 00 00
[   19.462238] nvdla_blob 00000c40: 00 00 00 00 00 00 00 00 00 00 00 00 00 00 00 00
[   19.462635] nvdla_blob 00000c50: 00 00 00 00 00 00 00 00 00 00 00 00 00 00 00 00
[   19.463108] nvdla_blob 00000c60: 00 00 00 00 00 00 00 00 00 00 00 00 00 00 00 00
[   19.464862] nvdla_blob 00000c70: 00 00 00 00 00 00 00 00 00 00 00 00 00 00 00 00
[   19.465274] nvdla_blob 00000c80: 00 00 00 00 00 00 00 00 00 00 00 00 00 00 00 00
[   19.465667] nvdla_blob 00000c90: 00 00 00 00 00 00 00 00 00 00 00 00 00 00 00 00
[   19.466049] nvdla_blob 00000ca0: 00 00 00 00 00 00 00 00 00 00 00 00 00 00 00 00
[   19.466644] nvdla_blob 00000cb0: 00 00 00 00 00 00 00 00 00 00 00 00 00 00 00 00
[   19.467100] nvdla_blob 00000cc0: 00 00 00 00 00 00 00 00 00 00 00 00 00 00 00 00
[   19.468746] nvdla_blob 00000cd0: 00 00 00 00 00 00 00 00 00 00 00 00 00 00 00 00
[   19.469155] nvdla_blob 00000ce0: 00 00 00 00 00 00 00 00 00 00 00 00 00 00 00 00
[   19.469556] nvdla_blob 00000cf0: 00 00 00 00 00 00 00 00 00 00 00 00 00 00 00 00
[   19.469938] nvdla_blob 00000d00: 00 00 00 00 00 00 00 00 00 00 00 00 00 00 00 00
[   19.470327] nvdla_blob 00000d10: 00 00 00 00 00 00 00 00 00 00 00 00 00 00 00 00
[   19.470717] nvdla_blob 00000d20: 00 00 00 00 00 00 00 00 00 00 00 00 00 00 00 00
[   19.472271] nvdla_blob 00000d30: 00 00 00 00 00 00 00 00 00 00 00 00 00 00 00 00
[   19.472710] nvdla_blob 00000d40: 00 00 00 00 00 00 00 00 00 00 00 00 00 00 00 00
[   19.473094] nvdla_blob 00000d50: 00 00 00 00 00 00 00 00 00 00 00 00 00 00 00 00
[   19.473526] nvdla_blob 00000d60: 00 00 00 00 00 00 00 00 00 00 00 00 00 00 00 00
[   19.473923] nvdla_blob 00000d70: 00 00 00 00 00 00 00 00 00 00 00 00 00 00 00 00
[   19.474308] nvdla_blob 00000d80: 00 00 00 00 00 00 00 00 00 00 00 00 00 00 00 00
[   19.474698] nvdla_blob 00000d90: 00 00 00 00 00 00 00 00 00 00 00 00 00 00 00 00
[   19.476369] nvdla_blob 00000da0: 00 00 00 00 00 00 00 00 00 00 00 00 00 00 00 00
[   19.476810] nvdla_blob 00000db0: 00 00 00 00 00 00 00 00 00 00 00 00 00 00 00 00
[   19.477192] nvdla_blob 00000dc0: 00 00 00 00 00 00 00 00 00 00 00 00 00 00 00 00
[   19.477678] nvdla_blob 00000dd0: 00 00 00 00 00 00 00 00 00 00 00 00 00 00 00 00
[   19.478149] nvdla_blob 00000de0: 00 00 00 00 00 00 00 00 00 00 00 00 00 00 00 00
[   19.478548] nvdla_blob 00000df0: 00 00 00 00 00 00 00 00 00 00 00 00 00 00 00 00
[   19.478940] nvdla_blob 00000e00: 00 00 00 00 00 00 00 00 00 00 00 00 00 00 00 00
[   19.480440] nvdla_blob 00000e10: 00 00 00 00 00 00 00 00 00 00 00 00 00 00 00 00
[   19.480830] nvdla_blob 00000e20: 00 00 00 00 00 00 00 00 00 00 00 00 00 00 00 00
[   19.481210] nvdla_blob 00000e30: 00 00 00 00 00 00 00 00 00 00 00 00 00 00 00 00
[   19.481597] nvdla_blob 00000e40: 00 00 00 00 00 00 00 00 00 00 00 00 00 00 00 00
[   19.481976] nvdla_blob 00000e50: 00 00 00 00 00 00 00 00 00 00 00 00 00 00 00 00
[   19.482357] nvdla_blob 00000e60: 00 00 00 00 00 00 00 00 00 00 00 00 00 00 00 00
[   19.482741] nvdla_blob 00000e70: 00 00 00 00 00 00 00 00 00 00 00 00 00 00 00 00
[   19.484380] nvdla_blob 00000e80: 00 00 00 00 00 00 00 00 00 00 00 00 00 00 00 00
[   19.484818] nvdla_blob 00000e90: 00 00 00 00 00 00 00 00 00 00 00 00 00 00 00 00
[   19.485201] nvdla_blob 00000ea0: 00 00 00 00 00 00 00 00 00 00 00 00 00 00 00 00
[   19.485595] nvdla_blob 00000eb0: 00 00 00 00 00 00 00 00 00 00 00 00 00 00 00 00
[   19.485973] nvdla_blob 00000ec0: 00 00 00 00 00 00 00 00 00 00 00 00 00 00 00 00
[   19.486351] nvdla_blob 00000ed0: 00 00 00 00 00 00 00 00 00 00 00 00 00 00 00 00
[   19.486772] nvdla_blob 00000ee0: 00 00 00 00 00 00 00 00 00 00 00 00 00 00 00 00
[   19.488323] nvdla_blob 00000ef0: 00 00 00 00 00 00 00 00 00 00 00 00 00 00 00 00
[   19.488751] nvdla_blob 00000f00: 00 00 00 00 00 00 00 00 00 00 00 00 00 00 00 00
[   19.489121] nvdla_blob 00000f10: 00 00 00 00 00 00 00 00 00 00 00 00 00 00 00 00
[   19.489583] nvdla_blob 00000f20: 00 00 00 00 00 00 00 00 00 00 00 00 00 00 00 00
[   19.490105] nvdla_blob 00000f30: 00 00 00 00 00 00 00 00 00 00 00 00 00 00 00 00
[   19.490488] nvdla_blob 00000f40: 00 00 00 00 00 00 00 00 00 00 00 00 00 00 00 00
[   19.490894] nvdla_blob 00000f50: 00 00 00 00 00 00 00 00 00 00 00 00 00 00 00 00
[   19.492463] nvdla_blob 00000f60: 00 00 00 00 00 00 00 00 00 00 00 00 00 00 00 00
[   19.492844] nvdla_blob 00000f70: 00 00 00 00 00 00 00 00 00 00 00 00 00 00 00 00
[   19.493236] nvdla_blob 00000f80: 00 00 00 00 00 00 00 00 00 00 00 00 00 00 00 00
[   19.493756] nvdla_blob 00000f90: 00 00 00 00 00 00 00 00 00 00 00 00 00 00 00 00
[   19.494214] nvdla_blob 00000fa0: 00 00 00 00 00 00 00 00 00 00 00 00 00 00 00 00
[   19.494602] nvdla_blob 00000fb0: 00 00 00 00 00 00 00 00 00 00 00 00 00 00 00 00
[   19.494987] nvdla_blob 00000fc0: 00 00 00 00 00 00 00 00 00 00 00 00 00 00 00 00
[   19.496465] nvdla_blob 00000fd0: 00 00 00 00 00 00 00 00 00 00 00 00 00 00 00 00
[   19.496849] nvdla_blob 00000fe0: 00 00 00 00 00 00 00 00 00 00 00 00 00 00 00 00
[   19.497225] nvdla_blob 00000ff0: 00 00 00 00 00 00 00 00 00 00 00 00 00 00 00 00
[   19.497404] nvdla_blob[8] prime_fd=10 handle=7 size=4096 dma=0xc0006000 full_4096_bytes:
[   19.497795] nvdla_blob 00000000: 00 00 00 00 00 00 00 00 00 00 00 00 00 00 00 00
[   19.498170] nvdla_blob 00000010: 00 00 00 00 00 00 00 00 00 00 00 00 00 00 00 00
[   19.498557] nvdla_blob 00000020: 00 00 00 00 00 00 00 00 00 00 00 00 00 00 00 00
[   19.498954] nvdla_blob 00000030: 00 00 00 00 00 00 00 00 00 00 00 00 00 00 00 00
[   19.500493] nvdla_blob 00000040: 00 00 00 00 00 00 00 00 00 00 00 00 00 00 00 00
[   19.500874] nvdla_blob 00000050: 00 00 00 00 00 00 00 00 00 00 00 00 00 00 00 00
[   19.501247] nvdla_blob 00000060: 00 00 00 00 00 00 00 00 00 00 00 00 00 00 00 00
[   19.501718] nvdla_blob 00000070: 00 00 00 00 00 00 00 00 00 00 00 00 00 00 00 00
[   19.502176] nvdla_blob 00000080: 00 00 00 00 00 00 00 00 00 00 00 00 00 00 00 00
[   19.502562] nvdla_blob 00000090: 00 00 00 00 00 00 00 00 00 00 00 00 00 00 00 00
[   19.502955] nvdla_blob 000000a0: 00 00 00 00 00 00 00 00 00 00 00 00 00 00 00 00
[   19.504410] nvdla_blob 000000b0: 00 00 00 00 00 00 00 00 00 00 00 00 00 00 00 00
[   19.504799] nvdla_blob 000000c0: 00 00 00 00 00 00 00 00 00 00 00 00 00 00 00 00
[   19.505174] nvdla_blob 000000d0: 00 00 00 00 00 00 00 00 00 00 00 00 00 00 00 00
[   19.505641] nvdla_blob 000000e0: 00 00 00 00 00 00 00 00 00 00 00 00 00 00 00 00
[   19.506095] nvdla_blob 000000f0: 00 00 00 00 00 00 00 00 00 00 00 00 00 00 00 00
[   19.506487] nvdla_blob 00000100: 00 00 00 00 00 00 00 00 00 00 00 00 00 00 00 00
[   19.506878] nvdla_blob 00000110: 00 00 00 00 00 00 00 00 00 00 00 00 00 00 00 00
[   19.508328] nvdla_blob 00000120: 00 00 00 00 00 00 00 00 00 00 00 00 00 00 00 00
[   19.508719] nvdla_blob 00000130: 00 00 00 00 00 00 00 00 00 00 00 00 00 00 00 00
[   19.509098] nvdla_blob 00000140: 00 00 00 00 00 00 00 00 00 00 00 00 00 00 00 00
[   19.509573] nvdla_blob 00000150: 00 00 00 00 00 00 00 00 00 00 00 00 00 00 00 00
[   19.510034] nvdla_blob 00000160: 00 00 00 00 00 00 00 00 00 00 00 00 00 00 00 00
[   19.510428] nvdla_blob 00000170: 00 00 00 00 00 00 00 00 00 00 00 00 00 00 00 00
[   19.510803] nvdla_blob 00000180: 00 00 00 00 00 00 00 00 00 00 00 00 00 00 00 00
[   19.512394] nvdla_blob 00000190: 00 00 00 00 00 00 00 00 00 00 00 00 00 00 00 00
[   19.512829] nvdla_blob 000001a0: 00 00 00 00 00 00 00 00 00 00 00 00 00 00 00 00
[   19.513206] nvdla_blob 000001b0: 00 00 00 00 00 00 00 00 00 00 00 00 00 00 00 00
[   19.513673] nvdla_blob 000001c0: 00 00 00 00 00 00 00 00 00 00 00 00 00 00 00 00
[   19.514134] nvdla_blob 000001d0: 00 00 00 00 00 00 00 00 00 00 00 00 00 00 00 00
[   19.514528] nvdla_blob 000001e0: 00 00 00 00 00 00 00 00 00 00 00 00 00 00 00 00
[   19.514926] nvdla_blob 000001f0: 00 00 00 00 00 00 00 00 00 00 00 00 00 00 00 00
[   19.516406] nvdla_blob 00000200: 00 00 00 00 00 00 00 00 00 00 00 00 00 00 00 00
[   19.516796] nvdla_blob 00000210: 00 00 00 00 00 00 00 00 00 00 00 00 00 00 00 00
[   19.517168] nvdla_blob 00000220: 00 00 00 00 00 00 00 00 00 00 00 00 00 00 00 00
[   19.517638] nvdla_blob 00000230: 00 00 00 00 00 00 00 00 00 00 00 00 00 00 00 00
[   19.518096] nvdla_blob 00000240: 00 00 00 00 00 00 00 00 00 00 00 00 00 00 00 00
[   19.518498] nvdla_blob 00000250: 00 00 00 00 00 00 00 00 00 00 00 00 00 00 00 00
[   19.518898] nvdla_blob 00000260: 00 00 00 00 00 00 00 00 00 00 00 00 00 00 00 00
[   19.520386] nvdla_blob 00000270: 00 00 00 00 00 00 00 00 00 00 00 00 00 00 00 00
[   19.520773] nvdla_blob 00000280: 00 00 00 00 00 00 00 00 00 00 00 00 00 00 00 00
[   19.521148] nvdla_blob 00000290: 00 00 00 00 00 00 00 00 00 00 00 00 00 00 00 00
[   19.521620] nvdla_blob 000002a0: 00 00 00 00 00 00 00 00 00 00 00 00 00 00 00 00
[   19.522083] nvdla_blob 000002b0: 00 00 00 00 00 00 00 00 00 00 00 00 00 00 00 00
[   19.522488] nvdla_blob 000002c0: 00 00 00 00 00 00 00 00 00 00 00 00 00 00 00 00
[   19.522890] nvdla_blob 000002d0: 00 00 00 00 00 00 00 00 00 00 00 00 00 00 00 00
[   19.524350] nvdla_blob 000002e0: 00 00 00 00 00 00 00 00 00 00 00 00 00 00 00 00
[   19.524732] nvdla_blob 000002f0: 00 00 00 00 00 00 00 00 00 00 00 00 00 00 00 00
[   19.525105] nvdla_blob 00000300: 00 00 00 00 00 00 00 00 00 00 00 00 00 00 00 00
[   19.525565] nvdla_blob 00000310: 00 00 00 00 00 00 00 00 00 00 00 00 00 00 00 00
[   19.526029] nvdla_blob 00000320: 00 00 00 00 00 00 00 00 00 00 00 00 00 00 00 00
[   19.526453] nvdla_blob 00000330: 00 00 00 00 00 00 00 00 00 00 00 00 00 00 00 00
[   19.526856] nvdla_blob 00000340: 00 00 00 00 00 00 00 00 00 00 00 00 00 00 00 00
[   19.528547] nvdla_blob 00000350: 00 00 00 00 00 00 00 00 00 00 00 00 00 00 00 00
[   19.528935] nvdla_blob 00000360: 00 00 00 00 00 00 00 00 00 00 00 00 00 00 00 00
[   19.529309] nvdla_blob 00000370: 00 00 00 00 00 00 00 00 00 00 00 00 00 00 00 00
[   19.529689] nvdla_blob 00000380: 00 00 00 00 00 00 00 00 00 00 00 00 00 00 00 00
[   19.530065] nvdla_blob 00000390: 00 00 00 00 00 00 00 00 00 00 00 00 00 00 00 00
[   19.530445] nvdla_blob 000003a0: 00 00 00 00 00 00 00 00 00 00 00 00 00 00 00 00
[   19.530885] nvdla_blob 000003b0: 00 00 00 00 00 00 00 00 00 00 00 00 00 00 00 00
[   19.532408] nvdla_blob 000003c0: 00 00 00 00 00 00 00 00 00 00 00 00 00 00 00 00
[   19.532795] nvdla_blob 000003d0: 00 00 00 00 00 00 00 00 00 00 00 00 00 00 00 00
[   19.533172] nvdla_blob 000003e0: 00 00 00 00 00 00 00 00 00 00 00 00 00 00 00 00
[   19.533643] nvdla_blob 000003f0: 00 00 00 00 00 00 00 00 00 00 00 00 00 00 00 00
[   19.534099] nvdla_blob 00000400: 00 00 00 00 00 00 00 00 00 00 00 00 00 00 00 00
[   19.534485] nvdla_blob 00000410: 00 00 00 00 00 00 00 00 00 00 00 00 00 00 00 00
[   19.534884] nvdla_blob 00000420: 00 00 00 00 00 00 00 00 00 00 00 00 00 00 00 00
[   19.536366] nvdla_blob 00000430: 00 00 00 00 00 00 00 00 00 00 00 00 00 00 00 00
[   19.536781] nvdla_blob 00000440: 00 00 00 00 00 00 00 00 00 00 00 00 00 00 00 00
[   19.537173] nvdla_blob 00000450: 00 00 00 00 00 00 00 00 00 00 00 00 00 00 00 00
[   19.537644] nvdla_blob 00000460: 00 00 00 00 00 00 00 00 00 00 00 00 00 00 00 00
[   19.538102] nvdla_blob 00000470: 00 00 00 00 00 00 00 00 00 00 00 00 00 00 00 00
[   19.538515] nvdla_blob 00000480: 00 00 00 00 00 00 00 00 00 00 00 00 00 00 00 00
[   19.538913] nvdla_blob 00000490: 00 00 00 00 00 00 00 00 00 00 00 00 00 00 00 00
[   19.540569] nvdla_blob 000004a0: 00 00 00 00 00 00 00 00 00 00 00 00 00 00 00 00
[   19.540954] nvdla_blob 000004b0: 00 00 00 00 00 00 00 00 00 00 00 00 00 00 00 00
[   19.541358] nvdla_blob 000004c0: 00 00 00 00 00 00 00 00 00 00 00 00 00 00 00 00
[   19.541830] nvdla_blob 000004d0: 00 00 00 00 00 00 00 00 00 00 00 00 00 00 00 00
[   19.542289] nvdla_blob 000004e0: 00 00 00 00 00 00 00 00 00 00 00 00 00 00 00 00
[   19.542674] nvdla_blob 000004f0: 00 00 00 00 00 00 00 00 00 00 00 00 00 00 00 00
[   19.543072] nvdla_blob 00000500: 00 00 00 00 00 00 00 00 00 00 00 00 00 00 00 00
[   19.544562] nvdla_blob 00000510: 00 00 00 00 00 00 00 00 00 00 00 00 00 00 00 00
[   19.544945] nvdla_blob 00000520: 00 00 00 00 00 00 00 00 00 00 00 00 00 00 00 00
[   19.545318] nvdla_blob 00000530: 00 00 00 00 00 00 00 00 00 00 00 00 00 00 00 00
[   19.545708] nvdla_blob 00000540: 00 00 00 00 00 00 00 00 00 00 00 00 00 00 00 00
[   19.546083] nvdla_blob 00000550: 00 00 00 00 00 00 00 00 00 00 00 00 00 00 00 00
[   19.546466] nvdla_blob 00000560: 00 00 00 00 00 00 00 00 00 00 00 00 00 00 00 00
[   19.546865] nvdla_blob 00000570: 00 00 00 00 00 00 00 00 00 00 00 00 00 00 00 00
[   19.548467] nvdla_blob 00000580: 00 00 00 00 00 00 00 00 00 00 00 00 00 00 00 00
[   19.548894] nvdla_blob 00000590: 00 00 00 00 00 00 00 00 00 00 00 00 00 00 00 00
[   19.549293] nvdla_blob 000005a0: 00 00 00 00 00 00 00 00 00 00 00 00 00 00 00 00
[   19.549761] nvdla_blob 000005b0: 00 00 00 00 00 00 00 00 00 00 00 00 00 00 00 00
[   19.550224] nvdla_blob 000005c0: 00 00 00 00 00 00 00 00 00 00 00 00 00 00 00 00
[   19.550611] nvdla_blob 000005d0: 00 00 00 00 00 00 00 00 00 00 00 00 00 00 00 00
[   19.551192] nvdla_blob 000005e0: 00 00 00 00 00 00 00 00 00 00 00 00 00 00 00 00
[   19.552855] nvdla_blob 000005f0: 00 00 00 00 00 00 00 00 00 00 00 00 00 00 00 00
[   19.553246] nvdla_blob 00000600: 00 00 00 00 00 00 00 00 00 00 00 00 00 00 00 00
[   19.553640] nvdla_blob 00000610: 00 00 00 00 00 00 00 00 00 00 00 00 00 00 00 00
[   19.554019] nvdla_blob 00000620: 00 00 00 00 00 00 00 00 00 00 00 00 00 00 00 00
[   19.554396] nvdla_blob 00000630: 00 00 00 00 00 00 00 00 00 00 00 00 00 00 00 00
[   19.554782] nvdla_blob 00000640: 00 00 00 00 00 00 00 00 00 00 00 00 00 00 00 00
[   19.556352] nvdla_blob 00000650: 00 00 00 00 00 00 00 00 00 00 00 00 00 00 00 00
[   19.556785] nvdla_blob 00000660: 00 00 00 00 00 00 00 00 00 00 00 00 00 00 00 00
[   19.557167] nvdla_blob 00000670: 00 00 00 00 00 00 00 00 00 00 00 00 00 00 00 00
[   19.557638] nvdla_blob 00000680: 00 00 00 00 00 00 00 00 00 00 00 00 00 00 00 00
[   19.558057] nvdla_blob 00000690: 00 00 00 00 00 00 00 00 00 00 00 00 00 00 00 00
[   19.558440] nvdla_blob 000006a0: 00 00 00 00 00 00 00 00 00 00 00 00 00 00 00 00
[   19.558814] nvdla_blob 000006b0: 00 00 00 00 00 00 00 00 00 00 00 00 00 00 00 00
[   19.560266] nvdla_blob 000006c0: 00 00 00 00 00 00 00 00 00 00 00 00 00 00 00 00
[   19.560779] nvdla_blob 000006d0: 00 00 00 00 00 00 00 00 00 00 00 00 00 00 00 00
[   19.561237] nvdla_blob 000006e0: 00 00 00 00 00 00 00 00 00 00 00 00 00 00 00 00
[   19.561619] nvdla_blob 000006f0: 00 00 00 00 00 00 00 00 00 00 00 00 00 00 00 00
[   19.561996] nvdla_blob 00000700: 00 00 00 00 00 00 00 00 00 00 00 00 00 00 00 00
[   19.562369] nvdla_blob 00000710: 00 00 00 00 00 00 00 00 00 00 00 00 00 00 00 00
[   19.562751] nvdla_blob 00000720: 00 00 00 00 00 00 00 00 00 00 00 00 00 00 00 00
[   19.564181] nvdla_blob 00000730: 00 00 00 00 00 00 00 00 00 00 00 00 00 00 00 00
[   19.564689] nvdla_blob 00000740: 00 00 00 00 00 00 00 00 00 00 00 00 00 00 00 00
[   19.565153] nvdla_blob 00000750: 00 00 00 00 00 00 00 00 00 00 00 00 00 00 00 00
[   19.565546] nvdla_blob 00000760: 00 00 00 00 00 00 00 00 00 00 00 00 00 00 00 00
[   19.565930] nvdla_blob 00000770: 00 00 00 00 00 00 00 00 00 00 00 00 00 00 00 00
[   19.566310] nvdla_blob 00000780: 00 00 00 00 00 00 00 00 00 00 00 00 00 00 00 00
[   19.566694] nvdla_blob 00000790: 00 00 00 00 00 00 00 00 00 00 00 00 00 00 00 00
[   19.568195] nvdla_blob 000007a0: 00 00 00 00 00 00 00 00 00 00 00 00 00 00 00 00
[   19.568701] nvdla_blob 000007b0: 00 00 00 00 00 00 00 00 00 00 00 00 00 00 00 00
[   19.569166] nvdla_blob 000007c0: 00 00 00 00 00 00 00 00 00 00 00 00 00 00 00 00
[   19.569566] nvdla_blob 000007d0: 00 00 00 00 00 00 00 00 00 00 00 00 00 00 00 00
[   19.569947] nvdla_blob 000007e0: 00 00 00 00 00 00 00 00 00 00 00 00 00 00 00 00
[   19.570329] nvdla_blob 000007f0: 00 00 00 00 00 00 00 00 00 00 00 00 00 00 00 00
[   19.570856] nvdla_blob 00000800: 00 00 00 00 00 00 00 00 00 00 00 00 00 00 00 00
[   19.572550] nvdla_blob 00000810: 00 00 00 00 00 00 00 00 00 00 00 00 00 00 00 00
[   19.572937] nvdla_blob 00000820: 00 00 00 00 00 00 00 00 00 00 00 00 00 00 00 00
[   19.573321] nvdla_blob 00000830: 00 00 00 00 00 00 00 00 00 00 00 00 00 00 00 00
[   19.573804] nvdla_blob 00000840: 00 00 00 00 00 00 00 00 00 00 00 00 00 00 00 00
[   19.574274] nvdla_blob 00000850: 00 00 00 00 00 00 00 00 00 00 00 00 00 00 00 00
[   19.574662] nvdla_blob 00000860: 00 00 00 00 00 00 00 00 00 00 00 00 00 00 00 00
[   19.575054] nvdla_blob 00000870: 00 00 00 00 00 00 00 00 00 00 00 00 00 00 00 00
[   19.576574] nvdla_blob 00000880: 00 00 00 00 00 00 00 00 00 00 00 00 00 00 00 00
[   19.576957] nvdla_blob 00000890: 00 00 00 00 00 00 00 00 00 00 00 00 00 00 00 00
[   19.577332] nvdla_blob 000008a0: 00 00 00 00 00 00 00 00 00 00 00 00 00 00 00 00
[   19.577803] nvdla_blob 000008b0: 00 00 00 00 00 00 00 00 00 00 00 00 00 00 00 00
[   19.578269] nvdla_blob 000008c0: 00 00 00 00 00 00 00 00 00 00 00 00 00 00 00 00
[   19.578656] nvdla_blob 000008d0: 00 00 00 00 00 00 00 00 00 00 00 00 00 00 00 00
[   19.579043] nvdla_blob 000008e0: 00 00 00 00 00 00 00 00 00 00 00 00 00 00 00 00
[   19.580490] nvdla_blob 000008f0: 00 00 00 00 00 00 00 00 00 00 00 00 00 00 00 00
[   19.580879] nvdla_blob 00000900: 00 00 00 00 00 00 00 00 00 00 00 00 00 00 00 00
[   19.581263] nvdla_blob 00000910: 00 00 00 00 00 00 00 00 00 00 00 00 00 00 00 00
[   19.581736] nvdla_blob 00000920: 00 00 00 00 00 00 00 00 00 00 00 00 00 00 00 00
[   19.582201] nvdla_blob 00000930: 00 00 00 00 00 00 00 00 00 00 00 00 00 00 00 00
[   19.582594] nvdla_blob 00000940: 00 00 00 00 00 00 00 00 00 00 00 00 00 00 00 00
[   19.582980] nvdla_blob 00000950: 00 00 00 00 00 00 00 00 00 00 00 00 00 00 00 00
[   19.584492] nvdla_blob 00000960: 00 00 00 00 00 00 00 00 00 00 00 00 00 00 00 00
[   19.584883] nvdla_blob 00000970: 00 00 00 00 00 00 00 00 00 00 00 00 00 00 00 00
[   19.585262] nvdla_blob 00000980: 00 00 00 00 00 00 00 00 00 00 00 00 00 00 00 00
[   19.585733] nvdla_blob 00000990: 00 00 00 00 00 00 00 00 00 00 00 00 00 00 00 00
[   19.586192] nvdla_blob 000009a0: 00 00 00 00 00 00 00 00 00 00 00 00 00 00 00 00
[   19.586582] nvdla_blob 000009b0: 00 00 00 00 00 00 00 00 00 00 00 00 00 00 00 00
[   19.586968] nvdla_blob 000009c0: 00 00 00 00 00 00 00 00 00 00 00 00 00 00 00 00
[   19.588402] nvdla_blob 000009d0: 00 00 00 00 00 00 00 00 00 00 00 00 00 00 00 00
[   19.588804] nvdla_blob 000009e0: 00 00 00 00 00 00 00 00 00 00 00 00 00 00 00 00
[   19.589186] nvdla_blob 000009f0: 00 00 00 00 00 00 00 00 00 00 00 00 00 00 00 00
[   19.589666] nvdla_blob 00000a00: 00 00 00 00 00 00 00 00 00 00 00 00 00 00 00 00
[   19.590131] nvdla_blob 00000a10: 00 00 00 00 00 00 00 00 00 00 00 00 00 00 00 00
[   19.590538] nvdla_blob 00000a20: 00 00 00 00 00 00 00 00 00 00 00 00 00 00 00 00
[   19.590926] nvdla_blob 00000a30: 00 00 00 00 00 00 00 00 00 00 00 00 00 00 00 00
[   19.592338] nvdla_blob 00000a40: 00 00 00 00 00 00 00 00 00 00 00 00 00 00 00 00
[   19.592732] nvdla_blob 00000a50: 00 00 00 00 00 00 00 00 00 00 00 00 00 00 00 00
[   19.593111] nvdla_blob 00000a60: 00 00 00 00 00 00 00 00 00 00 00 00 00 00 00 00
[   19.593523] nvdla_blob 00000a70: 00 00 00 00 00 00 00 00 00 00 00 00 00 00 00 00
[   19.593904] nvdla_blob 00000a80: 00 00 00 00 00 00 00 00 00 00 00 00 00 00 00 00
[   19.594285] nvdla_blob 00000a90: 00 00 00 00 00 00 00 00 00 00 00 00 00 00 00 00
[   19.594678] nvdla_blob 00000aa0: 00 00 00 00 00 00 00 00 00 00 00 00 00 00 00 00
[   19.596052] nvdla_blob 00000ab0: 00 00 00 00 00 00 00 00 00 00 00 00 00 00 00 00
[   19.596484] nvdla_blob 00000ac0: 00 00 00 00 00 00 00 00 00 00 00 00 00 00 00 00
[   19.596863] nvdla_blob 00000ad0: 00 00 00 00 00 00 00 00 00 00 00 00 00 00 00 00
[   19.597240] nvdla_blob 00000ae0: 00 00 00 00 00 00 00 00 00 00 00 00 00 00 00 00
[   19.597632] nvdla_blob 00000af0: 00 00 00 00 00 00 00 00 00 00 00 00 00 00 00 00
[   19.598011] nvdla_blob 00000b00: 00 00 00 00 00 00 00 00 00 00 00 00 00 00 00 00
[   19.598389] nvdla_blob 00000b10: 00 00 00 00 00 00 00 00 00 00 00 00 00 00 00 00
[   19.598773] nvdla_blob 00000b20: 00 00 00 00 00 00 00 00 00 00 00 00 00 00 00 00
[   19.600213] nvdla_blob 00000b30: 00 00 00 00 00 00 00 00 00 00 00 00 00 00 00 00
[   19.600636] nvdla_blob 00000b40: 00 00 00 00 00 00 00 00 00 00 00 00 00 00 00 00
[   19.601019] nvdla_blob 00000b50: 00 00 00 00 00 00 00 00 00 00 00 00 00 00 00 00
[   19.601410] nvdla_blob 00000b60: 00 00 00 00 00 00 00 00 00 00 00 00 00 00 00 00
[   19.601885] nvdla_blob 00000b70: 00 00 00 00 00 00 00 00 00 00 00 00 00 00 00 00
[   19.602351] nvdla_blob 00000b80: 00 00 00 00 00 00 00 00 00 00 00 00 00 00 00 00
[   19.602737] nvdla_blob 00000b90: 00 00 00 00 00 00 00 00 00 00 00 00 00 00 00 00
[   19.604277] nvdla_blob 00000ba0: 00 00 00 00 00 00 00 00 00 00 00 00 00 00 00 00
[   19.604712] nvdla_blob 00000bb0: 00 00 00 00 00 00 00 00 00 00 00 00 00 00 00 00
[   19.605095] nvdla_blob 00000bc0: 00 00 00 00 00 00 00 00 00 00 00 00 00 00 00 00
[   19.605522] nvdla_blob 00000bd0: 00 00 00 00 00 00 00 00 00 00 00 00 00 00 00 00
[   19.605982] nvdla_blob 00000be0: 00 00 00 00 00 00 00 00 00 00 00 00 00 00 00 00
[   19.606435] nvdla_blob 00000bf0: 00 00 00 00 00 00 00 00 00 00 00 00 00 00 00 00
[   19.606813] nvdla_blob 00000c00: 00 00 00 00 00 00 00 00 00 00 00 00 00 00 00 00
[   19.608255] nvdla_blob 00000c10: 00 00 00 00 00 00 00 00 00 00 00 00 00 00 00 00
[   19.608683] nvdla_blob 00000c20: 00 00 00 00 00 00 00 00 00 00 00 00 00 00 00 00
[   19.609062] nvdla_blob 00000c30: 00 00 00 00 00 00 00 00 00 00 00 00 00 00 00 00
[   19.609471] nvdla_blob 00000c40: 00 00 00 00 00 00 00 00 00 00 00 00 00 00 00 00
[   19.609932] nvdla_blob 00000c50: 00 00 00 00 00 00 00 00 00 00 00 00 00 00 00 00
[   19.610394] nvdla_blob 00000c60: 00 00 00 00 00 00 00 00 00 00 00 00 00 00 00 00
[   19.610779] nvdla_blob 00000c70: 00 00 00 00 00 00 00 00 00 00 00 00 00 00 00 00
[   19.612191] nvdla_blob 00000c80: 00 00 00 00 00 00 00 00 00 00 00 00 00 00 00 00
[   19.612617] nvdla_blob 00000c90: 00 00 00 00 00 00 00 00 00 00 00 00 00 00 00 00
[   19.612997] nvdla_blob 00000ca0: 00 00 00 00 00 00 00 00 00 00 00 00 00 00 00 00
[   19.613379] nvdla_blob 00000cb0: 00 00 00 00 00 00 00 00 00 00 00 00 00 00 00 00
[   19.613800] nvdla_blob 00000cc0: 00 00 00 00 00 00 00 00 00 00 00 00 00 00 00 00
[   19.614194] nvdla_blob 00000cd0: 00 00 00 00 00 00 00 00 00 00 00 00 00 00 00 00
[   19.614577] nvdla_blob 00000ce0: 00 00 00 00 00 00 00 00 00 00 00 00 00 00 00 00
[   19.614966] nvdla_blob 00000cf0: 00 00 00 00 00 00 00 00 00 00 00 00 00 00 00 00
[   19.616472] nvdla_blob 00000d00: 00 00 00 00 00 00 00 00 00 00 00 00 00 00 00 00
[   19.616851] nvdla_blob 00000d10: 00 00 00 00 00 00 00 00 00 00 00 00 00 00 00 00
[   19.617227] nvdla_blob 00000d20: 00 00 00 00 00 00 00 00 00 00 00 00 00 00 00 00
[   19.617734] nvdla_blob 00000d30: 00 00 00 00 00 00 00 00 00 00 00 00 00 00 00 00
[   19.618213] nvdla_blob 00000d40: 00 00 00 00 00 00 00 00 00 00 00 00 00 00 00 00
[   19.618615] nvdla_blob 00000d50: 00 00 00 00 00 00 00 00 00 00 00 00 00 00 00 00
[   19.620176] nvdla_blob 00000d60: 00 00 00 00 00 00 00 00 00 00 00 00 00 00 00 00
[   19.620609] nvdla_blob 00000d70: 00 00 00 00 00 00 00 00 00 00 00 00 00 00 00 00
[   19.621015] nvdla_blob 00000d80: 00 00 00 00 00 00 00 00 00 00 00 00 00 00 00 00
[   19.621398] nvdla_blob 00000d90: 00 00 00 00 00 00 00 00 00 00 00 00 00 00 00 00
[   19.621866] nvdla_blob 00000da0: 00 00 00 00 00 00 00 00 00 00 00 00 00 00 00 00
[   19.622332] nvdla_blob 00000db0: 00 00 00 00 00 00 00 00 00 00 00 00 00 00 00 00
[   19.622726] nvdla_blob 00000dc0: 00 00 00 00 00 00 00 00 00 00 00 00 00 00 00 00
[   19.624276] nvdla_blob 00000dd0: 00 00 00 00 00 00 00 00 00 00 00 00 00 00 00 00
[   19.624719] nvdla_blob 00000de0: 00 00 00 00 00 00 00 00 00 00 00 00 00 00 00 00
[   19.625099] nvdla_blob 00000df0: 00 00 00 00 00 00 00 00 00 00 00 00 00 00 00 00
[   19.625487] nvdla_blob 00000e00: 00 00 00 00 00 00 00 00 00 00 00 00 00 00 00 00
[   19.625867] nvdla_blob 00000e10: 00 00 00 00 00 00 00 00 00 00 00 00 00 00 00 00
[   19.626244] nvdla_blob 00000e20: 00 00 00 00 00 00 00 00 00 00 00 00 00 00 00 00
[   19.626631] nvdla_blob 00000e30: 00 00 00 00 00 00 00 00 00 00 00 00 00 00 00 00
[   19.627039] nvdla_blob 00000e40: 00 00 00 00 00 00 00 00 00 00 00 00 00 00 00 00
[   19.628600] nvdla_blob 00000e50: 00 00 00 00 00 00 00 00 00 00 00 00 00 00 00 00
[   19.628979] nvdla_blob 00000e60: 00 00 00 00 00 00 00 00 00 00 00 00 00 00 00 00
[   19.629353] nvdla_blob 00000e70: 00 00 00 00 00 00 00 00 00 00 00 00 00 00 00 00
[   19.629839] nvdla_blob 00000e80: 00 00 00 00 00 00 00 00 00 00 00 00 00 00 00 00
[   19.630310] nvdla_blob 00000e90: 00 00 00 00 00 00 00 00 00 00 00 00 00 00 00 00
[   19.630702] nvdla_blob 00000ea0: 00 00 00 00 00 00 00 00 00 00 00 00 00 00 00 00
[   19.632111] nvdla_blob 00000eb0: 00 00 00 00 00 00 00 00 00 00 00 00 00 00 00 00
[   19.632538] nvdla_blob 00000ec0: 00 00 00 00 00 00 00 00 00 00 00 00 00 00 00 00
[   19.632919] nvdla_blob 00000ed0: 00 00 00 00 00 00 00 00 00 00 00 00 00 00 00 00
[   19.633293] nvdla_blob 00000ee0: 00 00 00 00 00 00 00 00 00 00 00 00 00 00 00 00
[   19.633683] nvdla_blob 00000ef0: 00 00 00 00 00 00 00 00 00 00 00 00 00 00 00 00
[   19.634098] nvdla_blob 00000f00: 00 00 00 00 00 00 00 00 00 00 00 00 00 00 00 00
[   19.634484] nvdla_blob 00000f10: 00 00 00 00 00 00 00 00 00 00 00 00 00 00 00 00
[   19.634920] nvdla_blob 00000f20: 00 00 00 00 00 00 00 00 00 00 00 00 00 00 00 00
[   19.636546] nvdla_blob 00000f30: 00 00 00 00 00 00 00 00 00 00 00 00 00 00 00 00
[   19.636922] nvdla_blob 00000f40: 00 00 00 00 00 00 00 00 00 00 00 00 00 00 00 00
[   19.637292] nvdla_blob 00000f50: 00 00 00 00 00 00 00 00 00 00 00 00 00 00 00 00
[   19.637680] nvdla_blob 00000f60: 00 00 00 00 00 00 00 00 00 00 00 00 00 00 00 00
[   19.638056] nvdla_blob 00000f70: 00 00 00 00 00 00 00 00 00 00 00 00 00 00 00 00
[   19.638441] nvdla_blob 00000f80: 00 00 00 00 00 00 00 00 00 00 00 00 00 00 00 00
[   19.638817] nvdla_blob 00000f90: 00 00 00 00 00 00 00 00 00 00 00 00 00 00 00 00
[   19.640389] nvdla_blob 00000fa0: 00 00 00 00 00 00 00 00 00 00 00 00 00 00 00 00
[   19.640823] nvdla_blob 00000fb0: 00 00 00 00 00 00 00 00 00 00 00 00 00 00 00 00
[   19.641198] nvdla_blob 00000fc0: 00 00 00 00 00 00 00 00 00 00 00 00 00 00 00 00
[   19.641576] nvdla_blob 00000fd0: 00 00 00 00 00 00 00 00 00 00 00 00 00 00 00 00
[   19.641960] nvdla_blob 00000fe0: 00 00 00 00 00 00 00 00 00 00 00 00 00 00 00 00
[   19.642334] nvdla_blob 00000ff0: 00 00 00 00 00 00 00 00 00 00 00 00 00 00 00 00
[   19.642607] Enter:dla_read_network_config
[   19.644396] Exit:dla_read_network_config status=0
[   19.644591] Enter: dla_initiate_processors
[   19.645019] Enter: dla_submit_operation
[   19.645121] Prepare Convolution operation index 0 ROI 0 dep_count 1
[   19.645254] Enter: dla_prepare_operation
[   19.645622] processor:Convolution group:0, rdma_group:0 available
[   19.645807] Enter: dla_read_config
[   19.649860] Exit: dla_read_config
[   19.650034] Exit: dla_prepare_operation status=0
[   19.650165] Enter: dla_program_operation
[   19.650265] Program Convolution operation index 0 ROI 0 Group[0]
[   19.650417] nvdla_reg_write offset=0x00009004 value=0x00000000
[   19.650641] nvdla_reg_write offset=0x00007004 value=0x00000000
[   19.650805] nvdla_reg_write offset=0x00008004 value=0x00000000
[   19.652176] nvdla_reg_write offset=0x00006004 value=0x00000000
[   19.652390] nvdla_reg_write offset=0x00005004 value=0x00000000
[   19.652708] nvdla_dma_address index=1 handle=5 offset=0x0 dma=0xc0001000 ret=0
[   19.652900] nvdla_dma_address index=0 handle=6 offset=0x0 dma=0xc0002000 ret=0
[   19.653095] nvdla_dma_address index=0 handle=6 offset=0x0 dma=0xc0002000 ret=0
[   19.653503] nvdla_reg_write offset=0x0000900c value=0x00002000
[   19.653662] nvdla_reg_write offset=0x00009010 value=0xffffffff
[   19.653814] nvdla_reg_write offset=0x00009014 value=0xffffffff
[   19.653963] nvdla_reg_write offset=0x00009018 value=0xc0002020
[   19.654112] nvdla_reg_write offset=0x0000901c value=0x00000000
[   19.654257] nvdla_reg_write offset=0x00009020 value=0x00000000
[   19.654404] nvdla_reg_write offset=0x00009024 value=0x00000000
[   19.654570] nvdla_reg_write offset=0x00009028 value=0x00000000
[   19.654717] nvdla_reg_write offset=0x0000902c value=0x00000000
[   19.654901] nvdla_reg_write offset=0x0000700c value=0x00002000
[   19.657113] nvdla_reg_write offset=0x0000800c value=0x00002000
[   19.657288] nvdla_reg_write offset=0x0000600c value=0x00002200
[   19.657455] nvdla_reg_write offset=0x00006010 value=0x00000000
[   19.657619] nvdla_reg_write offset=0x00006014 value=0x00000000
[   19.657787] nvdla_reg_write offset=0x00006018 value=0x00000007
[   19.657955] nvdla_reg_write offset=0x0000601c value=0x00000000
[   19.658163] nvdla_reg_write offset=0x00006020 value=0x00000000
[   19.658326] nvdla_reg_write offset=0x00006024 value=0x00000000
[   19.658505] nvdla_reg_write offset=0x00006028 value=0x00000000
[   19.658652] nvdla_reg_write offset=0x0000602c value=0x00000000
[   19.658800] nvdla_reg_write offset=0x00006030 value=0xffff0007
[   19.660268] nvdla_reg_write offset=0x00006034 value=0x00010001
[   19.660482] nvdla_reg_write offset=0x00006038 value=0x00000000
[   19.660636] nvdla_reg_write offset=0x0000603c value=0x00000000
[   19.660780] nvdla_reg_write offset=0x00006040 value=0xffffffff
[   19.660926] nvdla_reg_write offset=0x00006044 value=0xffffffff
[   19.661080] nvdla_reg_write offset=0x00006048 value=0x00000000
[   19.661233] nvdla_reg_write offset=0x0000604c value=0x00000000
[   19.661379] nvdla_reg_write offset=0x00006050 value=0x00000000
[   19.661544] nvdla_reg_write offset=0x00006054 value=0x00000000
[   19.661709] nvdla_reg_write offset=0x00006058 value=0x00000000
[   19.661873] nvdla_reg_write offset=0x0000605c value=0x00000000
[   19.662035] nvdla_reg_write offset=0x00006060 value=0x00000000
[   19.662215] nvdla_reg_write offset=0x00005014 value=0x00002200
[   19.662390] nvdla_reg_write offset=0x00005018 value=0x00000000
[   19.662558] nvdla_reg_write offset=0x0000501c value=0xffffffff
[   19.662704] nvdla_reg_write offset=0x00005020 value=0x00000001
[   19.662867] nvdla_reg_write offset=0x00005024 value=0x00000000
[   19.665058] nvdla_reg_write offset=0x0000502c value=0x00000000
[   19.665235] nvdla_reg_write offset=0x00005030 value=0x00000000
[   19.665397] nvdla_reg_write offset=0x00005034 value=0xc0002020
[   19.665576] nvdla_reg_write offset=0x00005038 value=0x00000000
[   19.665743] nvdla_reg_write offset=0x0000503c value=0xc0002020
[   19.665903] nvdla_reg_write offset=0x00005040 value=0x00000020
[   19.666063] nvdla_reg_write offset=0x00005048 value=0x00010001
[   19.666221] nvdla_reg_write offset=0x00005044 value=0x00000000
[   19.666397] nvdla_reg_write offset=0x0000504c value=0x00000000
[   19.666562] nvdla_reg_write offset=0x00005058 value=0x00000000
[   19.666705] nvdla_reg_write offset=0x0000505c value=0x00000000
[   19.666893] nvdla_reg_write offset=0x00005060 value=0x00000000
[   19.668835] nvdla_reg_write offset=0x00005064 value=0x00000000
[   19.669008] nvdla_reg_write offset=0x00005068 value=0x00000000
[   19.669179] nvdla_reg_write offset=0x0000506c value=0x0000000f
[   19.669346] nvdla_reg_write offset=0x00005070 value=0xffffffff
[   19.669509] nvdla_reg_write offset=0x00005074 value=0x00000001
[   19.669657] nvdla_reg_write offset=0x00005078 value=0x00000000
[   19.669804] nvdla_reg_write offset=0x0000507c value=0xc0001080
[   19.669951] nvdla_reg_write offset=0x00005080 value=0x00010001
[   19.670107] nvdla_reg_write offset=0x00005098 value=0x00000000
[   19.670264] nvdla_reg_write offset=0x000050a4 value=0x00000000
[   19.670418] nvdla_reg_write offset=0x000050b0 value=0x00000000
[   19.670579] nvdla_reg_write offset=0x000050b4 value=0x00000000
[   19.670724] nvdla_reg_write offset=0x000050b8 value=0x00000000
[   19.672575] nvdla_reg_write offset=0x000050bc value=0x00000000
[   19.672798] no desc get due to index==-1
[   19.672923] no desc get due to index==-1
[   19.673166] no desc get due to index==-1
[   19.673257] no desc get due to index==-1
[   19.673342] no desc get due to index==-1
[   19.673447] no desc get due to index==-1
[   19.673543] Enter: dla_op_programmed
[   19.673710] Update dependency operation index 1 ROI 0 DEP_COUNT=1
[   19.673854] enable SDP in dla_update_dependency as depdency are resolved
[   19.674001] Enter: dla_enable_operation
[   19.674102] exit dla_enable_operation without actual enable due to processor hasn't been programmed
[   19.674291] Exit: dla_enable_operation status=0
[   19.674432] Exit: dla_op_programmed
[   19.674523] Exit: dla_program_operation status=0
[   19.674639] Exit: dla_submit_operation
[   19.674788] Enter: dla_dequeue_operation
[   19.676907] exit Convolution as there's no further operation
[   19.677076] Exit: dla_dequeue_operation
[   19.677209] Enter: dla_submit_operation
[   19.677300] Prepare SDP operation index 1 ROI 0 dep_count 0
[   19.677409] Enter: dla_prepare_operation
[   19.677722] processor:SDP group:0, rdma_group:0 available
[   19.677837] Enter: dla_read_config
[   19.681993] Exit: dla_read_config
[   19.682177] Exit: dla_prepare_operation status=0
[   19.682308] Enter: dla_program_operation
[   19.682404] Program SDP operation index 1 ROI 0 Group[0]
[   19.682540] nvdla_reg_write offset=0x0000b004 value=0x00000000
[   19.682757] nvdla_reg_write offset=0x0000a004 value=0x00000000
[   19.684030] nvdla_reg_write offset=0x00000004 value=0x00000000
[   19.684344] nvdla_dma_address index=0 handle=6 offset=0x0 dma=0xc0002000 ret=0
[   19.684539] nvdla_reg_write offset=0x0000a070 value=0x00000000
[   19.684718] nvdla_reg_write offset=0x0000a028 value=0x00000000
[   19.684865] nvdla_reg_write offset=0x0000a040 value=0x00000000
[   19.685009] nvdla_reg_write offset=0x0000a058 value=0x00000000
[   19.685178] nvdla_reg_write offset=0x0000a070 value=0x000000a9
[   19.685329] nvdla_reg_write offset=0x0000b03c value=0x00000000
[   19.685491] nvdla_reg_write offset=0x0000b040 value=0xffffffff
[   19.685636] nvdla_reg_write offset=0x0000b044 value=0xffffffff
[   19.685790] nvdla_reg_write offset=0x0000b04c value=0x00000000
[   19.685937] nvdla_reg_write offset=0x0000b048 value=0xc0002020
[   19.686083] nvdla_reg_write offset=0x0000b050 value=0x00000000
[   19.686232] nvdla_reg_write offset=0x0000b054 value=0x00000000
[   19.686399] nvdla_reg_write offset=0x0000b058 value=0x00000053
[   19.686577] nvdla_reg_write offset=0x0000b06c value=0x00000053
[   19.686748] nvdla_reg_write offset=0x0000b080 value=0x00000053
[   19.688940] nvdla_reg_write offset=0x0000b0b0 value=0x00000001
[   19.689176] nvdla_reg_write offset=0x0000b0b4 value=0x00000000
[   19.689362] nvdla_reg_write offset=0x0000b0bc value=0x0000000a
[   19.689521] nvdla_reg_write offset=0x0000b0c0 value=0x00000000
[   19.689681] nvdla_reg_write offset=0x0000b0c4 value=0x00000001
[   19.689851] nvdla_reg_write offset=0x0000b0c8 value=0x00000000
[   19.690042] no desc get due to index==-1
[   19.690139] no desc get due to index==-1
[   19.690229] no desc get due to index==-1
[   19.690344] no desc get due to index==-1
[   19.690465] no desc get due to index==-1
[   19.690578] no desc get due to index==-1
[   19.690678] Enter: dla_op_programmed
[   19.690763] Exit: dla_op_programmed
[   19.692647] Exit: dla_program_operation status=0
[   19.692816] Enter: dla_enable_operation
[   19.692955] Enable SDP operation index 1 ROI 0
[   19.693063] nvdla_reg_write offset=0x0000b004 value=0x00000000
[   19.693269] nvdla_reg_write offset=0x0000a004 value=0x00000000
[   19.693450] nvdla_reg_write offset=0x0000b038 value=0x00000001
[   19.693650] Enter: dla_op_enabled
[   19.693747] Update dependency operation index 0 ROI 0 DEP_COUNT=1
[   19.693873] enable Convolution in dla_update_dependency as depdency are resolved
[   19.694024] Enter: dla_enable_operation
[   19.694116] Enable Convolution operation index 0 ROI 0
[   19.694224] nvdla_reg_write offset=0x00009004 value=0x00000000
[   19.694417] nvdla_reg_write offset=0x00007004 value=0x00000000
[   19.694647] nvdla_reg_write offset=0x00008004 value=0x00000000
[   19.694796] nvdla_reg_write offset=0x00006004 value=0x00000000
[   19.696938] nvdla_reg_write offset=0x00005004 value=0x00000000
[   19.697244] nvdla_reg_write offset=0x00009008 value=0x00000001
[   19.697415] nvdla_reg_write offset=0x00007008 value=0x00000001
[   19.697577] nvdla_reg_write offset=0x00008008 value=0x00000001
[   19.697750] nvdla_reg_write offset=0x00006008 value=0x00000001
[   19.697914] nvdla_reg_write offset=0x00005010 value=0x00000001
[   19.698082] Enter: dla_op_enabled
[   19.698174] Exit: dla_op_enabled
[   19.698262] Exit: dla_enable_operation status=0
[   19.698369] Exit: dla_op_enabled
[   19.698466] Exit: dla_enable_operation status=0
[   19.698583] Exit: dla_submit_operation
[   19.698672] Enter: dla_dequeue_operation
[   19.698763] exit SDP as there's no further operation
[   19.698870] Exit: dla_dequeue_operation
[   19.700918] Exit: dla_initiate_processors status=0
