[   27.489463] nvdla_blob 00000b80: 00 00 00 00 00 00 00 00 00 00 00 00 00 00 00 00
[   27.489843] nvdla_blob 00000b90: 00 00 00 00 00 00 00 00 00 00 00 00 00 00 00 00
[   27.490270] nvdla_blob 00000ba0: 00 00 00 00 00 00 00 00 00 00 00 00 00 00 00 00
[   27.490705] nvdla_blob 00000bb0: 00 00 00 00 00 00 00 00 00 00 00 00 00 00 00 00
[   27.491052] nvdla_blob 00000bc0: 00 00 00 00 00 00 00 00 00 00 00 00 00 00 00 00
[   27.492290] nvdla_blob 00000bd0: 00 00 00 00 00 00 00 00 00 00 00 00 00 00 00 00
[   27.492672] nvdla_blob 00000be0: 00 00 00 00 00 00 00 00 00 00 00 00 00 00 00 00
[   27.493018] nvdla_blob 00000bf0: 00 00 00 00 00 00 00 00 00 00 00 00 00 00 00 00
[   27.493360] nvdla_blob 00000c00: 00 00 00 00 00 00 00 00 00 00 00 00 00 00 00 00
[   27.493714] nvdla_blob 00000c10: 00 00 00 00 00 00 00 00 00 00 00 00 00 00 00 00
[   27.494069] nvdla_blob 00000c20: 00 00 00 00 00 00 00 00 00 00 00 00 00 00 00 00
[   27.494413] nvdla_blob 00000c30: 00 00 00 00 00 00 00 00 00 00 00 00 00 00 00 00
[   27.494913] nvdla_blob 00000c40: 00 00 00 00 00 00 00 00 00 00 00 00 00 00 00 00
[   27.497176] nvdla_blob 00000c50: 00 00 00 00 00 00 00 00 00 00 00 00 00 00 00 00
[   27.497547] nvdla_blob 00000c60: 00 00 00 00 00 00 00 00 00 00 00 00 00 00 00 00
[   27.497982] nvdla_blob 00000c70: 00 00 00 00 00 00 00 00 00 00 00 00 00 00 00 00
[   27.498406] nvdla_blob 00000c80: 00 00 00 00 00 00 00 00 00 00 00 00 00 00 00 00
[   27.498812] nvdla_blob 00000c90: 00 00 00 00 00 00 00 00 00 00 00 00 00 00 00 00
[   27.499183] nvdla_blob 00000ca0: 00 00 00 00 00 00 00 00 00 00 00 00 00 00 00 00
[   27.500441] nvdla_blob 00000cb0: 00 00 00 00 00 00 00 00 00 00 00 00 00 00 00 00
[   27.500798] nvdla_blob 00000cc0: 00 00 00 00 00 00 00 00 00 00 00 00 00 00 00 00
[   27.501140] nvdla_blob 00000cd0: 00 00 00 00 00 00 00 00 00 00 00 00 00 00 00 00
[   27.501484] nvdla_blob 00000ce0: 00 00 00 00 00 00 00 00 00 00 00 00 00 00 00 00
[   27.501838] nvdla_blob 00000cf0: 00 00 00 00 00 00 00 00 00 00 00 00 00 00 00 00
[   27.502181] nvdla_blob 00000d00: 00 00 00 00 00 00 00 00 00 00 00 00 00 00 00 00
[   27.502522] nvdla_blob 00000d10: 00 00 00 00 00 00 00 00 00 00 00 00 00 00 00 00
[   27.502875] nvdla_blob 00000d20: 00 00 00 00 00 00 00 00 00 00 00 00 00 00 00 00
[   27.503218] nvdla_blob 00000d30: 00 00 00 00 00 00 00 00 00 00 00 00 00 00 00 00
[   27.504917] nvdla_blob 00000d40: 00 00 00 00 00 00 00 00 00 00 00 00 00 00 00 00
[   27.505320] nvdla_blob 00000d50: 00 00 00 00 00 00 00 00 00 00 00 00 00 00 00 00
[   27.505668] nvdla_blob 00000d60: 00 00 00 00 00 00 00 00 00 00 00 00 00 00 00 00
[   27.506091] nvdla_blob 00000d70: 00 00 00 00 00 00 00 00 00 00 00 00 00 00 00 00
[   27.506516] nvdla_blob 00000d80: 00 00 00 00 00 00 00 00 00 00 00 00 00 00 00 00
[   27.506916] nvdla_blob 00000d90: 00 00 00 00 00 00 00 00 00 00 00 00 00 00 00 00
[   27.507371] nvdla_blob 00000da0: 00 00 00 00 00 00 00 00 00 00 00 00 00 00 00 00
[   27.508983] nvdla_blob 00000db0: 00 00 00 00 00 00 00 00 00 00 00 00 00 00 00 00
[   27.509327] nvdla_blob 00000dc0: 00 00 00 00 00 00 00 00 00 00 00 00 00 00 00 00
[   27.509678] nvdla_blob 00000dd0: 00 00 00 00 00 00 00 00 00 00 00 00 00 00 00 00
[   27.510136] nvdla_blob 00000de0: 00 00 00 00 00 00 00 00 00 00 00 00 00 00 00 00
[   27.510777] nvdla_blob 00000df0: 00 00 00 00 00 00 00 00 00 00 00 00 00 00 00 00
[   27.511420] nvdla_blob 00000e00: 00 00 00 00 00 00 00 00 00 00 00 00 00 00 00 00
[   27.513102] nvdla_blob 00000e10: 00 00 00 00 00 00 00 00 00 00 00 00 00 00 00 00
[   27.513450] nvdla_blob 00000e20: 00 00 00 00 00 00 00 00 00 00 00 00 00 00 00 00
[   27.513811] nvdla_blob 00000e30: 00 00 00 00 00 00 00 00 00 00 00 00 00 00 00 00
[   27.514155] nvdla_blob 00000e40: 00 00 00 00 00 00 00 00 00 00 00 00 00 00 00 00
[   27.514501] nvdla_blob 00000e50: 00 00 00 00 00 00 00 00 00 00 00 00 00 00 00 00
[   27.514857] nvdla_blob 00000e60: 00 00 00 00 00 00 00 00 00 00 00 00 00 00 00 00
[   27.515209] nvdla_blob 00000e70: 00 00 00 00 00 00 00 00 00 00 00 00 00 00 00 00
[   27.516577] nvdla_blob 00000e80: 00 00 00 00 00 00 00 00 00 00 00 00 00 00 00 00
[   27.516967] nvdla_blob 00000e90: 00 00 00 00 00 00 00 00 00 00 00 00 00 00 00 00
[   27.517312] nvdla_blob 00000ea0: 00 00 00 00 00 00 00 00 00 00 00 00 00 00 00 00
[   27.517663] nvdla_blob 00000eb0: 00 00 00 00 00 00 00 00 00 00 00 00 00 00 00 00
[   27.518006] nvdla_blob 00000ec0: 00 00 00 00 00 00 00 00 00 00 00 00 00 00 00 00
[   27.518350] nvdla_blob 00000ed0: 00 00 00 00 00 00 00 00 00 00 00 00 00 00 00 00
[   27.518712] nvdla_blob 00000ee0: 00 00 00 00 00 00 00 00 00 00 00 00 00 00 00 00
[   27.519058] nvdla_blob 00000ef0: 00 00 00 00 00 00 00 00 00 00 00 00 00 00 00 00
[   27.520402] nvdla_blob 00000f00: 00 00 00 00 00 00 00 00 00 00 00 00 00 00 00 00
[   27.520781] nvdla_blob 00000f10: 00 00 00 00 00 00 00 00 00 00 00 00 00 00 00 00
[   27.521130] nvdla_blob 00000f20: 00 00 00 00 00 00 00 00 00 00 00 00 00 00 00 00
[   27.521483] nvdla_blob 00000f30: 00 00 00 00 00 00 00 00 00 00 00 00 00 00 00 00
[   27.521838] nvdla_blob 00000f40: 00 00 00 00 00 00 00 00 00 00 00 00 00 00 00 00
[   27.522256] nvdla_blob 00000f50: 00 00 00 00 00 00 00 00 00 00 00 00 00 00 00 00
[   27.522604] nvdla_blob 00000f60: 00 00 00 00 00 00 00 00 00 00 00 00 00 00 00 00
[   27.522968] nvdla_blob 00000f70: 00 00 00 00 00 00 00 00 00 00 00 00 00 00 00 00
[   27.523336] nvdla_blob 00000f80: 00 00 00 00 00 00 00 00 00 00 00 00 00 00 00 00
[   27.525072] nvdla_blob 00000f90: 00 00 00 00 00 00 00 00 00 00 00 00 00 00 00 00
[   27.525418] nvdla_blob 00000fa0: 00 00 00 00 00 00 00 00 00 00 00 00 00 00 00 00
[   27.525778] nvdla_blob 00000fb0: 00 00 00 00 00 00 00 00 00 00 00 00 00 00 00 00
[   27.526202] nvdla_blob 00000fc0: 00 00 00 00 00 00 00 00 00 00 00 00 00 00 00 00
[   27.526624] nvdla_blob 00000fd0: 00 00 00 00 00 00 00 00 00 00 00 00 00 00 00 00
[   27.526978] nvdla_blob 00000fe0: 00 00 00 00 00 00 00 00 00 00 00 00 00 00 00 00
[   27.527330] nvdla_blob 00000ff0: 00 00 00 00 00 00 00 00 00 00 00 00 00 00 00 00
[   27.528450] nvdla_blob[4] prime_fd=6 handle=3 size=4096 dma=0xc0002000 full_4096_bytes:
[   27.528831] nvdla_blob 00000000: 06 00 07 00 05 00 ff ff ff ff ff ff ff ff 00 00
[   27.529175] nvdla_blob 00000010: ff ff 00 00 01 00 ff ff ff ff ff ff 01 00 02 00
[   27.529520] nvdla_blob 00000020: 00 00 09 00 00 00 00 00 00 00 00 00 00 00 00 00
[   27.529907] nvdla_blob 00000030: 00 00 00 00 00 00 00 00 00 00 00 00 00 00 00 00
[   27.530328] nvdla_blob 00000040: 00 00 00 00 00 00 00 00 00 00 00 00 00 00 00 00
[   27.530758] nvdla_blob 00000050: 00 00 00 00 00 00 00 00 00 00 00 00 00 00 00 00
[   27.531101] nvdla_blob 00000060: 00 00 00 00 00 00 00 00 00 00 00 00 00 00 00 00
[   27.532439] nvdla_blob 00000070: 00 00 00 00 00 00 00 00 00 00 00 00 00 00 00 00
[   27.532822] nvdla_blob 00000080: 00 00 00 00 00 00 00 00 00 00 00 00 00 00 00 00
[   27.533166] nvdla_blob 00000090: 00 00 00 00 00 00 00 00 00 00 00 00 00 00 00 00
[   27.533509] nvdla_blob 000000a0: 00 00 00 00 00 00 00 00 00 00 00 00 00 00 00 00
[   27.533866] nvdla_blob 000000b0: 00 00 00 00 00 00 00 00 00 00 00 00 00 00 00 00
[   27.534208] nvdla_blob 000000c0: 00 00 00 00 00 00 00 00 00 00 00 00 00 00 00 00
[   27.534599] nvdla_blob 000000d0: 00 00 00 00 00 00 00 00 00 00 00 00 00 00 00 00
[   27.535227] nvdla_blob 000000e0: 00 00 00 00 00 00 00 00 00 00 00 00 00 00 00 00
[   27.537444] nvdla_blob 000000f0: 00 00 00 00 00 00 00 00 00 00 00 00 00 00 00 00
[   27.537831] nvdla_blob 00000100: 00 00 00 00 00 00 00 00 00 00 00 00 00 00 00 00
[   27.538425] nvdla_blob 00000110: 00 00 00 00 00 00 00 00 00 00 00 00 00 00 00 00
[   27.538837] nvdla_blob 00000120: 00 00 00 00 00 00 00 00 00 00 00 00 00 00 00 00
[   27.539182] nvdla_blob 00000130: 00 00 00 00 00 00 00 00 00 00 00 00 00 00 00 00
[   27.540617] nvdla_blob 00000140: 00 00 00 00 00 00 00 00 00 00 00 00 00 00 00 00
[   27.541012] nvdla_blob 00000150: 00 00 00 00 00 00 00 00 00 00 00 00 00 00 00 00
[   27.541511] nvdla_blob 00000160: 00 00 00 00 00 00 00 00 00 00 00 00 00 00 00 00
[   27.541867] nvdla_blob 00000170: 00 00 00 00 00 00 00 00 00 00 00 00 00 00 00 00
[   27.542211] nvdla_blob 00000180: 00 00 00 00 00 00 00 00 00 00 00 00 00 00 00 00
[   27.542552] nvdla_blob 00000190: 00 00 00 00 00 00 00 00 00 00 00 00 00 00 00 00
[   27.542906] nvdla_blob 000001a0: 00 00 00 00 00 00 00 00 00 00 00 00 00 00 00 00
[   27.543277] nvdla_blob 000001b0: 00 00 00 00 00 00 00 00 00 00 00 00 00 00 00 00
[   27.544957] nvdla_blob 000001c0: 00 00 00 00 00 00 00 00 00 00 00 00 00 00 00 00
[   27.545299] nvdla_blob 000001d0: 00 00 00 00 00 00 00 00 00 00 00 00 00 00 00 00
[   27.545639] nvdla_blob 000001e0: 00 00 00 00 00 00 00 00 00 00 00 00 00 00 00 00
[   27.546064] nvdla_blob 000001f0: 00 00 00 00 00 00 00 00 00 00 00 00 00 00 00 00
[   27.546488] nvdla_blob 00000200: 00 00 00 00 00 00 00 00 00 00 00 00 00 00 00 00
[   27.546886] nvdla_blob 00000210: 00 00 00 00 00 00 00 00 00 00 00 00 00 00 00 00
[   27.547229] nvdla_blob 00000220: 00 00 00 00 00 00 00 00 00 00 00 00 00 00 00 00
[   27.548574] nvdla_blob 00000230: 00 00 00 00 00 00 00 00 00 00 00 00 00 00 00 00
[   27.548960] nvdla_blob 00000240: 00 00 00 00 00 00 00 00 00 00 00 00 00 00 00 00
[   27.549301] nvdla_blob 00000250: 00 00 00 00 00 00 00 00 00 00 00 00 00 00 00 00
[   27.549642] nvdla_blob 00000260: 00 00 00 00 00 00 00 00 00 00 00 00 00 00 00 00
[   27.549997] nvdla_blob 00000270: 00 00 00 00 00 00 00 00 00 00 00 00 00 00 00 00
[   27.550338] nvdla_blob 00000280: 00 00 00 00 00 00 00 00 00 00 00 00 00 00 00 00
[   27.550688] nvdla_blob 00000290: 00 00 00 00 00 00 00 00 00 00 00 00 00 00 00 00
[   27.551033] nvdla_blob 000002a0: 00 00 00 00 00 00 00 00 00 00 00 00 00 00 00 00
[   27.552354] nvdla_blob 000002b0: 00 00 00 00 00 00 00 00 00 00 00 00 00 00 00 00
[   27.552745] nvdla_blob 000002c0: 00 00 00 00 00 00 00 00 00 00 00 00 00 00 00 00
[   27.553353] nvdla_blob 000002d0: 00 00 00 00 00 00 00 00 00 00 00 00 00 00 00 00
[   27.553719] nvdla_blob 000002e0: 00 00 00 00 00 00 00 00 00 00 00 00 00 00 00 00
[   27.554069] nvdla_blob 000002f0: 00 00 00 00 00 00 00 00 00 00 00 00 00 00 00 00
[   27.554429] nvdla_blob 00000300: 00 00 00 00 00 00 00 00 00 00 00 00 00 00 00 00
[   27.554780] nvdla_blob 00000310: 00 00 00 00 00 00 00 00 00 00 00 00 00 00 00 00
[   27.555188] nvdla_blob 00000320: 00 00 00 00 00 00 00 00 00 00 00 00 00 00 00 00
[   27.556875] nvdla_blob 00000330: 00 00 00 00 00 00 00 00 00 00 00 00 00 00 00 00
[   27.557222] nvdla_blob 00000340: 00 00 00 00 00 00 00 00 00 00 00 00 00 00 00 00
[   27.557566] nvdla_blob 00000350: 00 00 00 00 00 00 00 00 00 00 00 00 00 00 00 00
[   27.557947] nvdla_blob 00000360: 00 00 00 00 00 00 00 00 00 00 00 00 00 00 00 00
[   27.558371] nvdla_blob 00000370: 00 00 00 00 00 00 00 00 00 00 00 00 00 00 00 00
[   27.558802] nvdla_blob 00000380: 00 00 00 00 00 00 00 00 00 00 00 00 00 00 00 00
[   27.559147] nvdla_blob 00000390: 00 00 00 00 00 00 00 00 00 00 00 00 00 00 00 00
[   27.560560] nvdla_blob 000003a0: 00 00 00 00 00 00 00 00 00 00 00 00 00 00 00 00
[   27.560948] nvdla_blob 000003b0: 00 00 00 00 00 00 00 00 00 00 00 00 00 00 00 00
[   27.561294] nvdla_blob 000003c0: 00 00 00 00 00 00 00 00 00 00 00 00 00 00 00 00
[   27.561637] nvdla_blob 000003d0: 00 00 00 00 00 00 00 00 00 00 00 00 00 00 00 00
[   27.561992] nvdla_blob 000003e0: 00 00 00 00 00 00 00 00 00 00 00 00 00 00 00 00
[   27.562337] nvdla_blob 000003f0: 00 00 00 00 00 00 00 00 00 00 00 00 00 00 00 00
[   27.562686] nvdla_blob 00000400: 00 00 00 00 00 00 00 00 00 00 00 00 00 00 00 00
[   27.563034] nvdla_blob 00000410: 00 00 00 00 00 00 00 00 00 00 00 00 00 00 00 00
[   27.563375] nvdla_blob 00000420: 00 00 00 00 00 00 00 00 00 00 00 00 00 00 00 00
[   27.564830] nvdla_blob 00000430: 00 00 00 00 00 00 00 00 00 00 00 00 00 00 00 00
[   27.565208] nvdla_blob 00000440: 00 00 00 00 00 00 00 00 00 00 00 00 00 00 00 00
[   27.565555] nvdla_blob 00000450: 00 00 00 00 00 00 00 00 00 00 00 00 00 00 00 00
[   27.565923] nvdla_blob 00000460: 00 00 00 00 00 00 00 00 00 00 00 00 00 00 00 00
[   27.566347] nvdla_blob 00000470: 00 00 00 00 00 00 00 00 00 00 00 00 00 00 00 00
[   27.566777] nvdla_blob 00000480: 00 00 00 00 00 00 00 00 00 00 00 00 00 00 00 00
[   27.567123] nvdla_blob 00000490: 00 00 00 00 00 00 00 00 00 00 00 00 00 00 00 00
[   27.568399] nvdla_blob 000004a0: 00 00 00 00 00 00 00 00 00 00 00 00 00 00 00 00
[   27.568781] nvdla_blob 000004b0: 00 00 00 00 00 00 00 00 00 00 00 00 00 00 00 00
[   27.569258] nvdla_blob 000004c0: 00 00 00 00 00 00 00 00 00 00 00 00 00 00 00 00
[   27.569838] nvdla_blob 000004d0: 00 00 00 00 00 00 00 00 00 00 00 00 00 00 00 00
[   27.570184] nvdla_blob 000004e0: 00 00 00 00 00 00 00 00 00 00 00 00 00 00 00 00
[   27.570526] nvdla_blob 000004f0: 00 00 00 00 00 00 00 00 00 00 00 00 00 00 00 00
[   27.570884] nvdla_blob 00000500: 00 00 00 00 00 00 00 00 00 00 00 00 00 00 00 00
[   27.571283] nvdla_blob 00000510: 00 00 00 00 00 00 00 00 00 00 00 00 00 00 00 00
[   27.572918] nvdla_blob 00000520: 00 00 00 00 00 00 00 00 00 00 00 00 00 00 00 00
[   27.573265] nvdla_blob 00000530: 00 00 00 00 00 00 00 00 00 00 00 00 00 00 00 00
[   27.573610] nvdla_blob 00000540: 00 00 00 00 00 00 00 00 00 00 00 00 00 00 00 00
[   27.573974] nvdla_blob 00000550: 00 00 00 00 00 00 00 00 00 00 00 00 00 00 00 00
[   27.574399] nvdla_blob 00000560: 00 00 00 00 00 00 00 00 00 00 00 00 00 00 00 00
[   27.574837] nvdla_blob 00000570: 00 00 00 00 00 00 00 00 00 00 00 00 00 00 00 00
[   27.575182] nvdla_blob 00000580: 00 00 00 00 00 00 00 00 00 00 00 00 00 00 00 00
[   27.576589] nvdla_blob 00000590: 00 00 00 00 00 00 00 00 00 00 00 00 00 00 00 00
[   27.576982] nvdla_blob 000005a0: 00 00 00 00 00 00 00 00 00 00 00 00 00 00 00 00
[   27.577324] nvdla_blob 000005b0: 00 00 00 00 00 00 00 00 00 00 00 00 00 00 00 00
[   27.577674] nvdla_blob 000005c0: 00 00 00 00 00 00 00 00 00 00 00 00 00 00 00 00
[   27.578025] nvdla_blob 000005d0: 00 00 00 00 00 00 00 00 00 00 00 00 00 00 00 00
[   27.578368] nvdla_blob 000005e0: 00 00 00 00 00 00 00 00 00 00 00 00 00 00 00 00
[   27.578723] nvdla_blob 000005f0: 00 00 00 00 00 00 00 00 00 00 00 00 00 00 00 00
[   27.579068] nvdla_blob 00000600: 00 00 00 00 00 00 00 00 00 00 00 00 00 00 00 00
[   27.580505] nvdla_blob 00000610: 00 00 00 00 00 00 00 00 00 00 00 00 00 00 00 00
[   27.581133] nvdla_blob 00000620: 00 00 00 00 00 00 00 00 00 00 00 00 00 00 00 00
[   27.581685] nvdla_blob 00000630: 00 00 00 00 00 00 00 00 00 00 00 00 00 00 00 00
[   27.582127] nvdla_blob 00000640: 00 00 00 00 00 00 00 00 00 00 00 00 00 00 00 00
[   27.582467] nvdla_blob 00000650: 00 00 00 00 00 00 00 00 00 00 00 00 00 00 00 00
[   27.582811] nvdla_blob 00000660: 00 00 00 00 00 00 00 00 00 00 00 00 00 00 00 00
[   27.583158] nvdla_blob 00000670: 00 00 00 00 00 00 00 00 00 00 00 00 00 00 00 00
[   27.584544] nvdla_blob 00000680: 00 00 00 00 00 00 00 00 00 00 00 00 00 00 00 00
[   27.584931] nvdla_blob 00000690: 00 00 00 00 00 00 00 00 00 00 00 00 00 00 00 00
[   27.585277] nvdla_blob 000006a0: 00 00 00 00 00 00 00 00 00 00 00 00 00 00 00 00
[   27.585621] nvdla_blob 000006b0: 00 00 00 00 00 00 00 00 00 00 00 00 00 00 00 00
[   27.585973] nvdla_blob 000006c0: 00 00 00 00 00 00 00 00 00 00 00 00 00 00 00 00
[   27.586315] nvdla_blob 000006d0: 00 00 00 00 00 00 00 00 00 00 00 00 00 00 00 00
[   27.586667] nvdla_blob 000006e0: 00 00 00 00 00 00 00 00 00 00 00 00 00 00 00 00
[   27.587009] nvdla_blob 000006f0: 00 00 00 00 00 00 00 00 00 00 00 00 00 00 00 00
[   27.587350] nvdla_blob 00000700: 00 00 00 00 00 00 00 00 00 00 00 00 00 00 00 00
[   27.588751] nvdla_blob 00000710: 00 00 00 00 00 00 00 00 00 00 00 00 00 00 00 00
[   27.589125] nvdla_blob 00000720: 00 00 00 00 00 00 00 00 00 00 00 00 00 00 00 00
[   27.589472] nvdla_blob 00000730: 00 00 00 00 00 00 00 00 00 00 00 00 00 00 00 00
[   27.589821] nvdla_blob 00000740: 00 00 00 00 00 00 00 00 00 00 00 00 00 00 00 00
[   27.590249] nvdla_blob 00000750: 00 00 00 00 00 00 00 00 00 00 00 00 00 00 00 00
[   27.590684] nvdla_blob 00000760: 00 00 00 00 00 00 00 00 00 00 00 00 00 00 00 00
[   27.591064] nvdla_blob 00000770: 00 00 00 00 00 00 00 00 00 00 00 00 00 00 00 00
[   27.592471] nvdla_blob 00000780: 00 00 00 00 00 00 00 00 00 00 00 00 00 00 00 00
[   27.592853] nvdla_blob 00000790: 00 00 00 00 00 00 00 00 00 00 00 00 00 00 00 00
[   27.593200] nvdla_blob 000007a0: 00 00 00 00 00 00 00 00 00 00 00 00 00 00 00 00
[   27.593544] nvdla_blob 000007b0: 00 00 00 00 00 00 00 00 00 00 00 00 00 00 00 00
[   27.593900] nvdla_blob 000007c0: 00 00 00 00 00 00 00 00 00 00 00 00 00 00 00 00
[   27.594244] nvdla_blob 000007d0: 00 00 00 00 00 00 00 00 00 00 00 00 00 00 00 00
[   27.594587] nvdla_blob 000007e0: 00 00 00 00 00 00 00 00 00 00 00 00 00 00 00 00
[   27.594938] nvdla_blob 000007f0: 00 00 00 00 00 00 00 00 00 00 00 00 00 00 00 00
[   27.595310] nvdla_blob 00000800: 00 00 00 00 00 00 00 00 00 00 00 00 00 00 00 00
[   27.596828] nvdla_blob 00000810: 00 00 00 00 00 00 00 00 00 00 00 00 00 00 00 00
[   27.597173] nvdla_blob 00000820: 00 00 00 00 00 00 00 00 00 00 00 00 00 00 00 00
[   27.597516] nvdla_blob 00000830: 00 00 00 00 00 00 00 00 00 00 00 00 00 00 00 00
[   27.597865] nvdla_blob 00000840: 00 00 00 00 00 00 00 00 00 00 00 00 00 00 00 00
[   27.598292] nvdla_blob 00000850: 00 00 00 00 00 00 00 00 00 00 00 00 00 00 00 00
[   27.598728] nvdla_blob 00000860: 00 00 00 00 00 00 00 00 00 00 00 00 00 00 00 00
[   27.599101] nvdla_blob 00000870: 00 00 00 00 00 00 00 00 00 00 00 00 00 00 00 00
[   27.600463] nvdla_blob 00000880: 00 00 00 00 00 00 00 00 00 00 00 00 00 00 00 00
[   27.601016] nvdla_blob 00000890: 00 00 00 00 00 00 00 00 00 00 00 00 00 00 00 00
[   27.601631] nvdla_blob 000008a0: 00 00 00 00 00 00 00 00 00 00 00 00 00 00 00 00
[   27.602142] nvdla_blob 000008b0: 00 00 00 00 00 00 00 00 00 00 00 00 00 00 00 00
[   27.602484] nvdla_blob 000008c0: 00 00 00 00 00 00 00 00 00 00 00 00 00 00 00 00
[   27.602835] nvdla_blob 000008d0: 00 00 00 00 00 00 00 00 00 00 00 00 00 00 00 00
[   27.603179] nvdla_blob 000008e0: 00 00 00 00 00 00 00 00 00 00 00 00 00 00 00 00
[   27.604762] nvdla_blob 000008f0: 00 00 00 00 00 00 00 00 00 00 00 00 00 00 00 00
[   27.605146] nvdla_blob 00000900: 00 00 00 00 00 00 00 00 00 00 00 00 00 00 00 00
[   27.605491] nvdla_blob 00000910: 00 00 00 00 00 00 00 00 00 00 00 00 00 00 00 00
[   27.605842] nvdla_blob 00000920: 00 00 00 00 00 00 00 00 00 00 00 00 00 00 00 00
[   27.606270] nvdla_blob 00000930: 00 00 00 00 00 00 00 00 00 00 00 00 00 00 00 00
[   27.606699] nvdla_blob 00000940: 00 00 00 00 00 00 00 00 00 00 00 00 00 00 00 00
[   27.607082] nvdla_blob 00000950: 00 00 00 00 00 00 00 00 00 00 00 00 00 00 00 00
[   27.608519] nvdla_blob 00000960: 00 00 00 00 00 00 00 00 00 00 00 00 00 00 00 00
[   27.608903] nvdla_blob 00000970: 00 00 00 00 00 00 00 00 00 00 00 00 00 00 00 00
[   27.609252] nvdla_blob 00000980: 00 00 00 00 00 00 00 00 00 00 00 00 00 00 00 00
[   27.609591] nvdla_blob 00000990: 00 00 00 00 00 00 00 00 00 00 00 00 00 00 00 00
[   27.609942] nvdla_blob 000009a0: 00 00 00 00 00 00 00 00 00 00 00 00 00 00 00 00
[   27.610282] nvdla_blob 000009b0: 00 00 00 00 00 00 00 00 00 00 00 00 00 00 00 00
[   27.610829] nvdla_blob 000009c0: 00 00 00 00 00 00 00 00 00 00 00 00 00 00 00 00
[   27.611522] nvdla_blob 000009d0: 00 00 00 00 00 00 00 00 00 00 00 00 00 00 00 00
[   27.613273] nvdla_blob 000009e0: 00 00 00 00 00 00 00 00 00 00 00 00 00 00 00 00
[   27.613616] nvdla_blob 000009f0: 00 00 00 00 00 00 00 00 00 00 00 00 00 00 00 00
[   27.613985] nvdla_blob 00000a00: 00 00 00 00 00 00 00 00 00 00 00 00 00 00 00 00
[   27.614407] nvdla_blob 00000a10: 00 00 00 00 00 00 00 00 00 00 00 00 00 00 00 00
[   27.614842] nvdla_blob 00000a20: 00 00 00 00 00 00 00 00 00 00 00 00 00 00 00 00
[   27.615209] nvdla_blob 00000a30: 00 00 00 00 00 00 00 00 00 00 00 00 00 00 00 00
[   27.616470] nvdla_blob 00000a40: 00 00 00 00 00 00 00 00 00 00 00 00 00 00 00 00
[   27.616823] nvdla_blob 00000a50: 00 00 00 00 00 00 00 00 00 00 00 00 00 00 00 00
[   27.617169] nvdla_blob 00000a60: 00 00 00 00 00 00 00 00 00 00 00 00 00 00 00 00
[   27.617511] nvdla_blob 00000a70: 00 00 00 00 00 00 00 00 00 00 00 00 00 00 00 00
[   27.617866] nvdla_blob 00000a80: 00 00 00 00 00 00 00 00 00 00 00 00 00 00 00 00
[   27.618214] nvdla_blob 00000a90: 00 00 00 00 00 00 00 00 00 00 00 00 00 00 00 00
[   27.618558] nvdla_blob 00000aa0: 00 00 00 00 00 00 00 00 00 00 00 00 00 00 00 00
[   27.618917] nvdla_blob 00000ab0: 00 00 00 00 00 00 00 00 00 00 00 00 00 00 00 00
[   27.619261] nvdla_blob 00000ac0: 00 00 00 00 00 00 00 00 00 00 00 00 00 00 00 00
[   27.620642] nvdla_blob 00000ad0: 00 00 00 00 00 00 00 00 00 00 00 00 00 00 00 00
[   27.621028] nvdla_blob 00000ae0: 00 00 00 00 00 00 00 00 00 00 00 00 00 00 00 00
[   27.621373] nvdla_blob 00000af0: 00 00 00 00 00 00 00 00 00 00 00 00 00 00 00 00
[   27.621725] nvdla_blob 00000b00: 00 00 00 00 00 00 00 00 00 00 00 00 00 00 00 00
[   27.622069] nvdla_blob 00000b10: 00 00 00 00 00 00 00 00 00 00 00 00 00 00 00 00
[   27.622409] nvdla_blob 00000b20: 00 00 00 00 00 00 00 00 00 00 00 00 00 00 00 00
[   27.622760] nvdla_blob 00000b30: 00 00 00 00 00 00 00 00 00 00 00 00 00 00 00 00
[   27.623103] nvdla_blob 00000b40: 00 00 00 00 00 00 00 00 00 00 00 00 00 00 00 00
[   27.624523] nvdla_blob 00000b50: 00 00 00 00 00 00 00 00 00 00 00 00 00 00 00 00
[   27.624908] nvdla_blob 00000b60: 00 00 00 00 00 00 00 00 00 00 00 00 00 00 00 00
[   27.625255] nvdla_blob 00000b70: 00 00 00 00 00 00 00 00 00 00 00 00 00 00 00 00
[   27.625598] nvdla_blob 00000b80: 00 00 00 00 00 00 00 00 00 00 00 00 00 00 00 00
[   27.626101] nvdla_blob 00000b90: 00 00 00 00 00 00 00 00 00 00 00 00 00 00 00 00
[   27.626630] nvdla_blob 00000ba0: 00 00 00 00 00 00 00 00 00 00 00 00 00 00 00 00
[   27.626993] nvdla_blob 00000bb0: 00 00 00 00 00 00 00 00 00 00 00 00 00 00 00 00
[   27.628710] nvdla_blob 00000bc0: 00 00 00 00 00 00 00 00 00 00 00 00 00 00 00 00
[   27.629116] nvdla_blob 00000bd0: 00 00 00 00 00 00 00 00 00 00 00 00 00 00 00 00
[   27.629463] nvdla_blob 00000be0: 00 00 00 00 00 00 00 00 00 00 00 00 00 00 00 00
[   27.629817] nvdla_blob 00000bf0: 00 00 00 00 00 00 00 00 00 00 00 00 00 00 00 00
[   27.630160] nvdla_blob 00000c00: 00 00 00 00 00 00 00 00 00 00 00 00 00 00 00 00
[   27.630502] nvdla_blob 00000c10: 00 00 00 00 00 00 00 00 00 00 00 00 00 00 00 00
[   27.630852] nvdla_blob 00000c20: 00 00 00 00 00 00 00 00 00 00 00 00 00 00 00 00
[   27.631215] nvdla_blob 00000c30: 00 00 00 00 00 00 00 00 00 00 00 00 00 00 00 00
[   27.632669] nvdla_blob 00000c40: 00 00 00 00 00 00 00 00 00 00 00 00 00 00 00 00
[   27.633019] nvdla_blob 00000c50: 00 00 00 00 00 00 00 00 00 00 00 00 00 00 00 00
[   27.633368] nvdla_blob 00000c60: 00 00 00 00 00 00 00 00 00 00 00 00 00 00 00 00
[   27.633721] nvdla_blob 00000c70: 00 00 00 00 00 00 00 00 00 00 00 00 00 00 00 00
[   27.634068] nvdla_blob 00000c80: 00 00 00 00 00 00 00 00 00 00 00 00 00 00 00 00
[   27.634411] nvdla_blob 00000c90: 00 00 00 00 00 00 00 00 00 00 00 00 00 00 00 00
[   27.634759] nvdla_blob 00000ca0: 00 00 00 00 00 00 00 00 00 00 00 00 00 00 00 00
[   27.635101] nvdla_blob 00000cb0: 00 00 00 00 00 00 00 00 00 00 00 00 00 00 00 00
[   27.636428] nvdla_blob 00000cc0: 00 00 00 00 00 00 00 00 00 00 00 00 00 00 00 00
[   27.636814] nvdla_blob 00000cd0: 00 00 00 00 00 00 00 00 00 00 00 00 00 00 00 00
[   27.637162] nvdla_blob 00000ce0: 00 00 00 00 00 00 00 00 00 00 00 00 00 00 00 00
[   27.637507] nvdla_blob 00000cf0: 00 00 00 00 00 00 00 00 00 00 00 00 00 00 00 00
[   27.637855] nvdla_blob 00000d00: 00 00 00 00 00 00 00 00 00 00 00 00 00 00 00 00
[   27.638202] nvdla_blob 00000d10: 00 00 00 00 00 00 00 00 00 00 00 00 00 00 00 00
[   27.638546] nvdla_blob 00000d20: 00 00 00 00 00 00 00 00 00 00 00 00 00 00 00 00
[   27.638897] nvdla_blob 00000d30: 00 00 00 00 00 00 00 00 00 00 00 00 00 00 00 00
[   27.639241] nvdla_blob 00000d40: 00 00 00 00 00 00 00 00 00 00 00 00 00 00 00 00
[   27.640718] nvdla_blob 00000d50: 00 00 00 00 00 00 00 00 00 00 00 00 00 00 00 00
[   27.641098] nvdla_blob 00000d60: 00 00 00 00 00 00 00 00 00 00 00 00 00 00 00 00
[   27.641446] nvdla_blob 00000d70: 00 00 00 00 00 00 00 00 00 00 00 00 00 00 00 00
[   27.641801] nvdla_blob 00000d80: 00 00 00 00 00 00 00 00 00 00 00 00 00 00 00 00
[   27.642149] nvdla_blob 00000d90: 00 00 00 00 00 00 00 00 00 00 00 00 00 00 00 00
[   27.642588] nvdla_blob 00000da0: 00 00 00 00 00 00 00 00 00 00 00 00 00 00 00 00
[   27.643194] nvdla_blob 00000db0: 00 00 00 00 00 00 00 00 00 00 00 00 00 00 00 00
[   27.645156] nvdla_blob 00000dc0: 00 00 00 00 00 00 00 00 00 00 00 00 00 00 00 00
[   27.645502] nvdla_blob 00000dd0: 00 00 00 00 00 00 00 00 00 00 00 00 00 00 00 00
[   27.645956] nvdla_blob 00000de0: 00 00 00 00 00 00 00 00 00 00 00 00 00 00 00 00
[   27.646299] nvdla_blob 00000df0: 00 00 00 00 00 00 00 00 00 00 00 00 00 00 00 00
[   27.646638] nvdla_blob 00000e00: 00 00 00 00 00 00 00 00 00 00 00 00 00 00 00 00
[   27.646986] nvdla_blob 00000e10: 00 00 00 00 00 00 00 00 00 00 00 00 00 00 00 00
[   27.647392] nvdla_blob 00000e20: 00 00 00 00 00 00 00 00 00 00 00 00 00 00 00 00
[   27.648907] nvdla_blob 00000e30: 00 00 00 00 00 00 00 00 00 00 00 00 00 00 00 00
[   27.649258] nvdla_blob 00000e40: 00 00 00 00 00 00 00 00 00 00 00 00 00 00 00 00
[   27.649600] nvdla_blob 00000e50: 00 00 00 00 00 00 00 00 00 00 00 00 00 00 00 00
[   27.649951] nvdla_blob 00000e60: 00 00 00 00 00 00 00 00 00 00 00 00 00 00 00 00
[   27.650380] nvdla_blob 00000e70: 00 00 00 00 00 00 00 00 00 00 00 00 00 00 00 00
[   27.650814] nvdla_blob 00000e80: 00 00 00 00 00 00 00 00 00 00 00 00 00 00 00 00
[   27.651212] nvdla_blob 00000e90: 00 00 00 00 00 00 00 00 00 00 00 00 00 00 00 00
[   27.652554] nvdla_blob 00000ea0: 00 00 00 00 00 00 00 00 00 00 00 00 00 00 00 00
[   27.652907] nvdla_blob 00000eb0: 00 00 00 00 00 00 00 00 00 00 00 00 00 00 00 00
[   27.653249] nvdla_blob 00000ec0: 00 00 00 00 00 00 00 00 00 00 00 00 00 00 00 00
[   27.653592] nvdla_blob 00000ed0: 00 00 00 00 00 00 00 00 00 00 00 00 00 00 00 00
[   27.653947] nvdla_blob 00000ee0: 00 00 00 00 00 00 00 00 00 00 00 00 00 00 00 00
[   27.654289] nvdla_blob 00000ef0: 00 00 00 00 00 00 00 00 00 00 00 00 00 00 00 00
[   27.654631] nvdla_blob 00000f00: 00 00 00 00 00 00 00 00 00 00 00 00 00 00 00 00
[   27.654981] nvdla_blob 00000f10: 00 00 00 00 00 00 00 00 00 00 00 00 00 00 00 00
[   27.655320] nvdla_blob 00000f20: 00 00 00 00 00 00 00 00 00 00 00 00 00 00 00 00
[   27.656746] nvdla_blob 00000f30: 00 00 00 00 00 00 00 00 00 00 00 00 00 00 00 00
[   27.657125] nvdla_blob 00000f40: 00 00 00 00 00 00 00 00 00 00 00 00 00 00 00 00
[   27.657468] nvdla_blob 00000f50: 00 00 00 00 00 00 00 00 00 00 00 00 00 00 00 00
[   27.657821] nvdla_blob 00000f60: 00 00 00 00 00 00 00 00 00 00 00 00 00 00 00 00
[   27.658165] nvdla_blob 00000f70: 00 00 00 00 00 00 00 00 00 00 00 00 00 00 00 00
[   27.658701] nvdla_blob 00000f80: 00 00 00 00 00 00 00 00 00 00 00 00 00 00 00 00
[   27.659274] nvdla_blob 00000f90: 00 00 00 00 00 00 00 00 00 00 00 00 00 00 00 00
[   27.660992] nvdla_blob 00000fa0: 00 00 00 00 00 00 00 00 00 00 00 00 00 00 00 00
[   27.661363] nvdla_blob 00000fb0: 00 00 00 00 00 00 00 00 00 00 00 00 00 00 00 00
[   27.661726] nvdla_blob 00000fc0: 00 00 00 00 00 00 00 00 00 00 00 00 00 00 00 00
[   27.662073] nvdla_blob 00000fd0: 00 00 00 00 00 00 00 00 00 00 00 00 00 00 00 00
[   27.662419] nvdla_blob 00000fe0: 00 00 00 00 00 00 00 00 00 00 00 00 00 00 00 00
[   27.662775] nvdla_blob 00000ff0: 00 00 00 00 00 00 00 00 00 00 00 00 00 00 00 00
[   27.662924] nvdla_blob[5] prime_fd=7 handle=4 size=4096 dma=0xc0003000 full_4096_bytes:
[   27.663325] nvdla_blob 00000000: 00 00 00 01 01 00 00 00 ff ff 01 00 ff ff 01 00
[   27.664999] nvdla_blob 00000010: 01 00 02 00 ff ff 01 00 ff ff 01 00 ff ff 01 00
[   27.665348] nvdla_blob 00000020: ff ff 01 00 01 00 00 02 01 00 00 00 ff ff 01 00
[   27.665700] nvdla_blob 00000030: ff ff 01 00 ff ff 01 00 ff ff 01 00 ff ff 01 00
[   27.666041] nvdla_blob 00000040: ff ff 01 00 00 00 03 00 00 00 00 00 00 00 00 00
[   27.666460] nvdla_blob 00000050: 00 00 00 00 00 00 00 00 00 00 00 00 00 00 00 00
[   27.666896] nvdla_blob 00000060: 00 00 00 00 00 00 00 00 00 00 00 00 00 00 00 00
[   27.667252] nvdla_blob 00000070: 00 00 00 00 00 00 00 00 00 00 00 00 00 00 00 00
[   27.668635] nvdla_blob 00000080: 00 00 00 00 00 00 00 00 00 00 00 00 00 00 00 00
[   27.669023] nvdla_blob 00000090: 00 00 00 00 00 00 00 00 00 00 00 00 00 00 00 00
[   27.669368] nvdla_blob 000000a0: 00 00 00 00 00 00 00 00 00 00 00 00 00 00 00 00
[   27.669719] nvdla_blob 000000b0: 00 00 00 00 00 00 00 00 00 00 00 00 00 00 00 00
[   27.670058] nvdla_blob 000000c0: 00 00 00 00 00 00 00 00 00 00 00 00 00 00 00 00
[   27.670405] nvdla_blob 000000d0: 00 00 00 00 00 00 00 00 00 00 00 00 00 00 00 00
[   27.670760] nvdla_blob 000000e0: 00 00 00 00 00 00 00 00 00 00 00 00 00 00 00 00
[   27.671108] nvdla_blob 000000f0: 00 00 00 00 00 00 00 00 00 00 00 00 00 00 00 00
[   27.672550] nvdla_blob 00000100: 00 00 00 00 00 00 00 00 00 00 00 00 00 00 00 00
[   27.672937] nvdla_blob 00000110: 00 00 00 00 00 00 00 00 00 00 00 00 00 00 00 00
[   27.673282] nvdla_blob 00000120: 00 00 00 00 00 00 00 00 00 00 00 00 00 00 00 00
[   27.673623] nvdla_blob 00000130: 00 00 00 00 00 00 00 00 00 00 00 00 00 00 00 00
[   27.673971] nvdla_blob 00000140: 00 00 00 00 00 00 00 00 00 00 00 00 00 00 00 00
[   27.674317] nvdla_blob 00000150: 00 00 00 00 00 00 00 00 00 00 00 00 00 00 00 00
[   27.674669] nvdla_blob 00000160: 00 00 00 00 00 00 00 00 00 00 00 00 00 00 00 00
[   27.675011] nvdla_blob 00000170: 00 00 00 00 00 00 00 00 00 00 00 00 00 00 00 00
[   27.675350] nvdla_blob 00000180: 00 00 00 00 00 00 00 00 00 00 00 00 00 00 00 00
[   27.676890] nvdla_blob 00000190: 00 00 00 00 00 00 00 00 00 00 00 00 00 00 00 00
[   27.677290] nvdla_blob 000001a0: 00 00 00 00 00 00 00 00 00 00 00 00 00 00 00 00
[   27.677760] nvdla_blob 000001b0: 00 00 00 00 00 00 00 00 00 00 00 00 00 00 00 00
[   27.678428] nvdla_blob 000001c0: 00 00 00 00 00 00 00 00 00 00 00 00 00 00 00 00
[   27.678893] nvdla_blob 000001d0: 00 00 00 00 00 00 00 00 00 00 00 00 00 00 00 00
[   27.679274] nvdla_blob 000001e0: 00 00 00 00 00 00 00 00 00 00 00 00 00 00 00 00
[   27.680692] nvdla_blob 000001f0: 00 00 00 00 00 00 00 00 00 00 00 00 00 00 00 00
[   27.681040] nvdla_blob 00000200: 00 00 00 00 00 00 00 00 00 00 00 00 00 00 00 00
[   27.681386] nvdla_blob 00000210: 00 00 00 00 00 00 00 00 00 00 00 00 00 00 00 00
[   27.681741] nvdla_blob 00000220: 00 00 00 00 00 00 00 00 00 00 00 00 00 00 00 00
[   27.682087] nvdla_blob 00000230: 00 00 00 00 00 00 00 00 00 00 00 00 00 00 00 00
[   27.682429] nvdla_blob 00000240: 00 00 00 00 00 00 00 00 00 00 00 00 00 00 00 00
[   27.682784] nvdla_blob 00000250: 00 00 00 00 00 00 00 00 00 00 00 00 00 00 00 00
[   27.683143] nvdla_blob 00000260: 00 00 00 00 00 00 00 00 00 00 00 00 00 00 00 00
[   27.684764] nvdla_blob 00000270: 00 00 00 00 00 00 00 00 00 00 00 00 00 00 00 00
[   27.685114] nvdla_blob 00000280: 00 00 00 00 00 00 00 00 00 00 00 00 00 00 00 00
[   27.685458] nvdla_blob 00000290: 00 00 00 00 00 00 00 00 00 00 00 00 00 00 00 00
[   27.685811] nvdla_blob 000002a0: 00 00 00 00 00 00 00 00 00 00 00 00 00 00 00 00
[   27.686158] nvdla_blob 000002b0: 00 00 00 00 00 00 00 00 00 00 00 00 00 00 00 00
[   27.686501] nvdla_blob 000002c0: 00 00 00 00 00 00 00 00 00 00 00 00 00 00 00 00
[   27.686851] nvdla_blob 000002d0: 00 00 00 00 00 00 00 00 00 00 00 00 00 00 00 00
[   27.687195] nvdla_blob 000002e0: 00 00 00 00 00 00 00 00 00 00 00 00 00 00 00 00
[   27.688589] nvdla_blob 000002f0: 00 00 00 00 00 00 00 00 00 00 00 00 00 00 00 00
[   27.688974] nvdla_blob 00000300: 00 00 00 00 00 00 00 00 00 00 00 00 00 00 00 00
[   27.689321] nvdla_blob 00000310: 00 00 00 00 00 00 00 00 00 00 00 00 00 00 00 00
[   27.689804] nvdla_blob 00000320: 00 00 00 00 00 00 00 00 00 00 00 00 00 00 00 00
[   27.690186] nvdla_blob 00000330: 00 00 00 00 00 00 00 00 00 00 00 00 00 00 00 00
[   27.690525] nvdla_blob 00000340: 00 00 00 00 00 00 00 00 00 00 00 00 00 00 00 00
[   27.690876] nvdla_blob 00000350: 00 00 00 00 00 00 00 00 00 00 00 00 00 00 00 00
[   27.691220] nvdla_blob 00000360: 00 00 00 00 00 00 00 00 00 00 00 00 00 00 00 00
[   27.692770] nvdla_blob 00000370: 00 00 00 00 00 00 00 00 00 00 00 00 00 00 00 00
[   27.693158] nvdla_blob 00000380: 00 00 00 00 00 00 00 00 00 00 00 00 00 00 00 00
[   27.693505] nvdla_blob 00000390: 00 00 00 00 00 00 00 00 00 00 00 00 00 00 00 00
[   27.693858] nvdla_blob 000003a0: 00 00 00 00 00 00 00 00 00 00 00 00 00 00 00 00
[   27.694201] nvdla_blob 000003b0: 00 00 00 00 00 00 00 00 00 00 00 00 00 00 00 00
[   27.694544] nvdla_blob 000003c0: 00 00 00 00 00 00 00 00 00 00 00 00 00 00 00 00
[   27.694897] nvdla_blob 000003d0: 00 00 00 00 00 00 00 00 00 00 00 00 00 00 00 00
[   27.695243] nvdla_blob 000003e0: 00 00 00 00 00 00 00 00 00 00 00 00 00 00 00 00
[   27.696614] nvdla_blob 000003f0: 00 00 00 00 00 00 00 00 00 00 00 00 00 00 00 00
[   27.696997] nvdla_blob 00000400: 00 00 00 00 00 00 00 00 00 00 00 00 00 00 00 00
[   27.697343] nvdla_blob 00000410: 00 00 00 00 00 00 00 00 00 00 00 00 00 00 00 00
[   27.697867] nvdla_blob 00000420: 00 00 00 00 00 00 00 00 00 00 00 00 00 00 00 00
[   27.698292] nvdla_blob 00000430: 00 00 00 00 00 00 00 00 00 00 00 00 00 00 00 00
[   27.698718] nvdla_blob 00000440: 00 00 00 00 00 00 00 00 00 00 00 00 00 00 00 00
[   27.699125] nvdla_blob 00000450: 00 00 00 00 00 00 00 00 00 00 00 00 00 00 00 00
[   27.700795] nvdla_blob 00000460: 00 00 00 00 00 00 00 00 00 00 00 00 00 00 00 00
[   27.701220] nvdla_blob 00000470: 00 00 00 00 00 00 00 00 00 00 00 00 00 00 00 00
[   27.701599] nvdla_blob 00000480: 00 00 00 00 00 00 00 00 00 00 00 00 00 00 00 00
[   27.701964] nvdla_blob 00000490: 00 00 00 00 00 00 00 00 00 00 00 00 00 00 00 00
[   27.702314] nvdla_blob 000004a0: 00 00 00 00 00 00 00 00 00 00 00 00 00 00 00 00
[   27.702664] nvdla_blob 000004b0: 00 00 00 00 00 00 00 00 00 00 00 00 00 00 00 00
[   27.703008] nvdla_blob 000004c0: 00 00 00 00 00 00 00 00 00 00 00 00 00 00 00 00
[   27.703397] nvdla_blob 000004d0: 00 00 00 00 00 00 00 00 00 00 00 00 00 00 00 00
[   27.705062] nvdla_blob 000004e0: 00 00 00 00 00 00 00 00 00 00 00 00 00 00 00 00
[   27.705408] nvdla_blob 000004f0: 00 00 00 00 00 00 00 00 00 00 00 00 00 00 00 00
[   27.705765] nvdla_blob 00000500: 00 00 00 00 00 00 00 00 00 00 00 00 00 00 00 00
[   27.706106] nvdla_blob 00000510: 00 00 00 00 00 00 00 00 00 00 00 00 00 00 00 00
[   27.706601] nvdla_blob 00000520: 00 00 00 00 00 00 00 00 00 00 00 00 00 00 00 00
[   27.707247] nvdla_blob 00000530: 00 00 00 00 00 00 00 00 00 00 00 00 00 00 00 00
[   27.709077] nvdla_blob 00000540: 00 00 00 00 00 00 00 00 00 00 00 00 00 00 00 00
[   27.709425] nvdla_blob 00000550: 00 00 00 00 00 00 00 00 00 00 00 00 00 00 00 00
[   27.709774] nvdla_blob 00000560: 00 00 00 00 00 00 00 00 00 00 00 00 00 00 00 00
[   27.710116] nvdla_blob 00000570: 00 00 00 00 00 00 00 00 00 00 00 00 00 00 00 00
[   27.710541] nvdla_blob 00000580: 00 00 00 00 00 00 00 00 00 00 00 00 00 00 00 00
[   27.710971] nvdla_blob 00000590: 00 00 00 00 00 00 00 00 00 00 00 00 00 00 00 00
[   27.711320] nvdla_blob 000005a0: 00 00 00 00 00 00 00 00 00 00 00 00 00 00 00 00
[   27.712639] nvdla_blob 000005b0: 00 00 00 00 00 00 00 00 00 00 00 00 00 00 00 00
[   27.713020] nvdla_blob 000005c0: 00 00 00 00 00 00 00 00 00 00 00 00 00 00 00 00
[   27.713365] nvdla_blob 000005d0: 00 00 00 00 00 00 00 00 00 00 00 00 00 00 00 00
[   27.713720] nvdla_blob 000005e0: 00 00 00 00 00 00 00 00 00 00 00 00 00 00 00 00
[   27.714129] nvdla_blob 000005f0: 00 00 00 00 00 00 00 00 00 00 00 00 00 00 00 00
[   27.714512] nvdla_blob 00000600: 00 00 00 00 00 00 00 00 00 00 00 00 00 00 00 00
[   27.714867] nvdla_blob 00000610: 00 00 00 00 00 00 00 00 00 00 00 00 00 00 00 00
[   27.715213] nvdla_blob 00000620: 00 00 00 00 00 00 00 00 00 00 00 00 00 00 00 00
[   27.716840] nvdla_blob 00000630: 00 00 00 00 00 00 00 00 00 00 00 00 00 00 00 00
[   27.717243] nvdla_blob 00000640: 00 00 00 00 00 00 00 00 00 00 00 00 00 00 00 00
[   27.717595] nvdla_blob 00000650: 00 00 00 00 00 00 00 00 00 00 00 00 00 00 00 00
[   27.717955] nvdla_blob 00000660: 00 00 00 00 00 00 00 00 00 00 00 00 00 00 00 00
[   27.718302] nvdla_blob 00000670: 00 00 00 00 00 00 00 00 00 00 00 00 00 00 00 00
[   27.718647] nvdla_blob 00000680: 00 00 00 00 00 00 00 00 00 00 00 00 00 00 00 00
[   27.718998] nvdla_blob 00000690: 00 00 00 00 00 00 00 00 00 00 00 00 00 00 00 00
[   27.719533] nvdla_blob 000006a0: 00 00 00 00 00 00 00 00 00 00 00 00 00 00 00 00
[   27.721306] nvdla_blob 000006b0: 00 00 00 00 00 00 00 00 00 00 00 00 00 00 00 00
[   27.721661] nvdla_blob 000006c0: 00 00 00 00 00 00 00 00 00 00 00 00 00 00 00 00
[   27.722007] nvdla_blob 000006d0: 00 00 00 00 00 00 00 00 00 00 00 00 00 00 00 00
[   27.722424] nvdla_blob 000006e0: 00 00 00 00 00 00 00 00 00 00 00 00 00 00 00 00
[   27.722866] nvdla_blob 000006f0: 00 00 00 00 00 00 00 00 00 00 00 00 00 00 00 00
[   27.723268] nvdla_blob 00000700: 00 00 00 00 00 00 00 00 00 00 00 00 00 00 00 00
[   27.724508] nvdla_blob 00000710: 00 00 00 00 00 00 00 00 00 00 00 00 00 00 00 00
[   27.724865] nvdla_blob 00000720: 00 00 00 00 00 00 00 00 00 00 00 00 00 00 00 00
[   27.725208] nvdla_blob 00000730: 00 00 00 00 00 00 00 00 00 00 00 00 00 00 00 00
[   27.725551] nvdla_blob 00000740: 00 00 00 00 00 00 00 00 00 00 00 00 00 00 00 00
[   27.725904] nvdla_blob 00000750: 00 00 00 00 00 00 00 00 00 00 00 00 00 00 00 00
[   27.726247] nvdla_blob 00000760: 00 00 00 00 00 00 00 00 00 00 00 00 00 00 00 00
[   27.726588] nvdla_blob 00000770: 00 00 00 00 00 00 00 00 00 00 00 00 00 00 00 00
[   27.726941] nvdla_blob 00000780: 00 00 00 00 00 00 00 00 00 00 00 00 00 00 00 00
[   27.727284] nvdla_blob 00000790: 00 00 00 00 00 00 00 00 00 00 00 00 00 00 00 00
[   27.729082] nvdla_blob 000007a0: 00 00 00 00 00 00 00 00 00 00 00 00 00 00 00 00
[   27.729470] nvdla_blob 000007b0: 00 00 00 00 00 00 00 00 00 00 00 00 00 00 00 00
[   27.729824] nvdla_blob 000007c0: 00 00 00 00 00 00 00 00 00 00 00 00 00 00 00 00
[   27.730167] nvdla_blob 000007d0: 00 00 00 00 00 00 00 00 00 00 00 00 00 00 00 00
[   27.730593] nvdla_blob 000007e0: 00 00 00 00 00 00 00 00 00 00 00 00 00 00 00 00
[   27.731025] nvdla_blob 000007f0: 00 00 00 00 00 00 00 00 00 00 00 00 00 00 00 00
[   27.731369] nvdla_blob 00000800: 00 00 00 00 00 00 00 00 00 00 00 00 00 00 00 00
[   27.732699] nvdla_blob 00000810: 00 00 00 00 00 00 00 00 00 00 00 00 00 00 00 00
[   27.733068] nvdla_blob 00000820: 00 00 00 00 00 00 00 00 00 00 00 00 00 00 00 00
[   27.733413] nvdla_blob 00000830: 00 00 00 00 00 00 00 00 00 00 00 00 00 00 00 00
[   27.733765] nvdla_blob 00000840: 00 00 00 00 00 00 00 00 00 00 00 00 00 00 00 00
[   27.734197] nvdla_blob 00000850: 00 00 00 00 00 00 00 00 00 00 00 00 00 00 00 00
[   27.734538] nvdla_blob 00000860: 00 00 00 00 00 00 00 00 00 00 00 00 00 00 00 00
[   27.734890] nvdla_blob 00000870: 00 00 00 00 00 00 00 00 00 00 00 00 00 00 00 00
[   27.735261] nvdla_blob 00000880: 00 00 00 00 00 00 00 00 00 00 00 00 00 00 00 00
[   27.736689] nvdla_blob 00000890: 00 00 00 00 00 00 00 00 00 00 00 00 00 00 00 00
[   27.737035] nvdla_blob 000008a0: 00 00 00 00 00 00 00 00 00 00 00 00 00 00 00 00
[   27.737382] nvdla_blob 000008b0: 00 00 00 00 00 00 00 00 00 00 00 00 00 00 00 00
[   27.737734] nvdla_blob 000008c0: 00 00 00 00 00 00 00 00 00 00 00 00 00 00 00 00
[   27.738075] nvdla_blob 000008d0: 00 00 00 00 00 00 00 00 00 00 00 00 00 00 00 00
[   27.738420] nvdla_blob 000008e0: 00 00 00 00 00 00 00 00 00 00 00 00 00 00 00 00
[   27.738766] nvdla_blob 000008f0: 00 00 00 00 00 00 00 00 00 00 00 00 00 00 00 00
[   27.739111] nvdla_blob 00000900: 00 00 00 00 00 00 00 00 00 00 00 00 00 00 00 00
[   27.740454] nvdla_blob 00000910: 00 00 00 00 00 00 00 00 00 00 00 00 00 00 00 00
[   27.740840] nvdla_blob 00000920: 00 00 00 00 00 00 00 00 00 00 00 00 00 00 00 00
[   27.741184] nvdla_blob 00000930: 00 00 00 00 00 00 00 00 00 00 00 00 00 00 00 00
[   27.741532] nvdla_blob 00000940: 00 00 00 00 00 00 00 00 00 00 00 00 00 00 00 00
[   27.741879] nvdla_blob 00000950: 00 00 00 00 00 00 00 00 00 00 00 00 00 00 00 00
[   27.742225] nvdla_blob 00000960: 00 00 00 00 00 00 00 00 00 00 00 00 00 00 00 00
[   27.742566] nvdla_blob 00000970: 00 00 00 00 00 00 00 00 00 00 00 00 00 00 00 00
[   27.742917] nvdla_blob 00000980: 00 00 00 00 00 00 00 00 00 00 00 00 00 00 00 00
[   27.743376] nvdla_blob 00000990: 00 00 00 00 00 00 00 00 00 00 00 00 00 00 00 00
[   27.745308] nvdla_blob 000009a0: 00 00 00 00 00 00 00 00 00 00 00 00 00 00 00 00
[   27.745699] nvdla_blob 000009b0: 00 00 00 00 00 00 00 00 00 00 00 00 00 00 00 00
[   27.746097] nvdla_blob 000009c0: 00 00 00 00 00 00 00 00 00 00 00 00 00 00 00 00
[   27.746465] nvdla_blob 000009d0: 00 00 00 00 00 00 00 00 00 00 00 00 00 00 00 00
[   27.746829] nvdla_blob 000009e0: 00 00 00 00 00 00 00 00 00 00 00 00 00 00 00 00
[   27.747227] nvdla_blob 000009f0: 00 00 00 00 00 00 00 00 00 00 00 00 00 00 00 00
[   27.748906] nvdla_blob 00000a00: 00 00 00 00 00 00 00 00 00 00 00 00 00 00 00 00
[   27.749255] nvdla_blob 00000a10: 00 00 00 00 00 00 00 00 00 00 00 00 00 00 00 00
[   27.749597] nvdla_blob 00000a20: 00 00 00 00 00 00 00 00 00 00 00 00 00 00 00 00
[   27.749950] nvdla_blob 00000a30: 00 00 00 00 00 00 00 00 00 00 00 00 00 00 00 00
[   27.750403] nvdla_blob 00000a40: 00 00 00 00 00 00 00 00 00 00 00 00 00 00 00 00
[   27.750990] nvdla_blob 00000a50: 00 00 00 00 00 00 00 00 00 00 00 00 00 00 00 00
[   27.752872] nvdla_blob 00000a60: 00 00 00 00 00 00 00 00 00 00 00 00 00 00 00 00
[   27.753250] nvdla_blob 00000a70: 00 00 00 00 00 00 00 00 00 00 00 00 00 00 00 00
[   27.753594] nvdla_blob 00000a80: 00 00 00 00 00 00 00 00 00 00 00 00 00 00 00 00
[   27.753945] nvdla_blob 00000a90: 00 00 00 00 00 00 00 00 00 00 00 00 00 00 00 00
[   27.754288] nvdla_blob 00000aa0: 00 00 00 00 00 00 00 00 00 00 00 00 00 00 00 00
[   27.754631] nvdla_blob 00000ab0: 00 00 00 00 00 00 00 00 00 00 00 00 00 00 00 00
[   27.754982] nvdla_blob 00000ac0: 00 00 00 00 00 00 00 00 00 00 00 00 00 00 00 00
[   27.755334] nvdla_blob 00000ad0: 00 00 00 00 00 00 00 00 00 00 00 00 00 00 00 00
[   27.756741] nvdla_blob 00000ae0: 00 00 00 00 00 00 00 00 00 00 00 00 00 00 00 00
[   27.757113] nvdla_blob 00000af0: 00 00 00 00 00 00 00 00 00 00 00 00 00 00 00 00
[   27.757458] nvdla_blob 00000b00: 00 00 00 00 00 00 00 00 00 00 00 00 00 00 00 00
[   27.757805] nvdla_blob 00000b10: 00 00 00 00 00 00 00 00 00 00 00 00 00 00 00 00
[   27.758146] nvdla_blob 00000b20: 00 00 00 00 00 00 00 00 00 00 00 00 00 00 00 00
[   27.758491] nvdla_blob 00000b30: 00 00 00 00 00 00 00 00 00 00 00 00 00 00 00 00
[   27.758839] nvdla_blob 00000b40: 00 00 00 00 00 00 00 00 00 00 00 00 00 00 00 00
[   27.760407] nvdla_blob 00000b50: 00 00 00 00 00 00 00 00 00 00 00 00 00 00 00 00
[   27.760840] nvdla_blob 00000b60: 00 00 00 00 00 00 00 00 00 00 00 00 00 00 00 00
[   27.761267] nvdla_blob 00000b70: 00 00 00 00 00 00 00 00 00 00 00 00 00 00 00 00
[   27.761616] nvdla_blob 00000b80: 00 00 00 00 00 00 00 00 00 00 00 00 00 00 00 00
[   27.761971] nvdla_blob 00000b90: 00 00 00 00 00 00 00 00 00 00 00 00 00 00 00 00
[   27.762315] nvdla_blob 00000ba0: 00 00 00 00 00 00 00 00 00 00 00 00 00 00 00 00
[   27.762663] nvdla_blob 00000bb0: 00 00 00 00 00 00 00 00 00 00 00 00 00 00 00 00
[   27.763006] nvdla_blob 00000bc0: 00 00 00 00 00 00 00 00 00 00 00 00 00 00 00 00
[   27.763414] nvdla_blob 00000bd0: 00 00 00 00 00 00 00 00 00 00 00 00 00 00 00 00
[   27.764967] nvdla_blob 00000be0: 00 00 00 00 00 00 00 00 00 00 00 00 00 00 00 00
[   27.765317] nvdla_blob 00000bf0: 00 00 00 00 00 00 00 00 00 00 00 00 00 00 00 00
[   27.765670] nvdla_blob 00000c00: 00 00 00 00 00 00 00 00 00 00 00 00 00 00 00 00
[   27.766015] nvdla_blob 00000c10: 00 00 00 00 00 00 00 00 00 00 00 00 00 00 00 00
[   27.766362] nvdla_blob 00000c20: 00 00 00 00 00 00 00 00 00 00 00 00 00 00 00 00
[   27.766712] nvdla_blob 00000c30: 00 00 00 00 00 00 00 00 00 00 00 00 00 00 00 00
[   27.767053] nvdla_blob 00000c40: 00 00 00 00 00 00 00 00 00 00 00 00 00 00 00 00
[   27.768372] nvdla_blob 00000c50: 00 00 00 00 00 00 00 00 00 00 00 00 00 00 00 00
[   27.768754] nvdla_blob 00000c60: 00 00 00 00 00 00 00 00 00 00 00 00 00 00 00 00
[   27.769099] nvdla_blob 00000c70: 00 00 00 00 00 00 00 00 00 00 00 00 00 00 00 00
[   27.769446] nvdla_blob 00000c80: 00 00 00 00 00 00 00 00 00 00 00 00 00 00 00 00
[   27.769805] nvdla_blob 00000c90: 00 00 00 00 00 00 00 00 00 00 00 00 00 00 00 00
[   27.770150] nvdla_blob 00000ca0: 00 00 00 00 00 00 00 00 00 00 00 00 00 00 00 00
[   27.770493] nvdla_blob 00000cb0: 00 00 00 00 00 00 00 00 00 00 00 00 00 00 00 00
[   27.770845] nvdla_blob 00000cc0: 00 00 00 00 00 00 00 00 00 00 00 00 00 00 00 00
[   27.771191] nvdla_blob 00000cd0: 00 00 00 00 00 00 00 00 00 00 00 00 00 00 00 00
[   27.772590] nvdla_blob 00000ce0: 00 00 00 00 00 00 00 00 00 00 00 00 00 00 00 00
[   27.772972] nvdla_blob 00000cf0: 00 00 00 00 00 00 00 00 00 00 00 00 00 00 00 00
[   27.773317] nvdla_blob 00000d00: 00 00 00 00 00 00 00 00 00 00 00 00 00 00 00 00
[   27.773664] nvdla_blob 00000d10: 00 00 00 00 00 00 00 00 00 00 00 00 00 00 00 00
[   27.774009] nvdla_blob 00000d20: 00 00 00 00 00 00 00 00 00 00 00 00 00 00 00 00
[   27.774352] nvdla_blob 00000d30: 00 00 00 00 00 00 00 00 00 00 00 00 00 00 00 00
[   27.774705] nvdla_blob 00000d40: 00 00 00 00 00 00 00 00 00 00 00 00 00 00 00 00
[   27.775047] nvdla_blob 00000d50: 00 00 00 00 00 00 00 00 00 00 00 00 00 00 00 00
[   27.776560] nvdla_blob 00000d60: 00 00 00 00 00 00 00 00 00 00 00 00 00 00 00 00
[   27.777027] nvdla_blob 00000d70: 00 00 00 00 00 00 00 00 00 00 00 00 00 00 00 00
[   27.777395] nvdla_blob 00000d80: 00 00 00 00 00 00 00 00 00 00 00 00 00 00 00 00
[   27.777755] nvdla_blob 00000d90: 00 00 00 00 00 00 00 00 00 00 00 00 00 00 00 00
[   27.778117] nvdla_blob 00000da0: 00 00 00 00 00 00 00 00 00 00 00 00 00 00 00 00
[   27.778463] nvdla_blob 00000db0: 00 00 00 00 00 00 00 00 00 00 00 00 00 00 00 00
[   27.778817] nvdla_blob 00000dc0: 00 00 00 00 00 00 00 00 00 00 00 00 00 00 00 00
[   27.779195] nvdla_blob 00000dd0: 00 00 00 00 00 00 00 00 00 00 00 00 00 00 00 00
[   27.780624] nvdla_blob 00000de0: 00 00 00 00 00 00 00 00 00 00 00 00 00 00 00 00
[   27.780982] nvdla_blob 00000df0: 00 00 00 00 00 00 00 00 00 00 00 00 00 00 00 00
[   27.781326] nvdla_blob 00000e00: 00 00 00 00 00 00 00 00 00 00 00 00 00 00 00 00
[   27.781675] nvdla_blob 00000e10: 00 00 00 00 00 00 00 00 00 00 00 00 00 00 00 00
[   27.782016] nvdla_blob 00000e20: 00 00 00 00 00 00 00 00 00 00 00 00 00 00 00 00
[   27.782360] nvdla_blob 00000e30: 00 00 00 00 00 00 00 00 00 00 00 00 00 00 00 00
[   27.782709] nvdla_blob 00000e40: 00 00 00 00 00 00 00 00 00 00 00 00 00 00 00 00
[   27.783049] nvdla_blob 00000e50: 00 00 00 00 00 00 00 00 00 00 00 00 00 00 00 00
[   27.784423] nvdla_blob 00000e60: 00 00 00 00 00 00 00 00 00 00 00 00 00 00 00 00
[   27.784887] nvdla_blob 00000e70: 00 00 00 00 00 00 00 00 00 00 00 00 00 00 00 00
[   27.785311] nvdla_blob 00000e80: 00 00 00 00 00 00 00 00 00 00 00 00 00 00 00 00
[   27.785666] nvdla_blob 00000e90: 00 00 00 00 00 00 00 00 00 00 00 00 00 00 00 00
[   27.786010] nvdla_blob 00000ea0: 00 00 00 00 00 00 00 00 00 00 00 00 00 00 00 00
[   27.786356] nvdla_blob 00000eb0: 00 00 00 00 00 00 00 00 00 00 00 00 00 00 00 00
[   27.786706] nvdla_blob 00000ec0: 00 00 00 00 00 00 00 00 00 00 00 00 00 00 00 00
[   27.787051] nvdla_blob 00000ed0: 00 00 00 00 00 00 00 00 00 00 00 00 00 00 00 00
[   27.788530] nvdla_blob 00000ee0: 00 00 00 00 00 00 00 00 00 00 00 00 00 00 00 00
[   27.789309] nvdla_blob 00000ef0: 00 00 00 00 00 00 00 00 00 00 00 00 00 00 00 00
[   27.789684] nvdla_blob 00000f00: 00 00 00 00 00 00 00 00 00 00 00 00 00 00 00 00
[   27.790027] nvdla_blob 00000f10: 00 00 00 00 00 00 00 00 00 00 00 00 00 00 00 00
[   27.790370] nvdla_blob 00000f20: 00 00 00 00 00 00 00 00 00 00 00 00 00 00 00 00
[   27.790719] nvdla_blob 00000f30: 00 00 00 00 00 00 00 00 00 00 00 00 00 00 00 00
[   27.791060] nvdla_blob 00000f40: 00 00 00 00 00 00 00 00 00 00 00 00 00 00 00 00
[   27.792682] nvdla_blob 00000f50: 00 00 00 00 00 00 00 00 00 00 00 00 00 00 00 00
[   27.793065] nvdla_blob 00000f60: 00 00 00 00 00 00 00 00 00 00 00 00 00 00 00 00
[   27.793410] nvdla_blob 00000f70: 00 00 00 00 00 00 00 00 00 00 00 00 00 00 00 00
[   27.793763] nvdla_blob 00000f80: 00 00 00 00 00 00 00 00 00 00 00 00 00 00 00 00
[   27.794107] nvdla_blob 00000f90: 00 00 00 00 00 00 00 00 00 00 00 00 00 00 00 00
[   27.794449] nvdla_blob 00000fa0: 00 00 00 00 00 00 00 00 00 00 00 00 00 00 00 00
[   27.794873] nvdla_blob 00000fb0: 00 00 00 00 00 00 00 00 00 00 00 00 00 00 00 00
[   27.796956] nvdla_blob 00000fc0: 00 00 00 00 00 00 00 00 00 00 00 00 00 00 00 00
[   27.797383] nvdla_blob 00000fd0: 00 00 00 00 00 00 00 00 00 00 00 00 00 00 00 00
[   27.797731] nvdla_blob 00000fe0: 00 00 00 00 00 00 00 00 00 00 00 00 00 00 00 00
[   27.798075] nvdla_blob 00000ff0: 00 00 00 00 00 00 00 00 00 00 00 00 00 00 00 00
[   27.798219] nvdla_blob[6] prime_fd=8 handle=5 size=4096 dma=0xc0004000 full_4096_bytes:
[   27.798571] nvdla_blob 00000000: 00 00 00 00 00 00 01 00 24 00 01 00 00 00 00 00
[   27.798960] nvdla_blob 00000010: 00 00 00 00 01 00 01 01 00 00 00 00 00 00 01 00
[   27.799299] nvdla_blob 00000020: 01 00 01 00 08 00 01 00 01 00 08 00 01 00 01 00
[   27.800633] nvdla_blob 00000030: 10 00 00 00 00 00 00 00 00 00 00 00 00 01 01 00
[   27.801017] nvdla_blob 00000040: 00 00 00 01 01 00 00 00 02 02 00 00 00 00 00 00
[   27.801364] nvdla_blob 00000050: 00 00 00 00 01 00 00 01 00 00 00 00 00 00 00 00
[   27.801712] nvdla_blob 00000060: 00 00 00 00 00 00 00 00 00 00 00 00 00 00 00 00
[   27.802056] nvdla_blob 00000070: 00 00 00 00 02 02 ff ff 01 00 00 01 00 00 00 00
[   27.802400] nvdla_blob 00000080: 00 01 00 00 00 00 00 00 00 00 00 00 00 00 00 00
[   27.802750] nvdla_blob 00000090: 00 00 00 00 00 00 00 00 00 00 00 00 00 00 00 00
[   27.803134] nvdla_blob 000000a0: 00 00 00 00 00 00 00 00 00 00 00 00 00 00 00 00
[   27.805696] nvdla_blob 000000b0: 00 00 00 00 00 00 00 00 00 00 00 00 00 00 00 00
[   27.806107] nvdla_blob 000000c0: 00 00 00 00 00 00 00 00 00 00 00 00 00 00 00 00
[   27.806454] nvdla_blob 000000d0: 00 00 00 00 00 00 00 00 00 00 00 00 00 00 00 00
[   27.806803] nvdla_blob 000000e0: 00 00 00 00 00 00 00 00 00 00 00 00 00 00 00 00
[   27.807161] nvdla_blob 000000f0: 00 00 00 00 00 00 00 00 00 00 00 00 00 00 00 00
[   27.808380] nvdla_blob 00000100: 00 00 00 00 00 00 00 00 00 00 00 00 00 00 00 00
[   27.808730] nvdla_blob 00000110: 00 00 00 00 00 00 00 00 00 00 00 00 00 00 00 00
[   27.809069] nvdla_blob 00000120: 00 00 00 00 00 00 00 00 00 00 00 00 00 00 00 00
[   27.809413] nvdla_blob 00000130: 00 00 00 00 00 00 00 00 00 00 00 00 00 00 00 00
[   27.809770] nvdla_blob 00000140: 00 00 00 00 00 00 00 00 00 00 00 00 00 00 00 00
[   27.810116] nvdla_blob 00000150: 00 00 00 00 00 00 00 00 00 00 00 00 00 00 00 00
[   27.810465] nvdla_blob 00000160: 00 00 00 00 00 00 00 00 00 00 00 00 00 00 00 00
[   27.810814] nvdla_blob 00000170: 00 00 00 00 00 00 00 00 00 00 00 00 00 00 00 00
[   27.811179] nvdla_blob 00000180: 00 00 00 00 00 00 00 00 00 00 00 00 00 00 00 00
[   27.812713] nvdla_blob 00000190: 00 00 00 00 00 00 00 00 00 00 00 00 00 00 00 00
[   27.813054] nvdla_blob 000001a0: 00 00 00 00 00 00 00 00 00 00 00 00 00 00 00 00
[   27.813396] nvdla_blob 000001b0: 00 00 00 00 00 00 00 00 00 00 00 00 00 00 00 00
[   27.813754] nvdla_blob 000001c0: 00 00 00 00 00 00 00 00 00 00 00 00 00 00 00 00
[   27.814100] nvdla_blob 000001d0: 00 00 00 00 00 00 00 00 00 00 00 00 00 00 00 00
[   27.814448] nvdla_blob 000001e0: 00 00 00 00 00 00 00 00 00 00 00 00 00 00 00 00
[   27.814798] nvdla_blob 000001f0: 00 00 00 00 00 00 00 00 00 00 00 00 00 00 00 00
[   27.815140] nvdla_blob 00000200: 00 00 00 00 00 00 00 00 00 00 00 00 00 00 00 00
[   27.816528] nvdla_blob 00000210: 00 00 00 00 00 00 00 00 00 00 00 00 00 00 00 00
[   27.816913] nvdla_blob 00000220: 00 00 00 00 00 00 00 00 00 00 00 00 00 00 00 00
[   27.817259] nvdla_blob 00000230: 00 00 00 00 00 00 00 00 00 00 00 00 00 00 00 00
[   27.817601] nvdla_blob 00000240: 00 00 00 00 00 00 00 00 00 00 00 00 00 00 00 00
[   27.817958] nvdla_blob 00000250: 00 00 00 00 00 00 00 00 00 00 00 00 00 00 00 00
[   27.818301] nvdla_blob 00000260: 00 00 00 00 00 00 00 00 00 00 00 00 00 00 00 00
[   27.818658] nvdla_blob 00000270: 00 00 00 00 00 00 00 00 00 00 00 00 00 00 00 00
[   27.819004] nvdla_blob 00000280: 00 00 00 00 00 00 00 00 00 00 00 00 00 00 00 00
[   27.819342] nvdla_blob 00000290: 00 00 00 00 00 00 00 00 00 00 00 00 00 00 00 00
[   27.820734] nvdla_blob 000002a0: 00 00 00 00 00 00 00 00 00 00 00 00 00 00 00 00
[   27.821111] nvdla_blob 000002b0: 00 00 00 00 00 00 00 00 00 00 00 00 00 00 00 00
[   27.821454] nvdla_blob 000002c0: 00 00 00 00 00 00 00 00 00 00 00 00 00 00 00 00
[   27.821809] nvdla_blob 000002d0: 00 00 00 00 00 00 00 00 00 00 00 00 00 00 00 00
[   27.822154] nvdla_blob 000002e0: 00 00 00 00 00 00 00 00 00 00 00 00 00 00 00 00
[   27.822500] nvdla_blob 000002f0: 00 00 00 00 00 00 00 00 00 00 00 00 00 00 00 00
[   27.822856] nvdla_blob 00000300: 00 00 00 00 00 00 00 00 00 00 00 00 00 00 00 00
[   27.823204] nvdla_blob 00000310: 00 00 00 00 00 00 00 00 00 00 00 00 00 00 00 00
[   27.824575] nvdla_blob 00000320: 00 00 00 00 00 00 00 00 00 00 00 00 00 00 00 00
[   27.824956] nvdla_blob 00000330: 00 00 00 00 00 00 00 00 00 00 00 00 00 00 00 00
[   27.825301] nvdla_blob 00000340: 00 00 00 00 00 00 00 00 00 00 00 00 00 00 00 00
[   27.825644] nvdla_blob 00000350: 00 00 00 00 00 00 00 00 00 00 00 00 00 00 00 00
[   27.825994] nvdla_blob 00000360: 00 00 00 00 00 00 00 00 00 00 00 00 00 00 00 00
[   27.826339] nvdla_blob 00000370: 00 00 00 00 00 00 00 00 00 00 00 00 00 00 00 00
[   27.826751] nvdla_blob 00000380: 00 00 00 00 00 00 00 00 00 00 00 00 00 00 00 00
[   27.827184] nvdla_blob 00000390: 00 00 00 00 00 00 00 00 00 00 00 00 00 00 00 00
[   27.828632] nvdla_blob 000003a0: 00 00 00 00 00 00 00 00 00 00 00 00 00 00 00 00
[   27.829022] nvdla_blob 000003b0: 00 00 00 00 00 00 00 00 00 00 00 00 00 00 00 00
[   27.829367] nvdla_blob 000003c0: 00 00 00 00 00 00 00 00 00 00 00 00 00 00 00 00
[   27.829716] nvdla_blob 000003d0: 00 00 00 00 00 00 00 00 00 00 00 00 00 00 00 00
[   27.830059] nvdla_blob 000003e0: 00 00 00 00 00 00 00 00 00 00 00 00 00 00 00 00
[   27.830401] nvdla_blob 000003f0: 00 00 00 00 00 00 00 00 00 00 00 00 00 00 00 00
[   27.830755] nvdla_blob 00000400: 00 00 00 00 00 00 00 00 00 00 00 00 00 00 00 00
[   27.831097] nvdla_blob 00000410: 00 00 00 00 00 00 00 00 00 00 00 00 00 00 00 00
[   27.832578] nvdla_blob 00000420: 00 00 00 00 00 00 00 00 00 00 00 00 00 00 00 00
[   27.832984] nvdla_blob 00000430: 00 00 00 00 00 00 00 00 00 00 00 00 00 00 00 00
[   27.833346] nvdla_blob 00000440: 00 00 00 00 00 00 00 00 00 00 00 00 00 00 00 00
[   27.833700] nvdla_blob 00000450: 00 00 00 00 00 00 00 00 00 00 00 00 00 00 00 00
[   27.834044] nvdla_blob 00000460: 00 00 00 00 00 00 00 00 00 00 00 00 00 00 00 00
[   27.834388] nvdla_blob 00000470: 00 00 00 00 00 00 00 00 00 00 00 00 00 00 00 00
[   27.834740] nvdla_blob 00000480: 00 00 00 00 00 00 00 00 00 00 00 00 00 00 00 00
[   27.835085] nvdla_blob 00000490: 00 00 00 00 00 00 00 00 00 00 00 00 00 00 00 00
[   27.836534] nvdla_blob 000004a0: 00 00 00 00 00 00 00 00 00 00 00 00 00 00 00 00
[   27.836924] nvdla_blob 000004b0: 00 00 00 00 00 00 00 00 00 00 00 00 00 00 00 00
[   27.837269] nvdla_blob 000004c0: 00 00 00 00 00 00 00 00 00 00 00 00 00 00 00 00
[   27.837614] nvdla_blob 000004d0: 00 00 00 00 00 00 00 00 00 00 00 00 00 00 00 00
[   27.837968] nvdla_blob 000004e0: 00 00 00 00 00 00 00 00 00 00 00 00 00 00 00 00
[   27.838311] nvdla_blob 000004f0: 00 00 00 00 00 00 00 00 00 00 00 00 00 00 00 00
[   27.838664] nvdla_blob 00000500: 00 00 00 00 00 00 00 00 00 00 00 00 00 00 00 00
[   27.839009] nvdla_blob 00000510: 00 00 00 00 00 00 00 00 00 00 00 00 00 00 00 00
[   27.840347] nvdla_blob 00000520: 00 00 00 00 00 00 00 00 00 00 00 00 00 00 00 00
[   27.840740] nvdla_blob 00000530: 00 00 00 00 00 00 00 00 00 00 00 00 00 00 00 00
[   27.841087] nvdla_blob 00000540: 00 00 00 00 00 00 00 00 00 00 00 00 00 00 00 00
[   27.841430] nvdla_blob 00000550: 00 00 00 00 00 00 00 00 00 00 00 00 00 00 00 00
[   27.841859] nvdla_blob 00000560: 00 00 00 00 00 00 00 00 00 00 00 00 00 00 00 00
[   27.842284] nvdla_blob 00000570: 00 00 00 00 00 00 00 00 00 00 00 00 00 00 00 00
[   27.842638] nvdla_blob 00000580: 00 00 00 00 00 00 00 00 00 00 00 00 00 00 00 00
[   27.842988] nvdla_blob 00000590: 00 00 00 00 00 00 00 00 00 00 00 00 00 00 00 00
[   27.843512] nvdla_blob 000005a0: 00 00 00 00 00 00 00 00 00 00 00 00 00 00 00 00
[   27.845982] nvdla_blob 000005b0: 00 00 00 00 00 00 00 00 00 00 00 00 00 00 00 00
[   27.846332] nvdla_blob 000005c0: 00 00 00 00 00 00 00 00 00 00 00 00 00 00 00 00
[   27.846768] nvdla_blob 000005d0: 00 00 00 00 00 00 00 00 00 00 00 00 00 00 00 00
[   27.847192] nvdla_blob 000005e0: 00 00 00 00 00 00 00 00 00 00 00 00 00 00 00 00
[   27.848381] nvdla_blob 000005f0: 00 00 00 00 00 00 00 00 00 00 00 00 00 00 00 00
[   27.848770] nvdla_blob 00000600: 00 00 00 00 00 00 00 00 00 00 00 00 00 00 00 00
[   27.849114] nvdla_blob 00000610: 00 00 00 00 00 00 00 00 00 00 00 00 00 00 00 00
[   27.849458] nvdla_blob 00000620: 00 00 00 00 00 00 00 00 00 00 00 00 00 00 00 00
[   27.849810] nvdla_blob 00000630: 00 00 00 00 00 00 00 00 00 00 00 00 00 00 00 00
[   27.850149] nvdla_blob 00000640: 00 00 00 00 00 00 00 00 00 00 00 00 00 00 00 00
[   27.850494] nvdla_blob 00000650: 00 00 00 00 00 00 00 00 00 00 00 00 00 00 00 00
[   27.850846] nvdla_blob 00000660: 00 00 00 00 00 00 00 00 00 00 00 00 00 00 00 00
[   27.851203] nvdla_blob 00000670: 00 00 00 00 00 00 00 00 00 00 00 00 00 00 00 00
[   27.852637] nvdla_blob 00000680: 00 00 00 00 00 00 00 00 00 00 00 00 00 00 00 00
[   27.852990] nvdla_blob 00000690: 00 00 00 00 00 00 00 00 00 00 00 00 00 00 00 00
[   27.853331] nvdla_blob 000006a0: 00 00 00 00 00 00 00 00 00 00 00 00 00 00 00 00
[   27.853689] nvdla_blob 000006b0: 00 00 00 00 00 00 00 00 00 00 00 00 00 00 00 00
[   27.854032] nvdla_blob 000006c0: 00 00 00 00 00 00 00 00 00 00 00 00 00 00 00 00
[   27.854375] nvdla_blob 000006d0: 00 00 00 00 00 00 00 00 00 00 00 00 00 00 00 00
[   27.854729] nvdla_blob 000006e0: 00 00 00 00 00 00 00 00 00 00 00 00 00 00 00 00
[   27.855071] nvdla_blob 000006f0: 00 00 00 00 00 00 00 00 00 00 00 00 00 00 00 00
[   27.856412] nvdla_blob 00000700: 00 00 00 00 00 00 00 00 00 00 00 00 00 00 00 00
[   27.856793] nvdla_blob 00000710: 00 00 00 00 00 00 00 00 00 00 00 00 00 00 00 00
[   27.857137] nvdla_blob 00000720: 00 00 00 00 00 00 00 00 00 00 00 00 00 00 00 00
[   27.857510] nvdla_blob 00000730: 00 00 00 00 00 00 00 00 00 00 00 00 00 00 00 00
[   27.857943] nvdla_blob 00000740: 00 00 00 00 00 00 00 00 00 00 00 00 00 00 00 00
[   27.858367] nvdla_blob 00000750: 00 00 00 00 00 00 00 00 00 00 00 00 00 00 00 00
[   27.858724] nvdla_blob 00000760: 00 00 00 00 00 00 00 00 00 00 00 00 00 00 00 00
[   27.859068] nvdla_blob 00000770: 00 00 00 00 00 00 00 00 00 00 00 00 00 00 00 00
[   27.860479] nvdla_blob 00000780: 00 00 00 00 00 00 00 00 00 00 00 00 00 00 00 00
[   27.860868] nvdla_blob 00000790: 00 00 00 00 00 00 00 00 00 00 00 00 00 00 00 00
[   27.861211] nvdla_blob 000007a0: 00 00 00 00 00 00 00 00 00 00 00 00 00 00 00 00
[   27.861610] nvdla_blob 000007b0: 00 00 00 00 00 00 00 00 00 00 00 00 00 00 00 00
[   27.862042] nvdla_blob 000007c0: 00 00 00 00 00 00 00 00 00 00 00 00 00 00 00 00
[   27.862456] nvdla_blob 000007d0: 00 00 00 00 00 00 00 00 00 00 00 00 00 00 00 00
[   27.862806] nvdla_blob 000007e0: 00 00 00 00 00 00 00 00 00 00 00 00 00 00 00 00
[   27.863152] nvdla_blob 000007f0: 00 00 00 00 00 00 00 00 00 00 00 00 00 00 00 00
[   27.864588] nvdla_blob 00000800: 00 00 00 00 00 00 00 00 00 00 00 00 00 00 00 00
[   27.864974] nvdla_blob 00000810: 00 00 00 00 00 00 00 00 00 00 00 00 00 00 00 00
[   27.865317] nvdla_blob 00000820: 00 00 00 00 00 00 00 00 00 00 00 00 00 00 00 00
[   27.865747] nvdla_blob 00000830: 00 00 00 00 00 00 00 00 00 00 00 00 00 00 00 00
[   27.866170] nvdla_blob 00000840: 00 00 00 00 00 00 00 00 00 00 00 00 00 00 00 00
[   27.866543] nvdla_blob 00000850: 00 00 00 00 00 00 00 00 00 00 00 00 00 00 00 00
[   27.866898] nvdla_blob 00000860: 00 00 00 00 00 00 00 00 00 00 00 00 00 00 00 00
[   27.867238] nvdla_blob 00000870: 00 00 00 00 00 00 00 00 00 00 00 00 00 00 00 00
[   27.868558] nvdla_blob 00000880: 00 00 00 00 00 00 00 00 00 00 00 00 00 00 00 00
[   27.868940] nvdla_blob 00000890: 00 00 00 00 00 00 00 00 00 00 00 00 00 00 00 00
[   27.869285] nvdla_blob 000008a0: 00 00 00 00 00 00 00 00 00 00 00 00 00 00 00 00
[   27.869629] nvdla_blob 000008b0: 00 00 00 00 00 00 00 00 00 00 00 00 00 00 00 00
[   27.869982] nvdla_blob 000008c0: 00 00 00 00 00 00 00 00 00 00 00 00 00 00 00 00
[   27.870327] nvdla_blob 000008d0: 00 00 00 00 00 00 00 00 00 00 00 00 00 00 00 00
[   27.870682] nvdla_blob 000008e0: 00 00 00 00 00 00 00 00 00 00 00 00 00 00 00 00
[   27.871025] nvdla_blob 000008f0: 00 00 00 00 00 00 00 00 00 00 00 00 00 00 00 00
[   27.872352] nvdla_blob 00000900: 00 00 00 00 00 00 00 00 00 00 00 00 00 00 00 00
[   27.872749] nvdla_blob 00000910: 00 00 00 00 00 00 00 00 00 00 00 00 00 00 00 00
[   27.873092] nvdla_blob 00000920: 00 00 00 00 00 00 00 00 00 00 00 00 00 00 00 00
[   27.873441] nvdla_blob 00000930: 00 00 00 00 00 00 00 00 00 00 00 00 00 00 00 00
[   27.873877] nvdla_blob 00000940: 00 00 00 00 00 00 00 00 00 00 00 00 00 00 00 00
[   27.874302] nvdla_blob 00000950: 00 00 00 00 00 00 00 00 00 00 00 00 00 00 00 00
[   27.874664] nvdla_blob 00000960: 00 00 00 00 00 00 00 00 00 00 00 00 00 00 00 00
[   27.875005] nvdla_blob 00000970: 00 00 00 00 00 00 00 00 00 00 00 00 00 00 00 00
[   27.875342] nvdla_blob 00000980: 00 00 00 00 00 00 00 00 00 00 00 00 00 00 00 00
[   27.876999] nvdla_blob 00000990: 00 00 00 00 00 00 00 00 00 00 00 00 00 00 00 00
[   27.877480] nvdla_blob 000009a0: 00 00 00 00 00 00 00 00 00 00 00 00 00 00 00 00
[   27.877848] nvdla_blob 000009b0: 00 00 00 00 00 00 00 00 00 00 00 00 00 00 00 00
[   27.878197] nvdla_blob 000009c0: 00 00 00 00 00 00 00 00 00 00 00 00 00 00 00 00
[   27.878543] nvdla_blob 000009d0: 00 00 00 00 00 00 00 00 00 00 00 00 00 00 00 00
[   27.878895] nvdla_blob 000009e0: 00 00 00 00 00 00 00 00 00 00 00 00 00 00 00 00
[   27.879261] nvdla_blob 000009f0: 00 00 00 00 00 00 00 00 00 00 00 00 00 00 00 00
[   27.880773] nvdla_blob 00000a00: 00 00 00 00 00 00 00 00 00 00 00 00 00 00 00 00
[   27.881118] nvdla_blob 00000a10: 00 00 00 00 00 00 00 00 00 00 00 00 00 00 00 00
[   27.881462] nvdla_blob 00000a20: 00 00 00 00 00 00 00 00 00 00 00 00 00 00 00 00
[   27.881900] nvdla_blob 00000a30: 00 00 00 00 00 00 00 00 00 00 00 00 00 00 00 00
[   27.882327] nvdla_blob 00000a40: 00 00 00 00 00 00 00 00 00 00 00 00 00 00 00 00
[   27.882682] nvdla_blob 00000a50: 00 00 00 00 00 00 00 00 00 00 00 00 00 00 00 00
[   27.883028] nvdla_blob 00000a60: 00 00 00 00 00 00 00 00 00 00 00 00 00 00 00 00
[   27.884278] nvdla_blob 00000a70: 00 00 00 00 00 00 00 00 00 00 00 00 00 00 00 00
[   27.884663] nvdla_blob 00000a80: 00 00 00 00 00 00 00 00 00 00 00 00 00 00 00 00
[   27.885009] nvdla_blob 00000a90: 00 00 00 00 00 00 00 00 00 00 00 00 00 00 00 00
[   27.885352] nvdla_blob 00000aa0: 00 00 00 00 00 00 00 00 00 00 00 00 00 00 00 00
[   27.885786] nvdla_blob 00000ab0: 00 00 00 00 00 00 00 00 00 00 00 00 00 00 00 00
[   27.886214] nvdla_blob 00000ac0: 00 00 00 00 00 00 00 00 00 00 00 00 00 00 00 00
[   27.886606] nvdla_blob 00000ad0: 00 00 00 00 00 00 00 00 00 00 00 00 00 00 00 00
[   27.886960] nvdla_blob 00000ae0: 00 00 00 00 00 00 00 00 00 00 00 00 00 00 00 00
[   27.887298] nvdla_blob 00000af0: 00 00 00 00 00 00 00 00 00 00 00 00 00 00 00 00
[   27.888686] nvdla_blob 00000b00: 00 00 00 00 00 00 00 00 00 00 00 00 00 00 00 00
[   27.889060] nvdla_blob 00000b10: 00 00 00 00 00 00 00 00 00 00 00 00 00 00 00 00
[   27.889404] nvdla_blob 00000b20: 00 00 00 00 00 00 00 00 00 00 00 00 00 00 00 00
[   27.889761] nvdla_blob 00000b30: 00 00 00 00 00 00 00 00 00 00 00 00 00 00 00 00
[   27.890106] nvdla_blob 00000b40: 00 00 00 00 00 00 00 00 00 00 00 00 00 00 00 00
[   27.890449] nvdla_blob 00000b50: 00 00 00 00 00 00 00 00 00 00 00 00 00 00 00 00
[   27.890810] nvdla_blob 00000b60: 00 00 00 00 00 00 00 00 00 00 00 00 00 00 00 00
[   27.891156] nvdla_blob 00000b70: 00 00 00 00 00 00 00 00 00 00 00 00 00 00 00 00
[   27.892646] nvdla_blob 00000b80: 00 00 00 00 00 00 00 00 00 00 00 00 00 00 00 00
[   27.893044] nvdla_blob 00000b90: 00 00 00 00 00 00 00 00 00 00 00 00 00 00 00 00
[   27.893393] nvdla_blob 00000ba0: 00 00 00 00 00 00 00 00 00 00 00 00 00 00 00 00
[   27.893863] nvdla_blob 00000bb0: 00 00 00 00 00 00 00 00 00 00 00 00 00 00 00 00
[   27.894313] nvdla_blob 00000bc0: 00 00 00 00 00 00 00 00 00 00 00 00 00 00 00 00
[   27.894691] nvdla_blob 00000bd0: 00 00 00 00 00 00 00 00 00 00 00 00 00 00 00 00
[   27.895036] nvdla_blob 00000be0: 00 00 00 00 00 00 00 00 00 00 00 00 00 00 00 00
[   27.896572] nvdla_blob 00000bf0: 00 00 00 00 00 00 00 00 00 00 00 00 00 00 00 00
[   27.896966] nvdla_blob 00000c00: 00 00 00 00 00 00 00 00 00 00 00 00 00 00 00 00
[   27.897306] nvdla_blob 00000c10: 00 00 00 00 00 00 00 00 00 00 00 00 00 00 00 00
[   27.897710] nvdla_blob 00000c20: 00 00 00 00 00 00 00 00 00 00 00 00 00 00 00 00
[   27.898135] nvdla_blob 00000c30: 00 00 00 00 00 00 00 00 00 00 00 00 00 00 00 00
[   27.898548] nvdla_blob 00000c40: 00 00 00 00 00 00 00 00 00 00 00 00 00 00 00 00
[   27.898897] nvdla_blob 00000c50: 00 00 00 00 00 00 00 00 00 00 00 00 00 00 00 00
[   27.899238] nvdla_blob 00000c60: 00 00 00 00 00 00 00 00 00 00 00 00 00 00 00 00
[   27.900603] nvdla_blob 00000c70: 00 00 00 00 00 00 00 00 00 00 00 00 00 00 00 00
[   27.900988] nvdla_blob 00000c80: 00 00 00 00 00 00 00 00 00 00 00 00 00 00 00 00
[   27.901334] nvdla_blob 00000c90: 00 00 00 00 00 00 00 00 00 00 00 00 00 00 00 00
[   27.901737] nvdla_blob 00000ca0: 00 00 00 00 00 00 00 00 00 00 00 00 00 00 00 00
[   27.902163] nvdla_blob 00000cb0: 00 00 00 00 00 00 00 00 00 00 00 00 00 00 00 00
[   27.902580] nvdla_blob 00000cc0: 00 00 00 00 00 00 00 00 00 00 00 00 00 00 00 00
[   27.902930] nvdla_blob 00000cd0: 00 00 00 00 00 00 00 00 00 00 00 00 00 00 00 00
[   27.903269] nvdla_blob 00000ce0: 00 00 00 00 00 00 00 00 00 00 00 00 00 00 00 00
[   27.904669] nvdla_blob 00000cf0: 00 00 00 00 00 00 00 00 00 00 00 00 00 00 00 00
[   27.905049] nvdla_blob 00000d00: 00 00 00 00 00 00 00 00 00 00 00 00 00 00 00 00
[   27.905392] nvdla_blob 00000d10: 00 00 00 00 00 00 00 00 00 00 00 00 00 00 00 00
[   27.905823] nvdla_blob 00000d20: 00 00 00 00 00 00 00 00 00 00 00 00 00 00 00 00
[   27.906247] nvdla_blob 00000d30: 00 00 00 00 00 00 00 00 00 00 00 00 00 00 00 00
[   27.906634] nvdla_blob 00000d40: 00 00 00 00 00 00 00 00 00 00 00 00 00 00 00 00
[   27.906985] nvdla_blob 00000d50: 00 00 00 00 00 00 00 00 00 00 00 00 00 00 00 00
[   27.907325] nvdla_blob 00000d60: 00 00 00 00 00 00 00 00 00 00 00 00 00 00 00 00
[   27.908856] nvdla_blob 00000d70: 00 00 00 00 00 00 00 00 00 00 00 00 00 00 00 00
[   27.909241] nvdla_blob 00000d80: 00 00 00 00 00 00 00 00 00 00 00 00 00 00 00 00
[   27.909584] nvdla_blob 00000d90: 00 00 00 00 00 00 00 00 00 00 00 00 00 00 00 00
[   27.909937] nvdla_blob 00000da0: 00 00 00 00 00 00 00 00 00 00 00 00 00 00 00 00
[   27.910282] nvdla_blob 00000db0: 00 00 00 00 00 00 00 00 00 00 00 00 00 00 00 00
[   27.910628] nvdla_blob 00000dc0: 00 00 00 00 00 00 00 00 00 00 00 00 00 00 00 00
[   27.910981] nvdla_blob 00000dd0: 00 00 00 00 00 00 00 00 00 00 00 00 00 00 00 00
[   27.911321] nvdla_blob 00000de0: 00 00 00 00 00 00 00 00 00 00 00 00 00 00 00 00
[   27.912767] nvdla_blob 00000df0: 00 00 00 00 00 00 00 00 00 00 00 00 00 00 00 00
[   27.913149] nvdla_blob 00000e00: 00 00 00 00 00 00 00 00 00 00 00 00 00 00 00 00
[   27.913492] nvdla_blob 00000e10: 00 00 00 00 00 00 00 00 00 00 00 00 00 00 00 00
[   27.913855] nvdla_blob 00000e20: 00 00 00 00 00 00 00 00 00 00 00 00 00 00 00 00
[   27.914201] nvdla_blob 00000e30: 00 00 00 00 00 00 00 00 00 00 00 00 00 00 00 00
[   27.914545] nvdla_blob 00000e40: 00 00 00 00 00 00 00 00 00 00 00 00 00 00 00 00
[   27.914901] nvdla_blob 00000e50: 00 00 00 00 00 00 00 00 00 00 00 00 00 00 00 00
[   27.915239] nvdla_blob 00000e60: 00 00 00 00 00 00 00 00 00 00 00 00 00 00 00 00
[   27.916619] nvdla_blob 00000e70: 00 00 00 00 00 00 00 00 00 00 00 00 00 00 00 00
[   27.917004] nvdla_blob 00000e80: 00 00 00 00 00 00 00 00 00 00 00 00 00 00 00 00
[   27.917345] nvdla_blob 00000e90: 00 00 00 00 00 00 00 00 00 00 00 00 00 00 00 00
[   27.917737] nvdla_blob 00000ea0: 00 00 00 00 00 00 00 00 00 00 00 00 00 00 00 00
[   27.918162] nvdla_blob 00000eb0: 00 00 00 00 00 00 00 00 00 00 00 00 00 00 00 00
[   27.918574] nvdla_blob 00000ec0: 00 00 00 00 00 00 00 00 00 00 00 00 00 00 00 00
[   27.918928] nvdla_blob 00000ed0: 00 00 00 00 00 00 00 00 00 00 00 00 00 00 00 00
[   27.919273] nvdla_blob 00000ee0: 00 00 00 00 00 00 00 00 00 00 00 00 00 00 00 00
[   27.920735] nvdla_blob 00000ef0: 00 00 00 00 00 00 00 00 00 00 00 00 00 00 00 00
[   27.921159] nvdla_blob 00000f00: 00 00 00 00 00 00 00 00 00 00 00 00 00 00 00 00
[   27.921511] nvdla_blob 00000f10: 00 00 00 00 00 00 00 00 00 00 00 00 00 00 00 00
[   27.921869] nvdla_blob 00000f20: 00 00 00 00 00 00 00 00 00 00 00 00 00 00 00 00
[   27.922214] nvdla_blob 00000f30: 00 00 00 00 00 00 00 00 00 00 00 00 00 00 00 00
[   27.922560] nvdla_blob 00000f40: 00 00 00 00 00 00 00 00 00 00 00 00 00 00 00 00
[   27.922947] nvdla_blob 00000f50: 00 00 00 00 00 00 00 00 00 00 00 00 00 00 00 00
[   27.923294] nvdla_blob 00000f60: 00 00 00 00 00 00 00 00 00 00 00 00 00 00 00 00
[   27.924999] nvdla_blob 00000f70: 00 00 00 00 00 00 00 00 00 00 00 00 00 00 00 00
[   27.925463] nvdla_blob 00000f80: 00 00 00 00 00 00 00 00 00 00 00 00 00 00 00 00
[   27.925820] nvdla_blob 00000f90: 00 00 00 00 00 00 00 00 00 00 00 00 00 00 00 00
[   27.926166] nvdla_blob 00000fa0: 00 00 00 00 00 00 00 00 00 00 00 00 00 00 00 00
[   27.926513] nvdla_blob 00000fb0: 00 00 00 00 00 00 00 00 00 00 00 00 00 00 00 00
[   27.926869] nvdla_blob 00000fc0: 00 00 00 00 00 00 00 00 00 00 00 00 00 00 00 00
[   27.927264] nvdla_blob 00000fd0: 00 00 00 00 00 00 00 00 00 00 00 00 00 00 00 00
[   27.928681] nvdla_blob 00000fe0: 00 00 00 00 00 00 00 00 00 00 00 00 00 00 00 00
[   27.929109] nvdla_blob 00000ff0: 00 00 00 00 00 00 00 00 00 00 00 00 00 00 00 00
[   27.929251] nvdla_blob[7] prime_fd=9 handle=6 size=4096 dma=0xc0005000 full_4096_bytes:
[   27.929664] nvdla_blob 00000000: 00 00 01 00 80 00 00 00 01 00 01 00 08 00 00 00
[   27.930010] nvdla_blob 00000010: 00 00 00 00 00 00 00 00 00 00 00 00 02 00 ff ff
[   27.930354] nvdla_blob 00000020: 00 00 00 00 00 00 00 00 00 00 00 00 00 00 00 00
[   27.930711] nvdla_blob 00000030: 00 00 00 00 00 00 00 00 02 00 ff ff 00 00 00 00
[   27.931054] nvdla_blob 00000040: 00 00 00 00 00 00 00 00 00 00 00 00 00 00 00 00
[   27.932397] nvdla_blob 00000050: 00 00 00 00 00 00 02 00 20 00 00 00 01 00 01 00
[   27.932781] nvdla_blob 00000060: 08 00 00 00 20 00 00 00 20 00 00 00 00 00 00 00
[   27.933129] nvdla_blob 00000070: 02 00 ff ff 20 00 00 00 01 00 01 00 01 00 00 00
[   27.933475] nvdla_blob 00000080: 20 00 00 00 20 00 00 00 00 00 00 00 00 00 00 00
[   27.933832] nvdla_blob 00000090: 00 00 00 00 00 00 00 00 00 00 00 00 00 00 00 00
[   27.934176] nvdla_blob 000000a0: 00 00 00 00 00 00 00 00 00 00 00 00 00 00 00 00
[   27.934522] nvdla_blob 000000b0: 00 00 00 00 00 00 00 00 00 00 00 00 00 00 00 00
[   27.934877] nvdla_blob 000000c0: 00 00 00 00 00 00 00 00 00 00 00 00 00 00 00 00
[   27.935225] nvdla_blob 000000d0: 00 00 00 00 00 00 00 00 00 00 00 00 00 00 00 00
[   27.936835] nvdla_blob 000000e0: 00 00 00 00 00 00 00 00 00 00 00 00 00 00 00 00
[   27.937335] nvdla_blob 000000f0: 00 00 00 00 00 00 00 00 00 00 00 00 00 00 00 00
[   27.937741] nvdla_blob 00000100: 00 00 00 00 00 00 00 00 00 00 00 00 00 00 00 00
[   27.938086] nvdla_blob 00000110: 00 00 00 00 00 00 00 00 00 00 00 00 00 00 00 00
[   27.938427] nvdla_blob 00000120: 00 00 00 00 00 00 00 00 00 00 00 00 00 00 00 00
[   27.938779] nvdla_blob 00000130: 00 00 00 00 00 00 00 00 00 00 00 00 00 00 00 00
[   27.939124] nvdla_blob 00000140: 00 00 00 00 00 00 00 00 00 00 00 00 00 00 00 00
[   27.940710] nvdla_blob 00000150: 00 00 00 00 00 00 00 00 00 00 00 00 00 00 00 00
[   27.941088] nvdla_blob 00000160: 00 00 00 00 00 00 00 00 00 00 00 00 00 00 00 00
[   27.941433] nvdla_blob 00000170: 00 00 00 00 00 00 00 00 00 00 00 00 00 00 00 00
[   27.941843] nvdla_blob 00000180: 00 00 00 00 00 00 00 00 00 00 00 00 00 00 00 00
[   27.942268] nvdla_blob 00000190: 00 00 00 00 00 00 00 00 00 00 00 00 00 00 00 00
[   27.942683] nvdla_blob 000001a0: 00 00 00 00 00 00 00 00 00 00 00 00 00 00 00 00
[   27.943030] nvdla_blob 000001b0: 00 00 00 00 00 00 00 00 00 00 00 00 00 00 00 00
[   27.944335] nvdla_blob 000001c0: 00 00 00 00 00 00 00 00 00 00 00 00 00 00 00 00
[   27.944716] nvdla_blob 000001d0: 00 00 00 00 00 00 00 00 00 00 00 00 00 00 00 00
[   27.945065] nvdla_blob 000001e0: 00 00 00 00 00 00 00 00 00 00 00 00 00 00 00 00
[   27.945410] nvdla_blob 000001f0: 00 00 00 00 00 00 00 00 00 00 00 00 00 00 00 00
[   27.945767] nvdla_blob 00000200: 00 00 00 00 00 00 00 00 00 00 00 00 00 00 00 00
[   27.946112] nvdla_blob 00000210: 00 00 00 00 00 00 00 00 00 00 00 00 00 00 00 00
[   27.946455] nvdla_blob 00000220: 00 00 00 00 00 00 00 00 00 00 00 00 00 00 00 00
[   27.946809] nvdla_blob 00000230: 00 00 00 00 00 00 00 00 00 00 00 00 00 00 00 00
[   27.947183] nvdla_blob 00000240: 00 00 00 00 00 00 00 00 00 00 00 00 00 00 00 00
[   27.948567] nvdla_blob 00000250: 00 00 00 00 00 00 00 00 00 00 00 00 00 00 00 00
[   27.948923] nvdla_blob 00000260: 00 00 00 00 00 00 00 00 00 00 00 00 00 00 00 00
[   27.949268] nvdla_blob 00000270: 00 00 00 00 00 00 00 00 00 00 00 00 00 00 00 00
[   27.949613] nvdla_blob 00000280: 00 00 00 00 02 00 ff ff 20 00 00 00 01 00 01 00
[   27.950055] nvdla_blob 00000290: 01 00 00 00 00 00 00 00 00 00 00 00 00 00 00 00
[   27.950481] nvdla_blob 000002a0: 00 00 00 00 00 00 00 00 00 00 00 00 00 00 00 00
[   27.950840] nvdla_blob 000002b0: 00 00 00 00 00 00 00 00 00 00 00 00 00 00 00 00
[   27.951210] nvdla_blob 000002c0: 00 00 00 00 00 00 00 00 00 00 00 00 00 00 00 00
[   27.952556] nvdla_blob 000002d0: 00 00 00 00 00 00 00 00 00 00 00 00 00 00 00 00
[   27.952914] nvdla_blob 000002e0: 00 00 00 00 00 00 00 00 00 00 00 00 00 00 00 00
[   27.953258] nvdla_blob 000002f0: 00 00 00 00 00 00 03 00 20 00 00 00 01 00 01 00
[   27.953602] nvdla_blob 00000300: 01 00 00 00 20 00 00 00 20 00 00 00 00 00 00 00
[   27.954039] nvdla_blob 00000310: 00 00 00 00 00 00 00 00 00 00 00 00 00 00 00 00
[   27.954466] nvdla_blob 00000320: 00 00 00 00 00 00 00 00 00 00 00 00 00 00 00 00
[   27.954835] nvdla_blob 00000330: 00 00 00 00 00 00 00 00 00 00 00 00 00 00 00 00
[   27.955181] nvdla_blob 00000340: 00 00 00 00 00 00 00 00 00 00 00 00 00 00 00 00
[   27.956582] nvdla_blob 00000350: 00 00 00 00 00 00 00 00 00 00 00 00 00 00 00 00
[   27.956971] nvdla_blob 00000360: 00 00 00 00 00 00 00 00 00 00 00 00 00 00 00 00
[   27.957318] nvdla_blob 00000370: 00 00 00 00 00 00 00 00 00 00 00 00 00 00 00 00
[   27.957691] nvdla_blob 00000380: 00 00 00 00 00 00 00 00 00 00 00 00 00 00 00 00
[   27.958117] nvdla_blob 00000390: 00 00 00 00 00 00 00 00 00 00 00 00 00 00 00 00
[   27.958543] nvdla_blob 000003a0: 00 00 00 00 00 00 00 00 00 00 00 00 00 00 00 00
[   27.958902] nvdla_blob 000003b0: 00 00 00 00 00 00 00 00 00 00 00 00 00 00 00 00
[   27.959277] nvdla_blob 000003c0: 00 00 00 00 00 00 00 00 00 00 00 00 00 00 00 00
[   27.960624] nvdla_blob 000003d0: 00 00 00 00 00 00 00 00 00 00 00 00 00 00 00 00
[   27.960983] nvdla_blob 000003e0: 00 00 00 00 00 00 00 00 00 00 00 00 00 00 00 00
[   27.961329] nvdla_blob 000003f0: 00 00 00 00 00 00 00 00 00 00 00 00 00 00 00 00
[   27.961709] nvdla_blob 00000400: 00 00 00 00 00 00 00 00 00 00 00 00 00 00 00 00
[   27.962247] nvdla_blob 00000410: 00 00 00 00 00 00 00 00 00 00 00 00 00 00 00 00
[   27.962828] nvdla_blob 00000420: 00 00 00 00 00 00 00 00 00 00 00 00 00 00 00 00
[   27.964627] nvdla_blob 00000430: 00 00 00 00 00 00 00 00 00 00 00 00 00 00 00 00
[   27.965065] nvdla_blob 00000440: 00 00 00 00 00 00 00 00 00 00 00 00 00 00 00 00
[   27.965413] nvdla_blob 00000450: 00 00 00 00 00 00 00 00 00 00 00 00 00 00 00 00
[   27.965831] nvdla_blob 00000460: 00 00 00 00 00 00 00 00 00 00 00 00 00 00 00 00
[   27.966256] nvdla_blob 00000470: 00 00 00 00 00 00 00 00 00 00 00 00 00 00 00 00
[   27.966667] nvdla_blob 00000480: 00 00 00 00 00 00 00 00 00 00 00 00 00 00 00 00
[   27.967014] nvdla_blob 00000490: 00 00 00 00 00 00 00 00 00 00 00 00 00 00 00 00
[   27.967386] nvdla_blob 000004a0: 00 00 00 00 00 00 00 00 00 00 00 00 00 00 00 00
[   27.969020] nvdla_blob 000004b0: 00 00 00 00 00 00 00 00 00 00 00 00 00 00 00 00
[   27.969365] nvdla_blob 000004c0: 00 00 00 00 00 00 00 00 00 00 00 00 00 00 00 00
[   27.969743] nvdla_blob 000004d0: 00 00 00 00 00 00 00 00 00 00 00 00 00 00 00 00
[   27.970167] nvdla_blob 000004e0: 00 00 00 00 00 00 00 00 00 00 00 00 00 00 00 00
[   27.970588] nvdla_blob 000004f0: 00 00 00 00 00 00 00 00 00 00 00 00 00 00 00 00
[   27.970944] nvdla_blob 00000500: 00 00 00 00 00 00 00 00 00 00 00 00 00 00 00 00
[   27.971284] nvdla_blob 00000510: 00 00 00 00 00 00 00 00 00 00 00 00 00 00 00 00
[   27.972694] nvdla_blob 00000520: 00 00 00 00 00 00 00 00 00 00 00 00 00 00 00 00
[   27.973078] nvdla_blob 00000530: 00 00 00 00 00 00 00 00 00 00 00 00 00 00 00 00
[   27.973423] nvdla_blob 00000540: 00 00 00 00 00 00 00 00 00 00 00 00 00 00 00 00
[   27.973791] nvdla_blob 00000550: 00 00 00 00 00 00 00 00 00 00 00 00 00 00 00 00
[   27.974217] nvdla_blob 00000560: 00 00 00 00 00 00 00 00 00 00 00 00 00 00 00 00
[   27.974645] nvdla_blob 00000570: 00 00 00 00 00 00 00 00 00 00 00 00 00 00 00 00
[   27.974996] nvdla_blob 00000580: 00 00 00 00 00 00 00 00 00 00 00 00 00 00 00 00
[   27.975333] nvdla_blob 00000590: 00 00 00 00 00 00 00 00 00 00 00 00 00 00 00 00
[   27.976710] nvdla_blob 000005a0: 00 00 00 00 00 00 00 00 00 00 00 00 00 00 00 00
[   27.977081] nvdla_blob 000005b0: 00 00 00 00 00 00 00 00 00 00 00 00 00 00 00 00
[   27.977428] nvdla_blob 000005c0: 00 00 00 00 00 00 00 00 00 00 00 00 00 00 00 00
[   27.977816] nvdla_blob 000005d0: 00 00 00 00 00 00 00 00 00 00 00 00 00 00 00 00
[   27.978480] nvdla_blob 000005e0: 00 00 00 00 00 00 00 00 00 00 00 00 00 00 00 00
[   27.979001] nvdla_blob 000005f0: 00 00 00 00 00 00 00 00 00 00 00 00 00 00 00 00
[   27.979440] nvdla_blob 00000600: 00 00 00 00 00 00 00 00 00 00 00 00 00 00 00 00
[   27.980923] nvdla_blob 00000610: 00 00 00 00 00 00 00 00 00 00 00 00 00 00 00 00
[   27.981274] nvdla_blob 00000620: 00 00 00 00 00 00 00 00 00 00 00 00 00 00 00 00
[   27.981619] nvdla_blob 00000630: 00 00 00 00 00 00 00 00 00 00 00 00 00 00 00 00
[   27.981979] nvdla_blob 00000640: 00 00 00 00 00 00 00 00 00 00 00 00 00 00 00 00
[   27.982321] nvdla_blob 00000650: 00 00 00 00 00 00 00 00 00 00 00 00 00 00 00 00
[   27.982675] nvdla_blob 00000660: 00 00 00 00 00 00 00 00 00 00 00 00 00 00 00 00
[   27.983023] nvdla_blob 00000670: 00 00 00 00 00 00 00 00 00 00 00 00 00 00 00 00
[   27.983405] nvdla_blob 00000680: 00 00 00 00 00 00 00 00 00 00 00 00 00 00 00 00
[   27.985042] nvdla_blob 00000690: 00 00 00 00 00 00 00 00 00 00 00 00 00 00 00 00
[   27.985386] nvdla_blob 000006a0: 00 00 00 00 00 00 00 00 00 00 00 00 00 00 00 00
[   27.985762] nvdla_blob 000006b0: 00 00 00 00 00 00 00 00 00 00 00 00 00 00 00 00
[   27.986184] nvdla_blob 000006c0: 00 00 00 00 00 00 00 00 00 00 00 00 00 00 00 00
[   27.986607] nvdla_blob 000006d0: 00 00 00 00 00 00 00 00 00 00 00 00 00 00 00 00
[   27.986984] nvdla_blob 000006e0: 00 00 00 00 00 00 00 00 00 00 00 00 00 00 00 00
[   27.987329] nvdla_blob 000006f0: 00 00 00 00 00 00 00 00 00 00 00 00 00 00 00 00
[   27.988642] nvdla_blob 00000700: 00 00 00 00 00 00 00 00 00 00 00 00 00 00 00 00
[   27.989031] nvdla_blob 00000710: 00 00 00 00 00 00 00 00 00 00 00 00 00 00 00 00
[   27.989376] nvdla_blob 00000720: 00 00 00 00 00 00 00 00 00 00 00 00 00 00 00 00
[   27.989733] nvdla_blob 00000730: 00 00 00 00 00 00 00 00 00 00 00 00 00 00 00 00
[   27.990160] nvdla_blob 00000740: 00 00 00 00 00 00 00 00 00 00 00 00 00 00 00 00
[   27.990585] nvdla_blob 00000750: 00 00 00 00 00 00 00 00 00 00 00 00 00 00 00 00
[   27.990940] nvdla_blob 00000760: 00 00 00 00 00 00 00 00 00 00 00 00 00 00 00 00
[   27.991285] nvdla_blob 00000770: 00 00 00 00 00 00 00 00 00 00 00 00 00 00 00 00
[   27.992949] nvdla_blob 00000780: 00 00 00 00 00 00 00 00 00 00 00 00 00 00 00 00
[   27.993347] nvdla_blob 00000790: 00 00 00 00 00 00 00 00 00 00 00 00 00 00 00 00
[   27.993701] nvdla_blob 000007a0: 00 00 00 00 00 00 00 00 00 00 00 00 00 00 00 00
[   27.994132] nvdla_blob 000007b0: 00 00 00 00 00 00 00 00 00 00 00 00 00 00 00 00
[   27.994556] nvdla_blob 000007c0: 00 00 00 00 00 00 00 00 00 00 00 00 00 00 00 00
[   27.994912] nvdla_blob 000007d0: 00 00 00 00 00 00 00 00 00 00 00 00 00 00 00 00
[   27.995252] nvdla_blob 000007e0: 00 00 00 00 00 00 00 00 00 00 00 00 00 00 00 00
[   27.996681] nvdla_blob 000007f0: 00 00 00 00 00 00 00 00 00 00 00 00 00 00 00 00
[   27.997063] nvdla_blob 00000800: 00 00 00 00 00 00 00 00 00 00 00 00 00 00 00 00
[   27.997410] nvdla_blob 00000810: 00 00 00 00 00 00 00 00 00 00 00 00 00 00 00 00
[   27.997788] nvdla_blob 00000820: 00 00 00 00 00 00 00 00 00 00 00 00 00 00 00 00
[   27.998215] nvdla_blob 00000830: 00 00 00 00 00 00 00 00 00 00 00 00 00 00 00 00
[   27.998637] nvdla_blob 00000840: 00 00 00 00 00 00 00 00 00 00 00 00 00 00 00 00
[   27.998992] nvdla_blob 00000850: 00 00 00 00 00 00 00 00 00 00 00 00 00 00 00 00
[   27.999330] nvdla_blob 00000860: 00 00 00 00 00 00 00 00 00 00 00 00 00 00 00 00
[   28.000710] nvdla_blob 00000870: 00 00 00 00 00 00 00 00 00 00 00 00 00 00 00 00
[   28.001092] nvdla_blob 00000880: 00 00 00 00 00 00 00 00 00 00 00 00 00 00 00 00
[   28.001438] nvdla_blob 00000890: 00 00 00 00 00 00 00 00 00 00 00 00 00 00 00 00
[   28.001795] nvdla_blob 000008a0: 00 00 00 00 00 00 00 00 00 00 00 00 00 00 00 00
[   28.002139] nvdla_blob 000008b0: 00 00 00 00 00 00 00 00 00 00 00 00 00 00 00 00
[   28.002483] nvdla_blob 000008c0: 00 00 00 00 00 00 00 00 00 00 00 00 00 00 00 00
[   28.002837] nvdla_blob 000008d0: 00 00 00 00 00 00 00 00 00 00 00 00 00 00 00 00
[   28.003178] nvdla_blob 000008e0: 00 00 00 00 00 00 00 00 00 00 00 00 00 00 00 00
[   28.004533] nvdla_blob 000008f0: 00 00 00 00 00 00 00 00 00 00 00 00 00 00 00 00
[   28.004925] nvdla_blob 00000900: 00 00 00 00 00 00 00 00 00 00 00 00 00 00 00 00
[   28.005271] nvdla_blob 00000910: 00 00 00 00 00 00 00 00 00 00 00 00 00 00 00 00
[   28.005617] nvdla_blob 00000920: 00 00 00 00 00 00 00 00 00 00 00 00 00 00 00 00
[   28.006055] nvdla_blob 00000930: 00 00 00 00 00 00 00 00 00 00 00 00 00 00 00 00
[   28.006479] nvdla_blob 00000940: 00 00 00 00 00 00 00 00 00 00 00 00 00 00 00 00
[   28.006882] nvdla_blob 00000950: 00 00 00 00 00 00 00 00 00 00 00 00 00 00 00 00
[   28.007224] nvdla_blob 00000960: 00 00 00 00 00 00 00 00 00 00 00 00 00 00 00 00
[   28.008683] nvdla_blob 00000970: 00 00 00 00 00 00 00 00 00 00 00 00 00 00 00 00
[   28.009189] nvdla_blob 00000980: 00 00 00 00 00 00 00 00 00 00 00 00 00 00 00 00
[   28.009586] nvdla_blob 00000990: 00 00 00 00 00 00 00 00 00 00 00 00 00 00 00 00
[   28.010050] nvdla_blob 000009a0: 00 00 00 00 00 00 00 00 00 00 00 00 00 00 00 00
[   28.010606] nvdla_blob 000009b0: 00 00 00 00 00 00 00 00 00 00 00 00 00 00 00 00
[   28.011010] nvdla_blob 000009c0: 00 00 00 00 00 00 00 00 00 00 00 00 00 00 00 00
[   28.011390] nvdla_blob 000009d0: 00 00 00 00 00 00 00 00 00 00 00 00 00 00 00 00
[   28.013132] nvdla_blob 000009e0: 00 00 00 00 00 00 00 00 00 00 00 00 00 00 00 00
[   28.013483] nvdla_blob 000009f0: 00 00 00 00 00 00 00 00 00 00 00 00 00 00 00 00
[   28.013894] nvdla_blob 00000a00: 00 00 00 00 00 00 00 00 00 00 00 00 00 00 00 00
[   28.014319] nvdla_blob 00000a10: 00 00 00 00 00 00 00 00 00 00 00 00 00 00 00 00
[   28.014740] nvdla_blob 00000a20: 00 00 00 00 00 00 00 00 00 00 00 00 00 00 00 00
[   28.015085] nvdla_blob 00000a30: 00 00 00 00 00 00 00 00 00 00 00 00 00 00 00 00
[   28.016533] nvdla_blob 00000a40: 00 00 00 00 00 00 00 00 00 00 00 00 00 00 00 00
[   28.016919] nvdla_blob 00000a50: 00 00 00 00 00 00 00 00 00 00 00 00 00 00 00 00
[   28.017266] nvdla_blob 00000a60: 00 00 00 00 00 00 00 00 00 00 00 00 00 00 00 00
[   28.017610] nvdla_blob 00000a70: 00 00 00 00 00 00 00 00 00 00 00 00 00 00 00 00
[   28.018035] nvdla_blob 00000a80: 00 00 00 00 00 00 00 00 00 00 00 00 00 00 00 00
[   28.018459] nvdla_blob 00000a90: 00 00 00 00 00 00 00 00 00 00 00 00 00 00 00 00
[   28.018865] nvdla_blob 00000aa0: 00 00 00 00 00 00 00 00 00 00 00 00 00 00 00 00
[   28.019207] nvdla_blob 00000ab0: 00 00 00 00 00 00 00 00 00 00 00 00 00 00 00 00
[   28.020586] nvdla_blob 00000ac0: 00 00 00 00 00 00 00 00 00 00 00 00 00 00 00 00
[   28.020982] nvdla_blob 00000ad0: 00 00 00 00 00 00 00 00 00 00 00 00 00 00 00 00
[   28.021329] nvdla_blob 00000ae0: 00 00 00 00 00 00 00 00 00 00 00 00 00 00 00 00
[   28.021679] nvdla_blob 00000af0: 00 00 00 00 00 00 00 00 00 00 00 00 00 00 00 00
[   28.022107] nvdla_blob 00000b00: 00 00 00 00 00 00 00 00 00 00 00 00 00 00 00 00
[   28.022530] nvdla_blob 00000b10: 00 00 00 00 00 00 00 00 00 00 00 00 00 00 00 00
[   28.022916] nvdla_blob 00000b20: 00 00 00 00 00 00 00 00 00 00 00 00 00 00 00 00
[   28.023260] nvdla_blob 00000b30: 00 00 00 00 00 00 00 00 00 00 00 00 00 00 00 00
[   28.024693] nvdla_blob 00000b40: 00 00 00 00 00 00 00 00 00 00 00 00 00 00 00 00
[   28.025079] nvdla_blob 00000b50: 00 00 00 00 00 00 00 00 00 00 00 00 00 00 00 00
[   28.025424] nvdla_blob 00000b60: 00 00 00 00 00 00 00 00 00 00 00 00 00 00 00 00
[   28.025784] nvdla_blob 00000b70: 00 00 00 00 00 00 00 00 00 00 00 00 00 00 00 00
[   28.026206] nvdla_blob 00000b80: 00 00 00 00 00 00 00 00 00 00 00 00 00 00 00 00
[   28.026703] nvdla_blob 00000b90: 00 00 00 00 00 00 00 00 00 00 00 00 00 00 00 00
[   28.027222] nvdla_blob 00000ba0: 00 00 00 00 00 00 00 00 00 00 00 00 00 00 00 00
[   28.028835] nvdla_blob 00000bb0: 00 00 00 00 00 00 00 00 00 00 00 00 00 00 00 00
[   28.029183] nvdla_blob 00000bc0: 00 00 00 00 00 00 00 00 00 00 00 00 00 00 00 00
[   28.029524] nvdla_blob 00000bd0: 00 00 00 00 00 00 00 00 00 00 00 00 00 00 00 00
[   28.029878] nvdla_blob 00000be0: 00 00 00 00 00 00 00 00 00 00 00 00 00 00 00 00
[   28.030222] nvdla_blob 00000bf0: 00 00 00 00 00 00 00 00 00 00 00 00 00 00 00 00
[   28.030566] nvdla_blob 00000c00: 00 00 00 00 00 00 00 00 00 00 00 00 00 00 00 00
[   28.030921] nvdla_blob 00000c10: 00 00 00 00 00 00 00 00 00 00 00 00 00 00 00 00
[   28.031287] nvdla_blob 00000c20: 00 00 00 00 00 00 00 00 00 00 00 00 00 00 00 00
[   28.032670] nvdla_blob 00000c30: 00 00 00 00 00 00 00 00 00 00 00 00 00 00 00 00
[   28.033108] nvdla_blob 00000c40: 00 00 00 00 00 00 00 00 00 00 00 00 00 00 00 00
[   28.033535] nvdla_blob 00000c50: 00 00 00 00 00 00 00 00 00 00 00 00 00 00 00 00
[   28.033933] nvdla_blob 00000c60: 00 00 00 00 00 00 00 00 00 00 00 00 00 00 00 00
[   28.034277] nvdla_blob 00000c70: 00 00 00 00 00 00 00 00 00 00 00 00 00 00 00 00
[   28.034621] nvdla_blob 00000c80: 00 00 00 00 00 00 00 00 00 00 00 00 00 00 00 00
[   28.034978] nvdla_blob 00000c90: 00 00 00 00 00 00 00 00 00 00 00 00 00 00 00 00
[   28.035325] nvdla_blob 00000ca0: 00 00 00 00 00 00 00 00 00 00 00 00 00 00 00 00
[   28.036679] nvdla_blob 00000cb0: 00 00 00 00 00 00 00 00 00 00 00 00 00 00 00 00
[   28.037140] nvdla_blob 00000cc0: 00 00 00 00 00 00 00 00 00 00 00 00 00 00 00 00
[   28.037567] nvdla_blob 00000cd0: 00 00 00 00 00 00 00 00 00 00 00 00 00 00 00 00
[   28.037955] nvdla_blob 00000ce0: 00 00 00 00 00 00 00 00 00 00 00 00 00 00 00 00
[   28.038300] nvdla_blob 00000cf0: 00 00 00 00 00 00 00 00 00 00 00 00 00 00 00 00
[   28.038644] nvdla_blob 00000d00: 00 00 00 00 00 00 00 00 00 00 00 00 00 00 00 00
[   28.039001] nvdla_blob 00000d10: 00 00 00 00 00 00 00 00 00 00 00 00 00 00 00 00
[   28.039344] nvdla_blob 00000d20: 00 00 00 00 00 00 00 00 00 00 00 00 00 00 00 00
[   28.040783] nvdla_blob 00000d30: 00 00 00 00 00 00 00 00 00 00 00 00 00 00 00 00
[   28.041239] nvdla_blob 00000d40: 00 00 00 00 00 00 00 00 00 00 00 00 00 00 00 00
[   28.041670] nvdla_blob 00000d50: 00 00 00 00 00 00 00 00 00 00 00 00 00 00 00 00
[   28.042020] nvdla_blob 00000d60: 00 00 00 00 00 00 00 00 00 00 00 00 00 00 00 00
[   28.042369] nvdla_blob 00000d70: 00 00 00 00 00 00 00 00 00 00 00 00 00 00 00 00
[   28.042766] nvdla_blob 00000d80: 00 00 00 00 00 00 00 00 00 00 00 00 00 00 00 00
[   28.043150] nvdla_blob 00000d90: 00 00 00 00 00 00 00 00 00 00 00 00 00 00 00 00
[   28.044612] nvdla_blob 00000da0: 00 00 00 00 00 00 00 00 00 00 00 00 00 00 00 00
[   28.044976] nvdla_blob 00000db0: 00 00 00 00 00 00 00 00 00 00 00 00 00 00 00 00
[   28.045321] nvdla_blob 00000dc0: 00 00 00 00 00 00 00 00 00 00 00 00 00 00 00 00
[   28.045672] nvdla_blob 00000dd0: 00 00 00 00 00 00 00 00 00 00 00 00 00 00 00 00
[   28.046020] nvdla_blob 00000de0: 00 00 00 00 00 00 00 00 00 00 00 00 00 00 00 00
[   28.046363] nvdla_blob 00000df0: 00 00 00 00 00 00 00 00 00 00 00 00 00 00 00 00
[   28.046714] nvdla_blob 00000e00: 00 00 00 00 00 00 00 00 00 00 00 00 00 00 00 00
[   28.047062] nvdla_blob 00000e10: 00 00 00 00 00 00 00 00 00 00 00 00 00 00 00 00
[   28.048466] nvdla_blob 00000e20: 00 00 00 00 00 00 00 00 00 00 00 00 00 00 00 00
[   28.048848] nvdla_blob 00000e30: 00 00 00 00 00 00 00 00 00 00 00 00 00 00 00 00
[   28.049192] nvdla_blob 00000e40: 00 00 00 00 00 00 00 00 00 00 00 00 00 00 00 00
[   28.049540] nvdla_blob 00000e50: 00 00 00 00 00 00 00 00 00 00 00 00 00 00 00 00
[   28.049895] nvdla_blob 00000e60: 00 00 00 00 00 00 00 00 00 00 00 00 00 00 00 00
[   28.050240] nvdla_blob 00000e70: 00 00 00 00 00 00 00 00 00 00 00 00 00 00 00 00
[   28.050584] nvdla_blob 00000e80: 00 00 00 00 00 00 00 00 00 00 00 00 00 00 00 00
[   28.050940] nvdla_blob 00000e90: 00 00 00 00 00 00 00 00 00 00 00 00 00 00 00 00
[   28.051278] nvdla_blob 00000ea0: 00 00 00 00 00 00 00 00 00 00 00 00 00 00 00 00
[   28.052660] nvdla_blob 00000eb0: 00 00 00 00 00 00 00 00 00 00 00 00 00 00 00 00
[   28.053115] nvdla_blob 00000ec0: 00 00 00 00 00 00 00 00 00 00 00 00 00 00 00 00
[   28.053543] nvdla_blob 00000ed0: 00 00 00 00 00 00 00 00 00 00 00 00 00 00 00 00
[   28.053943] nvdla_blob 00000ee0: 00 00 00 00 00 00 00 00 00 00 00 00 00 00 00 00
[   28.054286] nvdla_blob 00000ef0: 00 00 00 00 00 00 00 00 00 00 00 00 00 00 00 00
[   28.054630] nvdla_blob 00000f00: 00 00 00 00 00 00 00 00 00 00 00 00 00 00 00 00
[   28.054985] nvdla_blob 00000f10: 00 00 00 00 00 00 00 00 00 00 00 00 00 00 00 00
[   28.055325] nvdla_blob 00000f20: 00 00 00 00 00 00 00 00 00 00 00 00 00 00 00 00
[   28.056769] nvdla_blob 00000f30: 00 00 00 00 00 00 00 00 00 00 00 00 00 00 00 00
[   28.057237] nvdla_blob 00000f40: 00 00 00 00 00 00 00 00 00 00 00 00 00 00 00 00
[   28.057669] nvdla_blob 00000f50: 00 00 00 00 00 00 00 00 00 00 00 00 00 00 00 00
[   28.058031] nvdla_blob 00000f60: 00 00 00 00 00 00 00 00 00 00 00 00 00 00 00 00
[   28.058375] nvdla_blob 00000f70: 00 00 00 00 00 00 00 00 00 00 00 00 00 00 00 00
[   28.058809] nvdla_blob 00000f80: 00 00 00 00 00 00 00 00 00 00 00 00 00 00 00 00
[   28.059433] nvdla_blob 00000f90: 00 00 00 00 00 00 00 00 00 00 00 00 00 00 00 00
[   28.061054] nvdla_blob 00000fa0: 00 00 00 00 00 00 00 00 00 00 00 00 00 00 00 00
[   28.061404] nvdla_blob 00000fb0: 00 00 00 00 00 00 00 00 00 00 00 00 00 00 00 00
[   28.061758] nvdla_blob 00000fc0: 00 00 00 00 00 00 00 00 00 00 00 00 00 00 00 00
[   28.062107] nvdla_blob 00000fd0: 00 00 00 00 00 00 00 00 00 00 00 00 00 00 00 00
[   28.062449] nvdla_blob 00000fe0: 00 00 00 00 00 00 00 00 00 00 00 00 00 00 00 00
[   28.062801] nvdla_blob 00000ff0: 00 00 00 00 00 00 00 00 00 00 00 00 00 00 00 00
[   28.062948] nvdla_blob[8] prime_fd=10 handle=7 size=4096 dma=0xc0006000 full_4096_bytes:
[   28.063312] nvdla_blob 00000000: 00 00 00 00 00 00 00 00 00 00 00 00 00 00 00 00
[   28.064719] nvdla_blob 00000010: 00 00 00 00 00 00 00 00 00 00 00 00 00 00 00 00
[   28.065147] nvdla_blob 00000020: 00 00 00 00 00 00 00 00 00 00 00 00 00 00 00 00
[   28.065568] nvdla_blob 00000030: 00 00 00 00 00 00 00 00 00 00 00 00 00 00 00 00
[   28.065946] nvdla_blob 00000040: 00 00 00 00 00 00 00 00 00 00 00 00 00 00 00 00
[   28.066287] nvdla_blob 00000050: 00 00 00 00 00 00 00 00 00 00 00 00 00 00 00 00
[   28.066629] nvdla_blob 00000060: 00 00 00 00 00 00 00 00 00 00 00 00 00 00 00 00
[   28.066978] nvdla_blob 00000070: 00 00 00 00 00 00 00 00 00 00 00 00 00 00 00 00
[   28.067314] nvdla_blob 00000080: 00 00 00 00 00 00 00 00 00 00 00 00 00 00 00 00
[   28.068639] nvdla_blob 00000090: 00 00 00 00 00 00 00 00 00 00 00 00 00 00 00 00
[   28.069099] nvdla_blob 000000a0: 00 00 00 00 00 00 00 00 00 00 00 00 00 00 00 00
[   28.069526] nvdla_blob 000000b0: 00 00 00 00 00 00 00 00 00 00 00 00 00 00 00 00
[   28.069924] nvdla_blob 000000c0: 00 00 00 00 00 00 00 00 00 00 00 00 00 00 00 00
[   28.070265] nvdla_blob 000000d0: 00 00 00 00 00 00 00 00 00 00 00 00 00 00 00 00
[   28.070608] nvdla_blob 000000e0: 00 00 00 00 00 00 00 00 00 00 00 00 00 00 00 00
[   28.070957] nvdla_blob 000000f0: 00 00 00 00 00 00 00 00 00 00 00 00 00 00 00 00
[   28.071295] nvdla_blob 00000100: 00 00 00 00 00 00 00 00 00 00 00 00 00 00 00 00
[   28.072723] nvdla_blob 00000110: 00 00 00 00 00 00 00 00 00 00 00 00 00 00 00 00
[   28.073188] nvdla_blob 00000120: 00 00 00 00 00 00 00 00 00 00 00 00 00 00 00 00
[   28.073616] nvdla_blob 00000130: 00 00 00 00 00 00 00 00 00 00 00 00 00 00 00 00
[   28.073994] nvdla_blob 00000140: 00 00 00 00 00 00 00 00 00 00 00 00 00 00 00 00
[   28.074338] nvdla_blob 00000150: 00 00 00 00 00 00 00 00 00 00 00 00 00 00 00 00
[   28.074685] nvdla_blob 00000160: 00 00 00 00 00 00 00 00 00 00 00 00 00 00 00 00
[   28.075028] nvdla_blob 00000170: 00 00 00 00 00 00 00 00 00 00 00 00 00 00 00 00
[   28.075363] nvdla_blob 00000180: 00 00 00 00 00 00 00 00 00 00 00 00 00 00 00 00
[   28.076719] nvdla_blob 00000190: 00 00 00 00 00 00 00 00 00 00 00 00 00 00 00 00
[   28.077174] nvdla_blob 000001a0: 00 00 00 00 00 00 00 00 00 00 00 00 00 00 00 00
[   28.077601] nvdla_blob 000001b0: 00 00 00 00 00 00 00 00 00 00 00 00 00 00 00 00
[   28.077989] nvdla_blob 000001c0: 00 00 00 00 00 00 00 00 00 00 00 00 00 00 00 00
[   28.078333] nvdla_blob 000001d0: 00 00 00 00 00 00 00 00 00 00 00 00 00 00 00 00
[   28.078685] nvdla_blob 000001e0: 00 00 00 00 00 00 00 00 00 00 00 00 00 00 00 00
[   28.079031] nvdla_blob 000001f0: 00 00 00 00 00 00 00 00 00 00 00 00 00 00 00 00
[   28.079368] nvdla_blob 00000200: 00 00 00 00 00 00 00 00 00 00 00 00 00 00 00 00
[   28.080702] nvdla_blob 00000210: 00 00 00 00 00 00 00 00 00 00 00 00 00 00 00 00
[   28.081157] nvdla_blob 00000220: 00 00 00 00 00 00 00 00 00 00 00 00 00 00 00 00
[   28.081580] nvdla_blob 00000230: 00 00 00 00 00 00 00 00 00 00 00 00 00 00 00 00
[   28.081971] nvdla_blob 00000240: 00 00 00 00 00 00 00 00 00 00 00 00 00 00 00 00
[   28.082313] nvdla_blob 00000250: 00 00 00 00 00 00 00 00 00 00 00 00 00 00 00 00
[   28.082666] nvdla_blob 00000260: 00 00 00 00 00 00 00 00 00 00 00 00 00 00 00 00
[   28.083012] nvdla_blob 00000270: 00 00 00 00 00 00 00 00 00 00 00 00 00 00 00 00
[   28.083349] nvdla_blob 00000280: 00 00 00 00 00 00 00 00 00 00 00 00 00 00 00 00
[   28.084677] nvdla_blob 00000290: 00 00 00 00 00 00 00 00 00 00 00 00 00 00 00 00
[   28.085059] nvdla_blob 000002a0: 00 00 00 00 00 00 00 00 00 00 00 00 00 00 00 00
[   28.085405] nvdla_blob 000002b0: 00 00 00 00 00 00 00 00 00 00 00 00 00 00 00 00
[   28.085754] nvdla_blob 000002c0: 00 00 00 00 00 00 00 00 00 00 00 00 00 00 00 00
[   28.086101] nvdla_blob 000002d0: 00 00 00 00 00 00 00 00 00 00 00 00 00 00 00 00
[   28.086443] nvdla_blob 000002e0: 00 00 00 00 00 00 00 00 00 00 00 00 00 00 00 00
[   28.086795] nvdla_blob 000002f0: 00 00 00 00 00 00 00 00 00 00 00 00 00 00 00 00
[   28.087137] nvdla_blob 00000300: 00 00 00 00 00 00 00 00 00 00 00 00 00 00 00 00
[   28.088684] nvdla_blob 00000310: 00 00 00 00 00 00 00 00 00 00 00 00 00 00 00 00
[   28.089080] nvdla_blob 00000320: 00 00 00 00 00 00 00 00 00 00 00 00 00 00 00 00
[   28.089427] nvdla_blob 00000330: 00 00 00 00 00 00 00 00 00 00 00 00 00 00 00 00
[   28.089780] nvdla_blob 00000340: 00 00 00 00 00 00 00 00 00 00 00 00 00 00 00 00
[   28.090126] nvdla_blob 00000350: 00 00 00 00 00 00 00 00 00 00 00 00 00 00 00 00
[   28.090474] nvdla_blob 00000360: 00 00 00 00 00 00 00 00 00 00 00 00 00 00 00 00
[   28.090824] nvdla_blob 00000370: 00 00 00 00 00 00 00 00 00 00 00 00 00 00 00 00
[   28.091193] nvdla_blob 00000380: 00 00 00 00 00 00 00 00 00 00 00 00 00 00 00 00
[   28.092707] nvdla_blob 00000390: 00 00 00 00 00 00 00 00 00 00 00 00 00 00 00 00
[   28.093055] nvdla_blob 000003a0: 00 00 00 00 00 00 00 00 00 00 00 00 00 00 00 00
[   28.093398] nvdla_blob 000003b0: 00 00 00 00 00 00 00 00 00 00 00 00 00 00 00 00
[   28.093766] nvdla_blob 000003c0: 00 00 00 00 00 00 00 00 00 00 00 00 00 00 00 00
[   28.094880] nvdla_blob 000003d0: 00 00 00 00 00 00 00 00 00 00 00 00 00 00 00 00
[   28.095354] nvdla_blob 000003e0: 00 00 00 00 00 00 00 00 00 00 00 00 00 00 00 00
[   28.096866] nvdla_blob 000003f0: 00 00 00 00 00 00 00 00 00 00 00 00 00 00 00 00
[   28.097212] nvdla_blob 00000400: 00 00 00 00 00 00 00 00 00 00 00 00 00 00 00 00
[   28.097554] nvdla_blob 00000410: 00 00 00 00 00 00 00 00 00 00 00 00 00 00 00 00
[   28.097927] nvdla_blob 00000420: 00 00 00 00 00 00 00 00 00 00 00 00 00 00 00 00
[   28.098351] nvdla_blob 00000430: 00 00 00 00 00 00 00 00 00 00 00 00 00 00 00 00
[   28.098784] nvdla_blob 00000440: 00 00 00 00 00 00 00 00 00 00 00 00 00 00 00 00
[   28.099144] nvdla_blob 00000450: 00 00 00 00 00 00 00 00 00 00 00 00 00 00 00 00
[   28.100463] nvdla_blob 00000460: 00 00 00 00 00 00 00 00 00 00 00 00 00 00 00 00
[   28.100820] nvdla_blob 00000470: 00 00 00 00 00 00 00 00 00 00 00 00 00 00 00 00
[   28.101168] nvdla_blob 00000480: 00 00 00 00 00 00 00 00 00 00 00 00 00 00 00 00
[   28.101511] nvdla_blob 00000490: 00 00 00 00 00 00 00 00 00 00 00 00 00 00 00 00
[   28.101861] nvdla_blob 000004a0: 00 00 00 00 00 00 00 00 00 00 00 00 00 00 00 00
[   28.102208] nvdla_blob 000004b0: 00 00 00 00 00 00 00 00 00 00 00 00 00 00 00 00
[   28.102550] nvdla_blob 000004c0: 00 00 00 00 00 00 00 00 00 00 00 00 00 00 00 00
[   28.102902] nvdla_blob 000004d0: 00 00 00 00 00 00 00 00 00 00 00 00 00 00 00 00
[   28.103245] nvdla_blob 000004e0: 00 00 00 00 00 00 00 00 00 00 00 00 00 00 00 00
[   28.104639] nvdla_blob 000004f0: 00 00 00 00 00 00 00 00 00 00 00 00 00 00 00 00
[   28.105025] nvdla_blob 00000500: 00 00 00 00 00 00 00 00 00 00 00 00 00 00 00 00
[   28.105368] nvdla_blob 00000510: 00 00 00 00 00 00 00 00 00 00 00 00 00 00 00 00
[   28.105715] nvdla_blob 00000520: 00 00 00 00 00 00 00 00 00 00 00 00 00 00 00 00
[   28.106057] nvdla_blob 00000530: 00 00 00 00 00 00 00 00 00 00 00 00 00 00 00 00
[   28.106401] nvdla_blob 00000540: 00 00 00 00 00 00 00 00 00 00 00 00 00 00 00 00
[   28.106753] nvdla_blob 00000550: 00 00 00 00 00 00 00 00 00 00 00 00 00 00 00 00
[   28.107099] nvdla_blob 00000560: 00 00 00 00 00 00 00 00 00 00 00 00 00 00 00 00
[   28.108567] nvdla_blob 00000570: 00 00 00 00 00 00 00 00 00 00 00 00 00 00 00 00
[   28.108959] nvdla_blob 00000580: 00 00 00 00 00 00 00 00 00 00 00 00 00 00 00 00
[   28.109303] nvdla_blob 00000590: 00 00 00 00 00 00 00 00 00 00 00 00 00 00 00 00
[   28.109646] nvdla_blob 000005a0: 00 00 00 00 00 00 00 00 00 00 00 00 00 00 00 00
[   28.110000] nvdla_blob 000005b0: 00 00 00 00 00 00 00 00 00 00 00 00 00 00 00 00
[   28.110343] nvdla_blob 000005c0: 00 00 00 00 00 00 00 00 00 00 00 00 00 00 00 00
[   28.110698] nvdla_blob 000005d0: 00 00 00 00 00 00 00 00 00 00 00 00 00 00 00 00
[   28.111040] nvdla_blob 000005e0: 00 00 00 00 00 00 00 00 00 00 00 00 00 00 00 00
[   28.112408] nvdla_blob 000005f0: 00 00 00 00 00 00 00 00 00 00 00 00 00 00 00 00
[   28.112795] nvdla_blob 00000600: 00 00 00 00 00 00 00 00 00 00 00 00 00 00 00 00
[   28.113143] nvdla_blob 00000610: 00 00 00 00 00 00 00 00 00 00 00 00 00 00 00 00
[   28.113487] nvdla_blob 00000620: 00 00 00 00 00 00 00 00 00 00 00 00 00 00 00 00
[   28.113838] nvdla_blob 00000630: 00 00 00 00 00 00 00 00 00 00 00 00 00 00 00 00
[   28.114186] nvdla_blob 00000640: 00 00 00 00 00 00 00 00 00 00 00 00 00 00 00 00
[   28.114528] nvdla_blob 00000650: 00 00 00 00 00 00 00 00 00 00 00 00 00 00 00 00
[   28.114894] nvdla_blob 00000660: 00 00 00 00 00 00 00 00 00 00 00 00 00 00 00 00
[   28.115241] nvdla_blob 00000670: 00 00 00 00 00 00 00 00 00 00 00 00 00 00 00 00
[   28.116662] nvdla_blob 00000680: 00 00 00 00 00 00 00 00 00 00 00 00 00 00 00 00
[   28.117043] nvdla_blob 00000690: 00 00 00 00 00 00 00 00 00 00 00 00 00 00 00 00
[   28.117386] nvdla_blob 000006a0: 00 00 00 00 00 00 00 00 00 00 00 00 00 00 00 00
[   28.117738] nvdla_blob 000006b0: 00 00 00 00 00 00 00 00 00 00 00 00 00 00 00 00
[   28.118083] nvdla_blob 000006c0: 00 00 00 00 00 00 00 00 00 00 00 00 00 00 00 00
[   28.118424] nvdla_blob 000006d0: 00 00 00 00 00 00 00 00 00 00 00 00 00 00 00 00
[   28.118773] nvdla_blob 000006e0: 00 00 00 00 00 00 00 00 00 00 00 00 00 00 00 00
[   28.119115] nvdla_blob 000006f0: 00 00 00 00 00 00 00 00 00 00 00 00 00 00 00 00
[   28.120470] nvdla_blob 00000700: 00 00 00 00 00 00 00 00 00 00 00 00 00 00 00 00
[   28.120851] nvdla_blob 00000710: 00 00 00 00 00 00 00 00 00 00 00 00 00 00 00 00
[   28.121201] nvdla_blob 00000720: 00 00 00 00 00 00 00 00 00 00 00 00 00 00 00 00
[   28.121543] nvdla_blob 00000730: 00 00 00 00 00 00 00 00 00 00 00 00 00 00 00 00
[   28.121896] nvdla_blob 00000740: 00 00 00 00 00 00 00 00 00 00 00 00 00 00 00 00
[   28.122242] nvdla_blob 00000750: 00 00 00 00 00 00 00 00 00 00 00 00 00 00 00 00
[   28.122584] nvdla_blob 00000760: 00 00 00 00 00 00 00 00 00 00 00 00 00 00 00 00
[   28.122939] nvdla_blob 00000770: 00 00 00 00 00 00 00 00 00 00 00 00 00 00 00 00
[   28.123278] nvdla_blob 00000780: 00 00 00 00 00 00 00 00 00 00 00 00 00 00 00 00
[   28.124757] nvdla_blob 00000790: 00 00 00 00 00 00 00 00 00 00 00 00 00 00 00 00
[   28.125139] nvdla_blob 000007a0: 00 00 00 00 00 00 00 00 00 00 00 00 00 00 00 00
[   28.125481] nvdla_blob 000007b0: 00 00 00 00 00 00 00 00 00 00 00 00 00 00 00 00
[   28.125834] nvdla_blob 000007c0: 00 00 00 00 00 00 00 00 00 00 00 00 00 00 00 00
[   28.126262] nvdla_blob 000007d0: 00 00 00 00 00 00 00 00 00 00 00 00 00 00 00 00
[   28.126780] nvdla_blob 000007e0: 00 00 00 00 00 00 00 00 00 00 00 00 00 00 00 00
[   28.127132] nvdla_blob 000007f0: 00 00 00 00 00 00 00 00 00 00 00 00 00 00 00 00
[   28.128918] nvdla_blob 00000800: 00 00 00 00 00 00 00 00 00 00 00 00 00 00 00 00
[   28.129319] nvdla_blob 00000810: 00 00 00 00 00 00 00 00 00 00 00 00 00 00 00 00
[   28.129669] nvdla_blob 00000820: 00 00 00 00 00 00 00 00 00 00 00 00 00 00 00 00
[   28.130013] nvdla_blob 00000830: 00 00 00 00 00 00 00 00 00 00 00 00 00 00 00 00
[   28.130354] nvdla_blob 00000840: 00 00 00 00 00 00 00 00 00 00 00 00 00 00 00 00
[   28.130702] nvdla_blob 00000850: 00 00 00 00 00 00 00 00 00 00 00 00 00 00 00 00
[   28.131046] nvdla_blob 00000860: 00 00 00 00 00 00 00 00 00 00 00 00 00 00 00 00
[   28.132400] nvdla_blob 00000870: 00 00 00 00 00 00 00 00 00 00 00 00 00 00 00 00
[   28.132781] nvdla_blob 00000880: 00 00 00 00 00 00 00 00 00 00 00 00 00 00 00 00
[   28.133128] nvdla_blob 00000890: 00 00 00 00 00 00 00 00 00 00 00 00 00 00 00 00
[   28.133469] nvdla_blob 000008a0: 00 00 00 00 00 00 00 00 00 00 00 00 00 00 00 00
[   28.133824] nvdla_blob 000008b0: 00 00 00 00 00 00 00 00 00 00 00 00 00 00 00 00
[   28.134170] nvdla_blob 000008c0: 00 00 00 00 00 00 00 00 00 00 00 00 00 00 00 00
[   28.134508] nvdla_blob 000008d0: 00 00 00 00 00 00 00 00 00 00 00 00 00 00 00 00
[   28.134859] nvdla_blob 000008e0: 00 00 00 00 00 00 00 00 00 00 00 00 00 00 00 00
[   28.135199] nvdla_blob 000008f0: 00 00 00 00 00 00 00 00 00 00 00 00 00 00 00 00
[   28.136607] nvdla_blob 00000900: 00 00 00 00 00 00 00 00 00 00 00 00 00 00 00 00
[   28.136990] nvdla_blob 00000910: 00 00 00 00 00 00 00 00 00 00 00 00 00 00 00 00
[   28.137331] nvdla_blob 00000920: 00 00 00 00 00 00 00 00 00 00 00 00 00 00 00 00
[   28.137674] nvdla_blob 00000930: 00 00 00 00 00 00 00 00 00 00 00 00 00 00 00 00
[   28.138017] nvdla_blob 00000940: 00 00 00 00 00 00 00 00 00 00 00 00 00 00 00 00
[   28.138364] nvdla_blob 00000950: 00 00 00 00 00 00 00 00 00 00 00 00 00 00 00 00
[   28.138728] nvdla_blob 00000960: 00 00 00 00 00 00 00 00 00 00 00 00 00 00 00 00
[   28.139076] nvdla_blob 00000970: 00 00 00 00 00 00 00 00 00 00 00 00 00 00 00 00
[   28.140566] nvdla_blob 00000980: 00 00 00 00 00 00 00 00 00 00 00 00 00 00 00 00
[   28.140949] nvdla_blob 00000990: 00 00 00 00 00 00 00 00 00 00 00 00 00 00 00 00
[   28.141300] nvdla_blob 000009a0: 00 00 00 00 00 00 00 00 00 00 00 00 00 00 00 00
[   28.141643] nvdla_blob 000009b0: 00 00 00 00 00 00 00 00 00 00 00 00 00 00 00 00
[   28.141999] nvdla_blob 000009c0: 00 00 00 00 00 00 00 00 00 00 00 00 00 00 00 00
[   28.142344] nvdla_blob 000009d0: 00 00 00 00 00 00 00 00 00 00 00 00 00 00 00 00
[   28.142831] nvdla_blob 000009e0: 00 00 00 00 00 00 00 00 00 00 00 00 00 00 00 00
[   28.143354] nvdla_blob 000009f0: 00 00 00 00 00 00 00 00 00 00 00 00 00 00 00 00
[   28.144862] nvdla_blob 00000a00: 00 00 00 00 00 00 00 00 00 00 00 00 00 00 00 00
[   28.145225] nvdla_blob 00000a10: 00 00 00 00 00 00 00 00 00 00 00 00 00 00 00 00
[   28.145566] nvdla_blob 00000a20: 00 00 00 00 00 00 00 00 00 00 00 00 00 00 00 00
[   28.145913] nvdla_blob 00000a30: 00 00 00 00 00 00 00 00 00 00 00 00 00 00 00 00
[   28.146255] nvdla_blob 00000a40: 00 00 00 00 00 00 00 00 00 00 00 00 00 00 00 00
[   28.146597] nvdla_blob 00000a50: 00 00 00 00 00 00 00 00 00 00 00 00 00 00 00 00
[   28.146993] nvdla_blob 00000a60: 00 00 00 00 00 00 00 00 00 00 00 00 00 00 00 00
[   28.147369] nvdla_blob 00000a70: 00 00 00 00 00 00 00 00 00 00 00 00 00 00 00 00
[   28.149003] nvdla_blob 00000a80: 00 00 00 00 00 00 00 00 00 00 00 00 00 00 00 00
[   28.149355] nvdla_blob 00000a90: 00 00 00 00 00 00 00 00 00 00 00 00 00 00 00 00
[   28.149932] nvdla_blob 00000aa0: 00 00 00 00 00 00 00 00 00 00 00 00 00 00 00 00
[   28.150300] nvdla_blob 00000ab0: 00 00 00 00 00 00 00 00 00 00 00 00 00 00 00 00
[   28.150644] nvdla_blob 00000ac0: 00 00 00 00 00 00 00 00 00 00 00 00 00 00 00 00
[   28.150999] nvdla_blob 00000ad0: 00 00 00 00 00 00 00 00 00 00 00 00 00 00 00 00
[   28.152557] nvdla_blob 00000ae0: 00 00 00 00 00 00 00 00 00 00 00 00 00 00 00 00
[   28.152959] nvdla_blob 00000af0: 00 00 00 00 00 00 00 00 00 00 00 00 00 00 00 00
[   28.153308] nvdla_blob 00000b00: 00 00 00 00 00 00 00 00 00 00 00 00 00 00 00 00
[   28.153646] nvdla_blob 00000b10: 00 00 00 00 00 00 00 00 00 00 00 00 00 00 00 00
[   28.153999] nvdla_blob 00000b20: 00 00 00 00 00 00 00 00 00 00 00 00 00 00 00 00
[   28.154341] nvdla_blob 00000b30: 00 00 00 00 00 00 00 00 00 00 00 00 00 00 00 00
[   28.154690] nvdla_blob 00000b40: 00 00 00 00 00 00 00 00 00 00 00 00 00 00 00 00
[   28.155032] nvdla_blob 00000b50: 00 00 00 00 00 00 00 00 00 00 00 00 00 00 00 00
[   28.156496] nvdla_blob 00000b60: 00 00 00 00 00 00 00 00 00 00 00 00 00 00 00 00
[   28.156884] nvdla_blob 00000b70: 00 00 00 00 00 00 00 00 00 00 00 00 00 00 00 00
[   28.157226] nvdla_blob 00000b80: 00 00 00 00 00 00 00 00 00 00 00 00 00 00 00 00
[   28.157568] nvdla_blob 00000b90: 00 00 00 00 00 00 00 00 00 00 00 00 00 00 00 00
[   28.157915] nvdla_blob 00000ba0: 00 00 00 00 00 00 00 00 00 00 00 00 00 00 00 00
[   28.158263] nvdla_blob 00000bb0: 00 00 00 00 00 00 00 00 00 00 00 00 00 00 00 00
[   28.158603] nvdla_blob 00000bc0: 00 00 00 00 00 00 00 00 00 00 00 00 00 00 00 00
[   28.158958] nvdla_blob 00000bd0: 00 00 00 00 00 00 00 00 00 00 00 00 00 00 00 00
[   28.159494] nvdla_blob 00000be0: 00 00 00 00 00 00 00 00 00 00 00 00 00 00 00 00
[   28.160933] nvdla_blob 00000bf0: 00 00 00 00 00 00 00 00 00 00 00 00 00 00 00 00
[   28.161283] nvdla_blob 00000c00: 00 00 00 00 00 00 00 00 00 00 00 00 00 00 00 00
[   28.161626] nvdla_blob 00000c10: 00 00 00 00 00 00 00 00 00 00 00 00 00 00 00 00
[   28.162036] nvdla_blob 00000c20: 00 00 00 00 00 00 00 00 00 00 00 00 00 00 00 00
[   28.162512] nvdla_blob 00000c30: 00 00 00 00 00 00 00 00 00 00 00 00 00 00 00 00
[   28.162961] nvdla_blob 00000c40: 00 00 00 00 00 00 00 00 00 00 00 00 00 00 00 00
[   28.164069] nvdla_blob 00000c50: 00 00 00 00 00 00 00 00 00 00 00 00 00 00 00 00
[   28.165957] nvdla_blob 00000c60: 00 00 00 00 00 00 00 00 00 00 00 00 00 00 00 00
[   28.166321] nvdla_blob 00000c70: 00 00 00 00 00 00 00 00 00 00 00 00 00 00 00 00
[   28.166675] nvdla_blob 00000c80: 00 00 00 00 00 00 00 00 00 00 00 00 00 00 00 00
[   28.167022] nvdla_blob 00000c90: 00 00 00 00 00 00 00 00 00 00 00 00 00 00 00 00
[   28.168418] nvdla_blob 00000ca0: 00 00 00 00 00 00 00 00 00 00 00 00 00 00 00 00
[   28.168827] nvdla_blob 00000cb0: 00 00 00 00 00 00 00 00 00 00 00 00 00 00 00 00
[   28.169168] nvdla_blob 00000cc0: 00 00 00 00 00 00 00 00 00 00 00 00 00 00 00 00
[   28.169511] nvdla_blob 00000cd0: 00 00 00 00 00 00 00 00 00 00 00 00 00 00 00 00
[   28.169863] nvdla_blob 00000ce0: 00 00 00 00 00 00 00 00 00 00 00 00 00 00 00 00
[   28.170203] nvdla_blob 00000cf0: 00 00 00 00 00 00 00 00 00 00 00 00 00 00 00 00
[   28.170545] nvdla_blob 00000d00: 00 00 00 00 00 00 00 00 00 00 00 00 00 00 00 00
[   28.170898] nvdla_blob 00000d10: 00 00 00 00 00 00 00 00 00 00 00 00 00 00 00 00
[   28.171240] nvdla_blob 00000d20: 00 00 00 00 00 00 00 00 00 00 00 00 00 00 00 00
[   28.172788] nvdla_blob 00000d30: 00 00 00 00 00 00 00 00 00 00 00 00 00 00 00 00
[   28.173171] nvdla_blob 00000d40: 00 00 00 00 00 00 00 00 00 00 00 00 00 00 00 00
[   28.173519] nvdla_blob 00000d50: 00 00 00 00 00 00 00 00 00 00 00 00 00 00 00 00
[   28.173872] nvdla_blob 00000d60: 00 00 00 00 00 00 00 00 00 00 00 00 00 00 00 00
[   28.174221] nvdla_blob 00000d70: 00 00 00 00 00 00 00 00 00 00 00 00 00 00 00 00
[   28.174568] nvdla_blob 00000d80: 00 00 00 00 00 00 00 00 00 00 00 00 00 00 00 00
[   28.174918] nvdla_blob 00000d90: 00 00 00 00 00 00 00 00 00 00 00 00 00 00 00 00
[   28.175260] nvdla_blob 00000da0: 00 00 00 00 00 00 00 00 00 00 00 00 00 00 00 00
[   28.176615] nvdla_blob 00000db0: 00 00 00 00 00 00 00 00 00 00 00 00 00 00 00 00
[   28.176993] nvdla_blob 00000dc0: 00 00 00 00 00 00 00 00 00 00 00 00 00 00 00 00
[   28.177342] nvdla_blob 00000dd0: 00 00 00 00 00 00 00 00 00 00 00 00 00 00 00 00
[   28.177873] nvdla_blob 00000de0: 00 00 00 00 00 00 00 00 00 00 00 00 00 00 00 00
[   28.178254] nvdla_blob 00000df0: 00 00 00 00 00 00 00 00 00 00 00 00 00 00 00 00
[   28.178643] nvdla_blob 00000e00: 00 00 00 00 00 00 00 00 00 00 00 00 00 00 00 00
[   28.179059] nvdla_blob 00000e10: 00 00 00 00 00 00 00 00 00 00 00 00 00 00 00 00
[   28.180712] nvdla_blob 00000e20: 00 00 00 00 00 00 00 00 00 00 00 00 00 00 00 00
[   28.181104] nvdla_blob 00000e30: 00 00 00 00 00 00 00 00 00 00 00 00 00 00 00 00
[   28.181451] nvdla_blob 00000e40: 00 00 00 00 00 00 00 00 00 00 00 00 00 00 00 00
[   28.181805] nvdla_blob 00000e50: 00 00 00 00 00 00 00 00 00 00 00 00 00 00 00 00
[   28.182150] nvdla_blob 00000e60: 00 00 00 00 00 00 00 00 00 00 00 00 00 00 00 00
[   28.182494] nvdla_blob 00000e70: 00 00 00 00 00 00 00 00 00 00 00 00 00 00 00 00
[   28.182848] nvdla_blob 00000e80: 00 00 00 00 00 00 00 00 00 00 00 00 00 00 00 00
[   28.183190] nvdla_blob 00000e90: 00 00 00 00 00 00 00 00 00 00 00 00 00 00 00 00
[   28.184552] nvdla_blob 00000ea0: 00 00 00 00 00 00 00 00 00 00 00 00 00 00 00 00
[   28.184936] nvdla_blob 00000eb0: 00 00 00 00 00 00 00 00 00 00 00 00 00 00 00 00
[   28.185285] nvdla_blob 00000ec0: 00 00 00 00 00 00 00 00 00 00 00 00 00 00 00 00
[   28.185628] nvdla_blob 00000ed0: 00 00 00 00 00 00 00 00 00 00 00 00 00 00 00 00
[   28.185984] nvdla_blob 00000ee0: 00 00 00 00 00 00 00 00 00 00 00 00 00 00 00 00
[   28.186330] nvdla_blob 00000ef0: 00 00 00 00 00 00 00 00 00 00 00 00 00 00 00 00
[   28.186697] nvdla_blob 00000f00: 00 00 00 00 00 00 00 00 00 00 00 00 00 00 00 00
[   28.187045] nvdla_blob 00000f10: 00 00 00 00 00 00 00 00 00 00 00 00 00 00 00 00
[   28.188497] nvdla_blob 00000f20: 00 00 00 00 00 00 00 00 00 00 00 00 00 00 00 00
[   28.188880] nvdla_blob 00000f30: 00 00 00 00 00 00 00 00 00 00 00 00 00 00 00 00
[   28.189228] nvdla_blob 00000f40: 00 00 00 00 00 00 00 00 00 00 00 00 00 00 00 00
[   28.189571] nvdla_blob 00000f50: 00 00 00 00 00 00 00 00 00 00 00 00 00 00 00 00
[   28.189921] nvdla_blob 00000f60: 00 00 00 00 00 00 00 00 00 00 00 00 00 00 00 00
[   28.190267] nvdla_blob 00000f70: 00 00 00 00 00 00 00 00 00 00 00 00 00 00 00 00
[   28.190611] nvdla_blob 00000f80: 00 00 00 00 00 00 00 00 00 00 00 00 00 00 00 00
[   28.190964] nvdla_blob 00000f90: 00 00 00 00 00 00 00 00 00 00 00 00 00 00 00 00
[   28.191305] nvdla_blob 00000fa0: 00 00 00 00 00 00 00 00 00 00 00 00 00 00 00 00
[   28.192724] nvdla_blob 00000fb0: 00 00 00 00 00 00 00 00 00 00 00 00 00 00 00 00
[   28.193099] nvdla_blob 00000fc0: 00 00 00 00 00 00 00 00 00 00 00 00 00 00 00 00
[   28.193445] nvdla_blob 00000fd0: 00 00 00 00 00 00 00 00 00 00 00 00 00 00 00 00
[   28.193795] nvdla_blob 00000fe0: 00 00 00 00 00 00 00 00 00 00 00 00 00 00 00 00
[   28.194141] nvdla_blob 00000ff0: 00 00 00 00 00 00 00 00 00 00 00 00 00 00 00 00
[   28.194371] Enter:dla_read_network_config
[   28.195245] Exit:dla_read_network_config status=0
[   28.195482] Enter: dla_initiate_processors
[   28.197908] Enter: dla_submit_operation
[   28.198052] Prepare Convolution operation index 0 ROI 0 dep_count 1
[   28.198160] Enter: dla_prepare_operation
[   28.198435] processor:Convolution group:0, rdma_group:0 available
[   28.198572] Enter: dla_read_config
[   28.202853] Exit: dla_read_config
[   28.202989] Exit: dla_prepare_operation status=0
[   28.203108] Enter: dla_program_operation
[   28.203896] Program Convolution operation index 0 ROI 0 Group[0]
[   28.204069] nvdla_reg_write offset=0x00009004 value=0x00000000
[   28.204254] nvdla_reg_write offset=0x00007004 value=0x00000000
[   28.204414] nvdla_reg_write offset=0x00008004 value=0x00000000
[   28.204559] nvdla_reg_write offset=0x00006004 value=0x00000000
[   28.204721] nvdla_reg_write offset=0x00005004 value=0x00000000
[   28.205002] nvdla_dma_address index=1 handle=5 offset=0x0 dma=0xc0001000 ret=0
[   28.205181] nvdla_dma_address index=2 handle=11 offset=0x0 dma=0xc0007000 ret=0
[   28.205542] nvdla_reg_write offset=0x0000900c value=0x00002000
[   28.205676] nvdla_reg_write offset=0x00009010 value=0x00000000
[   28.205799] nvdla_reg_write offset=0x00009014 value=0x00000000
[   28.205921] nvdla_reg_write offset=0x00009018 value=0x00000000
[   28.206041] nvdla_reg_write offset=0x0000901c value=0x00000000
[   28.206163] nvdla_reg_write offset=0x00009020 value=0x00000020
[   28.206284] nvdla_reg_write offset=0x00009024 value=0x00000020
[   28.206415] nvdla_reg_write offset=0x00009028 value=0x00010001
[   28.206540] nvdla_reg_write offset=0x0000902c value=0x00000000
[   28.206675] nvdla_reg_write offset=0x0000700c value=0x00002000
[   28.206797] nvdla_reg_write offset=0x0000800c value=0x00002000
[   28.206926] nvdla_reg_write offset=0x0000600c value=0x00002200
[   28.207052] nvdla_reg_write offset=0x00006010 value=0x00000000
[   28.207203] nvdla_reg_write offset=0x00006014 value=0x00000000
[   28.209699] nvdla_reg_write offset=0x00006018 value=0x00000007
[   28.209855] nvdla_reg_write offset=0x0000601c value=0x00000000
[   28.210004] nvdla_reg_write offset=0x00006020 value=0x00000000
[   28.210184] nvdla_reg_write offset=0x00006024 value=0x00000000
[   28.210369] nvdla_reg_write offset=0x00006028 value=0x00000000
[   28.210554] nvdla_reg_write offset=0x0000602c value=0x00000000
[   28.210747] nvdla_reg_write offset=0x00006030 value=0x00000007
[   28.210921] nvdla_reg_write offset=0x00006034 value=0x00000080
[   28.211057] nvdla_reg_write offset=0x00006038 value=0x00000000
[   28.212515] nvdla_reg_write offset=0x0000603c value=0x00000000
[   28.212801] nvdla_reg_write offset=0x00006040 value=0x00000000
[   28.212956] nvdla_reg_write offset=0x00006044 value=0x00000000
[   28.213101] nvdla_reg_write offset=0x00006048 value=0x00000000
[   28.213278] nvdla_reg_write offset=0x0000604c value=0x00000000
[   28.213430] nvdla_reg_write offset=0x00006050 value=0x00000000
[   28.213573] nvdla_reg_write offset=0x00006054 value=0x00000000
[   28.213704] nvdla_reg_write offset=0x00006058 value=0x00000000
[   28.213830] nvdla_reg_write offset=0x0000605c value=0x00000000
[   28.213952] nvdla_reg_write offset=0x00006060 value=0x00000000
[   28.214087] nvdla_reg_write offset=0x00005014 value=0x00002200
[   28.214259] nvdla_reg_write offset=0x00005018 value=0x00000000
[   28.214408] nvdla_reg_write offset=0x0000501c value=0x00000000
[   28.214536] nvdla_reg_write offset=0x00005020 value=0x00000007
[   28.214695] nvdla_reg_write offset=0x00005024 value=0x00000000
[   28.214846] nvdla_reg_write offset=0x0000502c value=0x00000001
[   28.214993] nvdla_reg_write offset=0x00005030 value=0x00000000
[   28.215116] nvdla_reg_write offset=0x00005034 value=0xc0007000
[   28.217405] nvdla_reg_write offset=0x00005038 value=0x00000000
[   28.217605] nvdla_reg_write offset=0x0000503c value=0xc0007000
[   28.217772] nvdla_reg_write offset=0x00005040 value=0x00000020
[   28.217925] nvdla_reg_write offset=0x00005048 value=0x00000020
[   28.218071] nvdla_reg_write offset=0x00005044 value=0x00000000
[   28.218270] nvdla_reg_write offset=0x0000504c value=0x00010001
[   28.218455] nvdla_reg_write offset=0x00005058 value=0x00000000
[   28.218593] nvdla_reg_write offset=0x0000505c value=0x00000000
[   28.218783] nvdla_reg_write offset=0x00005060 value=0x00000000
[   28.218968] nvdla_reg_write offset=0x00005064 value=0x00000000
[   28.219149] nvdla_reg_write offset=0x00005068 value=0x00000000
[   28.220708] nvdla_reg_write offset=0x0000506c value=0x0000000f
[   28.220921] nvdla_reg_write offset=0x00005070 value=0x00000000
[   28.221076] nvdla_reg_write offset=0x00005074 value=0x00000001
[   28.221228] nvdla_reg_write offset=0x00005078 value=0x00000000
[   28.221373] nvdla_reg_write offset=0x0000507c value=0xc0001000
[   28.221494] nvdla_reg_write offset=0x00005080 value=0x00000080
[   28.221628] nvdla_reg_write offset=0x00005098 value=0x00000000
[   28.221800] nvdla_reg_write offset=0x000050a4 value=0x00000000
[   28.221960] nvdla_reg_write offset=0x000050b0 value=0x00000000
[   28.222089] nvdla_reg_write offset=0x000050b4 value=0x00000000
[   28.222273] nvdla_reg_write offset=0x000050b8 value=0x00000000
[   28.222460] nvdla_reg_write offset=0x000050bc value=0x00000000
[   28.222683] no desc get due to index==-1
[   28.222785] no desc get due to index==-1
[   28.223205] no desc get due to index==-1
[   28.225325] no desc get due to index==-1
[   28.225402] no desc get due to index==-1
[   28.225505] no desc get due to index==-1
[   28.225593] Enter: dla_op_programmed
[   28.225766] Update dependency operation index 1 ROI 0 DEP_COUNT=1
[   28.225881] enable SDP in dla_update_dependency as depdency are resolved
[   28.226000] Enter: dla_enable_operation
[   28.226087] exit dla_enable_operation without actual enable due to processor hasn't been programmed
[   28.226231] Exit: dla_enable_operation status=0
[   28.226345] Exit: dla_op_programmed
[   28.226419] Exit: dla_program_operation status=0
[   28.226518] Exit: dla_submit_operation
[   28.226660] Enter: dla_dequeue_operation
[   28.226757] exit Convolution as there's no further operation
[   28.226857] Exit: dla_dequeue_operation
[   28.226968] Enter: dla_submit_operation
[   28.227044] Prepare SDP operation index 1 ROI 0 dep_count 0
[   28.227134] Enter: dla_prepare_operation
[   28.229762] processor:SDP group:0, rdma_group:0 available
[   28.229922] Enter: dla_read_config
[   28.233645] Exit: dla_read_config
[   28.233838] Exit: dla_prepare_operation status=0
[   28.233949] Enter: dla_program_operation
[   28.234026] Program SDP operation index 1 ROI 0 Group[0]
[   28.234125] nvdla_reg_write offset=0x0000b004 value=0x00000000
[   28.234299] nvdla_reg_write offset=0x0000a004 value=0x00000000
[   28.234483] nvdla_reg_write offset=0x00000004 value=0x00000000
[   28.234706] nvdla_dma_address index=3 handle=12 offset=0x0 dma=0xc0008000 ret=0
[   28.234858] nvdla_reg_write offset=0x0000a070 value=0x00000000
[   28.235021] nvdla_reg_write offset=0x0000a028 value=0x00000000
[   28.235207] nvdla_reg_write offset=0x0000a040 value=0x00000000
[   28.236980] nvdla_reg_write offset=0x0000a058 value=0x00000000
[   28.237165] nvdla_reg_write offset=0x0000a070 value=0x000000a9
[   28.237295] nvdla_reg_write offset=0x0000b03c value=0x00000000
[   28.237423] nvdla_reg_write offset=0x0000b040 value=0x00000000
[   28.237567] nvdla_reg_write offset=0x0000b044 value=0x00000000
[   28.237713] nvdla_reg_write offset=0x0000b04c value=0x00000000
[   28.237838] nvdla_reg_write offset=0x0000b048 value=0xc0008000
[   28.237959] nvdla_reg_write offset=0x0000b050 value=0x00000020
[   28.238080] nvdla_reg_write offset=0x0000b054 value=0x00000020
[   28.238230] nvdla_reg_write offset=0x0000b058 value=0x00000053
[   28.238378] nvdla_reg_write offset=0x0000b06c value=0x00000053
[   28.238544] nvdla_reg_write offset=0x0000b080 value=0x00000053
[   28.238698] nvdla_reg_write offset=0x0000b0b0 value=0x00000001
[   28.238825] nvdla_reg_write offset=0x0000b0b4 value=0x00000001
[   28.238958] nvdla_reg_write offset=0x0000b0bc value=0x0000000a
[   28.239083] nvdla_reg_write offset=0x0000b0c0 value=0x00000000
[   28.241307] nvdla_reg_write offset=0x0000b0c4 value=0x00000001
[   28.241484] nvdla_reg_write offset=0x0000b0c8 value=0x00000000
[   28.241636] no desc get due to index==-1
[   28.241723] no desc get due to index==-1
[   28.241792] no desc get due to index==-1
[   28.241862] no desc get due to index==-1
[   28.241932] no desc get due to index==-1
[   28.242002] no desc get due to index==-1
[   28.242090] Enter: dla_op_programmed
[   28.242160] Exit: dla_op_programmed
[   28.242229] Exit: dla_program_operation status=0
[   28.242315] Enter: dla_enable_operation
[   28.242422] Enable SDP operation index 1 ROI 0
[   28.242508] nvdla_reg_write offset=0x0000b004 value=0x00000000
[   28.242633] nvdla_reg_write offset=0x0000a004 value=0x00000000
[   28.242794] nvdla_reg_write offset=0x0000b038 value=0x00000001
[   28.242936] Enter: dla_op_enabled
[   28.243012] Update dependency operation index 0 ROI 0 DEP_COUNT=1
[   28.243109] enable Convolution in dla_update_dependency as depdency are resolved
[   28.245429] Enter: dla_enable_operation
[   28.245549] Enable Convolution operation index 0 ROI 0
[   28.245639] nvdla_reg_write offset=0x00009004 value=0x00000000
[   28.245806] nvdla_reg_write offset=0x00007004 value=0x00000000
[   28.246100] nvdla_reg_write offset=0x00008004 value=0x00000000
[   28.246221] nvdla_reg_write offset=0x00006004 value=0x00000000
[   28.246339] nvdla_reg_write offset=0x00005004 value=0x00000000
[   28.246528] nvdla_reg_write offset=0x00009008 value=0x00000001
[   28.246663] nvdla_reg_write offset=0x00007008 value=0x00000001
[   28.246792] nvdla_reg_write offset=0x00008008 value=0x00000001
[   28.246933] nvdla_reg_write offset=0x00006008 value=0x00000001
[   28.247062] nvdla_reg_write offset=0x00005010 value=0x00000001
[   28.248784] Enter: dla_op_enabled
[   28.248910] Exit: dla_op_enabled
[   28.248981] Exit: dla_enable_operation status=0
[   28.249059] Exit: dla_op_enabled
[   28.249122] Exit: dla_enable_operation status=0
[   28.249203] Exit: dla_submit_operation
[   28.249275] Enter: dla_dequeue_operation
[   28.249347] exit SDP as there's no further operation
[   28.249429] Exit: dla_dequeue_operation
[   28.249507] Exit: dla_initiate_processors status=0
[   28.267623] nvdla_reg_write offset=0x0000000c value=0x00150000
[   28.268425] nvdla_reg_write offset=0x0000000c value=0x00000001
[   28.269512] Enter:dla_handle_events, processor:BDMA
[   28.269727] Exit:dla_handle_events, ret:0
[   28.269819] Enter:dla_handle_events, processor:Convolution
[   28.269915] Handle cdma weight done event, processor Convolution group 0
[   28.270035] Handle cdma data done event, processor Convolution group 0
[   28.270154] Handle op complete event, processor Convolution group 0
[   28.270273] Enter:dla_op_completion processor Convolution group0
[   28.270375] Completed Convolution operation index 0 ROI 0
[   28.270509] 1 HWLs done, totally 2 layers
[   28.270622] Enter: dla_dequeue_operation
[   28.270701] exit Convolution as there's no further operation
[   28.270791] Exit: dla_dequeue_operation
[   28.270872] Exit:dla_op_completion processor Convolution group0 status=0
[   28.270990] Exit:dla_handle_events, ret:0
[   28.271062] Enter:dla_handle_events, processor:SDP
[   28.271158] Handle op complete event, processor SDP group 0
[   28.271254] Enter:dla_op_completion processor SDP group0
[   28.271342] Completed SDP operation index 1 ROI 0
[   28.271422] 2 HWLs done, totally 2 layers
[   28.271511] Enter: dla_free_op_desc op desc index 0 ROI 0
[   28.271954] Exit: dla_free_op_desc
[   28.272038] Enter: dla_free_op_desc op desc index 1 ROI 0
[   28.272614] Exit: dla_free_op_desc
[   28.272699] Exit:dla_op_completion processor SDP group0 status=0
[   28.272795] Exit:dla_handle_events, ret:0
[   28.272866] Enter:dla_handle_events, processor:PDP
[   28.272948] Exit:dla_handle_events, ret:0
[   28.273019] Enter:dla_handle_events, processor:CDP
[   28.273100] Exit:dla_handle_events, ret:0
[   28.273171] Enter:dla_handle_events, processor:RUBIK
[   28.273257] Exit:dla_handle_events, ret:0
[   28.276556] reset engine done
