[   33.770187] nvdla_blob 0000cc00: 00 00 00 00 00 00 00 00 00 00 00 00 00 00 00 00
[   33.770605] nvdla_blob 0000cc10: 00 00 00 00 00 00 00 00 00 00 00 00 00 00 00 00
[   33.771010] nvdla_blob 0000cc20: 00 00 00 00 00 00 00 00 00 00 00 00 00 00 00 00
[   33.771406] nvdla_blob 0000cc30: 00 00 00 00 00 00 00 00 00 00 00 00 00 00 00 00
[   33.771811] nvdla_blob 0000cc40: 00 00 00 00 00 00 00 00 00 00 00 00 00 00 00 00
[   33.772230] nvdla_blob 0000cc50: 00 00 00 00 00 00 00 00 00 00 00 00 00 00 00 00
[   33.774140] nvdla_blob 0000cc60: 00 00 00 00 00 00 00 00 00 00 00 00 00 00 00 00
[   33.774542] nvdla_blob 0000cc70: 00 00 00 00 00 00 00 00 00 00 00 00 00 00 00 00
[   33.774947] nvdla_blob 0000cc80: 00 00 00 00 00 00 00 00 00 00 00 00 00 00 00 00
[   33.775338] nvdla_blob 0000cc90: 00 00 00 00 00 00 00 00 00 00 00 00 00 00 00 00
[   33.775733] nvdla_blob 0000cca0: 00 00 00 00 00 00 00 00 00 00 00 00 00 00 00 00
[   33.776165] nvdla_blob 0000ccb0: 00 00 00 00 00 00 00 00 00 00 00 00 00 00 00 00
[   33.777702] nvdla_blob 0000ccc0: 00 00 00 00 00 00 00 00 00 00 00 00 00 00 00 00
[   33.778147] nvdla_blob 0000ccd0: 00 00 00 00 00 00 00 00 00 00 00 00 00 00 00 00
[   33.778539] nvdla_blob 0000cce0: 00 00 00 00 00 00 00 00 00 00 00 00 00 00 00 00
[   33.778941] nvdla_blob 0000ccf0: 00 00 00 00 00 00 00 00 00 00 00 00 00 00 00 00
[   33.779335] nvdla_blob 0000cd00: 00 00 00 00 00 00 00 00 00 00 00 00 00 00 00 00
[   33.779732] nvdla_blob 0000cd10: 00 00 00 00 00 00 00 00 00 00 00 00 00 00 00 00
[   33.780139] nvdla_blob 0000cd20: 00 00 00 00 00 00 00 00 00 00 00 00 00 00 00 00
[   33.781966] nvdla_blob 0000cd30: 00 00 00 00 00 00 00 00 00 00 00 00 00 00 00 00
[   33.782496] nvdla_blob 0000cd40: 00 00 00 00 00 00 00 00 00 00 00 00 00 00 00 00
[   33.782983] nvdla_blob 0000cd50: 00 00 00 00 00 00 00 00 00 00 00 00 00 00 00 00
[   33.783443] nvdla_blob 0000cd60: 00 00 00 00 00 00 00 00 00 00 00 00 00 00 00 00
[   33.783974] nvdla_blob 0000cd70: 00 00 00 00 00 00 00 00 00 00 00 00 00 00 00 00
[   33.784423] nvdla_blob 0000cd80: 00 00 00 00 00 00 00 00 00 00 00 00 00 00 00 00
[   33.786167] nvdla_blob 0000cd90: 00 00 00 00 00 00 00 00 00 00 00 00 00 00 00 00
[   33.786573] nvdla_blob 0000cda0: 00 00 00 00 00 00 00 00 00 00 00 00 00 00 00 00
[   33.786972] nvdla_blob 0000cdb0: 00 00 00 00 00 00 00 00 00 00 00 00 00 00 00 00
[   33.787392] nvdla_blob 0000cdc0: 00 00 00 00 00 00 00 00 00 00 00 00 00 00 00 00
[   33.787865] nvdla_blob 0000cdd0: 00 00 00 00 00 00 00 00 00 00 00 00 00 00 00 00
[   33.788324] nvdla_blob 0000cde0: 00 00 00 00 00 00 00 00 00 00 00 00 00 00 00 00
[   33.789869] nvdla_blob 0000cdf0: 00 00 00 00 00 00 00 00 00 00 00 00 00 00 00 00
[   33.790261] nvdla_blob 0000ce00: 00 00 00 00 00 00 00 00 00 00 00 00 00 00 00 00
[   33.790650] nvdla_blob 0000ce10: 00 00 00 00 00 00 00 00 00 00 00 00 00 00 00 00
[   33.791037] nvdla_blob 0000ce20: 00 00 00 00 00 00 00 00 00 00 00 00 00 00 00 00
[   33.791423] nvdla_blob 0000ce30: 00 00 00 00 00 00 00 00 00 00 00 00 00 00 00 00
[   33.791818] nvdla_blob 0000ce40: 00 00 00 00 00 00 00 00 00 00 00 00 00 00 00 00
[   33.792221] nvdla_blob 0000ce50: 00 00 00 00 00 00 00 00 00 00 00 00 00 00 00 00
[   33.793992] nvdla_blob 0000ce60: 00 00 00 00 00 00 00 00 00 00 00 00 00 00 00 00
[   33.794569] nvdla_blob 0000ce70: 00 00 00 00 00 00 00 00 00 00 00 00 00 00 00 00
[   33.795058] nvdla_blob 0000ce80: 00 00 00 00 00 00 00 00 00 00 00 00 00 00 00 00
[   33.795609] nvdla_blob 0000ce90: 00 00 00 00 00 00 00 00 00 00 00 00 00 00 00 00
[   33.796045] nvdla_blob 0000cea0: 00 00 00 00 00 00 00 00 00 00 00 00 00 00 00 00
[   33.797640] nvdla_blob 0000ceb0: 00 00 00 00 00 00 00 00 00 00 00 00 00 00 00 00
[   33.798203] nvdla_blob 0000cec0: 00 00 00 00 00 00 00 00 00 00 00 00 00 00 00 00
[   33.798613] nvdla_blob 0000ced0: 00 00 00 00 00 00 00 00 00 00 00 00 00 00 00 00
[   33.799070] nvdla_blob 0000cee0: 00 00 00 00 00 00 00 00 00 00 00 00 00 00 00 00
[   33.799499] nvdla_blob 0000cef0: 00 00 00 00 00 00 00 00 00 00 00 00 00 00 00 00
[   33.799922] nvdla_blob 0000cf00: 00 00 00 00 00 00 00 00 00 00 00 00 00 00 00 00
[   33.800373] nvdla_blob 0000cf10: 00 00 00 00 00 00 00 00 00 00 00 00 00 00 00 00
[   33.802138] nvdla_blob 0000cf20: 00 00 00 00 00 00 00 00 00 00 00 00 00 00 00 00
[   33.802530] nvdla_blob 0000cf30: 00 00 00 00 00 00 00 00 00 00 00 00 00 00 00 00
[   33.802927] nvdla_blob 0000cf40: 00 00 00 00 00 00 00 00 00 00 00 00 00 00 00 00
[   33.803316] nvdla_blob 0000cf50: 00 00 00 00 00 00 00 00 00 00 00 00 00 00 00 00
[   33.803707] nvdla_blob 0000cf60: 00 00 00 00 00 00 00 00 00 00 00 00 00 00 00 00
[   33.804120] nvdla_blob 0000cf70: 00 00 00 00 00 00 00 00 00 00 00 00 00 00 00 00
[   33.805674] nvdla_blob 0000cf80: 00 00 00 00 00 00 00 00 00 00 00 00 00 00 00 00
[   33.806075] nvdla_blob 0000cf90: 00 00 00 00 00 00 00 00 00 00 00 00 00 00 00 00
[   33.806466] nvdla_blob 0000cfa0: 00 00 00 00 00 00 00 00 00 00 00 00 00 00 00 00
[   33.806867] nvdla_blob 0000cfb0: 00 00 00 00 00 00 00 00 00 00 00 00 00 00 00 00
[   33.807259] nvdla_blob 0000cfc0: 00 00 00 00 00 00 00 00 00 00 00 00 00 00 00 00
[   33.807649] nvdla_blob 0000cfd0: 00 00 00 00 00 00 00 00 00 00 00 00 00 00 00 00
[   33.808047] nvdla_blob 0000cfe0: 00 00 00 00 00 00 00 00 00 00 00 00 00 00 00 00
[   33.809393] nvdla_blob 0000cff0: 00 00 00 00 00 00 00 00 00 00 00 00 00 00 00 00
[   33.809570] nvdla_blob[4] prime_fd=6 handle=3 size=4096 dma=0xc0001000 full_4096_bytes:
[   33.809978] nvdla_blob 00000000: 06 00 07 00 05 00 ff ff ff ff ff ff ff ff 00 00
[   33.810375] nvdla_blob 00000010: ff ff 00 00 01 00 ff ff ff ff ff ff 01 00 02 00
[   33.810761] nvdla_blob 00000020: 00 00 09 00 00 00 00 00 00 00 00 00 00 00 00 00
[   33.811158] nvdla_blob 00000030: 00 00 00 00 00 00 00 00 00 00 00 00 00 00 00 00
[   33.811547] nvdla_blob 00000040: 00 00 00 00 00 00 00 00 00 00 00 00 00 00 00 00
[   33.811942] nvdla_blob 00000050: 00 00 00 00 00 00 00 00 00 00 00 00 00 00 00 00
[   33.812343] nvdla_blob 00000060: 00 00 00 00 00 00 00 00 00 00 00 00 00 00 00 00
[   33.814748] nvdla_blob 00000070: 00 00 00 00 00 00 00 00 00 00 00 00 00 00 00 00
[   33.815275] nvdla_blob 00000080: 00 00 00 00 00 00 00 00 00 00 00 00 00 00 00 00
[   33.815667] nvdla_blob 00000090: 00 00 00 00 00 00 00 00 00 00 00 00 00 00 00 00
[   33.816069] nvdla_blob 000000a0: 00 00 00 00 00 00 00 00 00 00 00 00 00 00 00 00
[   33.817385] nvdla_blob 000000b0: 00 00 00 00 00 00 00 00 00 00 00 00 00 00 00 00
[   33.817813] nvdla_blob 000000c0: 00 00 00 00 00 00 00 00 00 00 00 00 00 00 00 00
[   33.818198] nvdla_blob 000000d0: 00 00 00 00 00 00 00 00 00 00 00 00 00 00 00 00
[   33.818584] nvdla_blob 000000e0: 00 00 00 00 00 00 00 00 00 00 00 00 00 00 00 00
[   33.818977] nvdla_blob 000000f0: 00 00 00 00 00 00 00 00 00 00 00 00 00 00 00 00
[   33.819367] nvdla_blob 00000100: 00 00 00 00 00 00 00 00 00 00 00 00 00 00 00 00
[   33.819895] nvdla_blob 00000110: 00 00 00 00 00 00 00 00 00 00 00 00 00 00 00 00
[   33.820423] nvdla_blob 00000120: 00 00 00 00 00 00 00 00 00 00 00 00 00 00 00 00
[   33.822263] nvdla_blob 00000130: 00 00 00 00 00 00 00 00 00 00 00 00 00 00 00 00
[   33.822675] nvdla_blob 00000140: 00 00 00 00 00 00 00 00 00 00 00 00 00 00 00 00
[   33.823079] nvdla_blob 00000150: 00 00 00 00 00 00 00 00 00 00 00 00 00 00 00 00
[   33.823465] nvdla_blob 00000160: 00 00 00 00 00 00 00 00 00 00 00 00 00 00 00 00
[   33.823856] nvdla_blob 00000170: 00 00 00 00 00 00 00 00 00 00 00 00 00 00 00 00
[   33.824267] nvdla_blob 00000180: 00 00 00 00 00 00 00 00 00 00 00 00 00 00 00 00
[   33.825883] nvdla_blob 00000190: 00 00 00 00 00 00 00 00 00 00 00 00 00 00 00 00
[   33.826354] nvdla_blob 000001a0: 00 00 00 00 00 00 00 00 00 00 00 00 00 00 00 00
[   33.826746] nvdla_blob 000001b0: 00 00 00 00 00 00 00 00 00 00 00 00 00 00 00 00
[   33.827144] nvdla_blob 000001c0: 00 00 00 00 00 00 00 00 00 00 00 00 00 00 00 00
[   33.827531] nvdla_blob 000001d0: 00 00 00 00 00 00 00 00 00 00 00 00 00 00 00 00
[   33.827927] nvdla_blob 000001e0: 00 00 00 00 00 00 00 00 00 00 00 00 00 00 00 00
[   33.828317] nvdla_blob 000001f0: 00 00 00 00 00 00 00 00 00 00 00 00 00 00 00 00
[   33.829634] nvdla_blob 00000200: 00 00 00 00 00 00 00 00 00 00 00 00 00 00 00 00
[   33.830070] nvdla_blob 00000210: 00 00 00 00 00 00 00 00 00 00 00 00 00 00 00 00
[   33.830463] nvdla_blob 00000220: 00 00 00 00 00 00 00 00 00 00 00 00 00 00 00 00
[   33.830860] nvdla_blob 00000230: 00 00 00 00 00 00 00 00 00 00 00 00 00 00 00 00
[   33.831247] nvdla_blob 00000240: 00 00 00 00 00 00 00 00 00 00 00 00 00 00 00 00
[   33.831636] nvdla_blob 00000250: 00 00 00 00 00 00 00 00 00 00 00 00 00 00 00 00
[   33.832029] nvdla_blob 00000260: 00 00 00 00 00 00 00 00 00 00 00 00 00 00 00 00
[   33.833430] nvdla_blob 00000270: 00 00 00 00 00 00 00 00 00 00 00 00 00 00 00 00
[   33.833852] nvdla_blob 00000280: 00 00 00 00 00 00 00 00 00 00 00 00 00 00 00 00
[   33.834243] nvdla_blob 00000290: 00 00 00 00 00 00 00 00 00 00 00 00 00 00 00 00
[   33.834632] nvdla_blob 000002a0: 00 00 00 00 00 00 00 00 00 00 00 00 00 00 00 00
[   33.835031] nvdla_blob 000002b0: 00 00 00 00 00 00 00 00 00 00 00 00 00 00 00 00
[   33.835422] nvdla_blob 000002c0: 00 00 00 00 00 00 00 00 00 00 00 00 00 00 00 00
[   33.836041] nvdla_blob 000002d0: 00 00 00 00 00 00 00 00 00 00 00 00 00 00 00 00
[   33.838205] nvdla_blob 000002e0: 00 00 00 00 00 00 00 00 00 00 00 00 00 00 00 00
[   33.838680] nvdla_blob 000002f0: 00 00 00 00 00 00 00 00 00 00 00 00 00 00 00 00
[   33.839089] nvdla_blob 00000300: 00 00 00 00 00 00 00 00 00 00 00 00 00 00 00 00
[   33.839530] nvdla_blob 00000310: 00 00 00 00 00 00 00 00 00 00 00 00 00 00 00 00
[   33.840001] nvdla_blob 00000320: 00 00 00 00 00 00 00 00 00 00 00 00 00 00 00 00
[   33.841472] nvdla_blob 00000330: 00 00 00 00 00 00 00 00 00 00 00 00 00 00 00 00
[   33.841914] nvdla_blob 00000340: 00 00 00 00 00 00 00 00 00 00 00 00 00 00 00 00
[   33.842300] nvdla_blob 00000350: 00 00 00 00 00 00 00 00 00 00 00 00 00 00 00 00
[   33.842694] nvdla_blob 00000360: 00 00 00 00 00 00 00 00 00 00 00 00 00 00 00 00
[   33.843091] nvdla_blob 00000370: 00 00 00 00 00 00 00 00 00 00 00 00 00 00 00 00
[   33.843479] nvdla_blob 00000380: 00 00 00 00 00 00 00 00 00 00 00 00 00 00 00 00
[   33.843869] nvdla_blob 00000390: 00 00 00 00 00 00 00 00 00 00 00 00 00 00 00 00
[   33.844261] nvdla_blob 000003a0: 00 00 00 00 00 00 00 00 00 00 00 00 00 00 00 00
[   33.845843] nvdla_blob 000003b0: 00 00 00 00 00 00 00 00 00 00 00 00 00 00 00 00
[   33.846265] nvdla_blob 000003c0: 00 00 00 00 00 00 00 00 00 00 00 00 00 00 00 00
[   33.846656] nvdla_blob 000003d0: 00 00 00 00 00 00 00 00 00 00 00 00 00 00 00 00
[   33.847054] nvdla_blob 000003e0: 00 00 00 00 00 00 00 00 00 00 00 00 00 00 00 00
[   33.847439] nvdla_blob 000003f0: 00 00 00 00 00 00 00 00 00 00 00 00 00 00 00 00
[   33.847839] nvdla_blob 00000400: 00 00 00 00 00 00 00 00 00 00 00 00 00 00 00 00
[   33.848250] nvdla_blob 00000410: 00 00 00 00 00 00 00 00 00 00 00 00 00 00 00 00
[   33.849677] nvdla_blob 00000420: 00 00 00 00 00 00 00 00 00 00 00 00 00 00 00 00
[   33.850095] nvdla_blob 00000430: 00 00 00 00 00 00 00 00 00 00 00 00 00 00 00 00
[   33.850493] nvdla_blob 00000440: 00 00 00 00 00 00 00 00 00 00 00 00 00 00 00 00
[   33.850887] nvdla_blob 00000450: 00 00 00 00 00 00 00 00 00 00 00 00 00 00 00 00
[   33.851277] nvdla_blob 00000460: 00 00 00 00 00 00 00 00 00 00 00 00 00 00 00 00
[   33.851661] nvdla_blob 00000470: 00 00 00 00 00 00 00 00 00 00 00 00 00 00 00 00
[   33.852060] nvdla_blob 00000480: 00 00 00 00 00 00 00 00 00 00 00 00 00 00 00 00
[   33.853574] nvdla_blob 00000490: 00 00 00 00 00 00 00 00 00 00 00 00 00 00 00 00
[   33.854005] nvdla_blob 000004a0: 00 00 00 00 00 00 00 00 00 00 00 00 00 00 00 00
[   33.854396] nvdla_blob 000004b0: 00 00 00 00 00 00 00 00 00 00 00 00 00 00 00 00
[   33.854792] nvdla_blob 000004c0: 00 00 00 00 00 00 00 00 00 00 00 00 00 00 00 00
[   33.855185] nvdla_blob 000004d0: 00 00 00 00 00 00 00 00 00 00 00 00 00 00 00 00
[   33.855570] nvdla_blob 000004e0: 00 00 00 00 00 00 00 00 00 00 00 00 00 00 00 00
[   33.855969] nvdla_blob 000004f0: 00 00 00 00 00 00 00 00 00 00 00 00 00 00 00 00
[   33.856363] nvdla_blob 00000500: 00 00 00 00 00 00 00 00 00 00 00 00 00 00 00 00
[   33.857696] nvdla_blob 00000510: 00 00 00 00 00 00 00 00 00 00 00 00 00 00 00 00
[   33.858119] nvdla_blob 00000520: 00 00 00 00 00 00 00 00 00 00 00 00 00 00 00 00
[   33.858510] nvdla_blob 00000530: 00 00 00 00 00 00 00 00 00 00 00 00 00 00 00 00
[   33.858909] nvdla_blob 00000540: 00 00 00 00 00 00 00 00 00 00 00 00 00 00 00 00
[   33.859298] nvdla_blob 00000550: 00 00 00 00 00 00 00 00 00 00 00 00 00 00 00 00
[   33.859682] nvdla_blob 00000560: 00 00 00 00 00 00 00 00 00 00 00 00 00 00 00 00
[   33.860076] nvdla_blob 00000570: 00 00 00 00 00 00 00 00 00 00 00 00 00 00 00 00
[   33.861357] nvdla_blob 00000580: 00 00 00 00 00 00 00 00 00 00 00 00 00 00 00 00
[   33.861765] nvdla_blob 00000590: 00 00 00 00 00 00 00 00 00 00 00 00 00 00 00 00
[   33.862159] nvdla_blob 000005a0: 00 00 00 00 00 00 00 00 00 00 00 00 00 00 00 00
[   33.862549] nvdla_blob 000005b0: 00 00 00 00 00 00 00 00 00 00 00 00 00 00 00 00
[   33.862941] nvdla_blob 000005c0: 00 00 00 00 00 00 00 00 00 00 00 00 00 00 00 00
[   33.863326] nvdla_blob 000005d0: 00 00 00 00 00 00 00 00 00 00 00 00 00 00 00 00
[   33.863715] nvdla_blob 000005e0: 00 00 00 00 00 00 00 00 00 00 00 00 00 00 00 00
[   33.864112] nvdla_blob 000005f0: 00 00 00 00 00 00 00 00 00 00 00 00 00 00 00 00
[   33.865403] nvdla_blob 00000600: 00 00 00 00 00 00 00 00 00 00 00 00 00 00 00 00
[   33.865822] nvdla_blob 00000610: 00 00 00 00 00 00 00 00 00 00 00 00 00 00 00 00
[   33.866277] nvdla_blob 00000620: 00 00 00 00 00 00 00 00 00 00 00 00 00 00 00 00
[   33.866692] nvdla_blob 00000630: 00 00 00 00 00 00 00 00 00 00 00 00 00 00 00 00
[   33.867095] nvdla_blob 00000640: 00 00 00 00 00 00 00 00 00 00 00 00 00 00 00 00
[   33.867483] nvdla_blob 00000650: 00 00 00 00 00 00 00 00 00 00 00 00 00 00 00 00
[   33.867956] nvdla_blob 00000660: 00 00 00 00 00 00 00 00 00 00 00 00 00 00 00 00
[   33.868403] nvdla_blob 00000670: 00 00 00 00 00 00 00 00 00 00 00 00 00 00 00 00
[   33.870438] nvdla_blob 00000680: 00 00 00 00 00 00 00 00 00 00 00 00 00 00 00 00
[   33.870926] nvdla_blob 00000690: 00 00 00 00 00 00 00 00 00 00 00 00 00 00 00 00
[   33.871384] nvdla_blob 000006a0: 00 00 00 00 00 00 00 00 00 00 00 00 00 00 00 00
[   33.871779] nvdla_blob 000006b0: 00 00 00 00 00 00 00 00 00 00 00 00 00 00 00 00
[   33.872173] nvdla_blob 000006c0: 00 00 00 00 00 00 00 00 00 00 00 00 00 00 00 00
[   33.873585] nvdla_blob 000006d0: 00 00 00 00 00 00 00 00 00 00 00 00 00 00 00 00
[   33.874023] nvdla_blob 000006e0: 00 00 00 00 00 00 00 00 00 00 00 00 00 00 00 00
[   33.874415] nvdla_blob 000006f0: 00 00 00 00 00 00 00 00 00 00 00 00 00 00 00 00
[   33.874824] nvdla_blob 00000700: 00 00 00 00 00 00 00 00 00 00 00 00 00 00 00 00
[   33.875217] nvdla_blob 00000710: 00 00 00 00 00 00 00 00 00 00 00 00 00 00 00 00
[   33.875610] nvdla_blob 00000720: 00 00 00 00 00 00 00 00 00 00 00 00 00 00 00 00
[   33.876015] nvdla_blob 00000730: 00 00 00 00 00 00 00 00 00 00 00 00 00 00 00 00
[   33.877314] nvdla_blob 00000740: 00 00 00 00 00 00 00 00 00 00 00 00 00 00 00 00
[   33.877739] nvdla_blob 00000750: 00 00 00 00 00 00 00 00 00 00 00 00 00 00 00 00
[   33.878143] nvdla_blob 00000760: 00 00 00 00 00 00 00 00 00 00 00 00 00 00 00 00
[   33.878535] nvdla_blob 00000770: 00 00 00 00 00 00 00 00 00 00 00 00 00 00 00 00
[   33.878932] nvdla_blob 00000780: 00 00 00 00 00 00 00 00 00 00 00 00 00 00 00 00
[   33.879323] nvdla_blob 00000790: 00 00 00 00 00 00 00 00 00 00 00 00 00 00 00 00
[   33.879716] nvdla_blob 000007a0: 00 00 00 00 00 00 00 00 00 00 00 00 00 00 00 00
[   33.880115] nvdla_blob 000007b0: 00 00 00 00 00 00 00 00 00 00 00 00 00 00 00 00
[   33.881406] nvdla_blob 000007c0: 00 00 00 00 00 00 00 00 00 00 00 00 00 00 00 00
[   33.881837] nvdla_blob 000007d0: 00 00 00 00 00 00 00 00 00 00 00 00 00 00 00 00
[   33.882353] nvdla_blob 000007e0: 00 00 00 00 00 00 00 00 00 00 00 00 00 00 00 00
[   33.883082] nvdla_blob 000007f0: 00 00 00 00 00 00 00 00 00 00 00 00 00 00 00 00
[   33.883713] nvdla_blob 00000800: 00 00 00 00 00 00 00 00 00 00 00 00 00 00 00 00
[   33.884348] nvdla_blob 00000810: 00 00 00 00 00 00 00 00 00 00 00 00 00 00 00 00
[   33.886149] nvdla_blob 00000820: 00 00 00 00 00 00 00 00 00 00 00 00 00 00 00 00
[   33.886551] nvdla_blob 00000830: 00 00 00 00 00 00 00 00 00 00 00 00 00 00 00 00
[   33.886952] nvdla_blob 00000840: 00 00 00 00 00 00 00 00 00 00 00 00 00 00 00 00
[   33.887337] nvdla_blob 00000850: 00 00 00 00 00 00 00 00 00 00 00 00 00 00 00 00
[   33.887726] nvdla_blob 00000860: 00 00 00 00 00 00 00 00 00 00 00 00 00 00 00 00
[   33.888133] nvdla_blob 00000870: 00 00 00 00 00 00 00 00 00 00 00 00 00 00 00 00
[   33.889706] nvdla_blob 00000880: 00 00 00 00 00 00 00 00 00 00 00 00 00 00 00 00
[   33.890104] nvdla_blob 00000890: 00 00 00 00 00 00 00 00 00 00 00 00 00 00 00 00
[   33.890488] nvdla_blob 000008a0: 00 00 00 00 00 00 00 00 00 00 00 00 00 00 00 00
[   33.890879] nvdla_blob 000008b0: 00 00 00 00 00 00 00 00 00 00 00 00 00 00 00 00
[   33.891261] nvdla_blob 000008c0: 00 00 00 00 00 00 00 00 00 00 00 00 00 00 00 00
[   33.891646] nvdla_blob 000008d0: 00 00 00 00 00 00 00 00 00 00 00 00 00 00 00 00
[   33.892040] nvdla_blob 000008e0: 00 00 00 00 00 00 00 00 00 00 00 00 00 00 00 00
[   33.893314] nvdla_blob 000008f0: 00 00 00 00 00 00 00 00 00 00 00 00 00 00 00 00
[   33.893782] nvdla_blob 00000900: 00 00 00 00 00 00 00 00 00 00 00 00 00 00 00 00
[   33.894172] nvdla_blob 00000910: 00 00 00 00 00 00 00 00 00 00 00 00 00 00 00 00
[   33.894716] nvdla_blob 00000920: 00 00 00 00 00 00 00 00 00 00 00 00 00 00 00 00
[   33.895343] nvdla_blob 00000930: 00 00 00 00 00 00 00 00 00 00 00 00 00 00 00 00
[   33.895762] nvdla_blob 00000940: 00 00 00 00 00 00 00 00 00 00 00 00 00 00 00 00
[   33.896201] nvdla_blob 00000950: 00 00 00 00 00 00 00 00 00 00 00 00 00 00 00 00
[   33.897907] nvdla_blob 00000960: 00 00 00 00 00 00 00 00 00 00 00 00 00 00 00 00
[   33.898297] nvdla_blob 00000970: 00 00 00 00 00 00 00 00 00 00 00 00 00 00 00 00
[   33.898686] nvdla_blob 00000980: 00 00 00 00 00 00 00 00 00 00 00 00 00 00 00 00
[   33.899082] nvdla_blob 00000990: 00 00 00 00 00 00 00 00 00 00 00 00 00 00 00 00
[   33.899475] nvdla_blob 000009a0: 00 00 00 00 00 00 00 00 00 00 00 00 00 00 00 00
[   33.899876] nvdla_blob 000009b0: 00 00 00 00 00 00 00 00 00 00 00 00 00 00 00 00
[   33.900286] nvdla_blob 000009c0: 00 00 00 00 00 00 00 00 00 00 00 00 00 00 00 00
[   33.901962] nvdla_blob 000009d0: 00 00 00 00 00 00 00 00 00 00 00 00 00 00 00 00
[   33.902358] nvdla_blob 000009e0: 00 00 00 00 00 00 00 00 00 00 00 00 00 00 00 00
[   33.902746] nvdla_blob 000009f0: 00 00 00 00 00 00 00 00 00 00 00 00 00 00 00 00
[   33.903147] nvdla_blob 00000a00: 00 00 00 00 00 00 00 00 00 00 00 00 00 00 00 00
[   33.903536] nvdla_blob 00000a10: 00 00 00 00 00 00 00 00 00 00 00 00 00 00 00 00
[   33.903936] nvdla_blob 00000a20: 00 00 00 00 00 00 00 00 00 00 00 00 00 00 00 00
[   33.904360] nvdla_blob 00000a30: 00 00 00 00 00 00 00 00 00 00 00 00 00 00 00 00
[   33.906262] nvdla_blob 00000a40: 00 00 00 00 00 00 00 00 00 00 00 00 00 00 00 00
[   33.906659] nvdla_blob 00000a50: 00 00 00 00 00 00 00 00 00 00 00 00 00 00 00 00
[   33.907810] nvdla_blob 00000a60: 00 00 00 00 00 00 00 00 00 00 00 00 00 00 00 00
[   33.908296] nvdla_blob 00000a70: 00 00 00 00 00 00 00 00 00 00 00 00 00 00 00 00
[   33.910077] nvdla_blob 00000a80: 00 00 00 00 00 00 00 00 00 00 00 00 00 00 00 00
[   33.910477] nvdla_blob 00000a90: 00 00 00 00 00 00 00 00 00 00 00 00 00 00 00 00
[   33.911481] nvdla_blob 00000aa0: 00 00 00 00 00 00 00 00 00 00 00 00 00 00 00 00
[   33.911880] nvdla_blob 00000ab0: 00 00 00 00 00 00 00 00 00 00 00 00 00 00 00 00
[   33.912334] nvdla_blob 00000ac0: 00 00 00 00 00 00 00 00 00 00 00 00 00 00 00 00
[   33.913975] nvdla_blob 00000ad0: 00 00 00 00 00 00 00 00 00 00 00 00 00 00 00 00
[   33.914365] nvdla_blob 00000ae0: 00 00 00 00 00 00 00 00 00 00 00 00 00 00 00 00
[   33.914752] nvdla_blob 00000af0: 00 00 00 00 00 00 00 00 00 00 00 00 00 00 00 00
[   33.915145] nvdla_blob 00000b00: 00 00 00 00 00 00 00 00 00 00 00 00 00 00 00 00
[   33.915533] nvdla_blob 00000b10: 00 00 00 00 00 00 00 00 00 00 00 00 00 00 00 00
[   33.915925] nvdla_blob 00000b20: 00 00 00 00 00 00 00 00 00 00 00 00 00 00 00 00
[   33.916345] nvdla_blob 00000b30: 00 00 00 00 00 00 00 00 00 00 00 00 00 00 00 00
[   33.917823] nvdla_blob 00000b40: 00 00 00 00 00 00 00 00 00 00 00 00 00 00 00 00
[   33.918256] nvdla_blob 00000b50: 00 00 00 00 00 00 00 00 00 00 00 00 00 00 00 00
[   33.918639] nvdla_blob 00000b60: 00 00 00 00 00 00 00 00 00 00 00 00 00 00 00 00
[   33.919041] nvdla_blob 00000b70: 00 00 00 00 00 00 00 00 00 00 00 00 00 00 00 00
[   33.919435] nvdla_blob 00000b80: 00 00 00 00 00 00 00 00 00 00 00 00 00 00 00 00
[   33.919827] nvdla_blob 00000b90: 00 00 00 00 00 00 00 00 00 00 00 00 00 00 00 00
[   33.920215] nvdla_blob 00000ba0: 00 00 00 00 00 00 00 00 00 00 00 00 00 00 00 00
[   33.921795] nvdla_blob 00000bb0: 00 00 00 00 00 00 00 00 00 00 00 00 00 00 00 00
[   33.922470] nvdla_blob 00000bc0: 00 00 00 00 00 00 00 00 00 00 00 00 00 00 00 00
[   33.923138] nvdla_blob 00000bd0: 00 00 00 00 00 00 00 00 00 00 00 00 00 00 00 00
[   33.923700] nvdla_blob 00000be0: 00 00 00 00 00 00 00 00 00 00 00 00 00 00 00 00
[   33.924152] nvdla_blob 00000bf0: 00 00 00 00 00 00 00 00 00 00 00 00 00 00 00 00
[   33.925772] nvdla_blob 00000c00: 00 00 00 00 00 00 00 00 00 00 00 00 00 00 00 00
[   33.926184] nvdla_blob 00000c10: 00 00 00 00 00 00 00 00 00 00 00 00 00 00 00 00
[   33.926613] nvdla_blob 00000c20: 00 00 00 00 00 00 00 00 00 00 00 00 00 00 00 00
[   33.927088] nvdla_blob 00000c30: 00 00 00 00 00 00 00 00 00 00 00 00 00 00 00 00
[   33.927526] nvdla_blob 00000c40: 00 00 00 00 00 00 00 00 00 00 00 00 00 00 00 00
[   33.927921] nvdla_blob 00000c50: 00 00 00 00 00 00 00 00 00 00 00 00 00 00 00 00
[   33.928315] nvdla_blob 00000c60: 00 00 00 00 00 00 00 00 00 00 00 00 00 00 00 00
[   33.929883] nvdla_blob 00000c70: 00 00 00 00 00 00 00 00 00 00 00 00 00 00 00 00
[   33.930305] nvdla_blob 00000c80: 00 00 00 00 00 00 00 00 00 00 00 00 00 00 00 00
[   33.930697] nvdla_blob 00000c90: 00 00 00 00 00 00 00 00 00 00 00 00 00 00 00 00
[   33.931097] nvdla_blob 00000ca0: 00 00 00 00 00 00 00 00 00 00 00 00 00 00 00 00
[   33.931488] nvdla_blob 00000cb0: 00 00 00 00 00 00 00 00 00 00 00 00 00 00 00 00
[   33.931895] nvdla_blob 00000cc0: 00 00 00 00 00 00 00 00 00 00 00 00 00 00 00 00
[   33.932290] nvdla_blob 00000cd0: 00 00 00 00 00 00 00 00 00 00 00 00 00 00 00 00
[   33.933566] nvdla_blob 00000ce0: 00 00 00 00 00 00 00 00 00 00 00 00 00 00 00 00
[   33.934011] nvdla_blob 00000cf0: 00 00 00 00 00 00 00 00 00 00 00 00 00 00 00 00
[   33.934403] nvdla_blob 00000d00: 00 00 00 00 00 00 00 00 00 00 00 00 00 00 00 00
[   33.934803] nvdla_blob 00000d10: 00 00 00 00 00 00 00 00 00 00 00 00 00 00 00 00
[   33.935200] nvdla_blob 00000d20: 00 00 00 00 00 00 00 00 00 00 00 00 00 00 00 00
[   33.935591] nvdla_blob 00000d30: 00 00 00 00 00 00 00 00 00 00 00 00 00 00 00 00
[   33.935991] nvdla_blob 00000d40: 00 00 00 00 00 00 00 00 00 00 00 00 00 00 00 00
[   33.937519] nvdla_blob 00000d50: 00 00 00 00 00 00 00 00 00 00 00 00 00 00 00 00
[   33.937964] nvdla_blob 00000d60: 00 00 00 00 00 00 00 00 00 00 00 00 00 00 00 00
[   33.938359] nvdla_blob 00000d70: 00 00 00 00 00 00 00 00 00 00 00 00 00 00 00 00
[   33.938747] nvdla_blob 00000d80: 00 00 00 00 00 00 00 00 00 00 00 00 00 00 00 00
[   33.939144] nvdla_blob 00000d90: 00 00 00 00 00 00 00 00 00 00 00 00 00 00 00 00
[   33.939537] nvdla_blob 00000da0: 00 00 00 00 00 00 00 00 00 00 00 00 00 00 00 00
[   33.939935] nvdla_blob 00000db0: 00 00 00 00 00 00 00 00 00 00 00 00 00 00 00 00
[   33.940354] nvdla_blob 00000dc0: 00 00 00 00 00 00 00 00 00 00 00 00 00 00 00 00
[   33.941671] nvdla_blob 00000dd0: 00 00 00 00 00 00 00 00 00 00 00 00 00 00 00 00
[   33.942074] nvdla_blob 00000de0: 00 00 00 00 00 00 00 00 00 00 00 00 00 00 00 00
[   33.942468] nvdla_blob 00000df0: 00 00 00 00 00 00 00 00 00 00 00 00 00 00 00 00
[   33.942867] nvdla_blob 00000e00: 00 00 00 00 00 00 00 00 00 00 00 00 00 00 00 00
[   33.943256] nvdla_blob 00000e10: 00 00 00 00 00 00 00 00 00 00 00 00 00 00 00 00
[   33.943651] nvdla_blob 00000e20: 00 00 00 00 00 00 00 00 00 00 00 00 00 00 00 00
[   33.944052] nvdla_blob 00000e30: 00 00 00 00 00 00 00 00 00 00 00 00 00 00 00 00
[   33.945683] nvdla_blob 00000e40: 00 00 00 00 00 00 00 00 00 00 00 00 00 00 00 00
[   33.946135] nvdla_blob 00000e50: 00 00 00 00 00 00 00 00 00 00 00 00 00 00 00 00
[   33.946556] nvdla_blob 00000e60: 00 00 00 00 00 00 00 00 00 00 00 00 00 00 00 00
[   33.947105] nvdla_blob 00000e70: 00 00 00 00 00 00 00 00 00 00 00 00 00 00 00 00
[   33.947596] nvdla_blob 00000e80: 00 00 00 00 00 00 00 00 00 00 00 00 00 00 00 00
[   33.947996] nvdla_blob 00000e90: 00 00 00 00 00 00 00 00 00 00 00 00 00 00 00 00
[   33.948399] nvdla_blob 00000ea0: 00 00 00 00 00 00 00 00 00 00 00 00 00 00 00 00
[   33.949767] nvdla_blob 00000eb0: 00 00 00 00 00 00 00 00 00 00 00 00 00 00 00 00
[   33.950194] nvdla_blob 00000ec0: 00 00 00 00 00 00 00 00 00 00 00 00 00 00 00 00
[   33.950586] nvdla_blob 00000ed0: 00 00 00 00 00 00 00 00 00 00 00 00 00 00 00 00
[   33.950982] nvdla_blob 00000ee0: 00 00 00 00 00 00 00 00 00 00 00 00 00 00 00 00
[   33.951580] nvdla_blob 00000ef0: 00 00 00 00 00 00 00 00 00 00 00 00 00 00 00 00
[   33.952277] nvdla_blob 00000f00: 00 00 00 00 00 00 00 00 00 00 00 00 00 00 00 00
[   33.954103] nvdla_blob 00000f10: 00 00 00 00 00 00 00 00 00 00 00 00 00 00 00 00
[   33.954543] nvdla_blob 00000f20: 00 00 00 00 00 00 00 00 00 00 00 00 00 00 00 00
[   33.954948] nvdla_blob 00000f30: 00 00 00 00 00 00 00 00 00 00 00 00 00 00 00 00
[   33.955340] nvdla_blob 00000f40: 00 00 00 00 00 00 00 00 00 00 00 00 00 00 00 00
[   33.955727] nvdla_blob 00000f50: 00 00 00 00 00 00 00 00 00 00 00 00 00 00 00 00
[   33.956132] nvdla_blob 00000f60: 00 00 00 00 00 00 00 00 00 00 00 00 00 00 00 00
[   33.957721] nvdla_blob 00000f70: 00 00 00 00 00 00 00 00 00 00 00 00 00 00 00 00
[   33.958155] nvdla_blob 00000f80: 00 00 00 00 00 00 00 00 00 00 00 00 00 00 00 00
[   33.958547] nvdla_blob 00000f90: 00 00 00 00 00 00 00 00 00 00 00 00 00 00 00 00
[   33.958949] nvdla_blob 00000fa0: 00 00 00 00 00 00 00 00 00 00 00 00 00 00 00 00
[   33.959342] nvdla_blob 00000fb0: 00 00 00 00 00 00 00 00 00 00 00 00 00 00 00 00
[   33.959733] nvdla_blob 00000fc0: 00 00 00 00 00 00 00 00 00 00 00 00 00 00 00 00
[   33.960156] nvdla_blob 00000fd0: 00 00 00 00 00 00 00 00 00 00 00 00 00 00 00 00
[   33.961413] nvdla_blob 00000fe0: 00 00 00 00 00 00 00 00 00 00 00 00 00 00 00 00
[   33.961809] nvdla_blob 00000ff0: 00 00 00 00 00 00 00 00 00 00 00 00 00 00 00 00
[   33.961956] nvdla_blob[5] prime_fd=7 handle=4 size=4096 dma=0xc0002000 full_4096_bytes:
[   33.962417] nvdla_blob 00000000: 00 00 00 01 01 00 00 00 ff ff 01 00 ff ff 01 00
[   33.962816] nvdla_blob 00000010: 01 00 02 00 ff ff 01 00 ff ff 01 00 ff ff 01 00
[   33.963209] nvdla_blob 00000020: ff ff 01 00 01 00 00 02 01 00 00 00 ff ff 01 00
[   33.963603] nvdla_blob 00000030: ff ff 01 00 ff ff 01 00 ff ff 01 00 ff ff 01 00
[   33.964004] nvdla_blob 00000040: ff ff 01 00 00 00 03 00 00 00 00 00 00 00 00 00
[   33.964399] nvdla_blob 00000050: 00 00 00 00 00 00 00 00 00 00 00 00 00 00 00 00
[   33.965906] nvdla_blob 00000060: 00 00 00 00 00 00 00 00 00 00 00 00 00 00 00 00
[   33.966327] nvdla_blob 00000070: 00 00 00 00 00 00 00 00 00 00 00 00 00 00 00 00
[   33.966722] nvdla_blob 00000080: 00 00 00 00 00 00 00 00 00 00 00 00 00 00 00 00
[   33.967123] nvdla_blob 00000090: 00 00 00 00 00 00 00 00 00 00 00 00 00 00 00 00
[   33.967513] nvdla_blob 000000a0: 00 00 00 00 00 00 00 00 00 00 00 00 00 00 00 00
[   33.967920] nvdla_blob 000000b0: 00 00 00 00 00 00 00 00 00 00 00 00 00 00 00 00
[   33.968343] nvdla_blob 000000c0: 00 00 00 00 00 00 00 00 00 00 00 00 00 00 00 00
[   33.970040] nvdla_blob 000000d0: 00 00 00 00 00 00 00 00 00 00 00 00 00 00 00 00
[   33.970441] nvdla_blob 000000e0: 00 00 00 00 00 00 00 00 00 00 00 00 00 00 00 00
[   33.970848] nvdla_blob 000000f0: 00 00 00 00 00 00 00 00 00 00 00 00 00 00 00 00
[   33.971238] nvdla_blob 00000100: 00 00 00 00 00 00 00 00 00 00 00 00 00 00 00 00
[   33.971632] nvdla_blob 00000110: 00 00 00 00 00 00 00 00 00 00 00 00 00 00 00 00
[   33.972031] nvdla_blob 00000120: 00 00 00 00 00 00 00 00 00 00 00 00 00 00 00 00
[   33.973577] nvdla_blob 00000130: 00 00 00 00 00 00 00 00 00 00 00 00 00 00 00 00
[   33.974008] nvdla_blob 00000140: 00 00 00 00 00 00 00 00 00 00 00 00 00 00 00 00
[   33.974396] nvdla_blob 00000150: 00 00 00 00 00 00 00 00 00 00 00 00 00 00 00 00
[   33.974866] nvdla_blob 00000160: 00 00 00 00 00 00 00 00 00 00 00 00 00 00 00 00
[   33.975339] nvdla_blob 00000170: 00 00 00 00 00 00 00 00 00 00 00 00 00 00 00 00
[   33.975767] nvdla_blob 00000180: 00 00 00 00 00 00 00 00 00 00 00 00 00 00 00 00
[   33.976170] nvdla_blob 00000190: 00 00 00 00 00 00 00 00 00 00 00 00 00 00 00 00
[   33.977650] nvdla_blob 000001a0: 00 00 00 00 00 00 00 00 00 00 00 00 00 00 00 00
[   33.978090] nvdla_blob 000001b0: 00 00 00 00 00 00 00 00 00 00 00 00 00 00 00 00
[   33.978482] nvdla_blob 000001c0: 00 00 00 00 00 00 00 00 00 00 00 00 00 00 00 00
[   33.979033] nvdla_blob 000001d0: 00 00 00 00 00 00 00 00 00 00 00 00 00 00 00 00
[   33.979567] nvdla_blob 000001e0: 00 00 00 00 00 00 00 00 00 00 00 00 00 00 00 00
[   33.979968] nvdla_blob 000001f0: 00 00 00 00 00 00 00 00 00 00 00 00 00 00 00 00
[   33.980359] nvdla_blob 00000200: 00 00 00 00 00 00 00 00 00 00 00 00 00 00 00 00
[   33.981761] nvdla_blob 00000210: 00 00 00 00 00 00 00 00 00 00 00 00 00 00 00 00
[   33.982190] nvdla_blob 00000220: 00 00 00 00 00 00 00 00 00 00 00 00 00 00 00 00
[   33.982584] nvdla_blob 00000230: 00 00 00 00 00 00 00 00 00 00 00 00 00 00 00 00
[   33.982985] nvdla_blob 00000240: 00 00 00 00 00 00 00 00 00 00 00 00 00 00 00 00
[   33.983379] nvdla_blob 00000250: 00 00 00 00 00 00 00 00 00 00 00 00 00 00 00 00
[   33.983772] nvdla_blob 00000260: 00 00 00 00 00 00 00 00 00 00 00 00 00 00 00 00
[   33.984172] nvdla_blob 00000270: 00 00 00 00 00 00 00 00 00 00 00 00 00 00 00 00
[   33.985844] nvdla_blob 00000280: 00 00 00 00 00 00 00 00 00 00 00 00 00 00 00 00
[   33.986533] nvdla_blob 00000290: 00 00 00 00 00 00 00 00 00 00 00 00 00 00 00 00
[   33.986952] nvdla_blob 000002a0: 00 00 00 00 00 00 00 00 00 00 00 00 00 00 00 00
[   33.987345] nvdla_blob 000002b0: 00 00 00 00 00 00 00 00 00 00 00 00 00 00 00 00
[   33.987732] nvdla_blob 000002c0: 00 00 00 00 00 00 00 00 00 00 00 00 00 00 00 00
[   33.988136] nvdla_blob 000002d0: 00 00 00 00 00 00 00 00 00 00 00 00 00 00 00 00
[   33.989741] nvdla_blob 000002e0: 00 00 00 00 00 00 00 00 00 00 00 00 00 00 00 00
[   33.990183] nvdla_blob 000002f0: 00 00 00 00 00 00 00 00 00 00 00 00 00 00 00 00
[   33.990566] nvdla_blob 00000300: 00 00 00 00 00 00 00 00 00 00 00 00 00 00 00 00
[   33.991041] nvdla_blob 00000310: 00 00 00 00 00 00 00 00 00 00 00 00 00 00 00 00
[   33.991499] nvdla_blob 00000320: 00 00 00 00 00 00 00 00 00 00 00 00 00 00 00 00
[   33.991899] nvdla_blob 00000330: 00 00 00 00 00 00 00 00 00 00 00 00 00 00 00 00
[   33.992312] nvdla_blob 00000340: 00 00 00 00 00 00 00 00 00 00 00 00 00 00 00 00
[   33.993621] nvdla_blob 00000350: 00 00 00 00 00 00 00 00 00 00 00 00 00 00 00 00
[   33.994022] nvdla_blob 00000360: 00 00 00 00 00 00 00 00 00 00 00 00 00 00 00 00
[   33.994407] nvdla_blob 00000370: 00 00 00 00 00 00 00 00 00 00 00 00 00 00 00 00
[   33.994919] nvdla_blob 00000380: 00 00 00 00 00 00 00 00 00 00 00 00 00 00 00 00
[   33.995380] nvdla_blob 00000390: 00 00 00 00 00 00 00 00 00 00 00 00 00 00 00 00
[   33.995796] nvdla_blob 000003a0: 00 00 00 00 00 00 00 00 00 00 00 00 00 00 00 00
[   33.996199] nvdla_blob 000003b0: 00 00 00 00 00 00 00 00 00 00 00 00 00 00 00 00
[   33.997591] nvdla_blob 000003c0: 00 00 00 00 00 00 00 00 00 00 00 00 00 00 00 00
[   33.997990] nvdla_blob 000003d0: 00 00 00 00 00 00 00 00 00 00 00 00 00 00 00 00
[   33.998379] nvdla_blob 000003e0: 00 00 00 00 00 00 00 00 00 00 00 00 00 00 00 00
[   33.998868] nvdla_blob 000003f0: 00 00 00 00 00 00 00 00 00 00 00 00 00 00 00 00
[   33.999395] nvdla_blob 00000400: 00 00 00 00 00 00 00 00 00 00 00 00 00 00 00 00
[   33.999820] nvdla_blob 00000410: 00 00 00 00 00 00 00 00 00 00 00 00 00 00 00 00
[   34.000231] nvdla_blob 00000420: 00 00 00 00 00 00 00 00 00 00 00 00 00 00 00 00
[   34.001646] nvdla_blob 00000430: 00 00 00 00 00 00 00 00 00 00 00 00 00 00 00 00
[   34.002053] nvdla_blob 00000440: 00 00 00 00 00 00 00 00 00 00 00 00 00 00 00 00
[   34.002444] nvdla_blob 00000450: 00 00 00 00 00 00 00 00 00 00 00 00 00 00 00 00
[   34.004104] nvdla_blob 00000460: 00 00 00 00 00 00 00 00 00 00 00 00 00 00 00 00
[   34.006054] nvdla_blob 00000470: 00 00 00 00 00 00 00 00 00 00 00 00 00 00 00 00
[   34.006490] nvdla_blob 00000480: 00 00 00 00 00 00 00 00 00 00 00 00 00 00 00 00
[   34.006893] nvdla_blob 00000490: 00 00 00 00 00 00 00 00 00 00 00 00 00 00 00 00
[   34.007279] nvdla_blob 000004a0: 00 00 00 00 00 00 00 00 00 00 00 00 00 00 00 00
[   34.007669] nvdla_blob 000004b0: 00 00 00 00 00 00 00 00 00 00 00 00 00 00 00 00
[   34.008073] nvdla_blob 000004c0: 00 00 00 00 00 00 00 00 00 00 00 00 00 00 00 00
[   34.009384] nvdla_blob 000004d0: 00 00 00 00 00 00 00 00 00 00 00 00 00 00 00 00
[   34.009813] nvdla_blob 000004e0: 00 00 00 00 00 00 00 00 00 00 00 00 00 00 00 00
[   34.010203] nvdla_blob 000004f0: 00 00 00 00 00 00 00 00 00 00 00 00 00 00 00 00
[   34.010593] nvdla_blob 00000500: 00 00 00 00 00 00 00 00 00 00 00 00 00 00 00 00
[   34.011006] nvdla_blob 00000510: 00 00 00 00 00 00 00 00 00 00 00 00 00 00 00 00
[   34.011396] nvdla_blob 00000520: 00 00 00 00 00 00 00 00 00 00 00 00 00 00 00 00
[   34.011796] nvdla_blob 00000530: 00 00 00 00 00 00 00 00 00 00 00 00 00 00 00 00
[   34.012185] nvdla_blob 00000540: 00 00 00 00 00 00 00 00 00 00 00 00 00 00 00 00
[   34.013539] nvdla_blob 00000550: 00 00 00 00 00 00 00 00 00 00 00 00 00 00 00 00
[   34.013963] nvdla_blob 00000560: 00 00 00 00 00 00 00 00 00 00 00 00 00 00 00 00
[   34.014349] nvdla_blob 00000570: 00 00 00 00 00 00 00 00 00 00 00 00 00 00 00 00
[   34.014737] nvdla_blob 00000580: 00 00 00 00 00 00 00 00 00 00 00 00 00 00 00 00
[   34.015132] nvdla_blob 00000590: 00 00 00 00 00 00 00 00 00 00 00 00 00 00 00 00
[   34.015520] nvdla_blob 000005a0: 00 00 00 00 00 00 00 00 00 00 00 00 00 00 00 00
[   34.015915] nvdla_blob 000005b0: 00 00 00 00 00 00 00 00 00 00 00 00 00 00 00 00
[   34.016301] nvdla_blob 000005c0: 00 00 00 00 00 00 00 00 00 00 00 00 00 00 00 00
[   34.017585] nvdla_blob 000005d0: 00 00 00 00 00 00 00 00 00 00 00 00 00 00 00 00
[   34.018014] nvdla_blob 000005e0: 00 00 00 00 00 00 00 00 00 00 00 00 00 00 00 00
[   34.018404] nvdla_blob 000005f0: 00 00 00 00 00 00 00 00 00 00 00 00 00 00 00 00
[   34.018801] nvdla_blob 00000600: 00 00 00 00 00 00 00 00 00 00 00 00 00 00 00 00
[   34.019193] nvdla_blob 00000610: 00 00 00 00 00 00 00 00 00 00 00 00 00 00 00 00
[   34.019580] nvdla_blob 00000620: 00 00 00 00 00 00 00 00 00 00 00 00 00 00 00 00
[   34.019978] nvdla_blob 00000630: 00 00 00 00 00 00 00 00 00 00 00 00 00 00 00 00
[   34.020368] nvdla_blob 00000640: 00 00 00 00 00 00 00 00 00 00 00 00 00 00 00 00
[   34.021762] nvdla_blob 00000650: 00 00 00 00 00 00 00 00 00 00 00 00 00 00 00 00
[   34.022205] nvdla_blob 00000660: 00 00 00 00 00 00 00 00 00 00 00 00 00 00 00 00
[   34.022593] nvdla_blob 00000670: 00 00 00 00 00 00 00 00 00 00 00 00 00 00 00 00
[   34.023059] nvdla_blob 00000680: 00 00 00 00 00 00 00 00 00 00 00 00 00 00 00 00
[   34.023682] nvdla_blob 00000690: 00 00 00 00 00 00 00 00 00 00 00 00 00 00 00 00
[   34.024090] nvdla_blob 000006a0: 00 00 00 00 00 00 00 00 00 00 00 00 00 00 00 00
[   34.025604] nvdla_blob 000006b0: 00 00 00 00 00 00 00 00 00 00 00 00 00 00 00 00
[   34.026038] nvdla_blob 000006c0: 00 00 00 00 00 00 00 00 00 00 00 00 00 00 00 00
[   34.026427] nvdla_blob 000006d0: 00 00 00 00 00 00 00 00 00 00 00 00 00 00 00 00
[   34.026914] nvdla_blob 000006e0: 00 00 00 00 00 00 00 00 00 00 00 00 00 00 00 00
[   34.027445] nvdla_blob 000006f0: 00 00 00 00 00 00 00 00 00 00 00 00 00 00 00 00
[   34.027876] nvdla_blob 00000700: 00 00 00 00 00 00 00 00 00 00 00 00 00 00 00 00
[   34.028264] nvdla_blob 00000710: 00 00 00 00 00 00 00 00 00 00 00 00 00 00 00 00
[   34.029565] nvdla_blob 00000720: 00 00 00 00 00 00 00 00 00 00 00 00 00 00 00 00
[   34.030032] nvdla_blob 00000730: 00 00 00 00 00 00 00 00 00 00 00 00 00 00 00 00
[   34.030429] nvdla_blob 00000740: 00 00 00 00 00 00 00 00 00 00 00 00 00 00 00 00
[   34.030827] nvdla_blob 00000750: 00 00 00 00 00 00 00 00 00 00 00 00 00 00 00 00
[   34.031217] nvdla_blob 00000760: 00 00 00 00 00 00 00 00 00 00 00 00 00 00 00 00
[   34.031607] nvdla_blob 00000770: 00 00 00 00 00 00 00 00 00 00 00 00 00 00 00 00
[   34.032000] nvdla_blob 00000780: 00 00 00 00 00 00 00 00 00 00 00 00 00 00 00 00
[   34.032399] nvdla_blob 00000790: 00 00 00 00 00 00 00 00 00 00 00 00 00 00 00 00
[   34.033734] nvdla_blob 000007a0: 00 00 00 00 00 00 00 00 00 00 00 00 00 00 00 00
[   34.034158] nvdla_blob 000007b0: 00 00 00 00 00 00 00 00 00 00 00 00 00 00 00 00
[   34.034548] nvdla_blob 000007c0: 00 00 00 00 00 00 00 00 00 00 00 00 00 00 00 00
[   34.034950] nvdla_blob 000007d0: 00 00 00 00 00 00 00 00 00 00 00 00 00 00 00 00
[   34.035339] nvdla_blob 000007e0: 00 00 00 00 00 00 00 00 00 00 00 00 00 00 00 00
[   34.035727] nvdla_blob 000007f0: 00 00 00 00 00 00 00 00 00 00 00 00 00 00 00 00
[   34.036122] nvdla_blob 00000800: 00 00 00 00 00 00 00 00 00 00 00 00 00 00 00 00
[   34.037430] nvdla_blob 00000810: 00 00 00 00 00 00 00 00 00 00 00 00 00 00 00 00
[   34.037862] nvdla_blob 00000820: 00 00 00 00 00 00 00 00 00 00 00 00 00 00 00 00
[   34.038254] nvdla_blob 00000830: 00 00 00 00 00 00 00 00 00 00 00 00 00 00 00 00
[   34.038641] nvdla_blob 00000840: 00 00 00 00 00 00 00 00 00 00 00 00 00 00 00 00
[   34.039044] nvdla_blob 00000850: 00 00 00 00 00 00 00 00 00 00 00 00 00 00 00 00
[   34.039501] nvdla_blob 00000860: 00 00 00 00 00 00 00 00 00 00 00 00 00 00 00 00
[   34.040172] nvdla_blob 00000870: 00 00 00 00 00 00 00 00 00 00 00 00 00 00 00 00
[   34.042077] nvdla_blob 00000880: 00 00 00 00 00 00 00 00 00 00 00 00 00 00 00 00
[   34.042492] nvdla_blob 00000890: 00 00 00 00 00 00 00 00 00 00 00 00 00 00 00 00
[   34.042894] nvdla_blob 000008a0: 00 00 00 00 00 00 00 00 00 00 00 00 00 00 00 00
[   34.043281] nvdla_blob 000008b0: 00 00 00 00 00 00 00 00 00 00 00 00 00 00 00 00
[   34.043667] nvdla_blob 000008c0: 00 00 00 00 00 00 00 00 00 00 00 00 00 00 00 00
[   34.044058] nvdla_blob 000008d0: 00 00 00 00 00 00 00 00 00 00 00 00 00 00 00 00
[   34.045574] nvdla_blob 000008e0: 00 00 00 00 00 00 00 00 00 00 00 00 00 00 00 00
[   34.046007] nvdla_blob 000008f0: 00 00 00 00 00 00 00 00 00 00 00 00 00 00 00 00
[   34.046394] nvdla_blob 00000900: 00 00 00 00 00 00 00 00 00 00 00 00 00 00 00 00
[   34.046835] nvdla_blob 00000910: 00 00 00 00 00 00 00 00 00 00 00 00 00 00 00 00
[   34.047361] nvdla_blob 00000920: 00 00 00 00 00 00 00 00 00 00 00 00 00 00 00 00
[   34.047858] nvdla_blob 00000930: 00 00 00 00 00 00 00 00 00 00 00 00 00 00 00 00
[   34.048250] nvdla_blob 00000940: 00 00 00 00 00 00 00 00 00 00 00 00 00 00 00 00
[   34.049484] nvdla_blob 00000950: 00 00 00 00 00 00 00 00 00 00 00 00 00 00 00 00
[   34.049906] nvdla_blob 00000960: 00 00 00 00 00 00 00 00 00 00 00 00 00 00 00 00
[   34.050294] nvdla_blob 00000970: 00 00 00 00 00 00 00 00 00 00 00 00 00 00 00 00
[   34.050683] nvdla_blob 00000980: 00 00 00 00 00 00 00 00 00 00 00 00 00 00 00 00
[   34.051084] nvdla_blob 00000990: 00 00 00 00 00 00 00 00 00 00 00 00 00 00 00 00
[   34.051475] nvdla_blob 000009a0: 00 00 00 00 00 00 00 00 00 00 00 00 00 00 00 00
[   34.051869] nvdla_blob 000009b0: 00 00 00 00 00 00 00 00 00 00 00 00 00 00 00 00
[   34.052257] nvdla_blob 000009c0: 00 00 00 00 00 00 00 00 00 00 00 00 00 00 00 00
[   34.053768] nvdla_blob 000009d0: 00 00 00 00 00 00 00 00 00 00 00 00 00 00 00 00
[   34.054220] nvdla_blob 000009e0: 00 00 00 00 00 00 00 00 00 00 00 00 00 00 00 00
[   34.054608] nvdla_blob 000009f0: 00 00 00 00 00 00 00 00 00 00 00 00 00 00 00 00
[   34.055243] nvdla_blob 00000a00: 00 00 00 00 00 00 00 00 00 00 00 00 00 00 00 00
[   34.055948] nvdla_blob 00000a10: 00 00 00 00 00 00 00 00 00 00 00 00 00 00 00 00
[   34.057637] nvdla_blob 00000a20: 00 00 00 00 00 00 00 00 00 00 00 00 00 00 00 00
[   34.058120] nvdla_blob 00000a30: 00 00 00 00 00 00 00 00 00 00 00 00 00 00 00 00
[   34.058514] nvdla_blob 00000a40: 00 00 00 00 00 00 00 00 00 00 00 00 00 00 00 00
[   34.058916] nvdla_blob 00000a50: 00 00 00 00 00 00 00 00 00 00 00 00 00 00 00 00
[   34.059303] nvdla_blob 00000a60: 00 00 00 00 00 00 00 00 00 00 00 00 00 00 00 00
[   34.059687] nvdla_blob 00000a70: 00 00 00 00 00 00 00 00 00 00 00 00 00 00 00 00
[   34.060080] nvdla_blob 00000a80: 00 00 00 00 00 00 00 00 00 00 00 00 00 00 00 00
[   34.061677] nvdla_blob 00000a90: 00 00 00 00 00 00 00 00 00 00 00 00 00 00 00 00
[   34.062110] nvdla_blob 00000aa0: 00 00 00 00 00 00 00 00 00 00 00 00 00 00 00 00
[   34.062496] nvdla_blob 00000ab0: 00 00 00 00 00 00 00 00 00 00 00 00 00 00 00 00
[   34.062947] nvdla_blob 00000ac0: 00 00 00 00 00 00 00 00 00 00 00 00 00 00 00 00
[   34.063407] nvdla_blob 00000ad0: 00 00 00 00 00 00 00 00 00 00 00 00 00 00 00 00
[   34.063839] nvdla_blob 00000ae0: 00 00 00 00 00 00 00 00 00 00 00 00 00 00 00 00
[   34.064256] nvdla_blob 00000af0: 00 00 00 00 00 00 00 00 00 00 00 00 00 00 00 00
[   34.065575] nvdla_blob 00000b00: 00 00 00 00 00 00 00 00 00 00 00 00 00 00 00 00
[   34.065971] nvdla_blob 00000b10: 00 00 00 00 00 00 00 00 00 00 00 00 00 00 00 00
[   34.066358] nvdla_blob 00000b20: 00 00 00 00 00 00 00 00 00 00 00 00 00 00 00 00
[   34.066746] nvdla_blob 00000b30: 00 00 00 00 00 00 00 00 00 00 00 00 00 00 00 00
[   34.067219] nvdla_blob 00000b40: 00 00 00 00 00 00 00 00 00 00 00 00 00 00 00 00
[   34.067681] nvdla_blob 00000b50: 00 00 00 00 00 00 00 00 00 00 00 00 00 00 00 00
[   34.068074] nvdla_blob 00000b60: 00 00 00 00 00 00 00 00 00 00 00 00 00 00 00 00
[   34.069485] nvdla_blob 00000b70: 00 00 00 00 00 00 00 00 00 00 00 00 00 00 00 00
[   34.070041] nvdla_blob 00000b80: 00 00 00 00 00 00 00 00 00 00 00 00 00 00 00 00
[   34.070644] nvdla_blob 00000b90: 00 00 00 00 00 00 00 00 00 00 00 00 00 00 00 00
[   34.071097] nvdla_blob 00000ba0: 00 00 00 00 00 00 00 00 00 00 00 00 00 00 00 00
[   34.071835] nvdla_blob 00000bb0: 00 00 00 00 00 00 00 00 00 00 00 00 00 00 00 00
[   34.072280] nvdla_blob 00000bc0: 00 00 00 00 00 00 00 00 00 00 00 00 00 00 00 00
[   34.074043] nvdla_blob 00000bd0: 00 00 00 00 00 00 00 00 00 00 00 00 00 00 00 00
[   34.074677] nvdla_blob 00000be0: 00 00 00 00 00 00 00 00 00 00 00 00 00 00 00 00
[   34.075192] nvdla_blob 00000bf0: 00 00 00 00 00 00 00 00 00 00 00 00 00 00 00 00
[   34.075655] nvdla_blob 00000c00: 00 00 00 00 00 00 00 00 00 00 00 00 00 00 00 00
[   34.076057] nvdla_blob 00000c10: 00 00 00 00 00 00 00 00 00 00 00 00 00 00 00 00
[   34.077684] nvdla_blob 00000c20: 00 00 00 00 00 00 00 00 00 00 00 00 00 00 00 00
[   34.078113] nvdla_blob 00000c30: 00 00 00 00 00 00 00 00 00 00 00 00 00 00 00 00
[   34.078497] nvdla_blob 00000c40: 00 00 00 00 00 00 00 00 00 00 00 00 00 00 00 00
[   34.078889] nvdla_blob 00000c50: 00 00 00 00 00 00 00 00 00 00 00 00 00 00 00 00
[   34.079270] nvdla_blob 00000c60: 00 00 00 00 00 00 00 00 00 00 00 00 00 00 00 00
[   34.079650] nvdla_blob 00000c70: 00 00 00 00 00 00 00 00 00 00 00 00 00 00 00 00
[   34.080072] nvdla_blob 00000c80: 00 00 00 00 00 00 00 00 00 00 00 00 00 00 00 00
[   34.081392] nvdla_blob 00000c90: 00 00 00 00 00 00 00 00 00 00 00 00 00 00 00 00
[   34.081813] nvdla_blob 00000ca0: 00 00 00 00 00 00 00 00 00 00 00 00 00 00 00 00
[   34.082201] nvdla_blob 00000cb0: 00 00 00 00 00 00 00 00 00 00 00 00 00 00 00 00
[   34.082584] nvdla_blob 00000cc0: 00 00 00 00 00 00 00 00 00 00 00 00 00 00 00 00
[   34.082974] nvdla_blob 00000cd0: 00 00 00 00 00 00 00 00 00 00 00 00 00 00 00 00
[   34.083358] nvdla_blob 00000ce0: 00 00 00 00 00 00 00 00 00 00 00 00 00 00 00 00
[   34.083744] nvdla_blob 00000cf0: 00 00 00 00 00 00 00 00 00 00 00 00 00 00 00 00
[   34.084156] nvdla_blob 00000d00: 00 00 00 00 00 00 00 00 00 00 00 00 00 00 00 00
[   34.085535] nvdla_blob 00000d10: 00 00 00 00 00 00 00 00 00 00 00 00 00 00 00 00
[   34.085927] nvdla_blob 00000d20: 00 00 00 00 00 00 00 00 00 00 00 00 00 00 00 00
[   34.086309] nvdla_blob 00000d30: 00 00 00 00 00 00 00 00 00 00 00 00 00 00 00 00
[   34.086694] nvdla_blob 00000d40: 00 00 00 00 00 00 00 00 00 00 00 00 00 00 00 00
[   34.087093] nvdla_blob 00000d50: 00 00 00 00 00 00 00 00 00 00 00 00 00 00 00 00
[   34.087497] nvdla_blob 00000d60: 00 00 00 00 00 00 00 00 00 00 00 00 00 00 00 00
[   34.088028] nvdla_blob 00000d70: 00 00 00 00 00 00 00 00 00 00 00 00 00 00 00 00
[   34.090131] nvdla_blob 00000d80: 00 00 00 00 00 00 00 00 00 00 00 00 00 00 00 00
[   34.090668] nvdla_blob 00000d90: 00 00 00 00 00 00 00 00 00 00 00 00 00 00 00 00
[   34.091069] nvdla_blob 00000da0: 00 00 00 00 00 00 00 00 00 00 00 00 00 00 00 00
[   34.091453] nvdla_blob 00000db0: 00 00 00 00 00 00 00 00 00 00 00 00 00 00 00 00
[   34.091849] nvdla_blob 00000dc0: 00 00 00 00 00 00 00 00 00 00 00 00 00 00 00 00
[   34.092244] nvdla_blob 00000dd0: 00 00 00 00 00 00 00 00 00 00 00 00 00 00 00 00
[   34.093771] nvdla_blob 00000de0: 00 00 00 00 00 00 00 00 00 00 00 00 00 00 00 00
[   34.094282] nvdla_blob 00000df0: 00 00 00 00 00 00 00 00 00 00 00 00 00 00 00 00
[   34.094739] nvdla_blob 00000e00: 00 00 00 00 00 00 00 00 00 00 00 00 00 00 00 00
[   34.095132] nvdla_blob 00000e10: 00 00 00 00 00 00 00 00 00 00 00 00 00 00 00 00
[   34.095515] nvdla_blob 00000e20: 00 00 00 00 00 00 00 00 00 00 00 00 00 00 00 00
[   34.095908] nvdla_blob 00000e30: 00 00 00 00 00 00 00 00 00 00 00 00 00 00 00 00
[   34.096316] nvdla_blob 00000e40: 00 00 00 00 00 00 00 00 00 00 00 00 00 00 00 00
[   34.098015] nvdla_blob 00000e50: 00 00 00 00 00 00 00 00 00 00 00 00 00 00 00 00
[   34.098478] nvdla_blob 00000e60: 00 00 00 00 00 00 00 00 00 00 00 00 00 00 00 00
[   34.098917] nvdla_blob 00000e70: 00 00 00 00 00 00 00 00 00 00 00 00 00 00 00 00
[   34.099301] nvdla_blob 00000e80: 00 00 00 00 00 00 00 00 00 00 00 00 00 00 00 00
[   34.099684] nvdla_blob 00000e90: 00 00 00 00 00 00 00 00 00 00 00 00 00 00 00 00
[   34.100146] nvdla_blob 00000ea0: 00 00 00 00 00 00 00 00 00 00 00 00 00 00 00 00
[   34.101522] nvdla_blob 00000eb0: 00 00 00 00 00 00 00 00 00 00 00 00 00 00 00 00
[   34.101928] nvdla_blob 00000ec0: 00 00 00 00 00 00 00 00 00 00 00 00 00 00 00 00
[   34.102314] nvdla_blob 00000ed0: 00 00 00 00 00 00 00 00 00 00 00 00 00 00 00 00
[   34.102701] nvdla_blob 00000ee0: 00 00 00 00 00 00 00 00 00 00 00 00 00 00 00 00
[   34.103101] nvdla_blob 00000ef0: 00 00 00 00 00 00 00 00 00 00 00 00 00 00 00 00
[   34.103485] nvdla_blob 00000f00: 00 00 00 00 00 00 00 00 00 00 00 00 00 00 00 00
[   34.103876] nvdla_blob 00000f10: 00 00 00 00 00 00 00 00 00 00 00 00 00 00 00 00
[   34.104267] nvdla_blob 00000f20: 00 00 00 00 00 00 00 00 00 00 00 00 00 00 00 00
[   34.105745] nvdla_blob 00000f30: 00 00 00 00 00 00 00 00 00 00 00 00 00 00 00 00
[   34.106420] nvdla_blob 00000f40: 00 00 00 00 00 00 00 00 00 00 00 00 00 00 00 00
[   34.106977] nvdla_blob 00000f50: 00 00 00 00 00 00 00 00 00 00 00 00 00 00 00 00
[   34.107359] nvdla_blob 00000f60: 00 00 00 00 00 00 00 00 00 00 00 00 00 00 00 00
[   34.107747] nvdla_blob 00000f70: 00 00 00 00 00 00 00 00 00 00 00 00 00 00 00 00
[   34.108144] nvdla_blob 00000f80: 00 00 00 00 00 00 00 00 00 00 00 00 00 00 00 00
[   34.109577] nvdla_blob 00000f90: 00 00 00 00 00 00 00 00 00 00 00 00 00 00 00 00
[   34.110018] nvdla_blob 00000fa0: 00 00 00 00 00 00 00 00 00 00 00 00 00 00 00 00
[   34.110409] nvdla_blob 00000fb0: 00 00 00 00 00 00 00 00 00 00 00 00 00 00 00 00
[   34.110806] nvdla_blob 00000fc0: 00 00 00 00 00 00 00 00 00 00 00 00 00 00 00 00
[   34.111193] nvdla_blob 00000fd0: 00 00 00 00 00 00 00 00 00 00 00 00 00 00 00 00
[   34.111580] nvdla_blob 00000fe0: 00 00 00 00 00 00 00 00 00 00 00 00 00 00 00 00
[   34.112151] nvdla_blob 00000ff0: 00 00 00 00 00 00 00 00 00 00 00 00 00 00 00 00
[   34.113620] nvdla_blob[6] prime_fd=8 handle=5 size=4096 dma=0xc0003000 full_4096_bytes:
[   34.114069] nvdla_blob 00000000: 00 00 00 00 00 00 3f 00 24 00 01 00 00 00 00 00
[   34.114456] nvdla_blob 00000010: 00 00 00 00 01 00 07 01 00 00 00 00 00 00 1c 00
[   34.114860] nvdla_blob 00000020: 1c 00 1c 00 90 00 01 00 01 00 90 00 1c 00 1c 00
[   34.115323] nvdla_blob 00000030: 20 01 00 00 00 00 00 00 00 00 00 00 00 01 01 00
[   34.115795] nvdla_blob 00000040: 00 00 00 01 01 00 00 00 02 02 00 00 00 00 00 00
[   34.116209] nvdla_blob 00000050: 00 00 00 00 01 00 00 01 00 00 00 00 00 00 00 00
[   34.117589] nvdla_blob 00000060: 00 00 00 00 00 00 00 00 00 00 00 00 00 00 00 00
[   34.117985] nvdla_blob 00000070: 00 00 00 00 02 02 ff ff 01 00 00 01 00 00 00 00
[   34.118375] nvdla_blob 00000080: 00 01 00 00 00 00 00 00 00 00 00 00 00 00 00 00
[   34.118834] nvdla_blob 00000090: 00 00 00 00 00 00 00 00 00 00 00 00 00 00 00 00
[   34.119224] nvdla_blob 000000a0: 00 00 00 00 00 00 00 00 00 00 00 00 00 00 00 00
[   34.119614] nvdla_blob 000000b0: 00 00 00 00 00 00 00 00 00 00 00 00 00 00 00 00
[   34.120011] nvdla_blob 000000c0: 00 00 00 00 00 00 00 00 00 00 00 00 00 00 00 00
[   34.120407] nvdla_blob 000000d0: 00 00 00 00 00 00 00 00 00 00 00 00 00 00 00 00
[   34.121952] nvdla_blob 000000e0: 00 00 00 00 00 00 00 00 00 00 00 00 00 00 00 00
[   34.122420] nvdla_blob 000000f0: 00 00 00 00 00 00 00 00 00 00 00 00 00 00 00 00
[   34.122851] nvdla_blob 00000100: 00 00 00 00 00 00 00 00 00 00 00 00 00 00 00 00
[   34.123234] nvdla_blob 00000110: 00 00 00 00 00 00 00 00 00 00 00 00 00 00 00 00
[   34.123614] nvdla_blob 00000120: 00 00 00 00 00 00 00 00 00 00 00 00 00 00 00 00
[   34.124027] nvdla_blob 00000130: 00 00 00 00 00 00 00 00 00 00 00 00 00 00 00 00
[   34.125303] nvdla_blob 00000140: 00 00 00 00 00 00 00 00 00 00 00 00 00 00 00 00
[   34.125723] nvdla_blob 00000150: 00 00 00 00 00 00 00 00 00 00 00 00 00 00 00 00
[   34.126131] nvdla_blob 00000160: 00 00 00 00 00 00 00 00 00 00 00 00 00 00 00 00
[   34.126517] nvdla_blob 00000170: 00 00 00 00 00 00 00 00 00 00 00 00 00 00 00 00
[   34.126917] nvdla_blob 00000180: 00 00 00 00 00 00 00 00 00 00 00 00 00 00 00 00
[   34.127303] nvdla_blob 00000190: 00 00 00 00 00 00 00 00 00 00 00 00 00 00 00 00
[   34.127690] nvdla_blob 000001a0: 00 00 00 00 00 00 00 00 00 00 00 00 00 00 00 00
[   34.130058] nvdla_blob 000001b0: 00 00 00 00 00 00 00 00 00 00 00 00 00 00 00 00
[   34.130513] nvdla_blob 000001c0: 00 00 00 00 00 00 00 00 00 00 00 00 00 00 00 00
[   34.131021] nvdla_blob 000001d0: 00 00 00 00 00 00 00 00 00 00 00 00 00 00 00 00
[   34.131673] nvdla_blob 000001e0: 00 00 00 00 00 00 00 00 00 00 00 00 00 00 00 00
[   34.132243] nvdla_blob 000001f0: 00 00 00 00 00 00 00 00 00 00 00 00 00 00 00 00
[   34.133705] nvdla_blob 00000200: 00 00 00 00 00 00 00 00 00 00 00 00 00 00 00 00
[   34.134156] nvdla_blob 00000210: 00 00 00 00 00 00 00 00 00 00 00 00 00 00 00 00
[   34.134561] nvdla_blob 00000220: 00 00 00 00 00 00 00 00 00 00 00 00 00 00 00 00
[   34.135016] nvdla_blob 00000230: 00 00 00 00 00 00 00 00 00 00 00 00 00 00 00 00
[   34.135435] nvdla_blob 00000240: 00 00 00 00 00 00 00 00 00 00 00 00 00 00 00 00
[   34.135860] nvdla_blob 00000250: 00 00 00 00 00 00 00 00 00 00 00 00 00 00 00 00
[   34.136389] nvdla_blob 00000260: 00 00 00 00 00 00 00 00 00 00 00 00 00 00 00 00
[   34.138164] nvdla_blob 00000270: 00 00 00 00 00 00 00 00 00 00 00 00 00 00 00 00
[   34.138557] nvdla_blob 00000280: 00 00 00 00 00 00 00 00 00 00 00 00 00 00 00 00
[   34.138984] nvdla_blob 00000290: 00 00 00 00 00 00 00 00 00 00 00 00 00 00 00 00
[   34.139503] nvdla_blob 000002a0: 00 00 00 00 00 00 00 00 00 00 00 00 00 00 00 00
[   34.140025] nvdla_blob 000002b0: 00 00 00 00 00 00 00 00 00 00 00 00 00 00 00 00
[   34.142495] nvdla_blob 000002c0: 00 00 00 00 00 00 00 00 00 00 00 00 00 00 00 00
[   34.143016] nvdla_blob 000002d0: 00 00 00 00 00 00 00 00 00 00 00 00 00 00 00 00
[   34.143558] nvdla_blob 000002e0: 00 00 00 00 00 00 00 00 00 00 00 00 00 00 00 00
[   34.144014] nvdla_blob 000002f0: 00 00 00 00 00 00 00 00 00 00 00 00 00 00 00 00
[   34.146460] nvdla_blob 00000300: 00 00 00 00 00 00 00 00 00 00 00 00 00 00 00 00
[   34.146956] nvdla_blob 00000310: 00 00 00 00 00 00 00 00 00 00 00 00 00 00 00 00
[   34.147438] nvdla_blob 00000320: 00 00 00 00 00 00 00 00 00 00 00 00 00 00 00 00
[   34.147911] nvdla_blob 00000330: 00 00 00 00 00 00 00 00 00 00 00 00 00 00 00 00
[   34.148335] nvdla_blob 00000340: 00 00 00 00 00 00 00 00 00 00 00 00 00 00 00 00
[   34.149904] nvdla_blob 00000350: 00 00 00 00 00 00 00 00 00 00 00 00 00 00 00 00
[   34.150298] nvdla_blob 00000360: 00 00 00 00 00 00 00 00 00 00 00 00 00 00 00 00
[   34.150685] nvdla_blob 00000370: 00 00 00 00 00 00 00 00 00 00 00 00 00 00 00 00
[   34.151139] nvdla_blob 00000380: 00 00 00 00 00 00 00 00 00 00 00 00 00 00 00 00
[   34.151604] nvdla_blob 00000390: 00 00 00 00 00 00 00 00 00 00 00 00 00 00 00 00
[   34.152030] nvdla_blob 000003a0: 00 00 00 00 00 00 00 00 00 00 00 00 00 00 00 00
[   34.153337] nvdla_blob 000003b0: 00 00 00 00 00 00 00 00 00 00 00 00 00 00 00 00
[   34.153764] nvdla_blob 000003c0: 00 00 00 00 00 00 00 00 00 00 00 00 00 00 00 00
[   34.154163] nvdla_blob 000003d0: 00 00 00 00 00 00 00 00 00 00 00 00 00 00 00 00
[   34.154668] nvdla_blob 000003e0: 00 00 00 00 00 00 00 00 00 00 00 00 00 00 00 00
[   34.155282] nvdla_blob 000003f0: 00 00 00 00 00 00 00 00 00 00 00 00 00 00 00 00
[   34.155875] nvdla_blob 00000400: 00 00 00 00 00 00 00 00 00 00 00 00 00 00 00 00
[   34.156281] nvdla_blob 00000410: 00 00 00 00 00 00 00 00 00 00 00 00 00 00 00 00
[   34.157935] nvdla_blob 00000420: 00 00 00 00 00 00 00 00 00 00 00 00 00 00 00 00
[   34.158398] nvdla_blob 00000430: 00 00 00 00 00 00 00 00 00 00 00 00 00 00 00 00
[   34.159019] nvdla_blob 00000440: 00 00 00 00 00 00 00 00 00 00 00 00 00 00 00 00
[   34.159553] nvdla_blob 00000450: 00 00 00 00 00 00 00 00 00 00 00 00 00 00 00 00
[   34.160143] nvdla_blob 00000460: 00 00 00 00 00 00 00 00 00 00 00 00 00 00 00 00
[   34.161589] nvdla_blob 00000470: 00 00 00 00 00 00 00 00 00 00 00 00 00 00 00 00
[   34.161990] nvdla_blob 00000480: 00 00 00 00 00 00 00 00 00 00 00 00 00 00 00 00
[   34.162376] nvdla_blob 00000490: 00 00 00 00 00 00 00 00 00 00 00 00 00 00 00 00
[   34.162766] nvdla_blob 000004a0: 00 00 00 00 00 00 00 00 00 00 00 00 00 00 00 00
[   34.163168] nvdla_blob 000004b0: 00 00 00 00 00 00 00 00 00 00 00 00 00 00 00 00
[   34.163554] nvdla_blob 000004c0: 00 00 00 00 00 00 00 00 00 00 00 00 00 00 00 00
[   34.163957] nvdla_blob 000004d0: 00 00 00 00 00 00 00 00 00 00 00 00 00 00 00 00
[   34.164362] nvdla_blob 000004e0: 00 00 00 00 00 00 00 00 00 00 00 00 00 00 00 00
[   34.165699] nvdla_blob 000004f0: 00 00 00 00 00 00 00 00 00 00 00 00 00 00 00 00
[   34.166126] nvdla_blob 00000500: 00 00 00 00 00 00 00 00 00 00 00 00 00 00 00 00
[   34.166510] nvdla_blob 00000510: 00 00 00 00 00 00 00 00 00 00 00 00 00 00 00 00
[   34.166907] nvdla_blob 00000520: 00 00 00 00 00 00 00 00 00 00 00 00 00 00 00 00
[   34.167299] nvdla_blob 00000530: 00 00 00 00 00 00 00 00 00 00 00 00 00 00 00 00
[   34.167688] nvdla_blob 00000540: 00 00 00 00 00 00 00 00 00 00 00 00 00 00 00 00
[   34.168181] nvdla_blob 00000550: 00 00 00 00 00 00 00 00 00 00 00 00 00 00 00 00
[   34.169657] nvdla_blob 00000560: 00 00 00 00 00 00 00 00 00 00 00 00 00 00 00 00
[   34.170067] nvdla_blob 00000570: 00 00 00 00 00 00 00 00 00 00 00 00 00 00 00 00
[   34.170459] nvdla_blob 00000580: 00 00 00 00 00 00 00 00 00 00 00 00 00 00 00 00
[   34.170880] nvdla_blob 00000590: 00 00 00 00 00 00 00 00 00 00 00 00 00 00 00 00
[   34.171277] nvdla_blob 000005a0: 00 00 00 00 00 00 00 00 00 00 00 00 00 00 00 00
[   34.171692] nvdla_blob 000005b0: 00 00 00 00 00 00 00 00 00 00 00 00 00 00 00 00
[   34.172222] nvdla_blob 000005c0: 00 00 00 00 00 00 00 00 00 00 00 00 00 00 00 00
[   34.174893] nvdla_blob 000005d0: 00 00 00 00 00 00 00 00 00 00 00 00 00 00 00 00
[   34.175414] nvdla_blob 000005e0: 00 00 00 00 00 00 00 00 00 00 00 00 00 00 00 00
[   34.175939] nvdla_blob 000005f0: 00 00 00 00 00 00 00 00 00 00 00 00 00 00 00 00
[   34.176370] nvdla_blob 00000600: 00 00 00 00 00 00 00 00 00 00 00 00 00 00 00 00
[   34.178279] nvdla_blob 00000610: 00 00 00 00 00 00 00 00 00 00 00 00 00 00 00 00
[   34.178666] nvdla_blob 00000620: 00 00 00 00 00 00 00 00 00 00 00 00 00 00 00 00
[   34.179113] nvdla_blob 00000630: 00 00 00 00 00 00 00 00 00 00 00 00 00 00 00 00
[   34.179578] nvdla_blob 00000640: 00 00 00 00 00 00 00 00 00 00 00 00 00 00 00 00
[   34.180022] nvdla_blob 00000650: 00 00 00 00 00 00 00 00 00 00 00 00 00 00 00 00
[   34.181402] nvdla_blob 00000660: 00 00 00 00 00 00 00 00 00 00 00 00 00 00 00 00
[   34.181874] nvdla_blob 00000670: 00 00 00 00 00 00 00 00 00 00 00 00 00 00 00 00
[   34.182484] nvdla_blob 00000680: 00 00 00 00 00 00 00 00 00 00 00 00 00 00 00 00
[   34.183082] nvdla_blob 00000690: 00 00 00 00 00 00 00 00 00 00 00 00 00 00 00 00
[   34.183676] nvdla_blob 000006a0: 00 00 00 00 00 00 00 00 00 00 00 00 00 00 00 00
[   34.184277] nvdla_blob 000006b0: 00 00 00 00 00 00 00 00 00 00 00 00 00 00 00 00
[   34.185726] nvdla_blob 000006c0: 00 00 00 00 00 00 00 00 00 00 00 00 00 00 00 00
[   34.186141] nvdla_blob 000006d0: 00 00 00 00 00 00 00 00 00 00 00 00 00 00 00 00
[   34.186534] nvdla_blob 000006e0: 00 00 00 00 00 00 00 00 00 00 00 00 00 00 00 00
[   34.186936] nvdla_blob 000006f0: 00 00 00 00 00 00 00 00 00 00 00 00 00 00 00 00
[   34.187333] nvdla_blob 00000700: 00 00 00 00 00 00 00 00 00 00 00 00 00 00 00 00
[   34.187723] nvdla_blob 00000710: 00 00 00 00 00 00 00 00 00 00 00 00 00 00 00 00
[   34.188260] nvdla_blob 00000720: 00 00 00 00 00 00 00 00 00 00 00 00 00 00 00 00
[   34.190696] nvdla_blob 00000730: 00 00 00 00 00 00 00 00 00 00 00 00 00 00 00 00
[   34.191193] nvdla_blob 00000740: 00 00 00 00 00 00 00 00 00 00 00 00 00 00 00 00
[   34.191666] nvdla_blob 00000750: 00 00 00 00 00 00 00 00 00 00 00 00 00 00 00 00
[   34.192099] nvdla_blob 00000760: 00 00 00 00 00 00 00 00 00 00 00 00 00 00 00 00
[   34.193562] nvdla_blob 00000770: 00 00 00 00 00 00 00 00 00 00 00 00 00 00 00 00
[   34.193993] nvdla_blob 00000780: 00 00 00 00 00 00 00 00 00 00 00 00 00 00 00 00
[   34.194382] nvdla_blob 00000790: 00 00 00 00 00 00 00 00 00 00 00 00 00 00 00 00
[   34.194773] nvdla_blob 000007a0: 00 00 00 00 00 00 00 00 00 00 00 00 00 00 00 00
[   34.195165] nvdla_blob 000007b0: 00 00 00 00 00 00 00 00 00 00 00 00 00 00 00 00
[   34.195550] nvdla_blob 000007c0: 00 00 00 00 00 00 00 00 00 00 00 00 00 00 00 00
[   34.195951] nvdla_blob 000007d0: 00 00 00 00 00 00 00 00 00 00 00 00 00 00 00 00
[   34.196344] nvdla_blob 000007e0: 00 00 00 00 00 00 00 00 00 00 00 00 00 00 00 00
[   34.197783] nvdla_blob 000007f0: 00 00 00 00 00 00 00 00 00 00 00 00 00 00 00 00
[   34.198207] nvdla_blob 00000800: 00 00 00 00 00 00 00 00 00 00 00 00 00 00 00 00
[   34.198597] nvdla_blob 00000810: 00 00 00 00 00 00 00 00 00 00 00 00 00 00 00 00
[   34.198990] nvdla_blob 00000820: 00 00 00 00 00 00 00 00 00 00 00 00 00 00 00 00
[   34.199463] nvdla_blob 00000830: 00 00 00 00 00 00 00 00 00 00 00 00 00 00 00 00
[   34.199938] nvdla_blob 00000840: 00 00 00 00 00 00 00 00 00 00 00 00 00 00 00 00
[   34.200334] nvdla_blob 00000850: 00 00 00 00 00 00 00 00 00 00 00 00 00 00 00 00
[   34.201953] nvdla_blob 00000860: 00 00 00 00 00 00 00 00 00 00 00 00 00 00 00 00
[   34.202382] nvdla_blob 00000870: 00 00 00 00 00 00 00 00 00 00 00 00 00 00 00 00
[   34.202771] nvdla_blob 00000880: 00 00 00 00 00 00 00 00 00 00 00 00 00 00 00 00
[   34.203224] nvdla_blob 00000890: 00 00 00 00 00 00 00 00 00 00 00 00 00 00 00 00
[   34.203690] nvdla_blob 000008a0: 00 00 00 00 00 00 00 00 00 00 00 00 00 00 00 00
[   34.204126] nvdla_blob 000008b0: 00 00 00 00 00 00 00 00 00 00 00 00 00 00 00 00
[   34.205345] nvdla_blob 000008c0: 00 00 00 00 00 00 00 00 00 00 00 00 00 00 00 00
[   34.205763] nvdla_blob 000008d0: 00 00 00 00 00 00 00 00 00 00 00 00 00 00 00 00
[   34.206160] nvdla_blob 000008e0: 00 00 00 00 00 00 00 00 00 00 00 00 00 00 00 00
[   34.206546] nvdla_blob 000008f0: 00 00 00 00 00 00 00 00 00 00 00 00 00 00 00 00
[   34.206944] nvdla_blob 00000900: 00 00 00 00 00 00 00 00 00 00 00 00 00 00 00 00
[   34.207333] nvdla_blob 00000910: 00 00 00 00 00 00 00 00 00 00 00 00 00 00 00 00
[   34.207782] nvdla_blob 00000920: 00 00 00 00 00 00 00 00 00 00 00 00 00 00 00 00
[   34.208207] nvdla_blob 00000930: 00 00 00 00 00 00 00 00 00 00 00 00 00 00 00 00
[   34.209589] nvdla_blob 00000940: 00 00 00 00 00 00 00 00 00 00 00 00 00 00 00 00
[   34.209985] nvdla_blob 00000950: 00 00 00 00 00 00 00 00 00 00 00 00 00 00 00 00
[   34.210381] nvdla_blob 00000960: 00 00 00 00 00 00 00 00 00 00 00 00 00 00 00 00
[   34.210769] nvdla_blob 00000970: 00 00 00 00 00 00 00 00 00 00 00 00 00 00 00 00
[   34.211174] nvdla_blob 00000980: 00 00 00 00 00 00 00 00 00 00 00 00 00 00 00 00
[   34.211562] nvdla_blob 00000990: 00 00 00 00 00 00 00 00 00 00 00 00 00 00 00 00
[   34.212022] nvdla_blob 000009a0: 00 00 00 00 00 00 00 00 00 00 00 00 00 00 00 00
[   34.214472] nvdla_blob 000009b0: 00 00 00 00 00 00 00 00 00 00 00 00 00 00 00 00
[   34.214957] nvdla_blob 000009c0: 00 00 00 00 00 00 00 00 00 00 00 00 00 00 00 00
[   34.215362] nvdla_blob 000009d0: 00 00 00 00 00 00 00 00 00 00 00 00 00 00 00 00
[   34.215763] nvdla_blob 000009e0: 00 00 00 00 00 00 00 00 00 00 00 00 00 00 00 00
[   34.216193] nvdla_blob 000009f0: 00 00 00 00 00 00 00 00 00 00 00 00 00 00 00 00
[   34.218045] nvdla_blob 00000a00: 00 00 00 00 00 00 00 00 00 00 00 00 00 00 00 00
[   34.218531] nvdla_blob 00000a10: 00 00 00 00 00 00 00 00 00 00 00 00 00 00 00 00
[   34.218966] nvdla_blob 00000a20: 00 00 00 00 00 00 00 00 00 00 00 00 00 00 00 00
[   34.219381] nvdla_blob 00000a30: 00 00 00 00 00 00 00 00 00 00 00 00 00 00 00 00
[   34.219797] nvdla_blob 00000a40: 00 00 00 00 00 00 00 00 00 00 00 00 00 00 00 00
[   34.220226] nvdla_blob 00000a50: 00 00 00 00 00 00 00 00 00 00 00 00 00 00 00 00
[   34.221899] nvdla_blob 00000a60: 00 00 00 00 00 00 00 00 00 00 00 00 00 00 00 00
[   34.222304] nvdla_blob 00000a70: 00 00 00 00 00 00 00 00 00 00 00 00 00 00 00 00
[   34.222696] nvdla_blob 00000a80: 00 00 00 00 00 00 00 00 00 00 00 00 00 00 00 00
[   34.223095] nvdla_blob 00000a90: 00 00 00 00 00 00 00 00 00 00 00 00 00 00 00 00
[   34.223485] nvdla_blob 00000aa0: 00 00 00 00 00 00 00 00 00 00 00 00 00 00 00 00
[   34.223883] nvdla_blob 00000ab0: 00 00 00 00 00 00 00 00 00 00 00 00 00 00 00 00
[   34.224310] nvdla_blob 00000ac0: 00 00 00 00 00 00 00 00 00 00 00 00 00 00 00 00
[   34.225859] nvdla_blob 00000ad0: 00 00 00 00 00 00 00 00 00 00 00 00 00 00 00 00
[   34.226257] nvdla_blob 00000ae0: 00 00 00 00 00 00 00 00 00 00 00 00 00 00 00 00
[   34.226648] nvdla_blob 00000af0: 00 00 00 00 00 00 00 00 00 00 00 00 00 00 00 00
[   34.227045] nvdla_blob 00000b00: 00 00 00 00 00 00 00 00 00 00 00 00 00 00 00 00
[   34.227441] nvdla_blob 00000b10: 00 00 00 00 00 00 00 00 00 00 00 00 00 00 00 00
[   34.227838] nvdla_blob 00000b20: 00 00 00 00 00 00 00 00 00 00 00 00 00 00 00 00
[   34.228229] nvdla_blob 00000b30: 00 00 00 00 00 00 00 00 00 00 00 00 00 00 00 00
[   34.229560] nvdla_blob 00000b40: 00 00 00 00 00 00 00 00 00 00 00 00 00 00 00 00
[   34.229992] nvdla_blob 00000b50: 00 00 00 00 00 00 00 00 00 00 00 00 00 00 00 00
[   34.230390] nvdla_blob 00000b60: 00 00 00 00 00 00 00 00 00 00 00 00 00 00 00 00
[   34.230790] nvdla_blob 00000b70: 00 00 00 00 00 00 00 00 00 00 00 00 00 00 00 00
[   34.231185] nvdla_blob 00000b80: 00 00 00 00 00 00 00 00 00 00 00 00 00 00 00 00
[   34.231729] nvdla_blob 00000b90: 00 00 00 00 00 00 00 00 00 00 00 00 00 00 00 00
[   34.232135] nvdla_blob 00000ba0: 00 00 00 00 00 00 00 00 00 00 00 00 00 00 00 00
[   34.233387] nvdla_blob 00000bb0: 00 00 00 00 00 00 00 00 00 00 00 00 00 00 00 00
[   34.233906] nvdla_blob 00000bc0: 00 00 00 00 00 00 00 00 00 00 00 00 00 00 00 00
[   34.234298] nvdla_blob 00000bd0: 00 00 00 00 00 00 00 00 00 00 00 00 00 00 00 00
[   34.234694] nvdla_blob 00000be0: 00 00 00 00 00 00 00 00 00 00 00 00 00 00 00 00
[   34.235104] nvdla_blob 00000bf0: 00 00 00 00 00 00 00 00 00 00 00 00 00 00 00 00
[   34.235501] nvdla_blob 00000c00: 00 00 00 00 00 00 00 00 00 00 00 00 00 00 00 00
[   34.235980] nvdla_blob 00000c10: 00 00 00 00 00 00 00 00 00 00 00 00 00 00 00 00
[   34.238336] nvdla_blob 00000c20: 00 00 00 00 00 00 00 00 00 00 00 00 00 00 00 00
[   34.238877] nvdla_blob 00000c30: 00 00 00 00 00 00 00 00 00 00 00 00 00 00 00 00
[   34.239274] nvdla_blob 00000c40: 00 00 00 00 00 00 00 00 00 00 00 00 00 00 00 00
[   34.239662] nvdla_blob 00000c50: 00 00 00 00 00 00 00 00 00 00 00 00 00 00 00 00
[   34.240062] nvdla_blob 00000c60: 00 00 00 00 00 00 00 00 00 00 00 00 00 00 00 00
[   34.241431] nvdla_blob 00000c70: 00 00 00 00 00 00 00 00 00 00 00 00 00 00 00 00
[   34.241854] nvdla_blob 00000c80: 00 00 00 00 00 00 00 00 00 00 00 00 00 00 00 00
[   34.242247] nvdla_blob 00000c90: 00 00 00 00 00 00 00 00 00 00 00 00 00 00 00 00
[   34.242636] nvdla_blob 00000ca0: 00 00 00 00 00 00 00 00 00 00 00 00 00 00 00 00
[   34.243027] nvdla_blob 00000cb0: 00 00 00 00 00 00 00 00 00 00 00 00 00 00 00 00
[   34.243420] nvdla_blob 00000cc0: 00 00 00 00 00 00 00 00 00 00 00 00 00 00 00 00
[   34.243817] nvdla_blob 00000cd0: 00 00 00 00 00 00 00 00 00 00 00 00 00 00 00 00
[   34.244210] nvdla_blob 00000ce0: 00 00 00 00 00 00 00 00 00 00 00 00 00 00 00 00
[   34.245701] nvdla_blob 00000cf0: 00 00 00 00 00 00 00 00 00 00 00 00 00 00 00 00
[   34.246163] nvdla_blob 00000d00: 00 00 00 00 00 00 00 00 00 00 00 00 00 00 00 00
[   34.246554] nvdla_blob 00000d10: 00 00 00 00 00 00 00 00 00 00 00 00 00 00 00 00
[   34.246951] nvdla_blob 00000d20: 00 00 00 00 00 00 00 00 00 00 00 00 00 00 00 00
[   34.247344] nvdla_blob 00000d30: 00 00 00 00 00 00 00 00 00 00 00 00 00 00 00 00
[   34.247733] nvdla_blob 00000d40: 00 00 00 00 00 00 00 00 00 00 00 00 00 00 00 00
[   34.248130] nvdla_blob 00000d50: 00 00 00 00 00 00 00 00 00 00 00 00 00 00 00 00
[   34.249586] nvdla_blob 00000d60: 00 00 00 00 00 00 00 00 00 00 00 00 00 00 00 00
[   34.250016] nvdla_blob 00000d70: 00 00 00 00 00 00 00 00 00 00 00 00 00 00 00 00
[   34.250408] nvdla_blob 00000d80: 00 00 00 00 00 00 00 00 00 00 00 00 00 00 00 00
[   34.250805] nvdla_blob 00000d90: 00 00 00 00 00 00 00 00 00 00 00 00 00 00 00 00
[   34.251193] nvdla_blob 00000da0: 00 00 00 00 00 00 00 00 00 00 00 00 00 00 00 00
[   34.251582] nvdla_blob 00000db0: 00 00 00 00 00 00 00 00 00 00 00 00 00 00 00 00
[   34.251978] nvdla_blob 00000dc0: 00 00 00 00 00 00 00 00 00 00 00 00 00 00 00 00
[   34.252411] nvdla_blob 00000dd0: 00 00 00 00 00 00 00 00 00 00 00 00 00 00 00 00
[   34.253820] nvdla_blob 00000de0: 00 00 00 00 00 00 00 00 00 00 00 00 00 00 00 00
[   34.254258] nvdla_blob 00000df0: 00 00 00 00 00 00 00 00 00 00 00 00 00 00 00 00
[   34.254640] nvdla_blob 00000e00: 00 00 00 00 00 00 00 00 00 00 00 00 00 00 00 00
[   34.255033] nvdla_blob 00000e10: 00 00 00 00 00 00 00 00 00 00 00 00 00 00 00 00
[   34.255493] nvdla_blob 00000e20: 00 00 00 00 00 00 00 00 00 00 00 00 00 00 00 00
[   34.255961] nvdla_blob 00000e30: 00 00 00 00 00 00 00 00 00 00 00 00 00 00 00 00
[   34.256373] nvdla_blob 00000e40: 00 00 00 00 00 00 00 00 00 00 00 00 00 00 00 00
[   34.257676] nvdla_blob 00000e50: 00 00 00 00 00 00 00 00 00 00 00 00 00 00 00 00
[   34.258077] nvdla_blob 00000e60: 00 00 00 00 00 00 00 00 00 00 00 00 00 00 00 00
[   34.258457] nvdla_blob 00000e70: 00 00 00 00 00 00 00 00 00 00 00 00 00 00 00 00
[   34.258844] nvdla_blob 00000e80: 00 00 00 00 00 00 00 00 00 00 00 00 00 00 00 00
[   34.259231] nvdla_blob 00000e90: 00 00 00 00 00 00 00 00 00 00 00 00 00 00 00 00
[   34.259616] nvdla_blob 00000ea0: 00 00 00 00 00 00 00 00 00 00 00 00 00 00 00 00
[   34.260018] nvdla_blob 00000eb0: 00 00 00 00 00 00 00 00 00 00 00 00 00 00 00 00
[   34.261267] nvdla_blob 00000ec0: 00 00 00 00 00 00 00 00 00 00 00 00 00 00 00 00
[   34.261681] nvdla_blob 00000ed0: 00 00 00 00 00 00 00 00 00 00 00 00 00 00 00 00
[   34.262129] nvdla_blob 00000ee0: 00 00 00 00 00 00 00 00 00 00 00 00 00 00 00 00
[   34.262535] nvdla_blob 00000ef0: 00 00 00 00 00 00 00 00 00 00 00 00 00 00 00 00
[   34.262961] nvdla_blob 00000f00: 00 00 00 00 00 00 00 00 00 00 00 00 00 00 00 00
[   34.263383] nvdla_blob 00000f10: 00 00 00 00 00 00 00 00 00 00 00 00 00 00 00 00
[   34.263802] nvdla_blob 00000f20: 00 00 00 00 00 00 00 00 00 00 00 00 00 00 00 00
[   34.264215] nvdla_blob 00000f30: 00 00 00 00 00 00 00 00 00 00 00 00 00 00 00 00
[   34.265950] nvdla_blob 00000f40: 00 00 00 00 00 00 00 00 00 00 00 00 00 00 00 00
[   34.266393] nvdla_blob 00000f50: 00 00 00 00 00 00 00 00 00 00 00 00 00 00 00 00
[   34.266789] nvdla_blob 00000f60: 00 00 00 00 00 00 00 00 00 00 00 00 00 00 00 00
[   34.267208] nvdla_blob 00000f70: 00 00 00 00 00 00 00 00 00 00 00 00 00 00 00 00
[   34.267671] nvdla_blob 00000f80: 00 00 00 00 00 00 00 00 00 00 00 00 00 00 00 00
[   34.268149] nvdla_blob 00000f90: 00 00 00 00 00 00 00 00 00 00 00 00 00 00 00 00
[   34.269553] nvdla_blob 00000fa0: 00 00 00 00 00 00 00 00 00 00 00 00 00 00 00 00
[   34.269983] nvdla_blob 00000fb0: 00 00 00 00 00 00 00 00 00 00 00 00 00 00 00 00
[   34.270377] nvdla_blob 00000fc0: 00 00 00 00 00 00 00 00 00 00 00 00 00 00 00 00
[   34.270763] nvdla_blob 00000fd0: 00 00 00 00 00 00 00 00 00 00 00 00 00 00 00 00
[   34.271164] nvdla_blob 00000fe0: 00 00 00 00 00 00 00 00 00 00 00 00 00 00 00 00
[   34.271549] nvdla_blob 00000ff0: 00 00 00 00 00 00 00 00 00 00 00 00 00 00 00 00
[   34.271693] nvdla_blob[7] prime_fd=9 handle=6 size=4096 dma=0xc0008000 full_4096_bytes:
[   34.272096] nvdla_blob 00000000: 00 00 01 00 00 24 00 00 01 00 01 00 90 00 00 00
[   34.273506] nvdla_blob 00000010: 00 00 00 00 00 00 00 00 00 00 00 00 02 00 ff ff
[   34.273929] nvdla_blob 00000020: 00 00 00 00 00 00 00 00 00 00 00 00 00 00 00 00
[   34.274322] nvdla_blob 00000030: 00 00 00 00 00 00 00 00 02 00 ff ff 00 00 00 00
[   34.274708] nvdla_blob 00000040: 00 00 00 00 00 00 00 00 00 00 00 00 00 00 00 00
[   34.275104] nvdla_blob 00000050: 00 00 00 00 00 00 02 00 00 72 03 00 1c 00 1c 00
[   34.275495] nvdla_blob 00000060: 90 00 00 00 80 03 00 00 00 62 00 00 00 00 00 00
[   34.275887] nvdla_blob 00000070: 02 00 ff ff 00 c4 00 00 1c 00 1c 00 20 00 00 00
[   34.276278] nvdla_blob 00000080: 80 03 00 00 00 62 00 00 00 00 00 00 00 00 00 00
[   34.277638] nvdla_blob 00000090: 00 00 00 00 00 00 00 00 00 00 00 00 00 00 00 00
[   34.278064] nvdla_blob 000000a0: 00 00 00 00 00 00 00 00 00 00 00 00 00 00 00 00
[   34.278470] nvdla_blob 000000b0: 00 00 00 00 00 00 00 00 00 00 00 00 00 00 00 00
[   34.278868] nvdla_blob 000000c0: 00 00 00 00 00 00 00 00 00 00 00 00 00 00 00 00
[   34.279333] nvdla_blob 000000d0: 00 00 00 00 00 00 00 00 00 00 00 00 00 00 00 00
[   34.279735] nvdla_blob 000000e0: 00 00 00 00 00 00 00 00 00 00 00 00 00 00 00 00
[   34.280170] nvdla_blob 000000f0: 00 00 00 00 00 00 00 00 00 00 00 00 00 00 00 00
[   34.281953] nvdla_blob 00000100: 00 00 00 00 00 00 00 00 00 00 00 00 00 00 00 00
[   34.282362] nvdla_blob 00000110: 00 00 00 00 00 00 00 00 00 00 00 00 00 00 00 00
[   34.282753] nvdla_blob 00000120: 00 00 00 00 00 00 00 00 00 00 00 00 00 00 00 00
[   34.283152] nvdla_blob 00000130: 00 00 00 00 00 00 00 00 00 00 00 00 00 00 00 00
[   34.283545] nvdla_blob 00000140: 00 00 00 00 00 00 00 00 00 00 00 00 00 00 00 00
[   34.283944] nvdla_blob 00000150: 00 00 00 00 00 00 00 00 00 00 00 00 00 00 00 00
[   34.284337] nvdla_blob 00000160: 00 00 00 00 00 00 00 00 00 00 00 00 00 00 00 00
[   34.285866] nvdla_blob 00000170: 00 00 00 00 00 00 00 00 00 00 00 00 00 00 00 00
[   34.286290] nvdla_blob 00000180: 00 00 00 00 00 00 00 00 00 00 00 00 00 00 00 00
[   34.286680] nvdla_blob 00000190: 00 00 00 00 00 00 00 00 00 00 00 00 00 00 00 00
[   34.287078] nvdla_blob 000001a0: 00 00 00 00 00 00 00 00 00 00 00 00 00 00 00 00
[   34.287470] nvdla_blob 000001b0: 00 00 00 00 00 00 00 00 00 00 00 00 00 00 00 00
[   34.287863] nvdla_blob 000001c0: 00 00 00 00 00 00 00 00 00 00 00 00 00 00 00 00
[   34.288254] nvdla_blob 000001d0: 00 00 00 00 00 00 00 00 00 00 00 00 00 00 00 00
[   34.289637] nvdla_blob 000001e0: 00 00 00 00 00 00 00 00 00 00 00 00 00 00 00 00
[   34.290101] nvdla_blob 000001f0: 00 00 00 00 00 00 00 00 00 00 00 00 00 00 00 00
[   34.290497] nvdla_blob 00000200: 00 00 00 00 00 00 00 00 00 00 00 00 00 00 00 00
[   34.290894] nvdla_blob 00000210: 00 00 00 00 00 00 00 00 00 00 00 00 00 00 00 00
[   34.291288] nvdla_blob 00000220: 00 00 00 00 00 00 00 00 00 00 00 00 00 00 00 00
[   34.291678] nvdla_blob 00000230: 00 00 00 00 00 00 00 00 00 00 00 00 00 00 00 00
[   34.292078] nvdla_blob 00000240: 00 00 00 00 00 00 00 00 00 00 00 00 00 00 00 00
[   34.293619] nvdla_blob 00000250: 00 00 00 00 00 00 00 00 00 00 00 00 00 00 00 00
[   34.294049] nvdla_blob 00000260: 00 00 00 00 00 00 00 00 00 00 00 00 00 00 00 00
[   34.294438] nvdla_blob 00000270: 00 00 00 00 00 00 00 00 00 00 00 00 00 00 00 00
[   34.294836] nvdla_blob 00000280: 00 00 00 00 02 00 ff ff 00 c4 00 00 1c 00 1c 00
[   34.295226] nvdla_blob 00000290: 20 00 00 00 00 00 00 00 00 00 00 00 00 00 00 00
[   34.295612] nvdla_blob 000002a0: 00 00 00 00 00 00 00 00 00 00 00 00 00 00 00 00
[   34.296015] nvdla_blob 000002b0: 00 00 00 00 00 00 00 00 00 00 00 00 00 00 00 00
[   34.297303] nvdla_blob 000002c0: 00 00 00 00 00 00 00 00 00 00 00 00 00 00 00 00
[   34.297724] nvdla_blob 000002d0: 00 00 00 00 00 00 00 00 00 00 00 00 00 00 00 00
[   34.298126] nvdla_blob 000002e0: 00 00 00 00 00 00 00 00 00 00 00 00 00 00 00 00
[   34.298520] nvdla_blob 000002f0: 00 00 00 00 00 00 03 00 00 c4 00 00 1c 00 1c 00
[   34.298922] nvdla_blob 00000300: 20 00 00 00 80 03 00 00 00 62 00 00 00 00 00 00
[   34.299314] nvdla_blob 00000310: 00 00 00 00 00 00 00 00 00 00 00 00 00 00 00 00
[   34.299704] nvdla_blob 00000320: 00 00 00 00 00 00 00 00 00 00 00 00 00 00 00 00
[   34.300104] nvdla_blob 00000330: 00 00 00 00 00 00 00 00 00 00 00 00 00 00 00 00
[   34.301468] nvdla_blob 00000340: 00 00 00 00 00 00 00 00 00 00 00 00 00 00 00 00
[   34.301891] nvdla_blob 00000350: 00 00 00 00 00 00 00 00 00 00 00 00 00 00 00 00
[   34.302283] nvdla_blob 00000360: 00 00 00 00 00 00 00 00 00 00 00 00 00 00 00 00
[   34.302670] nvdla_blob 00000370: 00 00 00 00 00 00 00 00 00 00 00 00 00 00 00 00
[   34.303068] nvdla_blob 00000380: 00 00 00 00 00 00 00 00 00 00 00 00 00 00 00 00
[   34.303459] nvdla_blob 00000390: 00 00 00 00 00 00 00 00 00 00 00 00 00 00 00 00
[   34.303850] nvdla_blob 000003a0: 00 00 00 00 00 00 00 00 00 00 00 00 00 00 00 00
[   34.304245] nvdla_blob 000003b0: 00 00 00 00 00 00 00 00 00 00 00 00 00 00 00 00
[   34.305554] nvdla_blob 000003c0: 00 00 00 00 00 00 00 00 00 00 00 00 00 00 00 00
[   34.306000] nvdla_blob 000003d0: 00 00 00 00 00 00 00 00 00 00 00 00 00 00 00 00
[   34.306386] nvdla_blob 000003e0: 00 00 00 00 00 00 00 00 00 00 00 00 00 00 00 00
[   34.306837] nvdla_blob 000003f0: 00 00 00 00 00 00 00 00 00 00 00 00 00 00 00 00
[   34.307238] nvdla_blob 00000400: 00 00 00 00 00 00 00 00 00 00 00 00 00 00 00 00
[   34.308286] nvdla_blob 00000410: 00 00 00 00 00 00 00 00 00 00 00 00 00 00 00 00
[   34.310316] nvdla_blob 00000420: 00 00 00 00 00 00 00 00 00 00 00 00 00 00 00 00
[   34.310725] nvdla_blob 00000430: 00 00 00 00 00 00 00 00 00 00 00 00 00 00 00 00
[   34.311119] nvdla_blob 00000440: 00 00 00 00 00 00 00 00 00 00 00 00 00 00 00 00
[   34.311580] nvdla_blob 00000450: 00 00 00 00 00 00 00 00 00 00 00 00 00 00 00 00
[   34.311981] nvdla_blob 00000460: 00 00 00 00 00 00 00 00 00 00 00 00 00 00 00 00
[   34.312461] nvdla_blob 00000470: 00 00 00 00 00 00 00 00 00 00 00 00 00 00 00 00
[   34.314032] nvdla_blob 00000480: 00 00 00 00 00 00 00 00 00 00 00 00 00 00 00 00
[   34.314424] nvdla_blob 00000490: 00 00 00 00 00 00 00 00 00 00 00 00 00 00 00 00
[   34.314820] nvdla_blob 000004a0: 00 00 00 00 00 00 00 00 00 00 00 00 00 00 00 00
[   34.315204] nvdla_blob 000004b0: 00 00 00 00 00 00 00 00 00 00 00 00 00 00 00 00
[   34.315583] nvdla_blob 000004c0: 00 00 00 00 00 00 00 00 00 00 00 00 00 00 00 00
[   34.315975] nvdla_blob 000004d0: 00 00 00 00 00 00 00 00 00 00 00 00 00 00 00 00
[   34.316395] nvdla_blob 000004e0: 00 00 00 00 00 00 00 00 00 00 00 00 00 00 00 00
[   34.317877] nvdla_blob 000004f0: 00 00 00 00 00 00 00 00 00 00 00 00 00 00 00 00
[   34.318478] nvdla_blob 00000500: 00 00 00 00 00 00 00 00 00 00 00 00 00 00 00 00
[   34.319069] nvdla_blob 00000510: 00 00 00 00 00 00 00 00 00 00 00 00 00 00 00 00
[   34.319515] nvdla_blob 00000520: 00 00 00 00 00 00 00 00 00 00 00 00 00 00 00 00
[   34.319908] nvdla_blob 00000530: 00 00 00 00 00 00 00 00 00 00 00 00 00 00 00 00
[   34.320317] nvdla_blob 00000540: 00 00 00 00 00 00 00 00 00 00 00 00 00 00 00 00
[   34.321576] nvdla_blob 00000550: 00 00 00 00 00 00 00 00 00 00 00 00 00 00 00 00
[   34.321975] nvdla_blob 00000560: 00 00 00 00 00 00 00 00 00 00 00 00 00 00 00 00
[   34.322375] nvdla_blob 00000570: 00 00 00 00 00 00 00 00 00 00 00 00 00 00 00 00
[   34.322869] nvdla_blob 00000580: 00 00 00 00 00 00 00 00 00 00 00 00 00 00 00 00
[   34.323270] nvdla_blob 00000590: 00 00 00 00 00 00 00 00 00 00 00 00 00 00 00 00
[   34.323683] nvdla_blob 000005a0: 00 00 00 00 00 00 00 00 00 00 00 00 00 00 00 00
[   34.324099] nvdla_blob 000005b0: 00 00 00 00 00 00 00 00 00 00 00 00 00 00 00 00
[   34.325845] nvdla_blob 000005c0: 00 00 00 00 00 00 00 00 00 00 00 00 00 00 00 00
[   34.326301] nvdla_blob 000005d0: 00 00 00 00 00 00 00 00 00 00 00 00 00 00 00 00
[   34.326693] nvdla_blob 000005e0: 00 00 00 00 00 00 00 00 00 00 00 00 00 00 00 00
[   34.327097] nvdla_blob 000005f0: 00 00 00 00 00 00 00 00 00 00 00 00 00 00 00 00
[   34.327487] nvdla_blob 00000600: 00 00 00 00 00 00 00 00 00 00 00 00 00 00 00 00
[   34.327878] nvdla_blob 00000610: 00 00 00 00 00 00 00 00 00 00 00 00 00 00 00 00
[   34.328287] nvdla_blob 00000620: 00 00 00 00 00 00 00 00 00 00 00 00 00 00 00 00
[   34.329952] nvdla_blob 00000630: 00 00 00 00 00 00 00 00 00 00 00 00 00 00 00 00
[   34.330353] nvdla_blob 00000640: 00 00 00 00 00 00 00 00 00 00 00 00 00 00 00 00
[   34.330739] nvdla_blob 00000650: 00 00 00 00 00 00 00 00 00 00 00 00 00 00 00 00
[   34.331140] nvdla_blob 00000660: 00 00 00 00 00 00 00 00 00 00 00 00 00 00 00 00
[   34.331533] nvdla_blob 00000670: 00 00 00 00 00 00 00 00 00 00 00 00 00 00 00 00
[   34.331926] nvdla_blob 00000680: 00 00 00 00 00 00 00 00 00 00 00 00 00 00 00 00
[   34.332336] nvdla_blob 00000690: 00 00 00 00 00 00 00 00 00 00 00 00 00 00 00 00
[   34.333674] nvdla_blob 000006a0: 00 00 00 00 00 00 00 00 00 00 00 00 00 00 00 00
[   34.334082] nvdla_blob 000006b0: 00 00 00 00 00 00 00 00 00 00 00 00 00 00 00 00
[   34.334469] nvdla_blob 000006c0: 00 00 00 00 00 00 00 00 00 00 00 00 00 00 00 00
[   34.334995] nvdla_blob 000006d0: 00 00 00 00 00 00 00 00 00 00 00 00 00 00 00 00
[   34.335457] nvdla_blob 000006e0: 00 00 00 00 00 00 00 00 00 00 00 00 00 00 00 00
[   34.335929] nvdla_blob 000006f0: 00 00 00 00 00 00 00 00 00 00 00 00 00 00 00 00
[   34.336411] nvdla_blob 00000700: 00 00 00 00 00 00 00 00 00 00 00 00 00 00 00 00
[   34.337976] nvdla_blob 00000710: 00 00 00 00 00 00 00 00 00 00 00 00 00 00 00 00
[   34.338366] nvdla_blob 00000720: 00 00 00 00 00 00 00 00 00 00 00 00 00 00 00 00
[   34.338751] nvdla_blob 00000730: 00 00 00 00 00 00 00 00 00 00 00 00 00 00 00 00
[   34.339147] nvdla_blob 00000740: 00 00 00 00 00 00 00 00 00 00 00 00 00 00 00 00
[   34.339534] nvdla_blob 00000750: 00 00 00 00 00 00 00 00 00 00 00 00 00 00 00 00
[   34.339935] nvdla_blob 00000760: 00 00 00 00 00 00 00 00 00 00 00 00 00 00 00 00
[   34.340436] nvdla_blob 00000770: 00 00 00 00 00 00 00 00 00 00 00 00 00 00 00 00
[   34.341748] nvdla_blob 00000780: 00 00 00 00 00 00 00 00 00 00 00 00 00 00 00 00
[   34.342143] nvdla_blob 00000790: 00 00 00 00 00 00 00 00 00 00 00 00 00 00 00 00
[   34.342528] nvdla_blob 000007a0: 00 00 00 00 00 00 00 00 00 00 00 00 00 00 00 00
[   34.342925] nvdla_blob 000007b0: 00 00 00 00 00 00 00 00 00 00 00 00 00 00 00 00
[   34.343310] nvdla_blob 000007c0: 00 00 00 00 00 00 00 00 00 00 00 00 00 00 00 00
[   34.343694] nvdla_blob 000007d0: 00 00 00 00 00 00 00 00 00 00 00 00 00 00 00 00
[   34.344089] nvdla_blob 000007e0: 00 00 00 00 00 00 00 00 00 00 00 00 00 00 00 00
[   34.345443] nvdla_blob 000007f0: 00 00 00 00 00 00 00 00 00 00 00 00 00 00 00 00
[   34.345862] nvdla_blob 00000800: 00 00 00 00 00 00 00 00 00 00 00 00 00 00 00 00
[   34.346245] nvdla_blob 00000810: 00 00 00 00 00 00 00 00 00 00 00 00 00 00 00 00
[   34.346629] nvdla_blob 00000820: 00 00 00 00 00 00 00 00 00 00 00 00 00 00 00 00
[   34.347023] nvdla_blob 00000830: 00 00 00 00 00 00 00 00 00 00 00 00 00 00 00 00
[   34.347414] nvdla_blob 00000840: 00 00 00 00 00 00 00 00 00 00 00 00 00 00 00 00
[   34.347809] nvdla_blob 00000850: 00 00 00 00 00 00 00 00 00 00 00 00 00 00 00 00
[   34.348197] nvdla_blob 00000860: 00 00 00 00 00 00 00 00 00 00 00 00 00 00 00 00
[   34.349518] nvdla_blob 00000870: 00 00 00 00 00 00 00 00 00 00 00 00 00 00 00 00
[   34.349942] nvdla_blob 00000880: 00 00 00 00 00 00 00 00 00 00 00 00 00 00 00 00
[   34.350330] nvdla_blob 00000890: 00 00 00 00 00 00 00 00 00 00 00 00 00 00 00 00
[   34.350723] nvdla_blob 000008a0: 00 00 00 00 00 00 00 00 00 00 00 00 00 00 00 00
[   34.351277] nvdla_blob 000008b0: 00 00 00 00 00 00 00 00 00 00 00 00 00 00 00 00
[   34.351684] nvdla_blob 000008c0: 00 00 00 00 00 00 00 00 00 00 00 00 00 00 00 00
[   34.352148] nvdla_blob 000008d0: 00 00 00 00 00 00 00 00 00 00 00 00 00 00 00 00
[   34.353855] nvdla_blob 000008e0: 00 00 00 00 00 00 00 00 00 00 00 00 00 00 00 00
[   34.354264] nvdla_blob 000008f0: 00 00 00 00 00 00 00 00 00 00 00 00 00 00 00 00
[   34.354658] nvdla_blob 00000900: 00 00 00 00 00 00 00 00 00 00 00 00 00 00 00 00
[   34.355061] nvdla_blob 00000910: 00 00 00 00 00 00 00 00 00 00 00 00 00 00 00 00
[   34.355453] nvdla_blob 00000920: 00 00 00 00 00 00 00 00 00 00 00 00 00 00 00 00
[   34.355846] nvdla_blob 00000930: 00 00 00 00 00 00 00 00 00 00 00 00 00 00 00 00
[   34.356256] nvdla_blob 00000940: 00 00 00 00 00 00 00 00 00 00 00 00 00 00 00 00
[   34.358026] nvdla_blob 00000950: 00 00 00 00 00 00 00 00 00 00 00 00 00 00 00 00
[   34.358415] nvdla_blob 00000960: 00 00 00 00 00 00 00 00 00 00 00 00 00 00 00 00
[   34.358810] nvdla_blob 00000970: 00 00 00 00 00 00 00 00 00 00 00 00 00 00 00 00
[   34.359199] nvdla_blob 00000980: 00 00 00 00 00 00 00 00 00 00 00 00 00 00 00 00
[   34.359587] nvdla_blob 00000990: 00 00 00 00 00 00 00 00 00 00 00 00 00 00 00 00
[   34.359986] nvdla_blob 000009a0: 00 00 00 00 00 00 00 00 00 00 00 00 00 00 00 00
[   34.360398] nvdla_blob 000009b0: 00 00 00 00 00 00 00 00 00 00 00 00 00 00 00 00
[   34.361798] nvdla_blob 000009c0: 00 00 00 00 00 00 00 00 00 00 00 00 00 00 00 00
[   34.362187] nvdla_blob 000009d0: 00 00 00 00 00 00 00 00 00 00 00 00 00 00 00 00
[   34.362574] nvdla_blob 000009e0: 00 00 00 00 00 00 00 00 00 00 00 00 00 00 00 00
[   34.362968] nvdla_blob 000009f0: 00 00 00 00 00 00 00 00 00 00 00 00 00 00 00 00
[   34.363356] nvdla_blob 00000a00: 00 00 00 00 00 00 00 00 00 00 00 00 00 00 00 00
[   34.363744] nvdla_blob 00000a10: 00 00 00 00 00 00 00 00 00 00 00 00 00 00 00 00
[   34.364158] nvdla_blob 00000a20: 00 00 00 00 00 00 00 00 00 00 00 00 00 00 00 00
[   34.365569] nvdla_blob 00000a30: 00 00 00 00 00 00 00 00 00 00 00 00 00 00 00 00
[   34.365967] nvdla_blob 00000a40: 00 00 00 00 00 00 00 00 00 00 00 00 00 00 00 00
[   34.366356] nvdla_blob 00000a50: 00 00 00 00 00 00 00 00 00 00 00 00 00 00 00 00
[   34.366758] nvdla_blob 00000a60: 00 00 00 00 00 00 00 00 00 00 00 00 00 00 00 00
[   34.367406] nvdla_blob 00000a70: 00 00 00 00 00 00 00 00 00 00 00 00 00 00 00 00
[   34.368044] nvdla_blob 00000a80: 00 00 00 00 00 00 00 00 00 00 00 00 00 00 00 00
[   34.369824] nvdla_blob 00000a90: 00 00 00 00 00 00 00 00 00 00 00 00 00 00 00 00
[   34.370290] nvdla_blob 00000aa0: 00 00 00 00 00 00 00 00 00 00 00 00 00 00 00 00
[   34.370683] nvdla_blob 00000ab0: 00 00 00 00 00 00 00 00 00 00 00 00 00 00 00 00
[   34.371112] nvdla_blob 00000ac0: 00 00 00 00 00 00 00 00 00 00 00 00 00 00 00 00
[   34.371515] nvdla_blob 00000ad0: 00 00 00 00 00 00 00 00 00 00 00 00 00 00 00 00
[   34.371916] nvdla_blob 00000ae0: 00 00 00 00 00 00 00 00 00 00 00 00 00 00 00 00
[   34.372330] nvdla_blob 00000af0: 00 00 00 00 00 00 00 00 00 00 00 00 00 00 00 00
[   34.374085] nvdla_blob 00000b00: 00 00 00 00 00 00 00 00 00 00 00 00 00 00 00 00
[   34.374481] nvdla_blob 00000b10: 00 00 00 00 00 00 00 00 00 00 00 00 00 00 00 00
[   34.374883] nvdla_blob 00000b20: 00 00 00 00 00 00 00 00 00 00 00 00 00 00 00 00
[   34.375269] nvdla_blob 00000b30: 00 00 00 00 00 00 00 00 00 00 00 00 00 00 00 00
[   34.375657] nvdla_blob 00000b40: 00 00 00 00 00 00 00 00 00 00 00 00 00 00 00 00
[   34.376053] nvdla_blob 00000b50: 00 00 00 00 00 00 00 00 00 00 00 00 00 00 00 00
[   34.377440] nvdla_blob 00000b60: 00 00 00 00 00 00 00 00 00 00 00 00 00 00 00 00
[   34.377862] nvdla_blob 00000b70: 00 00 00 00 00 00 00 00 00 00 00 00 00 00 00 00
[   34.378250] nvdla_blob 00000b80: 00 00 00 00 00 00 00 00 00 00 00 00 00 00 00 00
[   34.378637] nvdla_blob 00000b90: 00 00 00 00 00 00 00 00 00 00 00 00 00 00 00 00
[   34.379034] nvdla_blob 00000ba0: 00 00 00 00 00 00 00 00 00 00 00 00 00 00 00 00
[   34.379422] nvdla_blob 00000bb0: 00 00 00 00 00 00 00 00 00 00 00 00 00 00 00 00
[   34.379821] nvdla_blob 00000bc0: 00 00 00 00 00 00 00 00 00 00 00 00 00 00 00 00
[   34.380210] nvdla_blob 00000bd0: 00 00 00 00 00 00 00 00 00 00 00 00 00 00 00 00
[   34.381913] nvdla_blob 00000be0: 00 00 00 00 00 00 00 00 00 00 00 00 00 00 00 00
[   34.382353] nvdla_blob 00000bf0: 00 00 00 00 00 00 00 00 00 00 00 00 00 00 00 00
[   34.382743] nvdla_blob 00000c00: 00 00 00 00 00 00 00 00 00 00 00 00 00 00 00 00
[   34.383136] nvdla_blob 00000c10: 00 00 00 00 00 00 00 00 00 00 00 00 00 00 00 00
[   34.383526] nvdla_blob 00000c20: 00 00 00 00 00 00 00 00 00 00 00 00 00 00 00 00
[   34.383919] nvdla_blob 00000c30: 00 00 00 00 00 00 00 00 00 00 00 00 00 00 00 00
[   34.384310] nvdla_blob 00000c40: 00 00 00 00 00 00 00 00 00 00 00 00 00 00 00 00
[   34.385684] nvdla_blob 00000c50: 00 00 00 00 00 00 00 00 00 00 00 00 00 00 00 00
[   34.386108] nvdla_blob 00000c60: 00 00 00 00 00 00 00 00 00 00 00 00 00 00 00 00
[   34.386494] nvdla_blob 00000c70: 00 00 00 00 00 00 00 00 00 00 00 00 00 00 00 00
[   34.386890] nvdla_blob 00000c80: 00 00 00 00 00 00 00 00 00 00 00 00 00 00 00 00
[   34.387273] nvdla_blob 00000c90: 00 00 00 00 00 00 00 00 00 00 00 00 00 00 00 00
[   34.387656] nvdla_blob 00000ca0: 00 00 00 00 00 00 00 00 00 00 00 00 00 00 00 00
[   34.388159] nvdla_blob 00000cb0: 00 00 00 00 00 00 00 00 00 00 00 00 00 00 00 00
[   34.389455] nvdla_blob 00000cc0: 00 00 00 00 00 00 00 00 00 00 00 00 00 00 00 00
[   34.389852] nvdla_blob 00000cd0: 00 00 00 00 00 00 00 00 00 00 00 00 00 00 00 00
[   34.390239] nvdla_blob 00000ce0: 00 00 00 00 00 00 00 00 00 00 00 00 00 00 00 00
[   34.390633] nvdla_blob 00000cf0: 00 00 00 00 00 00 00 00 00 00 00 00 00 00 00 00
[   34.391027] nvdla_blob 00000d00: 00 00 00 00 00 00 00 00 00 00 00 00 00 00 00 00
[   34.391419] nvdla_blob 00000d10: 00 00 00 00 00 00 00 00 00 00 00 00 00 00 00 00
[   34.391823] nvdla_blob 00000d20: 00 00 00 00 00 00 00 00 00 00 00 00 00 00 00 00
[   34.392214] nvdla_blob 00000d30: 00 00 00 00 00 00 00 00 00 00 00 00 00 00 00 00
[   34.393579] nvdla_blob 00000d40: 00 00 00 00 00 00 00 00 00 00 00 00 00 00 00 00
[   34.394007] nvdla_blob 00000d50: 00 00 00 00 00 00 00 00 00 00 00 00 00 00 00 00
[   34.394397] nvdla_blob 00000d60: 00 00 00 00 00 00 00 00 00 00 00 00 00 00 00 00
[   34.394794] nvdla_blob 00000d70: 00 00 00 00 00 00 00 00 00 00 00 00 00 00 00 00
[   34.395182] nvdla_blob 00000d80: 00 00 00 00 00 00 00 00 00 00 00 00 00 00 00 00
[   34.395569] nvdla_blob 00000d90: 00 00 00 00 00 00 00 00 00 00 00 00 00 00 00 00
[   34.395963] nvdla_blob 00000da0: 00 00 00 00 00 00 00 00 00 00 00 00 00 00 00 00
[   34.396366] nvdla_blob 00000db0: 00 00 00 00 00 00 00 00 00 00 00 00 00 00 00 00
[   34.398017] nvdla_blob 00000dc0: 00 00 00 00 00 00 00 00 00 00 00 00 00 00 00 00
[   34.398416] nvdla_blob 00000dd0: 00 00 00 00 00 00 00 00 00 00 00 00 00 00 00 00
[   34.398815] nvdla_blob 00000de0: 00 00 00 00 00 00 00 00 00 00 00 00 00 00 00 00
[   34.399223] nvdla_blob 00000df0: 00 00 00 00 00 00 00 00 00 00 00 00 00 00 00 00
[   34.399619] nvdla_blob 00000e00: 00 00 00 00 00 00 00 00 00 00 00 00 00 00 00 00
[   34.400030] nvdla_blob 00000e10: 00 00 00 00 00 00 00 00 00 00 00 00 00 00 00 00
[   34.401770] nvdla_blob 00000e20: 00 00 00 00 00 00 00 00 00 00 00 00 00 00 00 00
[   34.402381] nvdla_blob 00000e30: 00 00 00 00 00 00 00 00 00 00 00 00 00 00 00 00
[   34.402854] nvdla_blob 00000e40: 00 00 00 00 00 00 00 00 00 00 00 00 00 00 00 00
[   34.403311] nvdla_blob 00000e50: 00 00 00 00 00 00 00 00 00 00 00 00 00 00 00 00
[   34.403795] nvdla_blob 00000e60: 00 00 00 00 00 00 00 00 00 00 00 00 00 00 00 00
[   34.404256] nvdla_blob 00000e70: 00 00 00 00 00 00 00 00 00 00 00 00 00 00 00 00
[   34.405699] nvdla_blob 00000e80: 00 00 00 00 00 00 00 00 00 00 00 00 00 00 00 00
[   34.406123] nvdla_blob 00000e90: 00 00 00 00 00 00 00 00 00 00 00 00 00 00 00 00
[   34.406507] nvdla_blob 00000ea0: 00 00 00 00 00 00 00 00 00 00 00 00 00 00 00 00
[   34.406907] nvdla_blob 00000eb0: 00 00 00 00 00 00 00 00 00 00 00 00 00 00 00 00
[   34.407293] nvdla_blob 00000ec0: 00 00 00 00 00 00 00 00 00 00 00 00 00 00 00 00
[   34.407679] nvdla_blob 00000ed0: 00 00 00 00 00 00 00 00 00 00 00 00 00 00 00 00
[   34.408075] nvdla_blob 00000ee0: 00 00 00 00 00 00 00 00 00 00 00 00 00 00 00 00
[   34.409353] nvdla_blob 00000ef0: 00 00 00 00 00 00 00 00 00 00 00 00 00 00 00 00
[   34.409770] nvdla_blob 00000f00: 00 00 00 00 00 00 00 00 00 00 00 00 00 00 00 00
[   34.410164] nvdla_blob 00000f10: 00 00 00 00 00 00 00 00 00 00 00 00 00 00 00 00
[   34.410608] nvdla_blob 00000f20: 00 00 00 00 00 00 00 00 00 00 00 00 00 00 00 00
[   34.411078] nvdla_blob 00000f30: 00 00 00 00 00 00 00 00 00 00 00 00 00 00 00 00
[   34.411495] nvdla_blob 00000f40: 00 00 00 00 00 00 00 00 00 00 00 00 00 00 00 00
[   34.411885] nvdla_blob 00000f50: 00 00 00 00 00 00 00 00 00 00 00 00 00 00 00 00
[   34.412291] nvdla_blob 00000f60: 00 00 00 00 00 00 00 00 00 00 00 00 00 00 00 00
[   34.413634] nvdla_blob 00000f70: 00 00 00 00 00 00 00 00 00 00 00 00 00 00 00 00
[   34.414044] nvdla_blob 00000f80: 00 00 00 00 00 00 00 00 00 00 00 00 00 00 00 00
[   34.414431] nvdla_blob 00000f90: 00 00 00 00 00 00 00 00 00 00 00 00 00 00 00 00
[   34.414831] nvdla_blob 00000fa0: 00 00 00 00 00 00 00 00 00 00 00 00 00 00 00 00
[   34.415232] nvdla_blob 00000fb0: 00 00 00 00 00 00 00 00 00 00 00 00 00 00 00 00
[   34.415651] nvdla_blob 00000fc0: 00 00 00 00 00 00 00 00 00 00 00 00 00 00 00 00
[   34.416060] nvdla_blob 00000fd0: 00 00 00 00 00 00 00 00 00 00 00 00 00 00 00 00
[   34.417902] nvdla_blob 00000fe0: 00 00 00 00 00 00 00 00 00 00 00 00 00 00 00 00
[   34.418450] nvdla_blob 00000ff0: 00 00 00 00 00 00 00 00 00 00 00 00 00 00 00 00
[   34.418598] nvdla_blob[8] prime_fd=10 handle=7 size=4096 dma=0xc0009000 full_4096_bytes:
[   34.419083] nvdla_blob 00000000: 00 00 00 00 00 00 00 00 00 00 00 00 00 00 00 00
[   34.419507] nvdla_blob 00000010: 00 00 00 00 00 00 00 00 00 00 00 00 00 00 00 00
[   34.419902] nvdla_blob 00000020: 00 00 00 00 00 00 00 00 00 00 00 00 00 00 00 00
[   34.420360] nvdla_blob 00000030: 00 00 00 00 00 00 00 00 00 00 00 00 00 00 00 00
[   34.421961] nvdla_blob 00000040: 00 00 00 00 00 00 00 00 00 00 00 00 00 00 00 00
[   34.422408] nvdla_blob 00000050: 00 00 00 00 00 00 00 00 00 00 00 00 00 00 00 00
[   34.422802] nvdla_blob 00000060: 00 00 00 00 00 00 00 00 00 00 00 00 00 00 00 00
[   34.423187] nvdla_blob 00000070: 00 00 00 00 00 00 00 00 00 00 00 00 00 00 00 00
[   34.423575] nvdla_blob 00000080: 00 00 00 00 00 00 00 00 00 00 00 00 00 00 00 00
[   34.423970] nvdla_blob 00000090: 00 00 00 00 00 00 00 00 00 00 00 00 00 00 00 00
[   34.424384] nvdla_blob 000000a0: 00 00 00 00 00 00 00 00 00 00 00 00 00 00 00 00
[   34.425636] nvdla_blob 000000b0: 00 00 00 00 00 00 00 00 00 00 00 00 00 00 00 00
[   34.426035] nvdla_blob 000000c0: 00 00 00 00 00 00 00 00 00 00 00 00 00 00 00 00
[   34.426422] nvdla_blob 000000d0: 00 00 00 00 00 00 00 00 00 00 00 00 00 00 00 00
[   34.426821] nvdla_blob 000000e0: 00 00 00 00 00 00 00 00 00 00 00 00 00 00 00 00
[   34.427209] nvdla_blob 000000f0: 00 00 00 00 00 00 00 00 00 00 00 00 00 00 00 00
[   34.427633] nvdla_blob 00000100: 00 00 00 00 00 00 00 00 00 00 00 00 00 00 00 00
[   34.428032] nvdla_blob 00000110: 00 00 00 00 00 00 00 00 00 00 00 00 00 00 00 00
[   34.429609] nvdla_blob 00000120: 00 00 00 00 00 00 00 00 00 00 00 00 00 00 00 00
[   34.430043] nvdla_blob 00000130: 00 00 00 00 00 00 00 00 00 00 00 00 00 00 00 00
[   34.430463] nvdla_blob 00000140: 00 00 00 00 00 00 00 00 00 00 00 00 00 00 00 00
[   34.430859] nvdla_blob 00000150: 00 00 00 00 00 00 00 00 00 00 00 00 00 00 00 00
[   34.431247] nvdla_blob 00000160: 00 00 00 00 00 00 00 00 00 00 00 00 00 00 00 00
[   34.431638] nvdla_blob 00000170: 00 00 00 00 00 00 00 00 00 00 00 00 00 00 00 00
[   34.432032] nvdla_blob 00000180: 00 00 00 00 00 00 00 00 00 00 00 00 00 00 00 00
[   34.433319] nvdla_blob 00000190: 00 00 00 00 00 00 00 00 00 00 00 00 00 00 00 00
[   34.433737] nvdla_blob 000001a0: 00 00 00 00 00 00 00 00 00 00 00 00 00 00 00 00
[   34.434193] nvdla_blob 000001b0: 00 00 00 00 00 00 00 00 00 00 00 00 00 00 00 00
[   34.434582] nvdla_blob 000001c0: 00 00 00 00 00 00 00 00 00 00 00 00 00 00 00 00
[   34.434983] nvdla_blob 000001d0: 00 00 00 00 00 00 00 00 00 00 00 00 00 00 00 00
[   34.435376] nvdla_blob 000001e0: 00 00 00 00 00 00 00 00 00 00 00 00 00 00 00 00
[   34.435771] nvdla_blob 000001f0: 00 00 00 00 00 00 00 00 00 00 00 00 00 00 00 00
[   34.436172] nvdla_blob 00000200: 00 00 00 00 00 00 00 00 00 00 00 00 00 00 00 00
[   34.437620] nvdla_blob 00000210: 00 00 00 00 00 00 00 00 00 00 00 00 00 00 00 00
[   34.438061] nvdla_blob 00000220: 00 00 00 00 00 00 00 00 00 00 00 00 00 00 00 00
[   34.438455] nvdla_blob 00000230: 00 00 00 00 00 00 00 00 00 00 00 00 00 00 00 00
[   34.438853] nvdla_blob 00000240: 00 00 00 00 00 00 00 00 00 00 00 00 00 00 00 00
[   34.439244] nvdla_blob 00000250: 00 00 00 00 00 00 00 00 00 00 00 00 00 00 00 00
[   34.439637] nvdla_blob 00000260: 00 00 00 00 00 00 00 00 00 00 00 00 00 00 00 00
[   34.440029] nvdla_blob 00000270: 00 00 00 00 00 00 00 00 00 00 00 00 00 00 00 00
[   34.441377] nvdla_blob 00000280: 00 00 00 00 00 00 00 00 00 00 00 00 00 00 00 00
[   34.441803] nvdla_blob 00000290: 00 00 00 00 00 00 00 00 00 00 00 00 00 00 00 00
[   34.442192] nvdla_blob 000002a0: 00 00 00 00 00 00 00 00 00 00 00 00 00 00 00 00
[   34.442612] nvdla_blob 000002b0: 00 00 00 00 00 00 00 00 00 00 00 00 00 00 00 00
[   34.443096] nvdla_blob 000002c0: 00 00 00 00 00 00 00 00 00 00 00 00 00 00 00 00
[   34.443611] nvdla_blob 000002d0: 00 00 00 00 00 00 00 00 00 00 00 00 00 00 00 00
[   34.444055] nvdla_blob 000002e0: 00 00 00 00 00 00 00 00 00 00 00 00 00 00 00 00
[   34.445683] nvdla_blob 000002f0: 00 00 00 00 00 00 00 00 00 00 00 00 00 00 00 00
[   34.446199] nvdla_blob 00000300: 00 00 00 00 00 00 00 00 00 00 00 00 00 00 00 00
[   34.446599] nvdla_blob 00000310: 00 00 00 00 00 00 00 00 00 00 00 00 00 00 00 00
[   34.447007] nvdla_blob 00000320: 00 00 00 00 00 00 00 00 00 00 00 00 00 00 00 00
[   34.447396] nvdla_blob 00000330: 00 00 00 00 00 00 00 00 00 00 00 00 00 00 00 00
[   34.447790] nvdla_blob 00000340: 00 00 00 00 00 00 00 00 00 00 00 00 00 00 00 00
[   34.448202] nvdla_blob 00000350: 00 00 00 00 00 00 00 00 00 00 00 00 00 00 00 00
[   34.449792] nvdla_blob 00000360: 00 00 00 00 00 00 00 00 00 00 00 00 00 00 00 00
[   34.450180] nvdla_blob 00000370: 00 00 00 00 00 00 00 00 00 00 00 00 00 00 00 00
[   34.450566] nvdla_blob 00000380: 00 00 00 00 00 00 00 00 00 00 00 00 00 00 00 00
[   34.450958] nvdla_blob 00000390: 00 00 00 00 00 00 00 00 00 00 00 00 00 00 00 00
[   34.451342] nvdla_blob 000003a0: 00 00 00 00 00 00 00 00 00 00 00 00 00 00 00 00
[   34.451727] nvdla_blob 000003b0: 00 00 00 00 00 00 00 00 00 00 00 00 00 00 00 00
[   34.452137] nvdla_blob 000003c0: 00 00 00 00 00 00 00 00 00 00 00 00 00 00 00 00
[   34.453502] nvdla_blob 000003d0: 00 00 00 00 00 00 00 00 00 00 00 00 00 00 00 00
[   34.453904] nvdla_blob 000003e0: 00 00 00 00 00 00 00 00 00 00 00 00 00 00 00 00
[   34.454291] nvdla_blob 000003f0: 00 00 00 00 00 00 00 00 00 00 00 00 00 00 00 00
[   34.454749] nvdla_blob 00000400: 00 00 00 00 00 00 00 00 00 00 00 00 00 00 00 00
[   34.455226] nvdla_blob 00000410: 00 00 00 00 00 00 00 00 00 00 00 00 00 00 00 00
[   34.455629] nvdla_blob 00000420: 00 00 00 00 00 00 00 00 00 00 00 00 00 00 00 00
[   34.456025] nvdla_blob 00000430: 00 00 00 00 00 00 00 00 00 00 00 00 00 00 00 00
[   34.457317] nvdla_blob 00000440: 00 00 00 00 00 00 00 00 00 00 00 00 00 00 00 00
[   34.457735] nvdla_blob 00000450: 00 00 00 00 00 00 00 00 00 00 00 00 00 00 00 00
[   34.458130] nvdla_blob 00000460: 00 00 00 00 00 00 00 00 00 00 00 00 00 00 00 00
[   34.458539] nvdla_blob 00000470: 00 00 00 00 00 00 00 00 00 00 00 00 00 00 00 00
[   34.459006] nvdla_blob 00000480: 00 00 00 00 00 00 00 00 00 00 00 00 00 00 00 00
[   34.459565] nvdla_blob 00000490: 00 00 00 00 00 00 00 00 00 00 00 00 00 00 00 00
[   34.460204] nvdla_blob 000004a0: 00 00 00 00 00 00 00 00 00 00 00 00 00 00 00 00
[   34.462502] nvdla_blob 000004b0: 00 00 00 00 00 00 00 00 00 00 00 00 00 00 00 00
[   34.462920] nvdla_blob 000004c0: 00 00 00 00 00 00 00 00 00 00 00 00 00 00 00 00
[   34.463307] nvdla_blob 000004d0: 00 00 00 00 00 00 00 00 00 00 00 00 00 00 00 00
[   34.463692] nvdla_blob 000004e0: 00 00 00 00 00 00 00 00 00 00 00 00 00 00 00 00
[   34.464084] nvdla_blob 000004f0: 00 00 00 00 00 00 00 00 00 00 00 00 00 00 00 00
[   34.465610] nvdla_blob 00000500: 00 00 00 00 00 00 00 00 00 00 00 00 00 00 00 00
[   34.466059] nvdla_blob 00000510: 00 00 00 00 00 00 00 00 00 00 00 00 00 00 00 00
[   34.466445] nvdla_blob 00000520: 00 00 00 00 00 00 00 00 00 00 00 00 00 00 00 00
[   34.466917] nvdla_blob 00000530: 00 00 00 00 00 00 00 00 00 00 00 00 00 00 00 00
[   34.467377] nvdla_blob 00000540: 00 00 00 00 00 00 00 00 00 00 00 00 00 00 00 00
[   34.467765] nvdla_blob 00000550: 00 00 00 00 00 00 00 00 00 00 00 00 00 00 00 00
[   34.468160] nvdla_blob 00000560: 00 00 00 00 00 00 00 00 00 00 00 00 00 00 00 00
[   34.469557] nvdla_blob 00000570: 00 00 00 00 00 00 00 00 00 00 00 00 00 00 00 00
[   34.469984] nvdla_blob 00000580: 00 00 00 00 00 00 00 00 00 00 00 00 00 00 00 00
[   34.470373] nvdla_blob 00000590: 00 00 00 00 00 00 00 00 00 00 00 00 00 00 00 00
[   34.470848] nvdla_blob 000005a0: 00 00 00 00 00 00 00 00 00 00 00 00 00 00 00 00
[   34.471310] nvdla_blob 000005b0: 00 00 00 00 00 00 00 00 00 00 00 00 00 00 00 00
[   34.471778] nvdla_blob 000005c0: 00 00 00 00 00 00 00 00 00 00 00 00 00 00 00 00
[   34.472201] nvdla_blob 000005d0: 00 00 00 00 00 00 00 00 00 00 00 00 00 00 00 00
[   34.473547] nvdla_blob 000005e0: 00 00 00 00 00 00 00 00 00 00 00 00 00 00 00 00
[   34.473949] nvdla_blob 000005f0: 00 00 00 00 00 00 00 00 00 00 00 00 00 00 00 00
[   34.474339] nvdla_blob 00000600: 00 00 00 00 00 00 00 00 00 00 00 00 00 00 00 00
[   34.474799] nvdla_blob 00000610: 00 00 00 00 00 00 00 00 00 00 00 00 00 00 00 00
[   34.475267] nvdla_blob 00000620: 00 00 00 00 00 00 00 00 00 00 00 00 00 00 00 00
[   34.475696] nvdla_blob 00000630: 00 00 00 00 00 00 00 00 00 00 00 00 00 00 00 00
[   34.476094] nvdla_blob 00000640: 00 00 00 00 00 00 00 00 00 00 00 00 00 00 00 00
[   34.477415] nvdla_blob 00000650: 00 00 00 00 00 00 00 00 00 00 00 00 00 00 00 00
[   34.477836] nvdla_blob 00000660: 00 00 00 00 00 00 00 00 00 00 00 00 00 00 00 00
[   34.478224] nvdla_blob 00000670: 00 00 00 00 00 00 00 00 00 00 00 00 00 00 00 00
[   34.478635] nvdla_blob 00000680: 00 00 00 00 00 00 00 00 00 00 00 00 00 00 00 00
[   34.479105] nvdla_blob 00000690: 00 00 00 00 00 00 00 00 00 00 00 00 00 00 00 00
[   34.479559] nvdla_blob 000006a0: 00 00 00 00 00 00 00 00 00 00 00 00 00 00 00 00
[   34.479954] nvdla_blob 000006b0: 00 00 00 00 00 00 00 00 00 00 00 00 00 00 00 00
[   34.480343] nvdla_blob 000006c0: 00 00 00 00 00 00 00 00 00 00 00 00 00 00 00 00
[   34.481959] nvdla_blob 000006d0: 00 00 00 00 00 00 00 00 00 00 00 00 00 00 00 00
[   34.482509] nvdla_blob 000006e0: 00 00 00 00 00 00 00 00 00 00 00 00 00 00 00 00
[   34.482956] nvdla_blob 000006f0: 00 00 00 00 00 00 00 00 00 00 00 00 00 00 00 00
[   34.483355] nvdla_blob 00000700: 00 00 00 00 00 00 00 00 00 00 00 00 00 00 00 00
[   34.483752] nvdla_blob 00000710: 00 00 00 00 00 00 00 00 00 00 00 00 00 00 00 00
[   34.484188] nvdla_blob 00000720: 00 00 00 00 00 00 00 00 00 00 00 00 00 00 00 00
[   34.485870] nvdla_blob 00000730: 00 00 00 00 00 00 00 00 00 00 00 00 00 00 00 00
[   34.486270] nvdla_blob 00000740: 00 00 00 00 00 00 00 00 00 00 00 00 00 00 00 00
[   34.486719] nvdla_blob 00000750: 00 00 00 00 00 00 00 00 00 00 00 00 00 00 00 00
[   34.487212] nvdla_blob 00000760: 00 00 00 00 00 00 00 00 00 00 00 00 00 00 00 00
[   34.487637] nvdla_blob 00000770: 00 00 00 00 00 00 00 00 00 00 00 00 00 00 00 00
[   34.488036] nvdla_blob 00000780: 00 00 00 00 00 00 00 00 00 00 00 00 00 00 00 00
[   34.489474] nvdla_blob 00000790: 00 00 00 00 00 00 00 00 00 00 00 00 00 00 00 00
[   34.489984] nvdla_blob 000007a0: 00 00 00 00 00 00 00 00 00 00 00 00 00 00 00 00
[   34.490454] nvdla_blob 000007b0: 00 00 00 00 00 00 00 00 00 00 00 00 00 00 00 00
[   34.490859] nvdla_blob 000007c0: 00 00 00 00 00 00 00 00 00 00 00 00 00 00 00 00
[   34.491245] nvdla_blob 000007d0: 00 00 00 00 00 00 00 00 00 00 00 00 00 00 00 00
[   34.491684] nvdla_blob 000007e0: 00 00 00 00 00 00 00 00 00 00 00 00 00 00 00 00
[   34.492090] nvdla_blob 000007f0: 00 00 00 00 00 00 00 00 00 00 00 00 00 00 00 00
[   34.493502] nvdla_blob 00000800: 00 00 00 00 00 00 00 00 00 00 00 00 00 00 00 00
[   34.494011] nvdla_blob 00000810: 00 00 00 00 00 00 00 00 00 00 00 00 00 00 00 00
[   34.494480] nvdla_blob 00000820: 00 00 00 00 00 00 00 00 00 00 00 00 00 00 00 00
[   34.494877] nvdla_blob 00000830: 00 00 00 00 00 00 00 00 00 00 00 00 00 00 00 00
[   34.495269] nvdla_blob 00000840: 00 00 00 00 00 00 00 00 00 00 00 00 00 00 00 00
[   34.495660] nvdla_blob 00000850: 00 00 00 00 00 00 00 00 00 00 00 00 00 00 00 00
[   34.496062] nvdla_blob 00000860: 00 00 00 00 00 00 00 00 00 00 00 00 00 00 00 00
[   34.497341] nvdla_blob 00000870: 00 00 00 00 00 00 00 00 00 00 00 00 00 00 00 00
[   34.497898] nvdla_blob 00000880: 00 00 00 00 00 00 00 00 00 00 00 00 00 00 00 00
[   34.498429] nvdla_blob 00000890: 00 00 00 00 00 00 00 00 00 00 00 00 00 00 00 00
[   34.498904] nvdla_blob 000008a0: 00 00 00 00 00 00 00 00 00 00 00 00 00 00 00 00
[   34.499316] nvdla_blob 000008b0: 00 00 00 00 00 00 00 00 00 00 00 00 00 00 00 00
[   34.499728] nvdla_blob 000008c0: 00 00 00 00 00 00 00 00 00 00 00 00 00 00 00 00
[   34.500185] nvdla_blob 000008d0: 00 00 00 00 00 00 00 00 00 00 00 00 00 00 00 00
[   34.502003] nvdla_blob 000008e0: 00 00 00 00 00 00 00 00 00 00 00 00 00 00 00 00
[   34.502406] nvdla_blob 000008f0: 00 00 00 00 00 00 00 00 00 00 00 00 00 00 00 00
[   34.502868] nvdla_blob 00000900: 00 00 00 00 00 00 00 00 00 00 00 00 00 00 00 00
[   34.503331] nvdla_blob 00000910: 00 00 00 00 00 00 00 00 00 00 00 00 00 00 00 00
[   34.503740] nvdla_blob 00000920: 00 00 00 00 00 00 00 00 00 00 00 00 00 00 00 00
[   34.504139] nvdla_blob 00000930: 00 00 00 00 00 00 00 00 00 00 00 00 00 00 00 00
[   34.505611] nvdla_blob 00000940: 00 00 00 00 00 00 00 00 00 00 00 00 00 00 00 00
[   34.506040] nvdla_blob 00000950: 00 00 00 00 00 00 00 00 00 00 00 00 00 00 00 00
[   34.506430] nvdla_blob 00000960: 00 00 00 00 00 00 00 00 00 00 00 00 00 00 00 00
[   34.506893] nvdla_blob 00000970: 00 00 00 00 00 00 00 00 00 00 00 00 00 00 00 00
[   34.507355] nvdla_blob 00000980: 00 00 00 00 00 00 00 00 00 00 00 00 00 00 00 00
[   34.507763] nvdla_blob 00000990: 00 00 00 00 00 00 00 00 00 00 00 00 00 00 00 00
[   34.508161] nvdla_blob 000009a0: 00 00 00 00 00 00 00 00 00 00 00 00 00 00 00 00
[   34.509421] nvdla_blob 000009b0: 00 00 00 00 00 00 00 00 00 00 00 00 00 00 00 00
[   34.509844] nvdla_blob 000009c0: 00 00 00 00 00 00 00 00 00 00 00 00 00 00 00 00
[   34.510234] nvdla_blob 000009d0: 00 00 00 00 00 00 00 00 00 00 00 00 00 00 00 00
[   34.510641] nvdla_blob 000009e0: 00 00 00 00 00 00 00 00 00 00 00 00 00 00 00 00
[   34.511121] nvdla_blob 000009f0: 00 00 00 00 00 00 00 00 00 00 00 00 00 00 00 00
[   34.511583] nvdla_blob 00000a00: 00 00 00 00 00 00 00 00 00 00 00 00 00 00 00 00
[   34.511984] nvdla_blob 00000a10: 00 00 00 00 00 00 00 00 00 00 00 00 00 00 00 00
[   34.512551] nvdla_blob 00000a20: 00 00 00 00 00 00 00 00 00 00 00 00 00 00 00 00
[   34.514699] nvdla_blob 00000a30: 00 00 00 00 00 00 00 00 00 00 00 00 00 00 00 00
[   34.515100] nvdla_blob 00000a40: 00 00 00 00 00 00 00 00 00 00 00 00 00 00 00 00
[   34.515489] nvdla_blob 00000a50: 00 00 00 00 00 00 00 00 00 00 00 00 00 00 00 00
[   34.515965] nvdla_blob 00000a60: 00 00 00 00 00 00 00 00 00 00 00 00 00 00 00 00
[   34.516435] nvdla_blob 00000a70: 00 00 00 00 00 00 00 00 00 00 00 00 00 00 00 00
[   34.517632] nvdla_blob 00000a80: 00 00 00 00 00 00 00 00 00 00 00 00 00 00 00 00
[   34.518061] nvdla_blob 00000a90: 00 00 00 00 00 00 00 00 00 00 00 00 00 00 00 00
[   34.518442] nvdla_blob 00000aa0: 00 00 00 00 00 00 00 00 00 00 00 00 00 00 00 00
[   34.518857] nvdla_blob 00000ab0: 00 00 00 00 00 00 00 00 00 00 00 00 00 00 00 00
[   34.519255] nvdla_blob 00000ac0: 00 00 00 00 00 00 00 00 00 00 00 00 00 00 00 00
[   34.519644] nvdla_blob 00000ad0: 00 00 00 00 00 00 00 00 00 00 00 00 00 00 00 00
[   34.520041] nvdla_blob 00000ae0: 00 00 00 00 00 00 00 00 00 00 00 00 00 00 00 00
[   34.521320] nvdla_blob 00000af0: 00 00 00 00 00 00 00 00 00 00 00 00 00 00 00 00
[   34.521739] nvdla_blob 00000b00: 00 00 00 00 00 00 00 00 00 00 00 00 00 00 00 00
[   34.522137] nvdla_blob 00000b10: 00 00 00 00 00 00 00 00 00 00 00 00 00 00 00 00
[   34.522518] nvdla_blob 00000b20: 00 00 00 00 00 00 00 00 00 00 00 00 00 00 00 00
[   34.522914] nvdla_blob 00000b30: 00 00 00 00 00 00 00 00 00 00 00 00 00 00 00 00
[   34.523298] nvdla_blob 00000b40: 00 00 00 00 00 00 00 00 00 00 00 00 00 00 00 00
[   34.523688] nvdla_blob 00000b50: 00 00 00 00 00 00 00 00 00 00 00 00 00 00 00 00
[   34.524081] nvdla_blob 00000b60: 00 00 00 00 00 00 00 00 00 00 00 00 00 00 00 00
[   34.525396] nvdla_blob 00000b70: 00 00 00 00 00 00 00 00 00 00 00 00 00 00 00 00
[   34.525823] nvdla_blob 00000b80: 00 00 00 00 00 00 00 00 00 00 00 00 00 00 00 00
[   34.526207] nvdla_blob 00000b90: 00 00 00 00 00 00 00 00 00 00 00 00 00 00 00 00
[   34.526591] nvdla_blob 00000ba0: 00 00 00 00 00 00 00 00 00 00 00 00 00 00 00 00
[   34.526989] nvdla_blob 00000bb0: 00 00 00 00 00 00 00 00 00 00 00 00 00 00 00 00
[   34.527374] nvdla_blob 00000bc0: 00 00 00 00 00 00 00 00 00 00 00 00 00 00 00 00
[   34.527758] nvdla_blob 00000bd0: 00 00 00 00 00 00 00 00 00 00 00 00 00 00 00 00
[   34.528162] nvdla_blob 00000be0: 00 00 00 00 00 00 00 00 00 00 00 00 00 00 00 00
[   34.529735] nvdla_blob 00000bf0: 00 00 00 00 00 00 00 00 00 00 00 00 00 00 00 00
[   34.530310] nvdla_blob 00000c00: 00 00 00 00 00 00 00 00 00 00 00 00 00 00 00 00
[   34.530814] nvdla_blob 00000c10: 00 00 00 00 00 00 00 00 00 00 00 00 00 00 00 00
[   34.531297] nvdla_blob 00000c20: 00 00 00 00 00 00 00 00 00 00 00 00 00 00 00 00
[   34.531742] nvdla_blob 00000c30: 00 00 00 00 00 00 00 00 00 00 00 00 00 00 00 00
[   34.532176] nvdla_blob 00000c40: 00 00 00 00 00 00 00 00 00 00 00 00 00 00 00 00
[   34.533838] nvdla_blob 00000c50: 00 00 00 00 00 00 00 00 00 00 00 00 00 00 00 00
[   34.534232] nvdla_blob 00000c60: 00 00 00 00 00 00 00 00 00 00 00 00 00 00 00 00
[   34.534625] nvdla_blob 00000c70: 00 00 00 00 00 00 00 00 00 00 00 00 00 00 00 00
[   34.535165] nvdla_blob 00000c80: 00 00 00 00 00 00 00 00 00 00 00 00 00 00 00 00
[   34.535687] nvdla_blob 00000c90: 00 00 00 00 00 00 00 00 00 00 00 00 00 00 00 00
[   34.536084] nvdla_blob 00000ca0: 00 00 00 00 00 00 00 00 00 00 00 00 00 00 00 00
[   34.537343] nvdla_blob 00000cb0: 00 00 00 00 00 00 00 00 00 00 00 00 00 00 00 00
[   34.537761] nvdla_blob 00000cc0: 00 00 00 00 00 00 00 00 00 00 00 00 00 00 00 00
[   34.538157] nvdla_blob 00000cd0: 00 00 00 00 00 00 00 00 00 00 00 00 00 00 00 00
[   34.538542] nvdla_blob 00000ce0: 00 00 00 00 00 00 00 00 00 00 00 00 00 00 00 00
[   34.538942] nvdla_blob 00000cf0: 00 00 00 00 00 00 00 00 00 00 00 00 00 00 00 00
[   34.539333] nvdla_blob 00000d00: 00 00 00 00 00 00 00 00 00 00 00 00 00 00 00 00
[   34.539720] nvdla_blob 00000d10: 00 00 00 00 00 00 00 00 00 00 00 00 00 00 00 00
[   34.540149] nvdla_blob 00000d20: 00 00 00 00 00 00 00 00 00 00 00 00 00 00 00 00
[   34.541452] nvdla_blob 00000d30: 00 00 00 00 00 00 00 00 00 00 00 00 00 00 00 00
[   34.541881] nvdla_blob 00000d40: 00 00 00 00 00 00 00 00 00 00 00 00 00 00 00 00
[   34.542267] nvdla_blob 00000d50: 00 00 00 00 00 00 00 00 00 00 00 00 00 00 00 00
[   34.542659] nvdla_blob 00000d60: 00 00 00 00 00 00 00 00 00 00 00 00 00 00 00 00
[   34.543058] nvdla_blob 00000d70: 00 00 00 00 00 00 00 00 00 00 00 00 00 00 00 00
[   34.543475] nvdla_blob 00000d80: 00 00 00 00 00 00 00 00 00 00 00 00 00 00 00 00
[   34.543876] nvdla_blob 00000d90: 00 00 00 00 00 00 00 00 00 00 00 00 00 00 00 00
[   34.544290] nvdla_blob 00000da0: 00 00 00 00 00 00 00 00 00 00 00 00 00 00 00 00
[   34.545741] nvdla_blob 00000db0: 00 00 00 00 00 00 00 00 00 00 00 00 00 00 00 00
[   34.546155] nvdla_blob 00000dc0: 00 00 00 00 00 00 00 00 00 00 00 00 00 00 00 00
[   34.546560] nvdla_blob 00000dd0: 00 00 00 00 00 00 00 00 00 00 00 00 00 00 00 00
[   34.547131] nvdla_blob 00000de0: 00 00 00 00 00 00 00 00 00 00 00 00 00 00 00 00
[   34.548276] nvdla_blob 00000df0: 00 00 00 00 00 00 00 00 00 00 00 00 00 00 00 00
[   34.550214] nvdla_blob 00000e00: 00 00 00 00 00 00 00 00 00 00 00 00 00 00 00 00
[   34.550623] nvdla_blob 00000e10: 00 00 00 00 00 00 00 00 00 00 00 00 00 00 00 00
[   34.551330] nvdla_blob 00000e20: 00 00 00 00 00 00 00 00 00 00 00 00 00 00 00 00
[   34.552069] nvdla_blob 00000e30: 00 00 00 00 00 00 00 00 00 00 00 00 00 00 00 00
[   34.553501] nvdla_blob 00000e40: 00 00 00 00 00 00 00 00 00 00 00 00 00 00 00 00
[   34.553925] nvdla_blob 00000e50: 00 00 00 00 00 00 00 00 00 00 00 00 00 00 00 00
[   34.554309] nvdla_blob 00000e60: 00 00 00 00 00 00 00 00 00 00 00 00 00 00 00 00
[   34.554719] nvdla_blob 00000e70: 00 00 00 00 00 00 00 00 00 00 00 00 00 00 00 00
[   34.555186] nvdla_blob 00000e80: 00 00 00 00 00 00 00 00 00 00 00 00 00 00 00 00
[   34.555649] nvdla_blob 00000e90: 00 00 00 00 00 00 00 00 00 00 00 00 00 00 00 00
[   34.556050] nvdla_blob 00000ea0: 00 00 00 00 00 00 00 00 00 00 00 00 00 00 00 00
[   34.557362] nvdla_blob 00000eb0: 00 00 00 00 00 00 00 00 00 00 00 00 00 00 00 00
[   34.557791] nvdla_blob 00000ec0: 00 00 00 00 00 00 00 00 00 00 00 00 00 00 00 00
[   34.558179] nvdla_blob 00000ed0: 00 00 00 00 00 00 00 00 00 00 00 00 00 00 00 00
[   34.558562] nvdla_blob 00000ee0: 00 00 00 00 00 00 00 00 00 00 00 00 00 00 00 00
[   34.558960] nvdla_blob 00000ef0: 00 00 00 00 00 00 00 00 00 00 00 00 00 00 00 00
[   34.559350] nvdla_blob 00000f00: 00 00 00 00 00 00 00 00 00 00 00 00 00 00 00 00
[   34.559734] nvdla_blob 00000f10: 00 00 00 00 00 00 00 00 00 00 00 00 00 00 00 00
[   34.560130] nvdla_blob 00000f20: 00 00 00 00 00 00 00 00 00 00 00 00 00 00 00 00
[   34.561429] nvdla_blob 00000f30: 00 00 00 00 00 00 00 00 00 00 00 00 00 00 00 00
[   34.561866] nvdla_blob 00000f40: 00 00 00 00 00 00 00 00 00 00 00 00 00 00 00 00
[   34.562252] nvdla_blob 00000f50: 00 00 00 00 00 00 00 00 00 00 00 00 00 00 00 00
[   34.562636] nvdla_blob 00000f60: 00 00 00 00 00 00 00 00 00 00 00 00 00 00 00 00
[   34.563053] nvdla_blob 00000f70: 00 00 00 00 00 00 00 00 00 00 00 00 00 00 00 00
[   34.563621] nvdla_blob 00000f80: 00 00 00 00 00 00 00 00 00 00 00 00 00 00 00 00
[   34.564053] nvdla_blob 00000f90: 00 00 00 00 00 00 00 00 00 00 00 00 00 00 00 00
[   34.565803] nvdla_blob 00000fa0: 00 00 00 00 00 00 00 00 00 00 00 00 00 00 00 00
[   34.566235] nvdla_blob 00000fb0: 00 00 00 00 00 00 00 00 00 00 00 00 00 00 00 00
[   34.566619] nvdla_blob 00000fc0: 00 00 00 00 00 00 00 00 00 00 00 00 00 00 00 00
[   34.567095] nvdla_blob 00000fd0: 00 00 00 00 00 00 00 00 00 00 00 00 00 00 00 00
[   34.567557] nvdla_blob 00000fe0: 00 00 00 00 00 00 00 00 00 00 00 00 00 00 00 00
[   34.567949] nvdla_blob 00000ff0: 00 00 00 00 00 00 00 00 00 00 00 00 00 00 00 00
[   34.569155] Enter:dla_read_network_config
[   34.569833] Exit:dla_read_network_config status=0
[   34.569931] Enter: dla_initiate_processors
[   34.570352] Enter: dla_submit_operation
[   34.570439] Prepare Convolution operation index 0 ROI 0 dep_count 1
[   34.570544] Enter: dla_prepare_operation
[   34.570922] processor:Convolution group:0, rdma_group:0 available
[   34.571059] Enter: dla_read_config
[   34.574531] Exit: dla_read_config
[   34.575797] Exit: dla_prepare_operation status=0
[   34.575918] Enter: dla_program_operation
[   34.576003] Program Convolution operation index 0 ROI 0 Group[0]
[   34.576158] nvdla_reg_write offset=0x00009004 value=0x00000000
[   34.577050] nvdla_reg_write offset=0x00007004 value=0x00000000
[   34.577196] nvdla_reg_write offset=0x00008004 value=0x00000000
[   34.577319] nvdla_reg_write offset=0x00006004 value=0x00000000
[   34.577451] nvdla_reg_write offset=0x00005004 value=0x00000000
[   34.577711] nvdla_dma_address index=1 handle=5 offset=0x0 dma=0xc0004000 ret=0
[   34.577897] nvdla_dma_address index=2 handle=11 offset=0x0 dma=0xc0040000 ret=0
[   34.578412] nvdla_reg_write offset=0x0000900c value=0x00002000
[   34.578559] nvdla_reg_write offset=0x00009010 value=0x001b001b
[   34.578686] nvdla_reg_write offset=0x00009014 value=0x0000001f
[   34.578842] nvdla_reg_write offset=0x00009018 value=0x00000000
[   34.579013] nvdla_reg_write offset=0x0000901c value=0x00000000
[   34.579143] nvdla_reg_write offset=0x00009020 value=0x00000380
[   34.579276] nvdla_reg_write offset=0x00009024 value=0x00006200
[   34.579411] nvdla_reg_write offset=0x00009028 value=0x00000000
[   34.579539] nvdla_reg_write offset=0x0000902c value=0x00000000
[   34.579670] nvdla_reg_write offset=0x0000700c value=0x00002000
[   34.579807] nvdla_reg_write offset=0x0000800c value=0x00002000
[   34.579950] nvdla_reg_write offset=0x0000600c value=0x00002200
[   34.580096] nvdla_reg_write offset=0x00006010 value=0x00000000
[   34.582407] nvdla_reg_write offset=0x00006014 value=0x001b001b
[   34.582588] nvdla_reg_write offset=0x00006018 value=0x0000008f
[   34.582750] nvdla_reg_write offset=0x0000601c value=0x00000000
[   34.582910] nvdla_reg_write offset=0x00006020 value=0x00000000
[   34.583053] nvdla_reg_write offset=0x00006024 value=0x0000003e
[   34.583201] nvdla_reg_write offset=0x00006028 value=0x00000000
[   34.583346] nvdla_reg_write offset=0x0000602c value=0x00000000
[   34.583493] nvdla_reg_write offset=0x00006030 value=0x001f008f
[   34.583636] nvdla_reg_write offset=0x00006034 value=0x00002400
[   34.583788] nvdla_reg_write offset=0x00006038 value=0x00000000
[   34.583934] nvdla_reg_write offset=0x0000603c value=0x001b001b
[   34.584077] nvdla_reg_write offset=0x00006040 value=0x0000001f
[   34.585765] nvdla_reg_write offset=0x00006044 value=0x0000030f
[   34.585962] nvdla_reg_write offset=0x00006048 value=0x0000001b
[   34.586115] nvdla_reg_write offset=0x0000604c value=0x00000000
[   34.586260] nvdla_reg_write offset=0x00006050 value=0x00000000
[   34.586388] nvdla_reg_write offset=0x00006054 value=0x00000000
[   34.586517] nvdla_reg_write offset=0x00006058 value=0x00000000
[   34.586645] nvdla_reg_write offset=0x0000605c value=0x00000006
[   34.586809] nvdla_reg_write offset=0x00006060 value=0x00000000
[   34.586998] nvdla_reg_write offset=0x00005014 value=0x00002200
[   34.587164] nvdla_reg_write offset=0x00005018 value=0x00000000
[   34.587313] nvdla_reg_write offset=0x0000501c value=0x001b001b
[   34.587505] nvdla_reg_write offset=0x00005020 value=0x0000008f
[   34.587809] nvdla_reg_write offset=0x00005024 value=0x001b001b
[   34.588081] nvdla_reg_write offset=0x0000502c value=0x00000001
[   34.590684] nvdla_reg_write offset=0x00005030 value=0x00000000
[   34.590961] nvdla_reg_write offset=0x00005034 value=0xc0040000
[   34.591194] nvdla_reg_write offset=0x00005038 value=0x00000000
[   34.591404] nvdla_reg_write offset=0x0000503c value=0xc0040000
[   34.591613] nvdla_reg_write offset=0x00005040 value=0x00000380
[   34.591826] nvdla_reg_write offset=0x00005048 value=0x00006200
[   34.592038] nvdla_reg_write offset=0x00005044 value=0x00000000
[   34.593393] nvdla_reg_write offset=0x0000504c value=0x00010001
[   34.593587] nvdla_reg_write offset=0x00005058 value=0x00000000
[   34.593716] nvdla_reg_write offset=0x0000505c value=0x00000000
[   34.593880] nvdla_reg_write offset=0x00005060 value=0x0000003e
[   34.594033] nvdla_reg_write offset=0x00005064 value=0x00000000
[   34.594197] nvdla_reg_write offset=0x00005068 value=0x00000000
[   34.594324] nvdla_reg_write offset=0x0000506c value=0x0000011f
[   34.594450] nvdla_reg_write offset=0x00005070 value=0x0000001f
[   34.594577] nvdla_reg_write offset=0x00005074 value=0x00000001
[   34.594701] nvdla_reg_write offset=0x00005078 value=0x00000000
[   34.594853] nvdla_reg_write offset=0x0000507c value=0xc0004000
[   34.595033] nvdla_reg_write offset=0x00005080 value=0x00002400
[   34.595180] nvdla_reg_write offset=0x00005098 value=0x00000000
[   34.595329] nvdla_reg_write offset=0x000050a4 value=0x00000000
[   34.595474] nvdla_reg_write offset=0x000050b0 value=0x00000000
[   34.595612] nvdla_reg_write offset=0x000050b4 value=0x00000000
[   34.595750] nvdla_reg_write offset=0x000050b8 value=0x00000000
[   34.595888] nvdla_reg_write offset=0x000050bc value=0x00000006
[   34.596039] no desc get due to index==-1
[   34.596165] no desc get due to index==-1
[   34.598473] no desc get due to index==-1
[   34.598552] no desc get due to index==-1
[   34.598623] no desc get due to index==-1
[   34.598710] no desc get due to index==-1
[   34.598816] Enter: dla_op_programmed
[   34.598956] Update dependency operation index 1 ROI 0 DEP_COUNT=1
[   34.599072] enable SDP in dla_update_dependency as depdency are resolved
[   34.599190] Enter: dla_enable_operation
[   34.599279] exit dla_enable_operation without actual enable due to processor hasn't been programmed
[   34.599420] Exit: dla_enable_operation status=0
[   34.599531] Exit: dla_op_programmed
[   34.599605] Exit: dla_program_operation status=0
[   34.599702] Exit: dla_submit_operation
[   34.599858] Enter: dla_dequeue_operation
[   34.599968] exit Convolution as there's no further operation
[   34.600066] Exit: dla_dequeue_operation
[   34.601925] Enter: dla_submit_operation
[   34.602061] Prepare SDP operation index 1 ROI 0 dep_count 0
[   34.602153] Enter: dla_prepare_operation
[   34.602451] processor:SDP group:0, rdma_group:0 available
[   34.602544] Enter: dla_read_config
[   34.606695] Exit: dla_read_config
[   34.606859] Exit: dla_prepare_operation status=0
[   34.606955] Enter: dla_program_operation
[   34.607030] Program SDP operation index 1 ROI 0 Group[0]
[   34.607129] nvdla_reg_write offset=0x0000b004 value=0x00000000
[   34.607269] nvdla_reg_write offset=0x0000a004 value=0x00000000
[   34.607459] nvdla_reg_write offset=0x00000004 value=0x00000000
[   34.607684] nvdla_dma_address index=3 handle=12 offset=0x0 dma=0xc0010000 ret=0
[   34.607853] nvdla_reg_write offset=0x0000a070 value=0x00000000
[   34.608004] nvdla_reg_write offset=0x0000a028 value=0x00000000
[   34.608159] nvdla_reg_write offset=0x0000a040 value=0x00000000
[   34.609669] nvdla_reg_write offset=0x0000a058 value=0x00000000
[   34.609924] nvdla_reg_write offset=0x0000a070 value=0x000000a9
[   34.610077] nvdla_reg_write offset=0x0000b03c value=0x0000001b
[   34.610221] nvdla_reg_write offset=0x0000b040 value=0x0000001b
[   34.610354] nvdla_reg_write offset=0x0000b044 value=0x0000001f
[   34.610486] nvdla_reg_write offset=0x0000b04c value=0x00000000
[   34.610612] nvdla_reg_write offset=0x0000b048 value=0xc0010000
[   34.610738] nvdla_reg_write offset=0x0000b050 value=0x00000380
[   34.610888] nvdla_reg_write offset=0x0000b054 value=0x00006200
[   34.611047] nvdla_reg_write offset=0x0000b058 value=0x00000053
[   34.611208] nvdla_reg_write offset=0x0000b06c value=0x00000053
[   34.611369] nvdla_reg_write offset=0x0000b080 value=0x00000053
[   34.611524] nvdla_reg_write offset=0x0000b0b0 value=0x00000001
[   34.611663] nvdla_reg_write offset=0x0000b0b4 value=0x00000001
[   34.611821] nvdla_reg_write offset=0x0000b0bc value=0x0000000a
[   34.611952] nvdla_reg_write offset=0x0000b0c0 value=0x00000000
[   34.612078] nvdla_reg_write offset=0x0000b0c4 value=0x00000001
[   34.614018] nvdla_reg_write offset=0x0000b0c8 value=0x00000000
[   34.614211] no desc get due to index==-1
[   34.614287] no desc get due to index==-1
[   34.614362] no desc get due to index==-1
[   34.614433] no desc get due to index==-1
[   34.614504] no desc get due to index==-1
[   34.614576] no desc get due to index==-1
[   34.614659] Enter: dla_op_programmed
[   34.614731] Exit: dla_op_programmed
[   34.614812] Exit: dla_program_operation status=0
[   34.614895] Enter: dla_enable_operation
[   34.615002] Enable SDP operation index 1 ROI 0
[   34.615089] nvdla_reg_write offset=0x0000b004 value=0x00000000
[   34.615232] nvdla_reg_write offset=0x0000a004 value=0x00000000
[   34.615399] nvdla_reg_write offset=0x0000b038 value=0x00000001
[   34.615560] Enter: dla_op_enabled
[   34.615636] Update dependency operation index 0 ROI 0 DEP_COUNT=1
[   34.615733] enable Convolution in dla_update_dependency as depdency are resolved
[   34.615866] Enter: dla_enable_operation
[   34.615938] Enable Convolution operation index 0 ROI 0
[   34.616023] nvdla_reg_write offset=0x00009004 value=0x00000000
[   34.618205] nvdla_reg_write offset=0x00007004 value=0x00000000
[   34.618528] nvdla_reg_write offset=0x00008004 value=0x00000000
[   34.618681] nvdla_reg_write offset=0x00006004 value=0x00000000
[   34.618844] nvdla_reg_write offset=0x00005004 value=0x00000000
[   34.619113] nvdla_reg_write offset=0x00009008 value=0x00000001
[   34.619302] nvdla_reg_write offset=0x00007008 value=0x00000001
[   34.619447] nvdla_reg_write offset=0x00008008 value=0x00000001
[   34.619597] nvdla_reg_write offset=0x00006008 value=0x00000001
[   34.619727] nvdla_reg_write offset=0x00005010 value=0x00000001
[   34.619913] Enter: dla_op_enabled
[   34.619989] Exit: dla_op_enabled
[   34.620059] Exit: dla_enable_operation status=0
[   34.620165] Exit: dla_op_enabled
[   34.621922] Exit: dla_enable_operation status=0
[   34.622010] Exit: dla_submit_operation
[   34.622084] Enter: dla_dequeue_operation
[   34.622155] exit SDP as there's no further operation
[   34.622236] Exit: dla_dequeue_operation
[   34.622315] Exit: dla_initiate_processors status=0
[   34.783887] nvdla_reg_write offset=0x0000000c value=0x00040000
[   34.787019] Enter:dla_handle_events, processor:BDMA
[   34.787226] Exit:dla_handle_events, ret:0
[   34.787322] Enter:dla_handle_events, processor:Convolution
[   34.787420] Handle cdma weight done event, processor Convolution group 0
[   34.787537] Exit:dla_handle_events, ret:0
[   34.787611] Enter:dla_handle_events, processor:SDP
[   34.787693] Exit:dla_handle_events, ret:0
[   34.787765] Enter:dla_handle_events, processor:PDP
[   34.787858] Exit:dla_handle_events, ret:0
[   34.787930] Enter:dla_handle_events, processor:CDP
[   34.788012] Exit:dla_handle_events, ret:0
[   34.788085] Enter:dla_handle_events, processor:RUBIK
[   34.788205] Exit:dla_handle_events, ret:0
[   40.917685] nvdla_reg_write offset=0x0000000c value=0x00110001
[   40.922058] Enter:dla_handle_events, processor:BDMA
[   40.922219] Exit:dla_handle_events, ret:0
[   40.922294] Enter:dla_handle_events, processor:Convolution
[   40.922413] Handle cdma data done event, processor Convolution group 0
[   40.922553] Handle op complete event, processor Convolution group 0
[   40.922673] Enter:dla_op_completion processor Convolution group0
[   40.922792] Completed Convolution operation index 0 ROI 0
[   40.922934] 1 HWLs done, totally 2 layers
[   40.923052] Enter: dla_dequeue_operation
[   40.923124] exit Convolution as there's no further operation
[   40.923211] Exit: dla_dequeue_operation
[   40.923295] Exit:dla_op_completion processor Convolution group0 status=0
[   40.923411] Exit:dla_handle_events, ret:0
[   40.923483] Enter:dla_handle_events, processor:SDP
[   40.923563] Handle op complete event, processor SDP group 0
[   40.923651] Enter:dla_op_completion processor SDP group0
[   40.923738] Completed SDP operation index 1 ROI 0
[   40.923831] 2 HWLs done, totally 2 layers
[   40.923926] Enter: dla_free_op_desc op desc index 0 ROI 0
[   40.924413] Exit: dla_free_op_desc
[   40.924505] Enter: dla_free_op_desc op desc index 1 ROI 0
[   40.925164] Exit: dla_free_op_desc
[   40.925241] Exit:dla_op_completion processor SDP group0 status=0
[   40.925337] Exit:dla_handle_events, ret:0
[   40.925410] Enter:dla_handle_events, processor:PDP
[   40.925492] Exit:dla_handle_events, ret:0
[   40.925563] Enter:dla_handle_events, processor:CDP
[   40.925641] Exit:dla_handle_events, ret:0
[   40.925713] Enter:dla_handle_events, processor:RUBIK
[   40.925801] Exit:dla_handle_events, ret:0
[   40.929210] reset engine done
