[  933.468208] nvdla_blob 000099f0: 00 00 00 00 00 00 00 00 00 00 00 00 00 00 00 00
[  933.468653] nvdla_blob 00009a00: 00 00 00 00 00 00 00 00 00 00 00 00 00 00 00 00
[  933.470638] nvdla_blob 00009a10: 00 00 00 00 00 00 00 00 00 00 00 00 00 00 00 00
[  933.470990] nvdla_blob 00009a20: 00 00 00 00 00 00 00 00 00 00 00 00 00 00 00 00
[  933.471333] nvdla_blob 00009a30: 00 00 00 00 00 00 00 00 00 00 00 00 00 00 00 00
[  933.471771] nvdla_blob 00009a40: 00 00 00 00 00 00 00 00 00 00 00 00 00 00 00 00
[  933.472203] nvdla_blob 00009a50: 00 00 00 00 00 00 00 00 00 00 00 00 00 00 00 00
[  933.472598] nvdla_blob 00009a60: 00 00 00 00 00 00 00 00 00 00 00 00 00 00 00 00
[  933.474204] nvdla_blob 00009a70: 00 00 00 00 00 00 00 00 00 00 00 00 00 00 00 00
[  933.474553] nvdla_blob 00009a80: 00 00 00 00 00 00 00 00 00 00 00 00 00 00 00 00
[  933.474911] nvdla_blob 00009a90: 00 00 00 00 00 00 00 00 00 00 00 00 00 00 00 00
[  933.475251] nvdla_blob 00009aa0: 00 00 00 00 00 00 00 00 00 00 00 00 00 00 00 00
[  933.475608] nvdla_blob 00009ab0: 00 00 00 00 00 00 00 00 00 00 00 00 00 00 00 00
[  933.475950] nvdla_blob 00009ac0: 00 00 00 00 00 00 00 00 00 00 00 00 00 00 00 00
[  933.476292] nvdla_blob 00009ad0: 00 00 00 00 00 00 00 00 00 00 00 00 00 00 00 00
[  933.476698] nvdla_blob 00009ae0: 00 00 00 00 00 00 00 00 00 00 00 00 00 00 00 00
[  933.478407] nvdla_blob 00009af0: 00 00 00 00 00 00 00 00 00 00 00 00 00 00 00 00
[  933.478762] nvdla_blob 00009b00: 00 00 00 00 00 00 00 00 00 00 00 00 00 00 00 00
[  933.479109] nvdla_blob 00009b10: 00 00 00 00 00 00 00 00 00 00 00 00 00 00 00 00
[  933.479539] nvdla_blob 00009b20: 00 00 00 00 00 00 00 00 00 00 00 00 00 00 00 00
[  933.479985] nvdla_blob 00009b30: 00 00 00 00 00 00 00 00 00 00 00 00 00 00 00 00
[  933.480409] nvdla_blob 00009b40: 00 00 00 00 00 00 00 00 00 00 00 00 00 00 00 00
[  933.481961] nvdla_blob 00009b50: 00 00 00 00 00 00 00 00 00 00 00 00 00 00 00 00
[  933.482347] nvdla_blob 00009b60: 00 00 00 00 00 00 00 00 00 00 00 00 00 00 00 00
[  933.482705] nvdla_blob 00009b70: 00 00 00 00 00 00 00 00 00 00 00 00 00 00 00 00
[  933.483050] nvdla_blob 00009b80: 00 00 00 00 00 00 00 00 00 00 00 00 00 00 00 00
[  933.483393] nvdla_blob 00009b90: 00 00 00 00 00 00 00 00 00 00 00 00 00 00 00 00
[  933.483749] nvdla_blob 00009ba0: 00 00 00 00 00 00 00 00 00 00 00 00 00 00 00 00
[  933.484095] nvdla_blob 00009bb0: 00 00 00 00 00 00 00 00 00 00 00 00 00 00 00 00
[  933.484438] nvdla_blob 00009bc0: 00 00 00 00 00 00 00 00 00 00 00 00 00 00 00 00
[  933.486043] nvdla_blob 00009bd0: 00 00 00 00 00 00 00 00 00 00 00 00 00 00 00 00
[  933.486428] nvdla_blob 00009be0: 00 00 00 00 00 00 00 00 00 00 00 00 00 00 00 00
[  933.486792] nvdla_blob 00009bf0: 00 00 00 00 00 00 00 00 00 00 00 00 00 00 00 00
[  933.487137] nvdla_blob 00009c00: 00 00 00 00 00 00 00 00 00 00 00 00 00 00 00 00
[  933.487477] nvdla_blob 00009c10: 00 00 00 00 00 00 00 00 00 00 00 00 00 00 00 00
[  933.487837] nvdla_blob 00009c20: 00 00 00 00 00 00 00 00 00 00 00 00 00 00 00 00
[  933.488220] nvdla_blob 00009c30: 00 00 00 00 00 00 00 00 00 00 00 00 00 00 00 00
[  933.488618] nvdla_blob 00009c40: 00 00 00 00 00 00 00 00 00 00 00 00 00 00 00 00
[  933.490557] nvdla_blob 00009c50: 00 00 00 00 00 00 00 00 00 00 00 00 00 00 00 00
[  933.490940] nvdla_blob 00009c60: 00 00 00 00 00 00 00 00 00 00 00 00 00 00 00 00
[  933.491288] nvdla_blob 00009c70: 00 00 00 00 00 00 00 00 00 00 00 00 00 00 00 00
[  933.491647] nvdla_blob 00009c80: 00 00 00 00 00 00 00 00 00 00 00 00 00 00 00 00
[  933.491993] nvdla_blob 00009c90: 00 00 00 00 00 00 00 00 00 00 00 00 00 00 00 00
[  933.492338] nvdla_blob 00009ca0: 00 00 00 00 00 00 00 00 00 00 00 00 00 00 00 00
[  933.493875] nvdla_blob 00009cb0: 00 00 00 00 00 00 00 00 00 00 00 00 00 00 00 00
[  933.494259] nvdla_blob 00009cc0: 00 00 00 00 00 00 00 00 00 00 00 00 00 00 00 00
[  933.494610] nvdla_blob 00009cd0: 00 00 00 00 00 00 00 00 00 00 00 00 00 00 00 00
[  933.494951] nvdla_blob 00009ce0: 00 00 00 00 00 00 00 00 00 00 00 00 00 00 00 00
[  933.495294] nvdla_blob 00009cf0: 00 00 00 00 00 00 00 00 00 00 00 00 00 00 00 00
[  933.495651] nvdla_blob 00009d00: 00 00 00 00 00 00 00 00 00 00 00 00 00 00 00 00
[  933.496170] nvdla_blob 00009d10: 00 00 00 00 00 00 00 00 00 00 00 00 00 00 00 00
[  933.496567] nvdla_blob 00009d20: 00 00 00 00 00 00 00 00 00 00 00 00 00 00 00 00
[  933.498216] nvdla_blob 00009d30: 00 00 00 00 00 00 00 00 00 00 00 00 00 00 00 00
[  933.498583] nvdla_blob 00009d40: 00 00 00 00 00 00 00 00 00 00 00 00 00 00 00 00
[  933.498974] nvdla_blob 00009d50: 00 00 00 00 00 00 00 00 00 00 00 00 00 00 00 00
[  933.499322] nvdla_blob 00009d60: 00 00 00 00 00 00 00 00 00 00 00 00 00 00 00 00
[  933.499678] nvdla_blob 00009d70: 00 00 00 00 00 00 00 00 00 00 00 00 00 00 00 00
[  933.500022] nvdla_blob 00009d80: 00 00 00 00 00 00 00 00 00 00 00 00 00 00 00 00
[  933.500407] nvdla_blob 00009d90: 00 00 00 00 00 00 00 00 00 00 00 00 00 00 00 00
[  933.502182] nvdla_blob 00009da0: 00 00 00 00 00 00 00 00 00 00 00 00 00 00 00 00
[  933.502601] nvdla_blob 00009db0: 00 00 00 00 00 00 00 00 00 00 00 00 00 00 00 00
[  933.503048] nvdla_blob 00009dc0: 00 00 00 00 00 00 00 00 00 00 00 00 00 00 00 00
[  933.503504] nvdla_blob 00009dd0: 00 00 00 00 00 00 00 00 00 00 00 00 00 00 00 00
[  933.503861] nvdla_blob 00009de0: 00 00 00 00 00 00 00 00 00 00 00 00 00 00 00 00
[  933.504205] nvdla_blob 00009df0: 00 00 00 00 00 00 00 00 00 00 00 00 00 00 00 00
[  933.504595] nvdla_blob 00009e00: 00 00 00 00 00 00 00 00 00 00 00 00 00 00 00 00
[  933.506542] nvdla_blob 00009e10: 00 00 00 00 00 00 00 00 00 00 00 00 00 00 00 00
[  933.507042] nvdla_blob 00009e20: 00 00 00 00 00 00 00 00 00 00 00 00 00 00 00 00
[  933.507553] nvdla_blob 00009e30: 00 00 00 00 00 00 00 00 00 00 00 00 00 00 00 00
[  933.508094] nvdla_blob 00009e40: 00 00 00 00 00 00 00 00 00 00 00 00 00 00 00 00
[  933.508505] nvdla_blob 00009e50: 00 00 00 00 00 00 00 00 00 00 00 00 00 00 00 00
[  933.510024] nvdla_blob 00009e60: 00 00 00 00 00 00 00 00 00 00 00 00 00 00 00 00
[  933.510410] nvdla_blob 00009e70: 00 00 00 00 00 00 00 00 00 00 00 00 00 00 00 00
[  933.510763] nvdla_blob 00009e80: 00 00 00 00 00 00 00 00 00 00 00 00 00 00 00 00
[  933.511104] nvdla_blob 00009e90: 00 00 00 00 00 00 00 00 00 00 00 00 00 00 00 00
[  933.511450] nvdla_blob 00009ea0: 00 00 00 00 00 00 00 00 00 00 00 00 00 00 00 00
[  933.511798] nvdla_blob 00009eb0: 00 00 00 00 00 00 00 00 00 00 00 00 00 00 00 00
[  933.512251] nvdla_blob 00009ec0: 00 00 00 00 00 00 00 00 00 00 00 00 00 00 00 00
[  933.512615] nvdla_blob 00009ed0: 00 00 00 00 00 00 00 00 00 00 00 00 00 00 00 00
[  933.515789] nvdla_blob 00009ee0: 00 00 00 00 00 00 00 00 00 00 00 00 00 00 00 00
[  933.516414] nvdla_blob 00009ef0: 00 00 00 00 00 00 00 00 00 00 00 00 00 00 00 00
[  933.518074] nvdla_blob 00009f00: 00 00 00 00 00 00 00 00 00 00 00 00 00 00 00 00
[  933.518496] nvdla_blob 00009f10: 00 00 00 00 00 00 00 00 00 00 00 00 00 00 00 00
[  933.518858] nvdla_blob 00009f20: 00 00 00 00 00 00 00 00 00 00 00 00 00 00 00 00
[  933.519201] nvdla_blob 00009f30: 00 00 00 00 00 00 00 00 00 00 00 00 00 00 00 00
[  933.519541] nvdla_blob 00009f40: 00 00 00 00 00 00 00 00 00 00 00 00 00 00 00 00
[  933.519935] nvdla_blob 00009f50: 00 00 00 00 00 00 00 00 00 00 00 00 00 00 00 00
[  933.520371] nvdla_blob 00009f60: 00 00 00 00 00 00 00 00 00 00 00 00 00 00 00 00
[  933.522177] nvdla_blob 00009f70: 00 00 00 00 00 00 00 00 00 00 00 00 00 00 00 00
[  933.522600] nvdla_blob 00009f80: 00 00 00 00 00 00 00 00 00 00 00 00 00 00 00 00
[  933.522941] nvdla_blob 00009f90: 00 00 00 00 00 00 00 00 00 00 00 00 00 00 00 00
[  933.523280] nvdla_blob 00009fa0: 00 00 00 00 00 00 00 00 00 00 00 00 00 00 00 00
[  933.523623] nvdla_blob 00009fb0: 00 00 00 00 00 00 00 00 00 00 00 00 00 00 00 00
[  933.523962] nvdla_blob 00009fc0: 00 00 00 00 00 00 00 00 00 00 00 00 00 00 00 00
[  933.524300] nvdla_blob 00009fd0: 00 00 00 00 00 00 00 00 00 00 00 00 00 00 00 00
[  933.525899] nvdla_blob 00009fe0: 00 00 00 00 00 00 00 00 00 00 00 00 00 00 00 00
[  933.526291] nvdla_blob 00009ff0: 00 00 00 00 00 00 00 00 00 00 00 00 00 00 00 00
[  933.526645] nvdla_blob 0000a000: 00 00 00 00 00 00 00 00 00 00 00 00 00 00 00 00
[  933.526987] nvdla_blob 0000a010: 00 00 00 00 00 00 00 00 00 00 00 00 00 00 00 00
[  933.527323] nvdla_blob 0000a020: 00 00 00 00 00 00 00 00 00 00 00 00 00 00 00 00
[  933.527724] nvdla_blob 0000a030: 00 00 00 00 00 00 00 00 00 00 00 00 00 00 00 00
[  933.528139] nvdla_blob 0000a040: 00 00 00 00 00 00 00 00 00 00 00 00 00 00 00 00
[  933.528535] nvdla_blob 0000a050: 00 00 00 00 00 00 00 00 00 00 00 00 00 00 00 00
[  933.530916] nvdla_blob 0000a060: 00 00 00 00 00 00 00 00 00 00 00 00 00 00 00 00
[  933.531382] nvdla_blob 0000a070: 00 00 00 00 00 00 00 00 00 00 00 00 00 00 00 00
[  933.531782] nvdla_blob 0000a080: 00 00 00 00 00 00 00 00 00 00 00 00 00 00 00 00
[  933.532133] nvdla_blob 0000a090: 00 00 00 00 00 00 00 00 00 00 00 00 00 00 00 00
[  933.533548] nvdla_blob 0000a0a0: 00 00 00 00 00 00 00 00 00 00 00 00 00 00 00 00
[  933.533952] nvdla_blob 0000a0b0: 00 00 00 00 00 00 00 00 00 00 00 00 00 00 00 00
[  933.534294] nvdla_blob 0000a0c0: 00 00 00 00 00 00 00 00 00 00 00 00 00 00 00 00
[  933.534655] nvdla_blob 0000a0d0: 00 00 00 00 00 00 00 00 00 00 00 00 00 00 00 00
[  933.534994] nvdla_blob 0000a0e0: 00 00 00 00 00 00 00 00 00 00 00 00 00 00 00 00
[  933.535329] nvdla_blob 0000a0f0: 00 00 00 00 00 00 00 00 00 00 00 00 00 00 00 00
[  933.535694] nvdla_blob 0000a100: 00 00 00 00 00 00 00 00 00 00 00 00 00 00 00 00
[  933.536090] nvdla_blob 0000a110: 00 00 00 00 00 00 00 00 00 00 00 00 00 00 00 00
[  933.536555] nvdla_blob 0000a120: 00 00 00 00 00 00 00 00 00 00 00 00 00 00 00 00
[  933.538921] nvdla_blob 0000a130: 00 00 00 00 00 00 00 00 00 00 00 00 00 00 00 00
[  933.539491] nvdla_blob 0000a140: 00 00 00 00 00 00 00 00 00 00 00 00 00 00 00 00
[  933.539938] nvdla_blob 0000a150: 00 00 00 00 00 00 00 00 00 00 00 00 00 00 00 00
[  933.540286] nvdla_blob 0000a160: 00 00 00 00 00 00 00 00 00 00 00 00 00 00 00 00
[  933.540670] nvdla_blob 0000a170: 00 00 00 00 00 00 00 00 00 00 00 00 00 00 00 00
[  933.542174] nvdla_blob 0000a180: 00 00 00 00 00 00 00 00 00 00 00 00 00 00 00 00
[  933.542519] nvdla_blob 0000a190: 00 00 00 00 00 00 00 00 00 00 00 00 00 00 00 00
[  933.542875] nvdla_blob 0000a1a0: 00 00 00 00 00 00 00 00 00 00 00 00 00 00 00 00
[  933.543217] nvdla_blob 0000a1b0: 00 00 00 00 00 00 00 00 00 00 00 00 00 00 00 00
[  933.543574] nvdla_blob 0000a1c0: 00 00 00 00 00 00 00 00 00 00 00 00 00 00 00 00
[  933.543948] nvdla_blob 0000a1d0: 00 00 00 00 00 00 00 00 00 00 00 00 00 00 00 00
[  933.544289] nvdla_blob 0000a1e0: 00 00 00 00 00 00 00 00 00 00 00 00 00 00 00 00
[  933.545359] nvdla_blob 0000a1f0: 00 00 00 00 00 00 00 00 00 00 00 00 00 00 00 00
[  933.547369] nvdla_blob 0000a200: 00 00 00 00 00 00 00 00 00 00 00 00 00 00 00 00
[  933.547739] nvdla_blob 0000a210: 00 00 00 00 00 00 00 00 00 00 00 00 00 00 00 00
[  933.548077] nvdla_blob 0000a220: 00 00 00 00 00 00 00 00 00 00 00 00 00 00 00 00
[  933.548452] nvdla_blob 0000a230: 00 00 00 00 00 00 00 00 00 00 00 00 00 00 00 00
[  933.549876] nvdla_blob 0000a240: 00 00 00 00 00 00 00 00 00 00 00 00 00 00 00 00
[  933.550223] nvdla_blob 0000a250: 00 00 00 00 00 00 00 00 00 00 00 00 00 00 00 00
[  933.550573] nvdla_blob 0000a260: 00 00 00 00 00 00 00 00 00 00 00 00 00 00 00 00
[  933.550918] nvdla_blob 0000a270: 00 00 00 00 00 00 00 00 00 00 00 00 00 00 00 00
[  933.551260] nvdla_blob 0000a280: 00 00 00 00 00 00 00 00 00 00 00 00 00 00 00 00
[  933.551644] nvdla_blob 0000a290: 00 00 00 00 00 00 00 00 00 00 00 00 00 00 00 00
[  933.552185] nvdla_blob 0000a2a0: 00 00 00 00 00 00 00 00 00 00 00 00 00 00 00 00
[  933.554041] nvdla_blob 0000a2b0: 00 00 00 00 00 00 00 00 00 00 00 00 00 00 00 00
[  933.554626] nvdla_blob 0000a2c0: 00 00 00 00 00 00 00 00 00 00 00 00 00 00 00 00
[  933.555182] nvdla_blob 0000a2d0: 00 00 00 00 00 00 00 00 00 00 00 00 00 00 00 00
[  933.555647] nvdla_blob 0000a2e0: 00 00 00 00 00 00 00 00 00 00 00 00 00 00 00 00
[  933.556210] nvdla_blob 0000a2f0: 00 00 00 00 00 00 00 00 00 00 00 00 00 00 00 00
[  933.557893] nvdla_blob 0000a300: 00 00 00 00 00 00 00 00 00 00 00 00 00 00 00 00
[  933.558279] nvdla_blob 0000a310: 00 00 00 00 00 00 00 00 00 00 00 00 00 00 00 00
[  933.558639] nvdla_blob 0000a320: 00 00 00 00 00 00 00 00 00 00 00 00 00 00 00 00
[  933.558982] nvdla_blob 0000a330: 00 00 00 00 00 00 00 00 00 00 00 00 00 00 00 00
[  933.559323] nvdla_blob 0000a340: 00 00 00 00 00 00 00 00 00 00 00 00 00 00 00 00
[  933.559708] nvdla_blob 0000a350: 00 00 00 00 00 00 00 00 00 00 00 00 00 00 00 00
[  933.560125] nvdla_blob 0000a360: 00 00 00 00 00 00 00 00 00 00 00 00 00 00 00 00
[  933.560506] nvdla_blob 0000a370: 00 00 00 00 00 00 00 00 00 00 00 00 00 00 00 00
[  933.562451] nvdla_blob 0000a380: 00 00 00 00 00 00 00 00 00 00 00 00 00 00 00 00
[  933.562914] nvdla_blob 0000a390: 00 00 00 00 00 00 00 00 00 00 00 00 00 00 00 00
[  933.563326] nvdla_blob 0000a3a0: 00 00 00 00 00 00 00 00 00 00 00 00 00 00 00 00
[  933.563721] nvdla_blob 0000a3b0: 00 00 00 00 00 00 00 00 00 00 00 00 00 00 00 00
[  933.564066] nvdla_blob 0000a3c0: 00 00 00 00 00 00 00 00 00 00 00 00 00 00 00 00
[  933.564439] nvdla_blob 0000a3d0: 00 00 00 00 00 00 00 00 00 00 00 00 00 00 00 00
[  933.566262] nvdla_blob 0000a3e0: 00 00 00 00 00 00 00 00 00 00 00 00 00 00 00 00
[  933.566799] nvdla_blob 0000a3f0: 00 00 00 00 00 00 00 00 00 00 00 00 00 00 00 00
[  933.567227] nvdla_blob 0000a400: 00 00 00 00 00 00 00 00 00 00 00 00 00 00 00 00
[  933.567586] nvdla_blob 0000a410: 00 00 00 00 00 00 00 00 00 00 00 00 00 00 00 00
[  933.567926] nvdla_blob 0000a420: 00 00 00 00 00 00 00 00 00 00 00 00 00 00 00 00
[  933.568271] nvdla_blob 0000a430: 00 00 00 00 00 00 00 00 00 00 00 00 00 00 00 00
[  933.568663] nvdla_blob 0000a440: 00 00 00 00 00 00 00 00 00 00 00 00 00 00 00 00
[  933.570486] nvdla_blob 0000a450: 00 00 00 00 00 00 00 00 00 00 00 00 00 00 00 00
[  933.570943] nvdla_blob 0000a460: 00 00 00 00 00 00 00 00 00 00 00 00 00 00 00 00
[  933.571342] nvdla_blob 0000a470: 00 00 00 00 00 00 00 00 00 00 00 00 00 00 00 00
[  933.571728] nvdla_blob 0000a480: 00 00 00 00 00 00 00 00 00 00 00 00 00 00 00 00
[  933.572096] nvdla_blob 0000a490: 00 00 00 00 00 00 00 00 00 00 00 00 00 00 00 00
[  933.572455] nvdla_blob 0000a4a0: 00 00 00 00 00 00 00 00 00 00 00 00 00 00 00 00
[  933.574022] nvdla_blob 0000a4b0: 00 00 00 00 00 00 00 00 00 00 00 00 00 00 00 00
[  933.574422] nvdla_blob 0000a4c0: 00 00 00 00 00 00 00 00 00 00 00 00 00 00 00 00
[  933.574772] nvdla_blob 0000a4d0: 00 00 00 00 00 00 00 00 00 00 00 00 00 00 00 00
[  933.575113] nvdla_blob 0000a4e0: 00 00 00 00 00 00 00 00 00 00 00 00 00 00 00 00
[  933.575450] nvdla_blob 0000a4f0: 00 00 00 00 00 00 00 00 00 00 00 00 00 00 00 00
[  933.575853] nvdla_blob 0000a500: 00 00 00 00 00 00 00 00 00 00 00 00 00 00 00 00
[  933.578934] nvdla_blob 0000a510: 00 00 00 00 00 00 00 00 00 00 00 00 00 00 00 00
[  933.579493] nvdla_blob 0000a520: 00 00 00 00 00 00 00 00 00 00 00 00 00 00 00 00
[  933.579940] nvdla_blob 0000a530: 00 00 00 00 00 00 00 00 00 00 00 00 00 00 00 00
[  933.580293] nvdla_blob 0000a540: 00 00 00 00 00 00 00 00 00 00 00 00 00 00 00 00
[  933.581686] nvdla_blob 0000a550: 00 00 00 00 00 00 00 00 00 00 00 00 00 00 00 00
[  933.583233] nvdla_blob 0000a560: 00 00 00 00 00 00 00 00 00 00 00 00 00 00 00 00
[  933.583860] nvdla_blob 0000a570: 00 00 00 00 00 00 00 00 00 00 00 00 00 00 00 00
[  933.584335] nvdla_blob 0000a580: 00 00 00 00 00 00 00 00 00 00 00 00 00 00 00 00
[  933.584794] nvdla_blob 0000a590: 00 00 00 00 00 00 00 00 00 00 00 00 00 00 00 00
[  933.586488] nvdla_blob 0000a5a0: 00 00 00 00 00 00 00 00 00 00 00 00 00 00 00 00
[  933.586913] nvdla_blob 0000a5b0: 00 00 00 00 00 00 00 00 00 00 00 00 00 00 00 00
[  933.587298] nvdla_blob 0000a5c0: 00 00 00 00 00 00 00 00 00 00 00 00 00 00 00 00
[  933.587700] nvdla_blob 0000a5d0: 00 00 00 00 00 00 00 00 00 00 00 00 00 00 00 00
[  933.588092] nvdla_blob 0000a5e0: 00 00 00 00 00 00 00 00 00 00 00 00 00 00 00 00
[  933.588500] nvdla_blob 0000a5f0: 00 00 00 00 00 00 00 00 00 00 00 00 00 00 00 00
[  933.590247] nvdla_blob 0000a600: 00 00 00 00 00 00 00 00 00 00 00 00 00 00 00 00
[  933.590652] nvdla_blob 0000a610: 00 00 00 00 00 00 00 00 00 00 00 00 00 00 00 00
[  933.591037] nvdla_blob 0000a620: 00 00 00 00 00 00 00 00 00 00 00 00 00 00 00 00
[  933.591424] nvdla_blob 0000a630: 00 00 00 00 00 00 00 00 00 00 00 00 00 00 00 00
[  933.592015] nvdla_blob 0000a640: 00 00 00 00 00 00 00 00 00 00 00 00 00 00 00 00
[  933.592458] nvdla_blob 0000a650: 00 00 00 00 00 00 00 00 00 00 00 00 00 00 00 00
[  933.594103] nvdla_blob 0000a660: 00 00 00 00 00 00 00 00 00 00 00 00 00 00 00 00
[  933.594533] nvdla_blob 0000a670: 00 00 00 00 00 00 00 00 00 00 00 00 00 00 00 00
[  933.594954] nvdla_blob 0000a680: 00 00 00 00 00 00 00 00 00 00 00 00 00 00 00 00
[  933.595348] nvdla_blob 0000a690: 00 00 00 00 00 00 00 00 00 00 00 00 00 00 00 00
[  933.595764] nvdla_blob 0000a6a0: 00 00 00 00 00 00 00 00 00 00 00 00 00 00 00 00
[  933.596158] nvdla_blob 0000a6b0: 00 00 00 00 00 00 00 00 00 00 00 00 00 00 00 00
[  933.596592] nvdla_blob 0000a6c0: 00 00 00 00 00 00 00 00 00 00 00 00 00 00 00 00
[  933.598221] nvdla_blob 0000a6d0: 00 00 00 00 00 00 00 00 00 00 00 00 00 00 00 00
[  933.598680] nvdla_blob 0000a6e0: 00 00 00 00 00 00 00 00 00 00 00 00 00 00 00 00
[  933.599282] nvdla_blob 0000a6f0: 00 00 00 00 00 00 00 00 00 00 00 00 00 00 00 00
[  933.599832] nvdla_blob 0000a700: 00 00 00 00 00 00 00 00 00 00 00 00 00 00 00 00
[  933.600314] nvdla_blob 0000a710: 00 00 00 00 00 00 00 00 00 00 00 00 00 00 00 00
[  933.600751] nvdla_blob 0000a720: 00 00 00 00 00 00 00 00 00 00 00 00 00 00 00 00
[  933.601177] nvdla_blob 0000a730: 00 00 00 00 00 00 00 00 00 00 00 00 00 00 00 00
[  933.603072] nvdla_blob 0000a740: 00 00 00 00 00 00 00 00 00 00 00 00 00 00 00 00
[  933.603483] nvdla_blob 0000a750: 00 00 00 00 00 00 00 00 00 00 00 00 00 00 00 00
[  933.603885] nvdla_blob 0000a760: 00 00 00 00 00 00 00 00 00 00 00 00 00 00 00 00
[  933.604277] nvdla_blob 0000a770: 00 00 00 00 00 00 00 00 00 00 00 00 00 00 00 00
[  933.604706] nvdla_blob 0000a780: 00 00 00 00 00 00 00 00 00 00 00 00 00 00 00 00
[  933.606217] nvdla_blob 0000a790: 00 00 00 00 00 00 00 00 00 00 00 00 00 00 00 00
[  933.606617] nvdla_blob 0000a7a0: 00 00 00 00 00 00 00 00 00 00 00 00 00 00 00 00
[  933.607002] nvdla_blob 0000a7b0: 00 00 00 00 00 00 00 00 00 00 00 00 00 00 00 00
[  933.607386] nvdla_blob 0000a7c0: 00 00 00 00 00 00 00 00 00 00 00 00 00 00 00 00
[  933.607709] nvdla_blob 0000a7d0: 00 00 00 00 00 00 00 00 00 00 00 00 00 00 00 00
[  933.608081] nvdla_blob 0000a7e0: 00 00 00 00 00 00 00 00 00 00 00 00 00 00 00 00
[  933.608551] nvdla_blob 0000a7f0: 00 00 00 00 00 00 00 00 00 00 00 00 00 00 00 00
[  933.610760] nvdla_blob 0000a800: 00 00 00 00 00 00 00 00 00 00 00 00 00 00 00 00
[  933.611196] nvdla_blob 0000a810: 00 00 00 00 00 00 00 00 00 00 00 00 00 00 00 00
[  933.611634] nvdla_blob 0000a820: 00 00 00 00 00 00 00 00 00 00 00 00 00 00 00 00
[  933.611982] nvdla_blob 0000a830: 00 00 00 00 00 00 00 00 00 00 00 00 00 00 00 00
[  933.612326] nvdla_blob 0000a840: 00 00 00 00 00 00 00 00 00 00 00 00 00 00 00 00
[  933.613724] nvdla_blob 0000a850: 00 00 00 00 00 00 00 00 00 00 00 00 00 00 00 00
[  933.614115] nvdla_blob 0000a860: 00 00 00 00 00 00 00 00 00 00 00 00 00 00 00 00
[  933.614457] nvdla_blob 0000a870: 00 00 00 00 00 00 00 00 00 00 00 00 00 00 00 00
[  933.614821] nvdla_blob 0000a880: 00 00 00 00 00 00 00 00 00 00 00 00 00 00 00 00
[  933.615162] nvdla_blob 0000a890: 00 00 00 00 00 00 00 00 00 00 00 00 00 00 00 00
[  933.615501] nvdla_blob 0000a8a0: 00 00 00 00 00 00 00 00 00 00 00 00 00 00 00 00
[  933.615853] nvdla_blob 0000a8b0: 00 00 00 00 00 00 00 00 00 00 00 00 00 00 00 00
[  933.616191] nvdla_blob 0000a8c0: 00 00 00 00 00 00 00 00 00 00 00 00 00 00 00 00
[  933.616555] nvdla_blob 0000a8d0: 00 00 00 00 00 00 00 00 00 00 00 00 00 00 00 00
[  933.618136] nvdla_blob 0000a8e0: 00 00 00 00 00 00 00 00 00 00 00 00 00 00 00 00
[  933.618496] nvdla_blob 0000a8f0: 00 00 00 00 00 00 00 00 00 00 00 00 00 00 00 00
[  933.618856] nvdla_blob 0000a900: 00 00 00 00 00 00 00 00 00 00 00 00 00 00 00 00
[  933.619198] nvdla_blob 0000a910: 00 00 00 00 00 00 00 00 00 00 00 00 00 00 00 00
[  933.619539] nvdla_blob 0000a920: 00 00 00 00 00 00 00 00 00 00 00 00 00 00 00 00
[  933.620070] nvdla_blob 0000a930: 00 00 00 00 00 00 00 00 00 00 00 00 00 00 00 00
[  933.620498] nvdla_blob 0000a940: 00 00 00 00 00 00 00 00 00 00 00 00 00 00 00 00
[  933.622122] nvdla_blob 0000a950: 00 00 00 00 00 00 00 00 00 00 00 00 00 00 00 00
[  933.622484] nvdla_blob 0000a960: 00 00 00 00 00 00 00 00 00 00 00 00 00 00 00 00
[  933.622841] nvdla_blob 0000a970: 00 00 00 00 00 00 00 00 00 00 00 00 00 00 00 00
[  933.623180] nvdla_blob 0000a980: 00 00 00 00 00 00 00 00 00 00 00 00 00 00 00 00
[  933.623520] nvdla_blob 0000a990: 00 00 00 00 00 00 00 00 00 00 00 00 00 00 00 00
[  933.623870] nvdla_blob 0000a9a0: 00 00 00 00 00 00 00 00 00 00 00 00 00 00 00 00
[  933.624209] nvdla_blob 0000a9b0: 00 00 00 00 00 00 00 00 00 00 00 00 00 00 00 00
[  933.624590] nvdla_blob 0000a9c0: 00 00 00 00 00 00 00 00 00 00 00 00 00 00 00 00
[  933.626311] nvdla_blob 0000a9d0: 00 00 00 00 00 00 00 00 00 00 00 00 00 00 00 00
[  933.626663] nvdla_blob 0000a9e0: 00 00 00 00 00 00 00 00 00 00 00 00 00 00 00 00
[  933.627010] nvdla_blob 0000a9f0: 00 00 00 00 00 00 00 00 00 00 00 00 00 00 00 00
[  933.627350] nvdla_blob 0000aa00: 00 00 00 00 00 00 00 00 00 00 00 00 00 00 00 00
[  933.627708] nvdla_blob 0000aa10: 00 00 00 00 00 00 00 00 00 00 00 00 00 00 00 00
[  933.628056] nvdla_blob 0000aa20: 00 00 00 00 00 00 00 00 00 00 00 00 00 00 00 00
[  933.628400] nvdla_blob 0000aa30: 00 00 00 00 00 00 00 00 00 00 00 00 00 00 00 00
[  933.630366] nvdla_blob 0000aa40: 00 00 00 00 00 00 00 00 00 00 00 00 00 00 00 00
[  933.630822] nvdla_blob 0000aa50: 00 00 00 00 00 00 00 00 00 00 00 00 00 00 00 00
[  933.631174] nvdla_blob 0000aa60: 00 00 00 00 00 00 00 00 00 00 00 00 00 00 00 00
[  933.631515] nvdla_blob 0000aa70: 00 00 00 00 00 00 00 00 00 00 00 00 00 00 00 00
[  933.631868] nvdla_blob 0000aa80: 00 00 00 00 00 00 00 00 00 00 00 00 00 00 00 00
[  933.632208] nvdla_blob 0000aa90: 00 00 00 00 00 00 00 00 00 00 00 00 00 00 00 00
[  933.632581] nvdla_blob 0000aaa0: 00 00 00 00 00 00 00 00 00 00 00 00 00 00 00 00
[  933.634156] nvdla_blob 0000aab0: 00 00 00 00 00 00 00 00 00 00 00 00 00 00 00 00
[  933.634503] nvdla_blob 0000aac0: 00 00 00 00 00 00 00 00 00 00 00 00 00 00 00 00
[  933.634850] nvdla_blob 0000aad0: 00 00 00 00 00 00 00 00 00 00 00 00 00 00 00 00
[  933.635189] nvdla_blob 0000aae0: 00 00 00 00 00 00 00 00 00 00 00 00 00 00 00 00
[  933.635531] nvdla_blob 0000aaf0: 00 00 00 00 00 00 00 00 00 00 00 00 00 00 00 00
[  933.635880] nvdla_blob 0000ab00: 00 00 00 00 00 00 00 00 00 00 00 00 00 00 00 00
[  933.636276] nvdla_blob 0000ab10: 00 00 00 00 00 00 00 00 00 00 00 00 00 00 00 00
[  933.636694] nvdla_blob 0000ab20: 00 00 00 00 00 00 00 00 00 00 00 00 00 00 00 00
[  933.638494] nvdla_blob 0000ab30: 00 00 00 00 00 00 00 00 00 00 00 00 00 00 00 00
[  933.638879] nvdla_blob 0000ab40: 00 00 00 00 00 00 00 00 00 00 00 00 00 00 00 00
[  933.639224] nvdla_blob 0000ab50: 00 00 00 00 00 00 00 00 00 00 00 00 00 00 00 00
[  933.639582] nvdla_blob 0000ab60: 00 00 00 00 00 00 00 00 00 00 00 00 00 00 00 00
[  933.639928] nvdla_blob 0000ab70: 00 00 00 00 00 00 00 00 00 00 00 00 00 00 00 00
[  933.640269] nvdla_blob 0000ab80: 00 00 00 00 00 00 00 00 00 00 00 00 00 00 00 00
[  933.640660] nvdla_blob 0000ab90: 00 00 00 00 00 00 00 00 00 00 00 00 00 00 00 00
[  933.642235] nvdla_blob 0000aba0: 00 00 00 00 00 00 00 00 00 00 00 00 00 00 00 00
[  933.642590] nvdla_blob 0000abb0: 00 00 00 00 00 00 00 00 00 00 00 00 00 00 00 00
[  933.642931] nvdla_blob 0000abc0: 00 00 00 00 00 00 00 00 00 00 00 00 00 00 00 00
[  933.643270] nvdla_blob 0000abd0: 00 00 00 00 00 00 00 00 00 00 00 00 00 00 00 00
[  933.643620] nvdla_blob 0000abe0: 00 00 00 00 00 00 00 00 00 00 00 00 00 00 00 00
[  933.643973] nvdla_blob 0000abf0: 00 00 00 00 00 00 00 00 00 00 00 00 00 00 00 00
[  933.644354] nvdla_blob 0000ac00: 00 00 00 00 00 00 00 00 00 00 00 00 00 00 00 00
[  933.645017] nvdla_blob 0000ac10: 00 00 00 00 00 00 00 00 00 00 00 00 00 00 00 00
[  933.645417] nvdla_blob 0000ac20: 00 00 00 00 00 00 00 00 00 00 00 00 00 00 00 00
[  933.647365] nvdla_blob 0000ac30: 00 00 00 00 00 00 00 00 00 00 00 00 00 00 00 00
[  933.647818] nvdla_blob 0000ac40: 00 00 00 00 00 00 00 00 00 00 00 00 00 00 00 00
[  933.648170] nvdla_blob 0000ac50: 00 00 00 00 00 00 00 00 00 00 00 00 00 00 00 00
[  933.648567] nvdla_blob 0000ac60: 00 00 00 00 00 00 00 00 00 00 00 00 00 00 00 00
[  933.650166] nvdla_blob 0000ac70: 00 00 00 00 00 00 00 00 00 00 00 00 00 00 00 00
[  933.650513] nvdla_blob 0000ac80: 00 00 00 00 00 00 00 00 00 00 00 00 00 00 00 00
[  933.650864] nvdla_blob 0000ac90: 00 00 00 00 00 00 00 00 00 00 00 00 00 00 00 00
[  933.651205] nvdla_blob 0000aca0: 00 00 00 00 00 00 00 00 00 00 00 00 00 00 00 00
[  933.651546] nvdla_blob 0000acb0: 00 00 00 00 00 00 00 00 00 00 00 00 00 00 00 00
[  933.651897] nvdla_blob 0000acc0: 00 00 00 00 00 00 00 00 00 00 00 00 00 00 00 00
[  933.652240] nvdla_blob 0000acd0: 00 00 00 00 00 00 00 00 00 00 00 00 00 00 00 00
[  933.652607] nvdla_blob 0000ace0: 00 00 00 00 00 00 00 00 00 00 00 00 00 00 00 00
[  933.654189] nvdla_blob 0000acf0: 00 00 00 00 00 00 00 00 00 00 00 00 00 00 00 00
[  933.654537] nvdla_blob 0000ad00: 00 00 00 00 00 00 00 00 00 00 00 00 00 00 00 00
[  933.654889] nvdla_blob 0000ad10: 00 00 00 00 00 00 00 00 00 00 00 00 00 00 00 00
[  933.655234] nvdla_blob 0000ad20: 00 00 00 00 00 00 00 00 00 00 00 00 00 00 00 00
[  933.655587] nvdla_blob 0000ad30: 00 00 00 00 00 00 00 00 00 00 00 00 00 00 00 00
[  933.655933] nvdla_blob 0000ad40: 00 00 00 00 00 00 00 00 00 00 00 00 00 00 00 00
[  933.656273] nvdla_blob 0000ad50: 00 00 00 00 00 00 00 00 00 00 00 00 00 00 00 00
[  933.656634] nvdla_blob 0000ad60: 00 00 00 00 00 00 00 00 00 00 00 00 00 00 00 00
[  933.658165] nvdla_blob 0000ad70: 00 00 00 00 00 00 00 00 00 00 00 00 00 00 00 00
[  933.658528] nvdla_blob 0000ad80: 00 00 00 00 00 00 00 00 00 00 00 00 00 00 00 00
[  933.658964] nvdla_blob 0000ad90: 00 00 00 00 00 00 00 00 00 00 00 00 00 00 00 00
[  933.659326] nvdla_blob 0000ada0: 00 00 00 00 00 00 00 00 00 00 00 00 00 00 00 00
[  933.659684] nvdla_blob 0000adb0: 00 00 00 00 00 00 00 00 00 00 00 00 00 00 00 00
[  933.660031] nvdla_blob 0000adc0: 00 00 00 00 00 00 00 00 00 00 00 00 00 00 00 00
[  933.660375] nvdla_blob 0000add0: 00 00 00 00 00 00 00 00 00 00 00 00 00 00 00 00
[  933.662081] nvdla_blob 0000ade0: 00 00 00 00 00 00 00 00 00 00 00 00 00 00 00 00
[  933.662468] nvdla_blob 0000adf0: 00 00 00 00 00 00 00 00 00 00 00 00 00 00 00 00
[  933.662827] nvdla_blob 0000ae00: 00 00 00 00 00 00 00 00 00 00 00 00 00 00 00 00
[  933.663168] nvdla_blob 0000ae10: 00 00 00 00 00 00 00 00 00 00 00 00 00 00 00 00
[  933.663507] nvdla_blob 0000ae20: 00 00 00 00 00 00 00 00 00 00 00 00 00 00 00 00
[  933.663875] nvdla_blob 0000ae30: 00 00 00 00 00 00 00 00 00 00 00 00 00 00 00 00
[  933.664475] nvdla_blob 0000ae40: 00 00 00 00 00 00 00 00 00 00 00 00 00 00 00 00
[  933.666046] nvdla_blob 0000ae50: 00 00 00 00 00 00 00 00 00 00 00 00 00 00 00 00
[  933.666399] nvdla_blob 0000ae60: 00 00 00 00 00 00 00 00 00 00 00 00 00 00 00 00
[  933.666859] nvdla_blob 0000ae70: 00 00 00 00 00 00 00 00 00 00 00 00 00 00 00 00
[  933.667218] nvdla_blob 0000ae80: 00 00 00 00 00 00 00 00 00 00 00 00 00 00 00 00
[  933.668576] nvdla_blob 0000ae90: 00 00 00 00 00 00 00 00 00 00 00 00 00 00 00 00
[  933.670312] nvdla_blob 0000aea0: 00 00 00 00 00 00 00 00 00 00 00 00 00 00 00 00
[  933.670677] nvdla_blob 0000aeb0: 00 00 00 00 00 00 00 00 00 00 00 00 00 00 00 00
[  933.671024] nvdla_blob 0000aec0: 00 00 00 00 00 00 00 00 00 00 00 00 00 00 00 00
[  933.671365] nvdla_blob 0000aed0: 00 00 00 00 00 00 00 00 00 00 00 00 00 00 00 00
[  933.671717] nvdla_blob 0000aee0: 00 00 00 00 00 00 00 00 00 00 00 00 00 00 00 00
[  933.672064] nvdla_blob 0000aef0: 00 00 00 00 00 00 00 00 00 00 00 00 00 00 00 00
[  933.672467] nvdla_blob 0000af00: 00 00 00 00 00 00 00 00 00 00 00 00 00 00 00 00
[  933.674760] nvdla_blob 0000af10: 00 00 00 00 00 00 00 00 00 00 00 00 00 00 00 00
[  933.675116] nvdla_blob 0000af20: 00 00 00 00 00 00 00 00 00 00 00 00 00 00 00 00
[  933.675458] nvdla_blob 0000af30: 00 00 00 00 00 00 00 00 00 00 00 00 00 00 00 00
[  933.675809] nvdla_blob 0000af40: 00 00 00 00 00 00 00 00 00 00 00 00 00 00 00 00
[  933.676148] nvdla_blob 0000af50: 00 00 00 00 00 00 00 00 00 00 00 00 00 00 00 00
[  933.676499] nvdla_blob 0000af60: 00 00 00 00 00 00 00 00 00 00 00 00 00 00 00 00
[  933.677996] nvdla_blob 0000af70: 00 00 00 00 00 00 00 00 00 00 00 00 00 00 00 00
[  933.678346] nvdla_blob 0000af80: 00 00 00 00 00 00 00 00 00 00 00 00 00 00 00 00
[  933.678958] nvdla_blob 0000af90: 00 00 00 00 00 00 00 00 00 00 00 00 00 00 00 00
[  933.679332] nvdla_blob 0000afa0: 00 00 00 00 00 00 00 00 00 00 00 00 00 00 00 00
[  933.679684] nvdla_blob 0000afb0: 00 00 00 00 00 00 00 00 00 00 00 00 00 00 00 00
[  933.680032] nvdla_blob 0000afc0: 00 00 00 00 00 00 00 00 00 00 00 00 00 00 00 00
[  933.680434] nvdla_blob 0000afd0: 00 00 00 00 00 00 00 00 00 00 00 00 00 00 00 00
[  933.682257] nvdla_blob 0000afe0: 00 00 00 00 00 00 00 00 00 00 00 00 00 00 00 00
[  933.682632] nvdla_blob 0000aff0: 00 00 00 00 00 00 00 00 00 00 00 00 00 00 00 00
[  933.683096] nvdla_blob 0000b000: 00 00 00 00 00 00 00 00 00 00 00 00 00 00 00 00
[  933.683464] nvdla_blob 0000b010: 00 00 00 00 00 00 00 00 00 00 00 00 00 00 00 00
[  933.684035] nvdla_blob 0000b020: 00 00 00 00 00 00 00 00 00 00 00 00 00 00 00 00
[  933.685741] nvdla_blob 0000b030: 00 00 00 00 00 00 00 00 00 00 00 00 00 00 00 00
[  933.686258] nvdla_blob 0000b040: 00 00 00 00 00 00 00 00 00 00 00 00 00 00 00 00
[  933.686699] nvdla_blob 0000b050: 00 00 00 00 00 00 00 00 00 00 00 00 00 00 00 00
[  933.687045] nvdla_blob 0000b060: 00 00 00 00 00 00 00 00 00 00 00 00 00 00 00 00
[  933.687389] nvdla_blob 0000b070: 00 00 00 00 00 00 00 00 00 00 00 00 00 00 00 00
[  933.687743] nvdla_blob 0000b080: 00 00 00 00 00 00 00 00 00 00 00 00 00 00 00 00
[  933.688088] nvdla_blob 0000b090: 00 00 00 00 00 00 00 00 00 00 00 00 00 00 00 00
[  933.688462] nvdla_blob 0000b0a0: 00 00 00 00 00 00 00 00 00 00 00 00 00 00 00 00
[  933.690242] nvdla_blob 0000b0b0: 00 00 00 00 00 00 00 00 00 00 00 00 00 00 00 00
[  933.690791] nvdla_blob 0000b0c0: 00 00 00 00 00 00 00 00 00 00 00 00 00 00 00 00
[  933.691149] nvdla_blob 0000b0d0: 00 00 00 00 00 00 00 00 00 00 00 00 00 00 00 00
[  933.691495] nvdla_blob 0000b0e0: 00 00 00 00 00 00 00 00 00 00 00 00 00 00 00 00
[  933.691849] nvdla_blob 0000b0f0: 00 00 00 00 00 00 00 00 00 00 00 00 00 00 00 00
[  933.692191] nvdla_blob 0000b100: 00 00 00 00 00 00 00 00 00 00 00 00 00 00 00 00
[  933.692570] nvdla_blob 0000b110: 00 00 00 00 00 00 00 00 00 00 00 00 00 00 00 00
[  933.694177] nvdla_blob 0000b120: 00 00 00 00 00 00 00 00 00 00 00 00 00 00 00 00
[  933.694542] nvdla_blob 0000b130: 00 00 00 00 00 00 00 00 00 00 00 00 00 00 00 00
[  933.694981] nvdla_blob 0000b140: 00 00 00 00 00 00 00 00 00 00 00 00 00 00 00 00
[  933.695334] nvdla_blob 0000b150: 00 00 00 00 00 00 00 00 00 00 00 00 00 00 00 00
[  933.695684] nvdla_blob 0000b160: 00 00 00 00 00 00 00 00 00 00 00 00 00 00 00 00
[  933.696140] nvdla_blob 0000b170: 00 00 00 00 00 00 00 00 00 00 00 00 00 00 00 00
[  933.696708] nvdla_blob 0000b180: 00 00 00 00 00 00 00 00 00 00 00 00 00 00 00 00
[  933.698606] nvdla_blob 0000b190: 00 00 00 00 00 00 00 00 00 00 00 00 00 00 00 00
[  933.698970] nvdla_blob 0000b1a0: 00 00 00 00 00 00 00 00 00 00 00 00 00 00 00 00
[  933.699312] nvdla_blob 0000b1b0: 00 00 00 00 00 00 00 00 00 00 00 00 00 00 00 00
[  933.699663] nvdla_blob 0000b1c0: 00 00 00 00 00 00 00 00 00 00 00 00 00 00 00 00
[  933.700007] nvdla_blob 0000b1d0: 00 00 00 00 00 00 00 00 00 00 00 00 00 00 00 00
[  933.700349] nvdla_blob 0000b1e0: 00 00 00 00 00 00 00 00 00 00 00 00 00 00 00 00
[  933.701972] nvdla_blob 0000b1f0: 00 00 00 00 00 00 00 00 00 00 00 00 00 00 00 00
[  933.702362] nvdla_blob 0000b200: 00 00 00 00 00 00 00 00 00 00 00 00 00 00 00 00
[  933.702716] nvdla_blob 0000b210: 00 00 00 00 00 00 00 00 00 00 00 00 00 00 00 00
[  933.703142] nvdla_blob 0000b220: 00 00 00 00 00 00 00 00 00 00 00 00 00 00 00 00
[  933.703586] nvdla_blob 0000b230: 00 00 00 00 00 00 00 00 00 00 00 00 00 00 00 00
[  933.703989] nvdla_blob 0000b240: 00 00 00 00 00 00 00 00 00 00 00 00 00 00 00 00
[  933.704337] nvdla_blob 0000b250: 00 00 00 00 00 00 00 00 00 00 00 00 00 00 00 00
[  933.704797] nvdla_blob 0000b260: 00 00 00 00 00 00 00 00 00 00 00 00 00 00 00 00
[  933.706735] nvdla_blob 0000b270: 00 00 00 00 00 00 00 00 00 00 00 00 00 00 00 00
[  933.707106] nvdla_blob 0000b280: 00 00 00 00 00 00 00 00 00 00 00 00 00 00 00 00
[  933.707472] nvdla_blob 0000b290: 00 00 00 00 00 00 00 00 00 00 00 00 00 00 00 00
[  933.707913] nvdla_blob 0000b2a0: 00 00 00 00 00 00 00 00 00 00 00 00 00 00 00 00
[  933.708372] nvdla_blob 0000b2b0: 00 00 00 00 00 00 00 00 00 00 00 00 00 00 00 00
[  933.710077] nvdla_blob 0000b2c0: 00 00 00 00 00 00 00 00 00 00 00 00 00 00 00 00
[  933.710502] nvdla_blob 0000b2d0: 00 00 00 00 00 00 00 00 00 00 00 00 00 00 00 00
[  933.710926] nvdla_blob 0000b2e0: 00 00 00 00 00 00 00 00 00 00 00 00 00 00 00 00
[  933.711371] nvdla_blob 0000b2f0: 00 00 00 00 00 00 00 00 00 00 00 00 00 00 00 00
[  933.711851] nvdla_blob 0000b300: 00 00 00 00 00 00 00 00 00 00 00 00 00 00 00 00
[  933.712211] nvdla_blob 0000b310: 00 00 00 00 00 00 00 00 00 00 00 00 00 00 00 00
[  933.712603] nvdla_blob 0000b320: 00 00 00 00 00 00 00 00 00 00 00 00 00 00 00 00
[  933.714415] nvdla_blob 0000b330: 00 00 00 00 00 00 00 00 00 00 00 00 00 00 00 00
[  933.714823] nvdla_blob 0000b340: 00 00 00 00 00 00 00 00 00 00 00 00 00 00 00 00
[  933.715172] nvdla_blob 0000b350: 00 00 00 00 00 00 00 00 00 00 00 00 00 00 00 00
[  933.715518] nvdla_blob 0000b360: 00 00 00 00 00 00 00 00 00 00 00 00 00 00 00 00
[  933.715879] nvdla_blob 0000b370: 00 00 00 00 00 00 00 00 00 00 00 00 00 00 00 00
[  933.716224] nvdla_blob 0000b380: 00 00 00 00 00 00 00 00 00 00 00 00 00 00 00 00
[  933.716597] nvdla_blob 0000b390: 00 00 00 00 00 00 00 00 00 00 00 00 00 00 00 00
[  933.718154] nvdla_blob 0000b3a0: 00 00 00 00 00 00 00 00 00 00 00 00 00 00 00 00
[  933.718504] nvdla_blob 0000b3b0: 00 00 00 00 00 00 00 00 00 00 00 00 00 00 00 00
[  933.718875] nvdla_blob 0000b3c0: 00 00 00 00 00 00 00 00 00 00 00 00 00 00 00 00
[  933.719302] nvdla_blob 0000b3d0: 00 00 00 00 00 00 00 00 00 00 00 00 00 00 00 00
[  933.719740] nvdla_blob 0000b3e0: 00 00 00 00 00 00 00 00 00 00 00 00 00 00 00 00
[  933.720096] nvdla_blob 0000b3f0: 00 00 00 00 00 00 00 00 00 00 00 00 00 00 00 00
[  933.720441] nvdla_blob 0000b400: 00 00 00 00 00 00 00 00 00 00 00 00 00 00 00 00
[  933.723005] nvdla_blob 0000b410: 00 00 00 00 00 00 00 00 00 00 00 00 00 00 00 00
[  933.723470] nvdla_blob 0000b420: 00 00 00 00 00 00 00 00 00 00 00 00 00 00 00 00
[  933.723857] nvdla_blob 0000b430: 00 00 00 00 00 00 00 00 00 00 00 00 00 00 00 00
[  933.724212] nvdla_blob 0000b440: 00 00 00 00 00 00 00 00 00 00 00 00 00 00 00 00
[  933.724651] nvdla_blob 0000b450: 00 00 00 00 00 00 00 00 00 00 00 00 00 00 00 00
[  933.726293] nvdla_blob 0000b460: 00 00 00 00 00 00 00 00 00 00 00 00 00 00 00 00
[  933.726673] nvdla_blob 0000b470: 00 00 00 00 00 00 00 00 00 00 00 00 00 00 00 00
[  933.727024] nvdla_blob 0000b480: 00 00 00 00 00 00 00 00 00 00 00 00 00 00 00 00
[  933.727373] nvdla_blob 0000b490: 00 00 00 00 00 00 00 00 00 00 00 00 00 00 00 00
[  933.727786] nvdla_blob 0000b4a0: 00 00 00 00 00 00 00 00 00 00 00 00 00 00 00 00
[  933.728224] nvdla_blob 0000b4b0: 00 00 00 00 00 00 00 00 00 00 00 00 00 00 00 00
[  933.728684] nvdla_blob 0000b4c0: 00 00 00 00 00 00 00 00 00 00 00 00 00 00 00 00
[  933.730418] nvdla_blob 0000b4d0: 00 00 00 00 00 00 00 00 00 00 00 00 00 00 00 00
[  933.730774] nvdla_blob 0000b4e0: 00 00 00 00 00 00 00 00 00 00 00 00 00 00 00 00
[  933.731121] nvdla_blob 0000b4f0: 00 00 00 00 00 00 00 00 00 00 00 00 00 00 00 00
[  933.731467] nvdla_blob 0000b500: 00 00 00 00 00 00 00 00 00 00 00 00 00 00 00 00
[  933.731823] nvdla_blob 0000b510: 00 00 00 00 00 00 00 00 00 00 00 00 00 00 00 00
[  933.732171] nvdla_blob 0000b520: 00 00 00 00 00 00 00 00 00 00 00 00 00 00 00 00
[  933.732657] nvdla_blob 0000b530: 00 00 00 00 00 00 00 00 00 00 00 00 00 00 00 00
[  933.734439] nvdla_blob 0000b540: 00 00 00 00 00 00 00 00 00 00 00 00 00 00 00 00
[  933.734813] nvdla_blob 0000b550: 00 00 00 00 00 00 00 00 00 00 00 00 00 00 00 00
[  933.735212] nvdla_blob 0000b560: 00 00 00 00 00 00 00 00 00 00 00 00 00 00 00 00
[  933.735571] nvdla_blob 0000b570: 00 00 00 00 00 00 00 00 00 00 00 00 00 00 00 00
[  933.735912] nvdla_blob 0000b580: 00 00 00 00 00 00 00 00 00 00 00 00 00 00 00 00
[  933.736248] nvdla_blob 0000b590: 00 00 00 00 00 00 00 00 00 00 00 00 00 00 00 00
[  933.736614] nvdla_blob 0000b5a0: 00 00 00 00 00 00 00 00 00 00 00 00 00 00 00 00
[  933.738379] nvdla_blob 0000b5b0: 00 00 00 00 00 00 00 00 00 00 00 00 00 00 00 00
[  933.738744] nvdla_blob 0000b5c0: 00 00 00 00 00 00 00 00 00 00 00 00 00 00 00 00
[  933.739086] nvdla_blob 0000b5d0: 00 00 00 00 00 00 00 00 00 00 00 00 00 00 00 00
[  933.739429] nvdla_blob 0000b5e0: 00 00 00 00 00 00 00 00 00 00 00 00 00 00 00 00
[  933.739780] nvdla_blob 0000b5f0: 00 00 00 00 00 00 00 00 00 00 00 00 00 00 00 00
[  933.740129] nvdla_blob 0000b600: 00 00 00 00 00 00 00 00 00 00 00 00 00 00 00 00
[  933.740507] nvdla_blob 0000b610: 00 00 00 00 00 00 00 00 00 00 00 00 00 00 00 00
[  933.742148] nvdla_blob 0000b620: 00 00 00 00 00 00 00 00 00 00 00 00 00 00 00 00
[  933.742490] nvdla_blob 0000b630: 00 00 00 00 00 00 00 00 00 00 00 00 00 00 00 00
[  933.742850] nvdla_blob 0000b640: 00 00 00 00 00 00 00 00 00 00 00 00 00 00 00 00
[  933.743277] nvdla_blob 0000b650: 00 00 00 00 00 00 00 00 00 00 00 00 00 00 00 00
[  933.743709] nvdla_blob 0000b660: 00 00 00 00 00 00 00 00 00 00 00 00 00 00 00 00
[  933.744071] nvdla_blob 0000b670: 00 00 00 00 00 00 00 00 00 00 00 00 00 00 00 00
[  933.744431] nvdla_blob 0000b680: 00 00 00 00 00 00 00 00 00 00 00 00 00 00 00 00
[  933.746084] nvdla_blob 0000b690: 00 00 00 00 00 00 00 00 00 00 00 00 00 00 00 00
[  933.746539] nvdla_blob 0000b6a0: 00 00 00 00 00 00 00 00 00 00 00 00 00 00 00 00
[  933.746961] nvdla_blob 0000b6b0: 00 00 00 00 00 00 00 00 00 00 00 00 00 00 00 00
[  933.747301] nvdla_blob 0000b6c0: 00 00 00 00 00 00 00 00 00 00 00 00 00 00 00 00
[  933.747652] nvdla_blob 0000b6d0: 00 00 00 00 00 00 00 00 00 00 00 00 00 00 00 00
[  933.747994] nvdla_blob 0000b6e0: 00 00 00 00 00 00 00 00 00 00 00 00 00 00 00 00
[  933.748334] nvdla_blob 0000b6f0: 00 00 00 00 00 00 00 00 00 00 00 00 00 00 00 00
[  933.749931] nvdla_blob 0000b700: 00 00 00 00 00 00 00 00 00 00 00 00 00 00 00 00
[  933.750367] nvdla_blob 0000b710: 00 00 00 00 00 00 00 00 00 00 00 00 00 00 00 00
[  933.750726] nvdla_blob 0000b720: 00 00 00 00 00 00 00 00 00 00 00 00 00 00 00 00
[  933.751416] nvdla_blob 0000b730: 00 00 00 00 00 00 00 00 00 00 00 00 00 00 00 00
[  933.752484] nvdla_blob 0000b740: 00 00 00 00 00 00 00 00 00 00 00 00 00 00 00 00
[  933.754142] nvdla_blob 0000b750: 00 00 00 00 00 00 00 00 00 00 00 00 00 00 00 00
[  933.754513] nvdla_blob 0000b760: 00 00 00 00 00 00 00 00 00 00 00 00 00 00 00 00
[  933.754866] nvdla_blob 0000b770: 00 00 00 00 00 00 00 00 00 00 00 00 00 00 00 00
[  933.755215] nvdla_blob 0000b780: 00 00 00 00 00 00 00 00 00 00 00 00 00 00 00 00
[  933.755570] nvdla_blob 0000b790: 00 00 00 00 00 00 00 00 00 00 00 00 00 00 00 00
[  933.755915] nvdla_blob 0000b7a0: 00 00 00 00 00 00 00 00 00 00 00 00 00 00 00 00
[  933.756257] nvdla_blob 0000b7b0: 00 00 00 00 00 00 00 00 00 00 00 00 00 00 00 00
[  933.756645] nvdla_blob 0000b7c0: 00 00 00 00 00 00 00 00 00 00 00 00 00 00 00 00
[  933.758457] nvdla_blob 0000b7d0: 00 00 00 00 00 00 00 00 00 00 00 00 00 00 00 00
[  933.758899] nvdla_blob 0000b7e0: 00 00 00 00 00 00 00 00 00 00 00 00 00 00 00 00
[  933.759242] nvdla_blob 0000b7f0: 00 00 00 00 00 00 00 00 00 00 00 00 00 00 00 00
[  933.759588] nvdla_blob 0000b800: 00 00 00 00 00 00 00 00 00 00 00 00 00 00 00 00
[  933.759931] nvdla_blob 0000b810: 00 00 00 00 00 00 00 00 00 00 00 00 00 00 00 00
[  933.760275] nvdla_blob 0000b820: 00 00 00 00 00 00 00 00 00 00 00 00 00 00 00 00
[  933.760786] nvdla_blob 0000b830: 00 00 00 00 00 00 00 00 00 00 00 00 00 00 00 00
[  933.762820] nvdla_blob 0000b840: 00 00 00 00 00 00 00 00 00 00 00 00 00 00 00 00
[  933.763250] nvdla_blob 0000b850: 00 00 00 00 00 00 00 00 00 00 00 00 00 00 00 00
[  933.763683] nvdla_blob 0000b860: 00 00 00 00 00 00 00 00 00 00 00 00 00 00 00 00
[  933.764060] nvdla_blob 0000b870: 00 00 00 00 00 00 00 00 00 00 00 00 00 00 00 00
[  933.764399] nvdla_blob 0000b880: 00 00 00 00 00 00 00 00 00 00 00 00 00 00 00 00
[  933.765696] nvdla_blob 0000b890: 00 00 00 00 00 00 00 00 00 00 00 00 00 00 00 00
[  933.766075] nvdla_blob 0000b8a0: 00 00 00 00 00 00 00 00 00 00 00 00 00 00 00 00
[  933.766417] nvdla_blob 0000b8b0: 00 00 00 00 00 00 00 00 00 00 00 00 00 00 00 00
[  933.766768] nvdla_blob 0000b8c0: 00 00 00 00 00 00 00 00 00 00 00 00 00 00 00 00
[  933.767310] nvdla_blob 0000b8d0: 00 00 00 00 00 00 00 00 00 00 00 00 00 00 00 00
[  933.767684] nvdla_blob 0000b8e0: 00 00 00 00 00 00 00 00 00 00 00 00 00 00 00 00
[  933.768119] nvdla_blob 0000b8f0: 00 00 00 00 00 00 00 00 00 00 00 00 00 00 00 00
[  933.768469] nvdla_blob 0000b900: 00 00 00 00 00 00 00 00 00 00 00 00 00 00 00 00
[  933.770238] nvdla_blob 0000b910: 00 00 00 00 00 00 00 00 00 00 00 00 00 00 00 00
[  933.770690] nvdla_blob 0000b920: 00 00 00 00 00 00 00 00 00 00 00 00 00 00 00 00
[  933.771087] nvdla_blob 0000b930: 00 00 00 00 00 00 00 00 00 00 00 00 00 00 00 00
[  933.771517] nvdla_blob 0000b940: 00 00 00 00 00 00 00 00 00 00 00 00 00 00 00 00
[  933.771946] nvdla_blob 0000b950: 00 00 00 00 00 00 00 00 00 00 00 00 00 00 00 00
[  933.772289] nvdla_blob 0000b960: 00 00 00 00 00 00 00 00 00 00 00 00 00 00 00 00
[  933.772700] nvdla_blob 0000b970: 00 00 00 00 00 00 00 00 00 00 00 00 00 00 00 00
[  933.774393] nvdla_blob 0000b980: 00 00 00 00 00 00 00 00 00 00 00 00 00 00 00 00
[  933.774752] nvdla_blob 0000b990: 00 00 00 00 00 00 00 00 00 00 00 00 00 00 00 00
[  933.775098] nvdla_blob 0000b9a0: 00 00 00 00 00 00 00 00 00 00 00 00 00 00 00 00
[  933.775439] nvdla_blob 0000b9b0: 00 00 00 00 00 00 00 00 00 00 00 00 00 00 00 00
[  933.775786] nvdla_blob 0000b9c0: 00 00 00 00 00 00 00 00 00 00 00 00 00 00 00 00
[  933.776128] nvdla_blob 0000b9d0: 00 00 00 00 00 00 00 00 00 00 00 00 00 00 00 00
[  933.776469] nvdla_blob 0000b9e0: 00 00 00 00 00 00 00 00 00 00 00 00 00 00 00 00
[  933.778044] nvdla_blob 0000b9f0: 00 00 00 00 00 00 00 00 00 00 00 00 00 00 00 00
[  933.778428] nvdla_blob 0000ba00: 00 00 00 00 00 00 00 00 00 00 00 00 00 00 00 00
[  933.778783] nvdla_blob 0000ba10: 00 00 00 00 00 00 00 00 00 00 00 00 00 00 00 00
[  933.779196] nvdla_blob 0000ba20: 00 00 00 00 00 00 00 00 00 00 00 00 00 00 00 00
[  933.779627] nvdla_blob 0000ba30: 00 00 00 00 00 00 00 00 00 00 00 00 00 00 00 00
[  933.780020] nvdla_blob 0000ba40: 00 00 00 00 00 00 00 00 00 00 00 00 00 00 00 00
[  933.780361] nvdla_blob 0000ba50: 00 00 00 00 00 00 00 00 00 00 00 00 00 00 00 00
[  933.781808] nvdla_blob 0000ba60: 00 00 00 00 00 00 00 00 00 00 00 00 00 00 00 00
[  933.782195] nvdla_blob 0000ba70: 00 00 00 00 00 00 00 00 00 00 00 00 00 00 00 00
[  933.782541] nvdla_blob 0000ba80: 00 00 00 00 00 00 00 00 00 00 00 00 00 00 00 00
[  933.782911] nvdla_blob 0000ba90: 00 00 00 00 00 00 00 00 00 00 00 00 00 00 00 00
[  933.783346] nvdla_blob 0000baa0: 00 00 00 00 00 00 00 00 00 00 00 00 00 00 00 00
[  933.783784] nvdla_blob 0000bab0: 00 00 00 00 00 00 00 00 00 00 00 00 00 00 00 00
[  933.784139] nvdla_blob 0000bac0: 00 00 00 00 00 00 00 00 00 00 00 00 00 00 00 00
[  933.784515] nvdla_blob 0000bad0: 00 00 00 00 00 00 00 00 00 00 00 00 00 00 00 00
[  933.786230] nvdla_blob 0000bae0: 00 00 00 00 00 00 00 00 00 00 00 00 00 00 00 00
[  933.786589] nvdla_blob 0000baf0: 00 00 00 00 00 00 00 00 00 00 00 00 00 00 00 00
[  933.786934] nvdla_blob 0000bb00: 00 00 00 00 00 00 00 00 00 00 00 00 00 00 00 00
[  933.787357] nvdla_blob 0000bb10: 00 00 00 00 00 00 00 00 00 00 00 00 00 00 00 00
[  933.787790] nvdla_blob 0000bb20: 00 00 00 00 00 00 00 00 00 00 00 00 00 00 00 00
[  933.788141] nvdla_blob 0000bb30: 00 00 00 00 00 00 00 00 00 00 00 00 00 00 00 00
[  933.788483] nvdla_blob 0000bb40: 00 00 00 00 00 00 00 00 00 00 00 00 00 00 00 00
[  933.790263] nvdla_blob 0000bb50: 00 00 00 00 00 00 00 00 00 00 00 00 00 00 00 00
[  933.791514] nvdla_blob 0000bb60: 00 00 00 00 00 00 00 00 00 00 00 00 00 00 00 00
[  933.791932] nvdla_blob 0000bb70: 00 00 00 00 00 00 00 00 00 00 00 00 00 00 00 00
[  933.792294] nvdla_blob 0000bb80: 00 00 00 00 00 00 00 00 00 00 00 00 00 00 00 00
[  933.792711] nvdla_blob 0000bb90: 00 00 00 00 00 00 00 00 00 00 00 00 00 00 00 00
[  933.794289] nvdla_blob 0000bba0: 00 00 00 00 00 00 00 00 00 00 00 00 00 00 00 00
[  933.794645] nvdla_blob 0000bbb0: 00 00 00 00 00 00 00 00 00 00 00 00 00 00 00 00
[  933.794985] nvdla_blob 0000bbc0: 00 00 00 00 00 00 00 00 00 00 00 00 00 00 00 00
[  933.795326] nvdla_blob 0000bbd0: 00 00 00 00 00 00 00 00 00 00 00 00 00 00 00 00
[  933.795674] nvdla_blob 0000bbe0: 00 00 00 00 00 00 00 00 00 00 00 00 00 00 00 00
[  933.796015] nvdla_blob 0000bbf0: 00 00 00 00 00 00 00 00 00 00 00 00 00 00 00 00
[  933.796354] nvdla_blob 0000bc00: 00 00 00 00 00 00 00 00 00 00 00 00 00 00 00 00
[  933.797927] nvdla_blob 0000bc10: 00 00 00 00 00 00 00 00 00 00 00 00 00 00 00 00
[  933.798317] nvdla_blob 0000bc20: 00 00 00 00 00 00 00 00 00 00 00 00 00 00 00 00
[  933.798676] nvdla_blob 0000bc30: 00 00 00 00 00 00 00 00 00 00 00 00 00 00 00 00
[  933.799040] nvdla_blob 0000bc40: 00 00 00 00 00 00 00 00 00 00 00 00 00 00 00 00
[  933.799470] nvdla_blob 0000bc50: 00 00 00 00 00 00 00 00 00 00 00 00 00 00 00 00
[  933.799907] nvdla_blob 0000bc60: 00 00 00 00 00 00 00 00 00 00 00 00 00 00 00 00
[  933.800249] nvdla_blob 0000bc70: 00 00 00 00 00 00 00 00 00 00 00 00 00 00 00 00
[  933.800616] nvdla_blob 0000bc80: 00 00 00 00 00 00 00 00 00 00 00 00 00 00 00 00
[  933.802189] nvdla_blob 0000bc90: 00 00 00 00 00 00 00 00 00 00 00 00 00 00 00 00
[  933.802536] nvdla_blob 0000bca0: 00 00 00 00 00 00 00 00 00 00 00 00 00 00 00 00
[  933.802886] nvdla_blob 0000bcb0: 00 00 00 00 00 00 00 00 00 00 00 00 00 00 00 00
[  933.803315] nvdla_blob 0000bcc0: 00 00 00 00 00 00 00 00 00 00 00 00 00 00 00 00
[  933.803754] nvdla_blob 0000bcd0: 00 00 00 00 00 00 00 00 00 00 00 00 00 00 00 00
[  933.804137] nvdla_blob 0000bce0: 00 00 00 00 00 00 00 00 00 00 00 00 00 00 00 00
[  933.804500] nvdla_blob 0000bcf0: 00 00 00 00 00 00 00 00 00 00 00 00 00 00 00 00
[  933.806116] nvdla_blob 0000bd00: 00 00 00 00 00 00 00 00 00 00 00 00 00 00 00 00
[  933.806624] nvdla_blob 0000bd10: 00 00 00 00 00 00 00 00 00 00 00 00 00 00 00 00
[  933.807034] nvdla_blob 0000bd20: 00 00 00 00 00 00 00 00 00 00 00 00 00 00 00 00
[  933.807393] nvdla_blob 0000bd30: 00 00 00 00 00 00 00 00 00 00 00 00 00 00 00 00
[  933.807757] nvdla_blob 0000bd40: 00 00 00 00 00 00 00 00 00 00 00 00 00 00 00 00
[  933.808105] nvdla_blob 0000bd50: 00 00 00 00 00 00 00 00 00 00 00 00 00 00 00 00
[  933.808484] nvdla_blob 0000bd60: 00 00 00 00 00 00 00 00 00 00 00 00 00 00 00 00
[  933.810238] nvdla_blob 0000bd70: 00 00 00 00 00 00 00 00 00 00 00 00 00 00 00 00
[  933.810592] nvdla_blob 0000bd80: 00 00 00 00 00 00 00 00 00 00 00 00 00 00 00 00
[  933.810934] nvdla_blob 0000bd90: 00 00 00 00 00 00 00 00 00 00 00 00 00 00 00 00
[  933.811357] nvdla_blob 0000bda0: 00 00 00 00 00 00 00 00 00 00 00 00 00 00 00 00
[  933.811791] nvdla_blob 0000bdb0: 00 00 00 00 00 00 00 00 00 00 00 00 00 00 00 00
[  933.812166] nvdla_blob 0000bdc0: 00 00 00 00 00 00 00 00 00 00 00 00 00 00 00 00
[  933.812524] nvdla_blob 0000bdd0: 00 00 00 00 00 00 00 00 00 00 00 00 00 00 00 00
[  933.814828] nvdla_blob 0000bde0: 00 00 00 00 00 00 00 00 00 00 00 00 00 00 00 00
[  933.815247] nvdla_blob 0000bdf0: 00 00 00 00 00 00 00 00 00 00 00 00 00 00 00 00
[  933.815686] nvdla_blob 0000be00: 00 00 00 00 00 00 00 00 00 00 00 00 00 00 00 00
[  933.816082] nvdla_blob 0000be10: 00 00 00 00 00 00 00 00 00 00 00 00 00 00 00 00
[  933.816441] nvdla_blob 0000be20: 00 00 00 00 00 00 00 00 00 00 00 00 00 00 00 00
[  933.817984] nvdla_blob 0000be30: 00 00 00 00 00 00 00 00 00 00 00 00 00 00 00 00
[  933.818335] nvdla_blob 0000be40: 00 00 00 00 00 00 00 00 00 00 00 00 00 00 00 00
[  933.818689] nvdla_blob 0000be50: 00 00 00 00 00 00 00 00 00 00 00 00 00 00 00 00
[  933.819033] nvdla_blob 0000be60: 00 00 00 00 00 00 00 00 00 00 00 00 00 00 00 00
[  933.819515] nvdla_blob 0000be70: 00 00 00 00 00 00 00 00 00 00 00 00 00 00 00 00
[  933.820117] nvdla_blob 0000be80: 00 00 00 00 00 00 00 00 00 00 00 00 00 00 00 00
[  933.820501] nvdla_blob 0000be90: 00 00 00 00 00 00 00 00 00 00 00 00 00 00 00 00
[  933.822263] nvdla_blob 0000bea0: 00 00 00 00 00 00 00 00 00 00 00 00 00 00 00 00
[  933.822624] nvdla_blob 0000beb0: 00 00 00 00 00 00 00 00 00 00 00 00 00 00 00 00
[  933.822963] nvdla_blob 0000bec0: 00 00 00 00 00 00 00 00 00 00 00 00 00 00 00 00
[  933.823392] nvdla_blob 0000bed0: 00 00 00 00 00 00 00 00 00 00 00 00 00 00 00 00
[  933.823827] nvdla_blob 0000bee0: 00 00 00 00 00 00 00 00 00 00 00 00 00 00 00 00
[  933.824200] nvdla_blob 0000bef0: 00 00 00 00 00 00 00 00 00 00 00 00 00 00 00 00
[  933.824550] nvdla_blob 0000bf00: 00 00 00 00 00 00 00 00 00 00 00 00 00 00 00 00
[  933.826140] nvdla_blob 0000bf10: 00 00 00 00 00 00 00 00 00 00 00 00 00 00 00 00
[  933.826488] nvdla_blob 0000bf20: 00 00 00 00 00 00 00 00 00 00 00 00 00 00 00 00
[  933.826841] nvdla_blob 0000bf30: 00 00 00 00 00 00 00 00 00 00 00 00 00 00 00 00
[  933.827184] nvdla_blob 0000bf40: 00 00 00 00 00 00 00 00 00 00 00 00 00 00 00 00
[  933.827524] nvdla_blob 0000bf50: 00 00 00 00 00 00 00 00 00 00 00 00 00 00 00 00
[  933.827875] nvdla_blob 0000bf60: 00 00 00 00 00 00 00 00 00 00 00 00 00 00 00 00
[  933.828218] nvdla_blob 0000bf70: 00 00 00 00 00 00 00 00 00 00 00 00 00 00 00 00
[  933.828576] nvdla_blob 0000bf80: 00 00 00 00 00 00 00 00 00 00 00 00 00 00 00 00
[  933.830065] nvdla_blob 0000bf90: 00 00 00 00 00 00 00 00 00 00 00 00 00 00 00 00
[  933.830411] nvdla_blob 0000bfa0: 00 00 00 00 00 00 00 00 00 00 00 00 00 00 00 00
[  933.830810] nvdla_blob 0000bfb0: 00 00 00 00 00 00 00 00 00 00 00 00 00 00 00 00
[  933.831391] nvdla_blob 0000bfc0: 00 00 00 00 00 00 00 00 00 00 00 00 00 00 00 00
[  933.831830] nvdla_blob 0000bfd0: 00 00 00 00 00 00 00 00 00 00 00 00 00 00 00 00
[  933.832195] nvdla_blob 0000bfe0: 00 00 00 00 00 00 00 00 00 00 00 00 00 00 00 00
[  933.832545] nvdla_blob 0000bff0: 00 00 00 00 00 00 00 00 00 00 00 00 00 00 00 00
[  933.834226] nvdla_blob 0000c000: 00 00 00 00 00 00 00 00 00 00 00 00 00 00 00 00
[  933.834644] nvdla_blob 0000c010: 00 00 00 00 00 00 00 00 00 00 00 00 00 00 00 00
[  933.835006] nvdla_blob 0000c020: 00 00 00 00 00 00 00 00 00 00 00 00 00 00 00 00
[  933.835545] nvdla_blob 0000c030: 00 00 00 00 00 00 00 00 00 00 00 00 00 00 00 00
[  933.836223] nvdla_blob 0000c040: 00 00 00 00 00 00 00 00 00 00 00 00 00 00 00 00
[  933.836634] nvdla_blob 0000c050: 00 00 00 00 00 00 00 00 00 00 00 00 00 00 00 00
[  933.838376] nvdla_blob 0000c060: 00 00 00 00 00 00 00 00 00 00 00 00 00 00 00 00
[  933.838734] nvdla_blob 0000c070: 00 00 00 00 00 00 00 00 00 00 00 00 00 00 00 00
[  933.839087] nvdla_blob 0000c080: 00 00 00 00 00 00 00 00 00 00 00 00 00 00 00 00
[  933.839553] nvdla_blob 0000c090: 00 00 00 00 00 00 00 00 00 00 00 00 00 00 00 00
[  933.840011] nvdla_blob 0000c0a0: 00 00 00 00 00 00 00 00 00 00 00 00 00 00 00 00
[  933.840439] nvdla_blob 0000c0b0: 00 00 00 00 00 00 00 00 00 00 00 00 00 00 00 00
[  933.842131] nvdla_blob 0000c0c0: 00 00 00 00 00 00 00 00 00 00 00 00 00 00 00 00
[  933.842479] nvdla_blob 0000c0d0: 00 00 00 00 00 00 00 00 00 00 00 00 00 00 00 00
[  933.842829] nvdla_blob 0000c0e0: 00 00 00 00 00 00 00 00 00 00 00 00 00 00 00 00
[  933.843173] nvdla_blob 0000c0f0: 00 00 00 00 00 00 00 00 00 00 00 00 00 00 00 00
[  933.843514] nvdla_blob 0000c100: 00 00 00 00 00 00 00 00 00 00 00 00 00 00 00 00
[  933.843862] nvdla_blob 0000c110: 00 00 00 00 00 00 00 00 00 00 00 00 00 00 00 00
[  933.844202] nvdla_blob 0000c120: 00 00 00 00 00 00 00 00 00 00 00 00 00 00 00 00
[  933.844587] nvdla_blob 0000c130: 00 00 00 00 00 00 00 00 00 00 00 00 00 00 00 00
[  933.846311] nvdla_blob 0000c140: 00 00 00 00 00 00 00 00 00 00 00 00 00 00 00 00
[  933.846746] nvdla_blob 0000c150: 00 00 00 00 00 00 00 00 00 00 00 00 00 00 00 00
[  933.847108] nvdla_blob 0000c160: 00 00 00 00 00 00 00 00 00 00 00 00 00 00 00 00
[  933.847678] nvdla_blob 0000c170: 00 00 00 00 00 00 00 00 00 00 00 00 00 00 00 00
[  933.848215] nvdla_blob 0000c180: 00 00 00 00 00 00 00 00 00 00 00 00 00 00 00 00
[  933.848588] nvdla_blob 0000c190: 00 00 00 00 00 00 00 00 00 00 00 00 00 00 00 00
[  933.850146] nvdla_blob 0000c1a0: 00 00 00 00 00 00 00 00 00 00 00 00 00 00 00 00
[  933.850497] nvdla_blob 0000c1b0: 00 00 00 00 00 00 00 00 00 00 00 00 00 00 00 00
[  933.850861] nvdla_blob 0000c1c0: 00 00 00 00 00 00 00 00 00 00 00 00 00 00 00 00
[  933.851244] nvdla_blob 0000c1d0: 00 00 00 00 00 00 00 00 00 00 00 00 00 00 00 00
[  933.851686] nvdla_blob 0000c1e0: 00 00 00 00 00 00 00 00 00 00 00 00 00 00 00 00
[  933.852186] nvdla_blob 0000c1f0: 00 00 00 00 00 00 00 00 00 00 00 00 00 00 00 00
[  933.852593] nvdla_blob 0000c200: 00 00 00 00 00 00 00 00 00 00 00 00 00 00 00 00
[  933.857484] nvdla_blob 0000c210: 00 00 00 00 00 00 00 00 00 00 00 00 00 00 00 00
[  933.859322] nvdla_blob 0000c220: 00 00 00 00 00 00 00 00 00 00 00 00 00 00 00 00
[  933.859705] nvdla_blob 0000c230: 00 00 00 00 00 00 00 00 00 00 00 00 00 00 00 00
[  933.860052] nvdla_blob 0000c240: 00 00 00 00 00 00 00 00 00 00 00 00 00 00 00 00
[  933.860394] nvdla_blob 0000c250: 00 00 00 00 00 00 00 00 00 00 00 00 00 00 00 00
[  933.861818] nvdla_blob 0000c260: 00 00 00 00 00 00 00 00 00 00 00 00 00 00 00 00
[  933.862209] nvdla_blob 0000c270: 00 00 00 00 00 00 00 00 00 00 00 00 00 00 00 00
[  933.862888] nvdla_blob 0000c280: 00 00 00 00 00 00 00 00 00 00 00 00 00 00 00 00
[  933.863314] nvdla_blob 0000c290: 00 00 00 00 00 00 00 00 00 00 00 00 00 00 00 00
[  933.863871] nvdla_blob 0000c2a0: 00 00 00 00 00 00 00 00 00 00 00 00 00 00 00 00
[  933.864355] nvdla_blob 0000c2b0: 00 00 00 00 00 00 00 00 00 00 00 00 00 00 00 00
[  933.866001] nvdla_blob 0000c2c0: 00 00 00 00 00 00 00 00 00 00 00 00 00 00 00 00
[  933.866472] nvdla_blob 0000c2d0: 00 00 00 00 00 00 00 00 00 00 00 00 00 00 00 00
[  933.866948] nvdla_blob 0000c2e0: 00 00 00 00 00 00 00 00 00 00 00 00 00 00 00 00
[  933.867314] nvdla_blob 0000c2f0: 00 00 00 00 00 00 00 00 00 00 00 00 00 00 00 00
[  933.867683] nvdla_blob 0000c300: 00 00 00 00 00 00 00 00 00 00 00 00 00 00 00 00
[  933.868044] nvdla_blob 0000c310: 00 00 00 00 00 00 00 00 00 00 00 00 00 00 00 00
[  933.868403] nvdla_blob 0000c320: 00 00 00 00 00 00 00 00 00 00 00 00 00 00 00 00
[  933.870025] nvdla_blob 0000c330: 00 00 00 00 00 00 00 00 00 00 00 00 00 00 00 00
[  933.870493] nvdla_blob 0000c340: 00 00 00 00 00 00 00 00 00 00 00 00 00 00 00 00
[  933.870931] nvdla_blob 0000c350: 00 00 00 00 00 00 00 00 00 00 00 00 00 00 00 00
[  933.871307] nvdla_blob 0000c360: 00 00 00 00 00 00 00 00 00 00 00 00 00 00 00 00
[  933.871655] nvdla_blob 0000c370: 00 00 00 00 00 00 00 00 00 00 00 00 00 00 00 00
[  933.871999] nvdla_blob 0000c380: 00 00 00 00 00 00 00 00 00 00 00 00 00 00 00 00
[  933.872344] nvdla_blob 0000c390: 00 00 00 00 00 00 00 00 00 00 00 00 00 00 00 00
[  933.873758] nvdla_blob 0000c3a0: 00 00 00 00 00 00 00 00 00 00 00 00 00 00 00 00
[  933.874144] nvdla_blob 0000c3b0: 00 00 00 00 00 00 00 00 00 00 00 00 00 00 00 00
[  933.874491] nvdla_blob 0000c3c0: 00 00 00 00 00 00 00 00 00 00 00 00 00 00 00 00
[  933.874845] nvdla_blob 0000c3d0: 00 00 00 00 00 00 00 00 00 00 00 00 00 00 00 00
[  933.875189] nvdla_blob 0000c3e0: 00 00 00 00 00 00 00 00 00 00 00 00 00 00 00 00
[  933.875699] nvdla_blob 0000c3f0: 00 00 00 00 00 00 00 00 00 00 00 00 00 00 00 00
[  933.876119] nvdla_blob 0000c400: 00 00 00 00 00 00 00 00 00 00 00 00 00 00 00 00
[  933.876500] nvdla_blob 0000c410: 00 00 00 00 00 00 00 00 00 00 00 00 00 00 00 00
[  933.878468] nvdla_blob 0000c420: 00 00 00 00 00 00 00 00 00 00 00 00 00 00 00 00
[  933.878912] nvdla_blob 0000c430: 00 00 00 00 00 00 00 00 00 00 00 00 00 00 00 00
[  933.879271] nvdla_blob 0000c440: 00 00 00 00 00 00 00 00 00 00 00 00 00 00 00 00
[  933.879732] nvdla_blob 0000c450: 00 00 00 00 00 00 00 00 00 00 00 00 00 00 00 00
[  933.880187] nvdla_blob 0000c460: 00 00 00 00 00 00 00 00 00 00 00 00 00 00 00 00
[  933.880606] nvdla_blob 0000c470: 00 00 00 00 00 00 00 00 00 00 00 00 00 00 00 00
[  933.882226] nvdla_blob 0000c480: 00 00 00 00 00 00 00 00 00 00 00 00 00 00 00 00
[  933.882583] nvdla_blob 0000c490: 00 00 00 00 00 00 00 00 00 00 00 00 00 00 00 00
[  933.883017] nvdla_blob 0000c4a0: 00 00 00 00 00 00 00 00 00 00 00 00 00 00 00 00
[  933.883391] nvdla_blob 0000c4b0: 00 00 00 00 00 00 00 00 00 00 00 00 00 00 00 00
[  933.883753] nvdla_blob 0000c4c0: 00 00 00 00 00 00 00 00 00 00 00 00 00 00 00 00
[  933.884264] nvdla_blob 0000c4d0: 00 00 00 00 00 00 00 00 00 00 00 00 00 00 00 00
[  933.884648] nvdla_blob 0000c4e0: 00 00 00 00 00 00 00 00 00 00 00 00 00 00 00 00
[  933.886371] nvdla_blob 0000c4f0: 00 00 00 00 00 00 00 00 00 00 00 00 00 00 00 00
[  933.886817] nvdla_blob 0000c500: 00 00 00 00 00 00 00 00 00 00 00 00 00 00 00 00
[  933.887222] nvdla_blob 0000c510: 00 00 00 00 00 00 00 00 00 00 00 00 00 00 00 00
[  933.887571] nvdla_blob 0000c520: 00 00 00 00 00 00 00 00 00 00 00 00 00 00 00 00
[  933.887914] nvdla_blob 0000c530: 00 00 00 00 00 00 00 00 00 00 00 00 00 00 00 00
[  933.888262] nvdla_blob 0000c540: 00 00 00 00 00 00 00 00 00 00 00 00 00 00 00 00
[  933.888608] nvdla_blob 0000c550: 00 00 00 00 00 00 00 00 00 00 00 00 00 00 00 00
[  933.890064] nvdla_blob 0000c560: 00 00 00 00 00 00 00 00 00 00 00 00 00 00 00 00
[  933.890531] nvdla_blob 0000c570: 00 00 00 00 00 00 00 00 00 00 00 00 00 00 00 00
[  933.890967] nvdla_blob 0000c580: 00 00 00 00 00 00 00 00 00 00 00 00 00 00 00 00
[  933.891339] nvdla_blob 0000c590: 00 00 00 00 00 00 00 00 00 00 00 00 00 00 00 00
[  933.891785] nvdla_blob 0000c5a0: 00 00 00 00 00 00 00 00 00 00 00 00 00 00 00 00
[  933.892154] nvdla_blob 0000c5b0: 00 00 00 00 00 00 00 00 00 00 00 00 00 00 00 00
[  933.893278] nvdla_blob 0000c5c0: 00 00 00 00 00 00 00 00 00 00 00 00 00 00 00 00
[  933.896003] nvdla_blob 0000c5d0: 00 00 00 00 00 00 00 00 00 00 00 00 00 00 00 00
[  933.896374] nvdla_blob 0000c5e0: 00 00 00 00 00 00 00 00 00 00 00 00 00 00 00 00
[  933.897808] nvdla_blob 0000c5f0: 00 00 00 00 00 00 00 00 00 00 00 00 00 00 00 00
[  933.898189] nvdla_blob 0000c600: 00 00 00 00 00 00 00 00 00 00 00 00 00 00 00 00
[  933.898536] nvdla_blob 0000c610: 00 00 00 00 00 00 00 00 00 00 00 00 00 00 00 00
[  933.898897] nvdla_blob 0000c620: 00 00 00 00 00 00 00 00 00 00 00 00 00 00 00 00
[  933.899241] nvdla_blob 0000c630: 00 00 00 00 00 00 00 00 00 00 00 00 00 00 00 00
[  933.899647] nvdla_blob 0000c640: 00 00 00 00 00 00 00 00 00 00 00 00 00 00 00 00
[  933.900090] nvdla_blob 0000c650: 00 00 00 00 00 00 00 00 00 00 00 00 00 00 00 00
[  933.900467] nvdla_blob 0000c660: 00 00 00 00 00 00 00 00 00 00 00 00 00 00 00 00
[  933.902185] nvdla_blob 0000c670: 00 00 00 00 00 00 00 00 00 00 00 00 00 00 00 00
[  933.902537] nvdla_blob 0000c680: 00 00 00 00 00 00 00 00 00 00 00 00 00 00 00 00
[  933.902891] nvdla_blob 0000c690: 00 00 00 00 00 00 00 00 00 00 00 00 00 00 00 00
[  933.903246] nvdla_blob 0000c6a0: 00 00 00 00 00 00 00 00 00 00 00 00 00 00 00 00
[  933.903687] nvdla_blob 0000c6b0: 00 00 00 00 00 00 00 00 00 00 00 00 00 00 00 00
[  933.904114] nvdla_blob 0000c6c0: 00 00 00 00 00 00 00 00 00 00 00 00 00 00 00 00
[  933.904470] nvdla_blob 0000c6d0: 00 00 00 00 00 00 00 00 00 00 00 00 00 00 00 00
[  933.904900] nvdla_blob 0000c6e0: 00 00 00 00 00 00 00 00 00 00 00 00 00 00 00 00
[  933.906618] nvdla_blob 0000c6f0: 00 00 00 00 00 00 00 00 00 00 00 00 00 00 00 00
[  933.907045] nvdla_blob 0000c700: 00 00 00 00 00 00 00 00 00 00 00 00 00 00 00 00
[  933.907394] nvdla_blob 0000c710: 00 00 00 00 00 00 00 00 00 00 00 00 00 00 00 00
[  933.907741] nvdla_blob 0000c720: 00 00 00 00 00 00 00 00 00 00 00 00 00 00 00 00
[  933.908080] nvdla_blob 0000c730: 00 00 00 00 00 00 00 00 00 00 00 00 00 00 00 00
[  933.908440] nvdla_blob 0000c740: 00 00 00 00 00 00 00 00 00 00 00 00 00 00 00 00
[  933.909827] nvdla_blob 0000c750: 00 00 00 00 00 00 00 00 00 00 00 00 00 00 00 00
[  933.910173] nvdla_blob 0000c760: 00 00 00 00 00 00 00 00 00 00 00 00 00 00 00 00
[  933.910569] nvdla_blob 0000c770: 00 00 00 00 00 00 00 00 00 00 00 00 00 00 00 00
[  933.910931] nvdla_blob 0000c780: 00 00 00 00 00 00 00 00 00 00 00 00 00 00 00 00
[  933.911327] nvdla_blob 0000c790: 00 00 00 00 00 00 00 00 00 00 00 00 00 00 00 00
[  933.911702] nvdla_blob 0000c7a0: 00 00 00 00 00 00 00 00 00 00 00 00 00 00 00 00
[  933.912095] nvdla_blob 0000c7b0: 00 00 00 00 00 00 00 00 00 00 00 00 00 00 00 00
[  933.912473] nvdla_blob 0000c7c0: 00 00 00 00 00 00 00 00 00 00 00 00 00 00 00 00
[  933.914414] nvdla_blob 0000c7d0: 00 00 00 00 00 00 00 00 00 00 00 00 00 00 00 00
[  933.914796] nvdla_blob 0000c7e0: 00 00 00 00 00 00 00 00 00 00 00 00 00 00 00 00
[  933.915216] nvdla_blob 0000c7f0: 00 00 00 00 00 00 00 00 00 00 00 00 00 00 00 00
[  933.916138] nvdla_blob 0000c800: 00 00 00 00 00 00 00 00 00 00 00 00 00 00 00 00
[  933.916736] nvdla_blob 0000c810: 00 00 00 00 00 00 00 00 00 00 00 00 00 00 00 00
[  933.918347] nvdla_blob 0000c820: 00 00 00 00 00 00 00 00 00 00 00 00 00 00 00 00
[  933.918704] nvdla_blob 0000c830: 00 00 00 00 00 00 00 00 00 00 00 00 00 00 00 00
[  933.919050] nvdla_blob 0000c840: 00 00 00 00 00 00 00 00 00 00 00 00 00 00 00 00
[  933.919395] nvdla_blob 0000c850: 00 00 00 00 00 00 00 00 00 00 00 00 00 00 00 00
[  933.919752] nvdla_blob 0000c860: 00 00 00 00 00 00 00 00 00 00 00 00 00 00 00 00
[  933.920097] nvdla_blob 0000c870: 00 00 00 00 00 00 00 00 00 00 00 00 00 00 00 00
[  933.920462] nvdla_blob 0000c880: 00 00 00 00 00 00 00 00 00 00 00 00 00 00 00 00
[  933.922286] nvdla_blob 0000c890: 00 00 00 00 00 00 00 00 00 00 00 00 00 00 00 00
[  933.922660] nvdla_blob 0000c8a0: 00 00 00 00 00 00 00 00 00 00 00 00 00 00 00 00
[  933.925046] nvdla_blob 0000c8b0: 00 00 00 00 00 00 00 00 00 00 00 00 00 00 00 00
[  933.926719] nvdla_blob 0000c8c0: 00 00 00 00 00 00 00 00 00 00 00 00 00 00 00 00
[  933.927166] nvdla_blob 0000c8d0: 00 00 00 00 00 00 00 00 00 00 00 00 00 00 00 00
[  933.927544] nvdla_blob 0000c8e0: 00 00 00 00 00 00 00 00 00 00 00 00 00 00 00 00
[  933.927913] nvdla_blob 0000c8f0: 00 00 00 00 00 00 00 00 00 00 00 00 00 00 00 00
[  933.928301] nvdla_blob 0000c900: 00 00 00 00 00 00 00 00 00 00 00 00 00 00 00 00
[  933.929949] nvdla_blob 0000c910: 00 00 00 00 00 00 00 00 00 00 00 00 00 00 00 00
[  933.930509] nvdla_blob 0000c920: 00 00 00 00 00 00 00 00 00 00 00 00 00 00 00 00
[  933.931090] nvdla_blob 0000c930: 00 00 00 00 00 00 00 00 00 00 00 00 00 00 00 00
[  933.931486] nvdla_blob 0000c940: 00 00 00 00 00 00 00 00 00 00 00 00 00 00 00 00
[  933.931845] nvdla_blob 0000c950: 00 00 00 00 00 00 00 00 00 00 00 00 00 00 00 00
[  933.932187] nvdla_blob 0000c960: 00 00 00 00 00 00 00 00 00 00 00 00 00 00 00 00
[  933.932580] nvdla_blob 0000c970: 00 00 00 00 00 00 00 00 00 00 00 00 00 00 00 00
[  933.934251] nvdla_blob 0000c980: 00 00 00 00 00 00 00 00 00 00 00 00 00 00 00 00
[  933.934604] nvdla_blob 0000c990: 00 00 00 00 00 00 00 00 00 00 00 00 00 00 00 00
[  933.934944] nvdla_blob 0000c9a0: 00 00 00 00 00 00 00 00 00 00 00 00 00 00 00 00
[  933.935286] nvdla_blob 0000c9b0: 00 00 00 00 00 00 00 00 00 00 00 00 00 00 00 00
[  933.935634] nvdla_blob 0000c9c0: 00 00 00 00 00 00 00 00 00 00 00 00 00 00 00 00
[  933.935977] nvdla_blob 0000c9d0: 00 00 00 00 00 00 00 00 00 00 00 00 00 00 00 00
[  933.936316] nvdla_blob 0000c9e0: 00 00 00 00 00 00 00 00 00 00 00 00 00 00 00 00
[  933.938214] nvdla_blob 0000c9f0: 00 00 00 00 00 00 00 00 00 00 00 00 00 00 00 00
[  933.939312] nvdla_blob 0000ca00: 00 00 00 00 00 00 00 00 00 00 00 00 00 00 00 00
[  933.939715] nvdla_blob 0000ca10: 00 00 00 00 00 00 00 00 00 00 00 00 00 00 00 00
[  933.940070] nvdla_blob 0000ca20: 00 00 00 00 00 00 00 00 00 00 00 00 00 00 00 00
[  933.940418] nvdla_blob 0000ca30: 00 00 00 00 00 00 00 00 00 00 00 00 00 00 00 00
[  933.940812] nvdla_blob 0000ca40: 00 00 00 00 00 00 00 00 00 00 00 00 00 00 00 00
[  933.942410] nvdla_blob 0000ca50: 00 00 00 00 00 00 00 00 00 00 00 00 00 00 00 00
[  933.942772] nvdla_blob 0000ca60: 00 00 00 00 00 00 00 00 00 00 00 00 00 00 00 00
[  933.943221] nvdla_blob 0000ca70: 00 00 00 00 00 00 00 00 00 00 00 00 00 00 00 00
[  933.943815] nvdla_blob 0000ca80: 00 00 00 00 00 00 00 00 00 00 00 00 00 00 00 00
[  933.944386] nvdla_blob 0000ca90: 00 00 00 00 00 00 00 00 00 00 00 00 00 00 00 00
[  933.946037] nvdla_blob 0000caa0: 00 00 00 00 00 00 00 00 00 00 00 00 00 00 00 00
[  933.946471] nvdla_blob 0000cab0: 00 00 00 00 00 00 00 00 00 00 00 00 00 00 00 00
[  933.946867] nvdla_blob 0000cac0: 00 00 00 00 00 00 00 00 00 00 00 00 00 00 00 00
[  933.947277] nvdla_blob 0000cad0: 00 00 00 00 00 00 00 00 00 00 00 00 00 00 00 00
[  933.947652] nvdla_blob 0000cae0: 00 00 00 00 00 00 00 00 00 00 00 00 00 00 00 00
[  933.947999] nvdla_blob 0000caf0: 00 00 00 00 00 00 00 00 00 00 00 00 00 00 00 00
[  933.948348] nvdla_blob 0000cb00: 00 00 00 00 00 00 00 00 00 00 00 00 00 00 00 00
[  933.950138] nvdla_blob 0000cb10: 00 00 00 00 00 00 00 00 00 00 00 00 00 00 00 00
[  933.950544] nvdla_blob 0000cb20: 00 00 00 00 00 00 00 00 00 00 00 00 00 00 00 00
[  933.950910] nvdla_blob 0000cb30: 00 00 00 00 00 00 00 00 00 00 00 00 00 00 00 00
[  933.951257] nvdla_blob 0000cb40: 00 00 00 00 00 00 00 00 00 00 00 00 00 00 00 00
[  933.951699] nvdla_blob 0000cb50: 00 00 00 00 00 00 00 00 00 00 00 00 00 00 00 00
[  933.952128] nvdla_blob 0000cb60: 00 00 00 00 00 00 00 00 00 00 00 00 00 00 00 00
[  933.952512] nvdla_blob 0000cb70: 00 00 00 00 00 00 00 00 00 00 00 00 00 00 00 00
[  933.954099] nvdla_blob 0000cb80: 00 00 00 00 00 00 00 00 00 00 00 00 00 00 00 00
[  933.954447] nvdla_blob 0000cb90: 00 00 00 00 00 00 00 00 00 00 00 00 00 00 00 00
[  933.954799] nvdla_blob 0000cba0: 00 00 00 00 00 00 00 00 00 00 00 00 00 00 00 00
[  933.955141] nvdla_blob 0000cbb0: 00 00 00 00 00 00 00 00 00 00 00 00 00 00 00 00
[  933.955482] nvdla_blob 0000cbc0: 00 00 00 00 00 00 00 00 00 00 00 00 00 00 00 00
[  933.955837] nvdla_blob 0000cbd0: 00 00 00 00 00 00 00 00 00 00 00 00 00 00 00 00
[  933.956180] nvdla_blob 0000cbe0: 00 00 00 00 00 00 00 00 00 00 00 00 00 00 00 00
[  933.956544] nvdla_blob 0000cbf0: 00 00 00 00 00 00 00 00 00 00 00 00 00 00 00 00
[  933.958120] nvdla_blob 0000cc00: 00 00 00 00 00 00 00 00 00 00 00 00 00 00 00 00
[  933.958465] nvdla_blob 0000cc10: 00 00 00 00 00 00 00 00 00 00 00 00 00 00 00 00
[  933.958835] nvdla_blob 0000cc20: 00 00 00 00 00 00 00 00 00 00 00 00 00 00 00 00
[  933.959204] nvdla_blob 0000cc30: 00 00 00 00 00 00 00 00 00 00 00 00 00 00 00 00
[  933.959599] nvdla_blob 0000cc40: 00 00 00 00 00 00 00 00 00 00 00 00 00 00 00 00
[  933.960043] nvdla_blob 0000cc50: 00 00 00 00 00 00 00 00 00 00 00 00 00 00 00 00
[  933.960754] nvdla_blob 0000cc60: 00 00 00 00 00 00 00 00 00 00 00 00 00 00 00 00
[  933.962801] nvdla_blob 0000cc70: 00 00 00 00 00 00 00 00 00 00 00 00 00 00 00 00
[  933.963220] nvdla_blob 0000cc80: 00 00 00 00 00 00 00 00 00 00 00 00 00 00 00 00
[  933.963630] nvdla_blob 0000cc90: 00 00 00 00 00 00 00 00 00 00 00 00 00 00 00 00
[  933.964078] nvdla_blob 0000cca0: 00 00 00 00 00 00 00 00 00 00 00 00 00 00 00 00
[  933.964477] nvdla_blob 0000ccb0: 00 00 00 00 00 00 00 00 00 00 00 00 00 00 00 00
[  933.966219] nvdla_blob 0000ccc0: 00 00 00 00 00 00 00 00 00 00 00 00 00 00 00 00
[  933.966584] nvdla_blob 0000ccd0: 00 00 00 00 00 00 00 00 00 00 00 00 00 00 00 00
[  933.966929] nvdla_blob 0000cce0: 00 00 00 00 00 00 00 00 00 00 00 00 00 00 00 00
[  933.967271] nvdla_blob 0000ccf0: 00 00 00 00 00 00 00 00 00 00 00 00 00 00 00 00
[  933.967628] nvdla_blob 0000cd00: 00 00 00 00 00 00 00 00 00 00 00 00 00 00 00 00
[  933.967972] nvdla_blob 0000cd10: 00 00 00 00 00 00 00 00 00 00 00 00 00 00 00 00
[  933.968316] nvdla_blob 0000cd20: 00 00 00 00 00 00 00 00 00 00 00 00 00 00 00 00
[  933.969842] nvdla_blob 0000cd30: 00 00 00 00 00 00 00 00 00 00 00 00 00 00 00 00
[  933.970229] nvdla_blob 0000cd40: 00 00 00 00 00 00 00 00 00 00 00 00 00 00 00 00
[  933.970578] nvdla_blob 0000cd50: 00 00 00 00 00 00 00 00 00 00 00 00 00 00 00 00
[  933.970925] nvdla_blob 0000cd60: 00 00 00 00 00 00 00 00 00 00 00 00 00 00 00 00
[  933.971270] nvdla_blob 0000cd70: 00 00 00 00 00 00 00 00 00 00 00 00 00 00 00 00
[  933.971627] nvdla_blob 0000cd80: 00 00 00 00 00 00 00 00 00 00 00 00 00 00 00 00
[  933.971970] nvdla_blob 0000cd90: 00 00 00 00 00 00 00 00 00 00 00 00 00 00 00 00
[  933.972314] nvdla_blob 0000cda0: 00 00 00 00 00 00 00 00 00 00 00 00 00 00 00 00
[  933.972750] nvdla_blob 0000cdb0: 00 00 00 00 00 00 00 00 00 00 00 00 00 00 00 00
[  933.974500] nvdla_blob 0000cdc0: 00 00 00 00 00 00 00 00 00 00 00 00 00 00 00 00
[  933.974927] nvdla_blob 0000cdd0: 00 00 00 00 00 00 00 00 00 00 00 00 00 00 00 00
[  933.975425] nvdla_blob 0000cde0: 00 00 00 00 00 00 00 00 00 00 00 00 00 00 00 00
[  933.975809] nvdla_blob 0000cdf0: 00 00 00 00 00 00 00 00 00 00 00 00 00 00 00 00
[  933.976186] nvdla_blob 0000ce00: 00 00 00 00 00 00 00 00 00 00 00 00 00 00 00 00
[  933.976756] nvdla_blob 0000ce10: 00 00 00 00 00 00 00 00 00 00 00 00 00 00 00 00
[  933.978693] nvdla_blob 0000ce20: 00 00 00 00 00 00 00 00 00 00 00 00 00 00 00 00
[  933.979125] nvdla_blob 0000ce30: 00 00 00 00 00 00 00 00 00 00 00 00 00 00 00 00
[  933.979488] nvdla_blob 0000ce40: 00 00 00 00 00 00 00 00 00 00 00 00 00 00 00 00
[  933.979902] nvdla_blob 0000ce50: 00 00 00 00 00 00 00 00 00 00 00 00 00 00 00 00
[  933.980258] nvdla_blob 0000ce60: 00 00 00 00 00 00 00 00 00 00 00 00 00 00 00 00
[  933.980659] nvdla_blob 0000ce70: 00 00 00 00 00 00 00 00 00 00 00 00 00 00 00 00
[  933.982362] nvdla_blob 0000ce80: 00 00 00 00 00 00 00 00 00 00 00 00 00 00 00 00
[  933.982940] nvdla_blob 0000ce90: 00 00 00 00 00 00 00 00 00 00 00 00 00 00 00 00
[  933.983505] nvdla_blob 0000cea0: 00 00 00 00 00 00 00 00 00 00 00 00 00 00 00 00
[  933.983952] nvdla_blob 0000ceb0: 00 00 00 00 00 00 00 00 00 00 00 00 00 00 00 00
[  933.984380] nvdla_blob 0000cec0: 00 00 00 00 00 00 00 00 00 00 00 00 00 00 00 00
[  933.985881] nvdla_blob 0000ced0: 00 00 00 00 00 00 00 00 00 00 00 00 00 00 00 00
[  933.986267] nvdla_blob 0000cee0: 00 00 00 00 00 00 00 00 00 00 00 00 00 00 00 00
[  933.986618] nvdla_blob 0000cef0: 00 00 00 00 00 00 00 00 00 00 00 00 00 00 00 00
[  933.986965] nvdla_blob 0000cf00: 00 00 00 00 00 00 00 00 00 00 00 00 00 00 00 00
[  933.987306] nvdla_blob 0000cf10: 00 00 00 00 00 00 00 00 00 00 00 00 00 00 00 00
[  933.987661] nvdla_blob 0000cf20: 00 00 00 00 00 00 00 00 00 00 00 00 00 00 00 00
[  933.988005] nvdla_blob 0000cf30: 00 00 00 00 00 00 00 00 00 00 00 00 00 00 00 00
[  933.988346] nvdla_blob 0000cf40: 00 00 00 00 00 00 00 00 00 00 00 00 00 00 00 00
[  933.989886] nvdla_blob 0000cf50: 00 00 00 00 00 00 00 00 00 00 00 00 00 00 00 00
[  933.990269] nvdla_blob 0000cf60: 00 00 00 00 00 00 00 00 00 00 00 00 00 00 00 00
[  933.990623] nvdla_blob 0000cf70: 00 00 00 00 00 00 00 00 00 00 00 00 00 00 00 00
[  933.991018] nvdla_blob 0000cf80: 00 00 00 00 00 00 00 00 00 00 00 00 00 00 00 00
[  933.991429] nvdla_blob 0000cf90: 00 00 00 00 00 00 00 00 00 00 00 00 00 00 00 00
[  933.991785] nvdla_blob 0000cfa0: 00 00 00 00 00 00 00 00 00 00 00 00 00 00 00 00
[  933.992231] nvdla_blob 0000cfb0: 00 00 00 00 00 00 00 00 00 00 00 00 00 00 00 00
[  933.994088] nvdla_blob 0000cfc0: 00 00 00 00 00 00 00 00 00 00 00 00 00 00 00 00
[  933.994523] nvdla_blob 0000cfd0: 00 00 00 00 00 00 00 00 00 00 00 00 00 00 00 00
[  933.994964] nvdla_blob 0000cfe0: 00 00 00 00 00 00 00 00 00 00 00 00 00 00 00 00
[  933.995503] nvdla_blob 0000cff0: 00 00 00 00 00 00 00 00 00 00 00 00 00 00 00 00
[  933.995680] nvdla_blob[7] prime_fd=9 handle=6 size=4096 dma=0xc0008000 full_4096_bytes:
[  933.996044] nvdla_blob 00000000: 00 00 01 00 00 24 00 00 01 00 01 00 90 00 00 00
[  933.996392] nvdla_blob 00000010: 00 00 00 00 00 00 00 00 00 00 00 00 02 00 ff ff
[  933.998189] nvdla_blob 00000020: 00 00 00 00 00 00 00 00 00 00 00 00 00 00 00 00
[  933.998597] nvdla_blob 00000030: 00 00 00 00 00 00 00 00 02 00 ff ff 00 00 00 00
[  933.998942] nvdla_blob 00000040: 00 00 00 00 00 00 00 00 00 00 00 00 00 00 00 00
[  933.999283] nvdla_blob 00000050: 00 00 00 00 00 00 02 00 00 72 03 00 1c 00 1c 00
[  933.999638] nvdla_blob 00000060: 90 00 00 00 80 03 00 00 00 62 00 00 00 00 00 00
[  933.999980] nvdla_blob 00000070: 02 00 ff ff 00 c4 00 00 1c 00 1c 00 20 00 00 00
[  934.000321] nvdla_blob 00000080: 80 03 00 00 00 62 00 00 00 00 00 00 00 00 00 00
[  934.001810] nvdla_blob 00000090: 00 00 00 00 00 00 00 00 00 00 00 00 00 00 00 00
[  934.002192] nvdla_blob 000000a0: 00 00 00 00 00 00 00 00 00 00 00 00 00 00 00 00
[  934.002537] nvdla_blob 000000b0: 00 00 00 00 00 00 00 00 00 00 00 00 00 00 00 00
[  934.002886] nvdla_blob 000000c0: 00 00 00 00 00 00 00 00 00 00 00 00 00 00 00 00
[  934.003227] nvdla_blob 000000d0: 00 00 00 00 00 00 00 00 00 00 00 00 00 00 00 00
[  934.003574] nvdla_blob 000000e0: 00 00 00 00 00 00 00 00 00 00 00 00 00 00 00 00
[  934.003915] nvdla_blob 000000f0: 00 00 00 00 00 00 00 00 00 00 00 00 00 00 00 00
[  934.004255] nvdla_blob 00000100: 00 00 00 00 00 00 00 00 00 00 00 00 00 00 00 00
[  934.004599] nvdla_blob 00000110: 00 00 00 00 00 00 00 00 00 00 00 00 00 00 00 00
[  934.006141] nvdla_blob 00000120: 00 00 00 00 00 00 00 00 00 00 00 00 00 00 00 00
[  934.006528] nvdla_blob 00000130: 00 00 00 00 00 00 00 00 00 00 00 00 00 00 00 00
[  934.006934] nvdla_blob 00000140: 00 00 00 00 00 00 00 00 00 00 00 00 00 00 00 00
[  934.007321] nvdla_blob 00000150: 00 00 00 00 00 00 00 00 00 00 00 00 00 00 00 00
[  934.007821] nvdla_blob 00000160: 00 00 00 00 00 00 00 00 00 00 00 00 00 00 00 00
[  934.008174] nvdla_blob 00000170: 00 00 00 00 00 00 00 00 00 00 00 00 00 00 00 00
[  934.008589] nvdla_blob 00000180: 00 00 00 00 00 00 00 00 00 00 00 00 00 00 00 00
[  934.011887] nvdla_blob 00000190: 00 00 00 00 00 00 00 00 00 00 00 00 00 00 00 00
[  934.012269] nvdla_blob 000001a0: 00 00 00 00 00 00 00 00 00 00 00 00 00 00 00 00
[  934.012650] nvdla_blob 000001b0: 00 00 00 00 00 00 00 00 00 00 00 00 00 00 00 00
[  934.014333] nvdla_blob 000001c0: 00 00 00 00 00 00 00 00 00 00 00 00 00 00 00 00
[  934.014709] nvdla_blob 000001d0: 00 00 00 00 00 00 00 00 00 00 00 00 00 00 00 00
[  934.015056] nvdla_blob 000001e0: 00 00 00 00 00 00 00 00 00 00 00 00 00 00 00 00
[  934.015403] nvdla_blob 000001f0: 00 00 00 00 00 00 00 00 00 00 00 00 00 00 00 00
[  934.015768] nvdla_blob 00000200: 00 00 00 00 00 00 00 00 00 00 00 00 00 00 00 00
[  934.016117] nvdla_blob 00000210: 00 00 00 00 00 00 00 00 00 00 00 00 00 00 00 00
[  934.016497] nvdla_blob 00000220: 00 00 00 00 00 00 00 00 00 00 00 00 00 00 00 00
[  934.018293] nvdla_blob 00000230: 00 00 00 00 00 00 00 00 00 00 00 00 00 00 00 00
[  934.018675] nvdla_blob 00000240: 00 00 00 00 00 00 00 00 00 00 00 00 00 00 00 00
[  934.019024] nvdla_blob 00000250: 00 00 00 00 00 00 00 00 00 00 00 00 00 00 00 00
[  934.019370] nvdla_blob 00000260: 00 00 00 00 00 00 00 00 00 00 00 00 00 00 00 00
[  934.019727] nvdla_blob 00000270: 00 00 00 00 00 00 00 00 00 00 00 00 00 00 00 00
[  934.020068] nvdla_blob 00000280: 00 00 00 00 02 00 ff ff 00 c4 00 00 1c 00 1c 00
[  934.020409] nvdla_blob 00000290: 20 00 00 00 00 00 00 00 00 00 00 00 00 00 00 00
[  934.021987] nvdla_blob 000002a0: 00 00 00 00 00 00 00 00 00 00 00 00 00 00 00 00
[  934.022373] nvdla_blob 000002b0: 00 00 00 00 00 00 00 00 00 00 00 00 00 00 00 00
[  934.022735] nvdla_blob 000002c0: 00 00 00 00 00 00 00 00 00 00 00 00 00 00 00 00
[  934.023103] nvdla_blob 000002d0: 00 00 00 00 00 00 00 00 00 00 00 00 00 00 00 00
[  934.023445] nvdla_blob 000002e0: 00 00 00 00 00 00 00 00 00 00 00 00 00 00 00 00
[  934.024789] nvdla_blob 000002f0: 00 00 00 00 00 00 03 00 00 c4 00 00 1c 00 1c 00
[  934.026690] nvdla_blob 00000300: 20 00 00 00 80 03 00 00 00 62 00 00 00 00 00 00
[  934.027112] nvdla_blob 00000310: 00 00 00 00 00 00 00 00 00 00 00 00 00 00 00 00
[  934.027596] nvdla_blob 00000320: 00 00 00 00 00 00 00 00 00 00 00 00 00 00 00 00
[  934.028008] nvdla_blob 00000330: 00 00 00 00 00 00 00 00 00 00 00 00 00 00 00 00
[  934.029757] nvdla_blob 00000340: 00 00 00 00 00 00 00 00 00 00 00 00 00 00 00 00
[  934.030238] nvdla_blob 00000350: 00 00 00 00 00 00 00 00 00 00 00 00 00 00 00 00
[  934.030637] nvdla_blob 00000360: 00 00 00 00 00 00 00 00 00 00 00 00 00 00 00 00
[  934.031025] nvdla_blob 00000370: 00 00 00 00 00 00 00 00 00 00 00 00 00 00 00 00
[  934.031408] nvdla_blob 00000380: 00 00 00 00 00 00 00 00 00 00 00 00 00 00 00 00
[  934.031946] nvdla_blob 00000390: 00 00 00 00 00 00 00 00 00 00 00 00 00 00 00 00
[  934.032591] nvdla_blob 000003a0: 00 00 00 00 00 00 00 00 00 00 00 00 00 00 00 00
[  934.034742] nvdla_blob 000003b0: 00 00 00 00 00 00 00 00 00 00 00 00 00 00 00 00
[  934.035138] nvdla_blob 000003c0: 00 00 00 00 00 00 00 00 00 00 00 00 00 00 00 00
[  934.035545] nvdla_blob 000003d0: 00 00 00 00 00 00 00 00 00 00 00 00 00 00 00 00
[  934.036018] nvdla_blob 000003e0: 00 00 00 00 00 00 00 00 00 00 00 00 00 00 00 00
[  934.036495] nvdla_blob 000003f0: 00 00 00 00 00 00 00 00 00 00 00 00 00 00 00 00
[  934.037768] nvdla_blob 00000400: 00 00 00 00 00 00 00 00 00 00 00 00 00 00 00 00
[  934.038161] nvdla_blob 00000410: 00 00 00 00 00 00 00 00 00 00 00 00 00 00 00 00
[  934.038552] nvdla_blob 00000420: 00 00 00 00 00 00 00 00 00 00 00 00 00 00 00 00
[  934.038948] nvdla_blob 00000430: 00 00 00 00 00 00 00 00 00 00 00 00 00 00 00 00
[  934.039468] nvdla_blob 00000440: 00 00 00 00 00 00 00 00 00 00 00 00 00 00 00 00
[  934.040164] nvdla_blob 00000450: 00 00 00 00 00 00 00 00 00 00 00 00 00 00 00 00
[  934.041988] nvdla_blob 00000460: 00 00 00 00 00 00 00 00 00 00 00 00 00 00 00 00
[  934.042452] nvdla_blob 00000470: 00 00 00 00 00 00 00 00 00 00 00 00 00 00 00 00
[  934.042917] nvdla_blob 00000480: 00 00 00 00 00 00 00 00 00 00 00 00 00 00 00 00
[  934.043412] nvdla_blob 00000490: 00 00 00 00 00 00 00 00 00 00 00 00 00 00 00 00
[  934.043834] nvdla_blob 000004a0: 00 00 00 00 00 00 00 00 00 00 00 00 00 00 00 00
[  934.044289] nvdla_blob 000004b0: 00 00 00 00 00 00 00 00 00 00 00 00 00 00 00 00
[  934.046053] nvdla_blob 000004c0: 00 00 00 00 00 00 00 00 00 00 00 00 00 00 00 00
[  934.046607] nvdla_blob 000004d0: 00 00 00 00 00 00 00 00 00 00 00 00 00 00 00 00
[  934.047042] nvdla_blob 000004e0: 00 00 00 00 00 00 00 00 00 00 00 00 00 00 00 00
[  934.047439] nvdla_blob 000004f0: 00 00 00 00 00 00 00 00 00 00 00 00 00 00 00 00
[  934.047837] nvdla_blob 00000500: 00 00 00 00 00 00 00 00 00 00 00 00 00 00 00 00
[  934.048223] nvdla_blob 00000510: 00 00 00 00 00 00 00 00 00 00 00 00 00 00 00 00
[  934.048628] nvdla_blob 00000520: 00 00 00 00 00 00 00 00 00 00 00 00 00 00 00 00
[  934.050391] nvdla_blob 00000530: 00 00 00 00 00 00 00 00 00 00 00 00 00 00 00 00
[  934.050920] nvdla_blob 00000540: 00 00 00 00 00 00 00 00 00 00 00 00 00 00 00 00
[  934.051388] nvdla_blob 00000550: 00 00 00 00 00 00 00 00 00 00 00 00 00 00 00 00
[  934.051781] nvdla_blob 00000560: 00 00 00 00 00 00 00 00 00 00 00 00 00 00 00 00
[  934.052167] nvdla_blob 00000570: 00 00 00 00 00 00 00 00 00 00 00 00 00 00 00 00
[  934.052595] nvdla_blob 00000580: 00 00 00 00 00 00 00 00 00 00 00 00 00 00 00 00
[  934.054240] nvdla_blob 00000590: 00 00 00 00 00 00 00 00 00 00 00 00 00 00 00 00
[  934.054642] nvdla_blob 000005a0: 00 00 00 00 00 00 00 00 00 00 00 00 00 00 00 00
[  934.055027] nvdla_blob 000005b0: 00 00 00 00 00 00 00 00 00 00 00 00 00 00 00 00
[  934.055538] nvdla_blob 000005c0: 00 00 00 00 00 00 00 00 00 00 00 00 00 00 00 00
[  934.056088] nvdla_blob 000005d0: 00 00 00 00 00 00 00 00 00 00 00 00 00 00 00 00
[  934.056540] nvdla_blob 000005e0: 00 00 00 00 00 00 00 00 00 00 00 00 00 00 00 00
[  934.058291] nvdla_blob 000005f0: 00 00 00 00 00 00 00 00 00 00 00 00 00 00 00 00
[  934.058754] nvdla_blob 00000600: 00 00 00 00 00 00 00 00 00 00 00 00 00 00 00 00
[  934.059184] nvdla_blob 00000610: 00 00 00 00 00 00 00 00 00 00 00 00 00 00 00 00
[  934.059590] nvdla_blob 00000620: 00 00 00 00 00 00 00 00 00 00 00 00 00 00 00 00
[  934.060016] nvdla_blob 00000630: 00 00 00 00 00 00 00 00 00 00 00 00 00 00 00 00
[  934.060498] nvdla_blob 00000640: 00 00 00 00 00 00 00 00 00 00 00 00 00 00 00 00
[  934.062583] nvdla_blob 00000650: 00 00 00 00 00 00 00 00 00 00 00 00 00 00 00 00
[  934.062989] nvdla_blob 00000660: 00 00 00 00 00 00 00 00 00 00 00 00 00 00 00 00
[  934.063346] nvdla_blob 00000670: 00 00 00 00 00 00 00 00 00 00 00 00 00 00 00 00
[  934.063695] nvdla_blob 00000680: 00 00 00 00 00 00 00 00 00 00 00 00 00 00 00 00
[  934.064035] nvdla_blob 00000690: 00 00 00 00 00 00 00 00 00 00 00 00 00 00 00 00
[  934.064374] nvdla_blob 000006a0: 00 00 00 00 00 00 00 00 00 00 00 00 00 00 00 00
[  934.065944] nvdla_blob 000006b0: 00 00 00 00 00 00 00 00 00 00 00 00 00 00 00 00
[  934.066331] nvdla_blob 000006c0: 00 00 00 00 00 00 00 00 00 00 00 00 00 00 00 00
[  934.066684] nvdla_blob 000006d0: 00 00 00 00 00 00 00 00 00 00 00 00 00 00 00 00
[  934.067027] nvdla_blob 000006e0: 00 00 00 00 00 00 00 00 00 00 00 00 00 00 00 00
[  934.067371] nvdla_blob 000006f0: 00 00 00 00 00 00 00 00 00 00 00 00 00 00 00 00
[  934.067728] nvdla_blob 00000700: 00 00 00 00 00 00 00 00 00 00 00 00 00 00 00 00
[  934.068072] nvdla_blob 00000710: 00 00 00 00 00 00 00 00 00 00 00 00 00 00 00 00
[  934.068417] nvdla_blob 00000720: 00 00 00 00 00 00 00 00 00 00 00 00 00 00 00 00
[  934.069908] nvdla_blob 00000730: 00 00 00 00 00 00 00 00 00 00 00 00 00 00 00 00
[  934.070290] nvdla_blob 00000740: 00 00 00 00 00 00 00 00 00 00 00 00 00 00 00 00
[  934.070646] nvdla_blob 00000750: 00 00 00 00 00 00 00 00 00 00 00 00 00 00 00 00
[  934.070989] nvdla_blob 00000760: 00 00 00 00 00 00 00 00 00 00 00 00 00 00 00 00
[  934.072367] nvdla_blob 00000770: 00 00 00 00 00 00 00 00 00 00 00 00 00 00 00 00
[  934.074110] nvdla_blob 00000780: 00 00 00 00 00 00 00 00 00 00 00 00 00 00 00 00
[  934.074515] nvdla_blob 00000790: 00 00 00 00 00 00 00 00 00 00 00 00 00 00 00 00
[  934.074876] nvdla_blob 000007a0: 00 00 00 00 00 00 00 00 00 00 00 00 00 00 00 00
[  934.075264] nvdla_blob 000007b0: 00 00 00 00 00 00 00 00 00 00 00 00 00 00 00 00
[  934.075649] nvdla_blob 000007c0: 00 00 00 00 00 00 00 00 00 00 00 00 00 00 00 00
[  934.076111] nvdla_blob 000007d0: 00 00 00 00 00 00 00 00 00 00 00 00 00 00 00 00
[  934.076509] nvdla_blob 000007e0: 00 00 00 00 00 00 00 00 00 00 00 00 00 00 00 00
[  934.078369] nvdla_blob 000007f0: 00 00 00 00 00 00 00 00 00 00 00 00 00 00 00 00
[  934.078732] nvdla_blob 00000800: 00 00 00 00 00 00 00 00 00 00 00 00 00 00 00 00
[  934.079077] nvdla_blob 00000810: 00 00 00 00 00 00 00 00 00 00 00 00 00 00 00 00
[  934.079423] nvdla_blob 00000820: 00 00 00 00 00 00 00 00 00 00 00 00 00 00 00 00
[  934.079778] nvdla_blob 00000830: 00 00 00 00 00 00 00 00 00 00 00 00 00 00 00 00
[  934.080122] nvdla_blob 00000840: 00 00 00 00 00 00 00 00 00 00 00 00 00 00 00 00
[  934.080489] nvdla_blob 00000850: 00 00 00 00 00 00 00 00 00 00 00 00 00 00 00 00
[  934.082036] nvdla_blob 00000860: 00 00 00 00 00 00 00 00 00 00 00 00 00 00 00 00
[  934.082382] nvdla_blob 00000870: 00 00 00 00 00 00 00 00 00 00 00 00 00 00 00 00
[  934.082736] nvdla_blob 00000880: 00 00 00 00 00 00 00 00 00 00 00 00 00 00 00 00
[  934.083079] nvdla_blob 00000890: 00 00 00 00 00 00 00 00 00 00 00 00 00 00 00 00
[  934.083422] nvdla_blob 000008a0: 00 00 00 00 00 00 00 00 00 00 00 00 00 00 00 00
[  934.083774] nvdla_blob 000008b0: 00 00 00 00 00 00 00 00 00 00 00 00 00 00 00 00
[  934.084113] nvdla_blob 000008c0: 00 00 00 00 00 00 00 00 00 00 00 00 00 00 00 00
[  934.084473] nvdla_blob 000008d0: 00 00 00 00 00 00 00 00 00 00 00 00 00 00 00 00
[  934.086036] nvdla_blob 000008e0: 00 00 00 00 00 00 00 00 00 00 00 00 00 00 00 00
[  934.086379] nvdla_blob 000008f0: 00 00 00 00 00 00 00 00 00 00 00 00 00 00 00 00
[  934.086732] nvdla_blob 00000900: 00 00 00 00 00 00 00 00 00 00 00 00 00 00 00 00
[  934.087076] nvdla_blob 00000910: 00 00 00 00 00 00 00 00 00 00 00 00 00 00 00 00
[  934.087486] nvdla_blob 00000920: 00 00 00 00 00 00 00 00 00 00 00 00 00 00 00 00
[  934.087893] nvdla_blob 00000930: 00 00 00 00 00 00 00 00 00 00 00 00 00 00 00 00
[  934.088242] nvdla_blob 00000940: 00 00 00 00 00 00 00 00 00 00 00 00 00 00 00 00
[  934.088736] nvdla_blob 00000950: 00 00 00 00 00 00 00 00 00 00 00 00 00 00 00 00
[  934.090431] nvdla_blob 00000960: 00 00 00 00 00 00 00 00 00 00 00 00 00 00 00 00
[  934.090794] nvdla_blob 00000970: 00 00 00 00 00 00 00 00 00 00 00 00 00 00 00 00
[  934.091370] nvdla_blob 00000980: 00 00 00 00 00 00 00 00 00 00 00 00 00 00 00 00
[  934.091909] nvdla_blob 00000990: 00 00 00 00 00 00 00 00 00 00 00 00 00 00 00 00
[  934.092277] nvdla_blob 000009a0: 00 00 00 00 00 00 00 00 00 00 00 00 00 00 00 00
[  934.092851] nvdla_blob 000009b0: 00 00 00 00 00 00 00 00 00 00 00 00 00 00 00 00
[  934.094715] nvdla_blob 000009c0: 00 00 00 00 00 00 00 00 00 00 00 00 00 00 00 00
[  934.095056] nvdla_blob 000009d0: 00 00 00 00 00 00 00 00 00 00 00 00 00 00 00 00
[  934.095395] nvdla_blob 000009e0: 00 00 00 00 00 00 00 00 00 00 00 00 00 00 00 00
[  934.095741] nvdla_blob 000009f0: 00 00 00 00 00 00 00 00 00 00 00 00 00 00 00 00
[  934.096081] nvdla_blob 00000a00: 00 00 00 00 00 00 00 00 00 00 00 00 00 00 00 00
[  934.096420] nvdla_blob 00000a10: 00 00 00 00 00 00 00 00 00 00 00 00 00 00 00 00
[  934.097898] nvdla_blob 00000a20: 00 00 00 00 00 00 00 00 00 00 00 00 00 00 00 00
[  934.098287] nvdla_blob 00000a30: 00 00 00 00 00 00 00 00 00 00 00 00 00 00 00 00
[  934.098642] nvdla_blob 00000a40: 00 00 00 00 00 00 00 00 00 00 00 00 00 00 00 00
[  934.098988] nvdla_blob 00000a50: 00 00 00 00 00 00 00 00 00 00 00 00 00 00 00 00
[  934.099332] nvdla_blob 00000a60: 00 00 00 00 00 00 00 00 00 00 00 00 00 00 00 00
[  934.099680] nvdla_blob 00000a70: 00 00 00 00 00 00 00 00 00 00 00 00 00 00 00 00
[  934.100020] nvdla_blob 00000a80: 00 00 00 00 00 00 00 00 00 00 00 00 00 00 00 00
[  934.100357] nvdla_blob 00000a90: 00 00 00 00 00 00 00 00 00 00 00 00 00 00 00 00
[  934.101853] nvdla_blob 00000aa0: 00 00 00 00 00 00 00 00 00 00 00 00 00 00 00 00
[  934.102239] nvdla_blob 00000ab0: 00 00 00 00 00 00 00 00 00 00 00 00 00 00 00 00
[  934.102590] nvdla_blob 00000ac0: 00 00 00 00 00 00 00 00 00 00 00 00 00 00 00 00
[  934.102936] nvdla_blob 00000ad0: 00 00 00 00 00 00 00 00 00 00 00 00 00 00 00 00
[  934.103275] nvdla_blob 00000ae0: 00 00 00 00 00 00 00 00 00 00 00 00 00 00 00 00
[  934.103654] nvdla_blob 00000af0: 00 00 00 00 00 00 00 00 00 00 00 00 00 00 00 00
[  934.104057] nvdla_blob 00000b00: 00 00 00 00 00 00 00 00 00 00 00 00 00 00 00 00
[  934.104404] nvdla_blob 00000b10: 00 00 00 00 00 00 00 00 00 00 00 00 00 00 00 00
[  934.106213] nvdla_blob 00000b20: 00 00 00 00 00 00 00 00 00 00 00 00 00 00 00 00
[  934.106628] nvdla_blob 00000b30: 00 00 00 00 00 00 00 00 00 00 00 00 00 00 00 00
[  934.107059] nvdla_blob 00000b40: 00 00 00 00 00 00 00 00 00 00 00 00 00 00 00 00
[  934.107425] nvdla_blob 00000b50: 00 00 00 00 00 00 00 00 00 00 00 00 00 00 00 00
[  934.107849] nvdla_blob 00000b60: 00 00 00 00 00 00 00 00 00 00 00 00 00 00 00 00
[  934.108214] nvdla_blob 00000b70: 00 00 00 00 00 00 00 00 00 00 00 00 00 00 00 00
[  934.108593] nvdla_blob 00000b80: 00 00 00 00 00 00 00 00 00 00 00 00 00 00 00 00
[  934.110415] nvdla_blob 00000b90: 00 00 00 00 00 00 00 00 00 00 00 00 00 00 00 00
[  934.110856] nvdla_blob 00000ba0: 00 00 00 00 00 00 00 00 00 00 00 00 00 00 00 00
[  934.111226] nvdla_blob 00000bb0: 00 00 00 00 00 00 00 00 00 00 00 00 00 00 00 00
[  934.111590] nvdla_blob 00000bc0: 00 00 00 00 00 00 00 00 00 00 00 00 00 00 00 00
[  934.111939] nvdla_blob 00000bd0: 00 00 00 00 00 00 00 00 00 00 00 00 00 00 00 00
[  934.112284] nvdla_blob 00000be0: 00 00 00 00 00 00 00 00 00 00 00 00 00 00 00 00
[  934.112670] nvdla_blob 00000bf0: 00 00 00 00 00 00 00 00 00 00 00 00 00 00 00 00
[  934.114459] nvdla_blob 00000c00: 00 00 00 00 00 00 00 00 00 00 00 00 00 00 00 00
[  934.114822] nvdla_blob 00000c10: 00 00 00 00 00 00 00 00 00 00 00 00 00 00 00 00
[  934.115166] nvdla_blob 00000c20: 00 00 00 00 00 00 00 00 00 00 00 00 00 00 00 00
[  934.115509] nvdla_blob 00000c30: 00 00 00 00 00 00 00 00 00 00 00 00 00 00 00 00
[  934.115864] nvdla_blob 00000c40: 00 00 00 00 00 00 00 00 00 00 00 00 00 00 00 00
[  934.116204] nvdla_blob 00000c50: 00 00 00 00 00 00 00 00 00 00 00 00 00 00 00 00
[  934.116563] nvdla_blob 00000c60: 00 00 00 00 00 00 00 00 00 00 00 00 00 00 00 00
[  934.118028] nvdla_blob 00000c70: 00 00 00 00 00 00 00 00 00 00 00 00 00 00 00 00
[  934.118378] nvdla_blob 00000c80: 00 00 00 00 00 00 00 00 00 00 00 00 00 00 00 00
[  934.118734] nvdla_blob 00000c90: 00 00 00 00 00 00 00 00 00 00 00 00 00 00 00 00
[  934.119077] nvdla_blob 00000ca0: 00 00 00 00 00 00 00 00 00 00 00 00 00 00 00 00
[  934.119438] nvdla_blob 00000cb0: 00 00 00 00 00 00 00 00 00 00 00 00 00 00 00 00
[  934.119922] nvdla_blob 00000cc0: 00 00 00 00 00 00 00 00 00 00 00 00 00 00 00 00
[  934.120280] nvdla_blob 00000cd0: 00 00 00 00 00 00 00 00 00 00 00 00 00 00 00 00
[  934.120688] nvdla_blob 00000ce0: 00 00 00 00 00 00 00 00 00 00 00 00 00 00 00 00
[  934.122387] nvdla_blob 00000cf0: 00 00 00 00 00 00 00 00 00 00 00 00 00 00 00 00
[  934.122816] nvdla_blob 00000d00: 00 00 00 00 00 00 00 00 00 00 00 00 00 00 00 00
[  934.123163] nvdla_blob 00000d10: 00 00 00 00 00 00 00 00 00 00 00 00 00 00 00 00
[  934.123540] nvdla_blob 00000d20: 00 00 00 00 00 00 00 00 00 00 00 00 00 00 00 00
[  934.123922] nvdla_blob 00000d30: 00 00 00 00 00 00 00 00 00 00 00 00 00 00 00 00
[  934.126954] nvdla_blob 00000d40: 00 00 00 00 00 00 00 00 00 00 00 00 00 00 00 00
[  934.127434] nvdla_blob 00000d50: 00 00 00 00 00 00 00 00 00 00 00 00 00 00 00 00
[  934.127888] nvdla_blob 00000d60: 00 00 00 00 00 00 00 00 00 00 00 00 00 00 00 00
[  934.128272] nvdla_blob 00000d70: 00 00 00 00 00 00 00 00 00 00 00 00 00 00 00 00
[  934.128685] nvdla_blob 00000d80: 00 00 00 00 00 00 00 00 00 00 00 00 00 00 00 00
[  934.130597] nvdla_blob 00000d90: 00 00 00 00 00 00 00 00 00 00 00 00 00 00 00 00
[  934.131013] nvdla_blob 00000da0: 00 00 00 00 00 00 00 00 00 00 00 00 00 00 00 00
[  934.131400] nvdla_blob 00000db0: 00 00 00 00 00 00 00 00 00 00 00 00 00 00 00 00
[  934.131805] nvdla_blob 00000dc0: 00 00 00 00 00 00 00 00 00 00 00 00 00 00 00 00
[  934.132200] nvdla_blob 00000dd0: 00 00 00 00 00 00 00 00 00 00 00 00 00 00 00 00
[  934.132668] nvdla_blob 00000de0: 00 00 00 00 00 00 00 00 00 00 00 00 00 00 00 00
[  934.134504] nvdla_blob 00000df0: 00 00 00 00 00 00 00 00 00 00 00 00 00 00 00 00
[  934.134910] nvdla_blob 00000e00: 00 00 00 00 00 00 00 00 00 00 00 00 00 00 00 00
[  934.135293] nvdla_blob 00000e10: 00 00 00 00 00 00 00 00 00 00 00 00 00 00 00 00
[  934.135910] nvdla_blob 00000e20: 00 00 00 00 00 00 00 00 00 00 00 00 00 00 00 00
[  934.136317] nvdla_blob 00000e30: 00 00 00 00 00 00 00 00 00 00 00 00 00 00 00 00
[  934.138008] nvdla_blob 00000e40: 00 00 00 00 00 00 00 00 00 00 00 00 00 00 00 00
[  934.138454] nvdla_blob 00000e50: 00 00 00 00 00 00 00 00 00 00 00 00 00 00 00 00
[  934.138847] nvdla_blob 00000e60: 00 00 00 00 00 00 00 00 00 00 00 00 00 00 00 00
[  934.139333] nvdla_blob 00000e70: 00 00 00 00 00 00 00 00 00 00 00 00 00 00 00 00
[  934.139752] nvdla_blob 00000e80: 00 00 00 00 00 00 00 00 00 00 00 00 00 00 00 00
[  934.140212] nvdla_blob 00000e90: 00 00 00 00 00 00 00 00 00 00 00 00 00 00 00 00
[  934.140705] nvdla_blob 00000ea0: 00 00 00 00 00 00 00 00 00 00 00 00 00 00 00 00
[  934.142542] nvdla_blob 00000eb0: 00 00 00 00 00 00 00 00 00 00 00 00 00 00 00 00
[  934.142960] nvdla_blob 00000ec0: 00 00 00 00 00 00 00 00 00 00 00 00 00 00 00 00
[  934.143355] nvdla_blob 00000ed0: 00 00 00 00 00 00 00 00 00 00 00 00 00 00 00 00
[  934.143763] nvdla_blob 00000ee0: 00 00 00 00 00 00 00 00 00 00 00 00 00 00 00 00
[  934.144154] nvdla_blob 00000ef0: 00 00 00 00 00 00 00 00 00 00 00 00 00 00 00 00
[  934.144543] nvdla_blob 00000f00: 00 00 00 00 00 00 00 00 00 00 00 00 00 00 00 00
[  934.146120] nvdla_blob 00000f10: 00 00 00 00 00 00 00 00 00 00 00 00 00 00 00 00
[  934.146551] nvdla_blob 00000f20: 00 00 00 00 00 00 00 00 00 00 00 00 00 00 00 00
[  934.146951] nvdla_blob 00000f30: 00 00 00 00 00 00 00 00 00 00 00 00 00 00 00 00
[  934.147336] nvdla_blob 00000f40: 00 00 00 00 00 00 00 00 00 00 00 00 00 00 00 00
[  934.147747] nvdla_blob 00000f50: 00 00 00 00 00 00 00 00 00 00 00 00 00 00 00 00
[  934.148163] nvdla_blob 00000f60: 00 00 00 00 00 00 00 00 00 00 00 00 00 00 00 00
[  934.148736] nvdla_blob 00000f70: 00 00 00 00 00 00 00 00 00 00 00 00 00 00 00 00
[  934.150556] nvdla_blob 00000f80: 00 00 00 00 00 00 00 00 00 00 00 00 00 00 00 00
[  934.151045] nvdla_blob 00000f90: 00 00 00 00 00 00 00 00 00 00 00 00 00 00 00 00
[  934.151605] nvdla_blob 00000fa0: 00 00 00 00 00 00 00 00 00 00 00 00 00 00 00 00
[  934.152193] nvdla_blob 00000fb0: 00 00 00 00 00 00 00 00 00 00 00 00 00 00 00 00
[  934.152750] nvdla_blob 00000fc0: 00 00 00 00 00 00 00 00 00 00 00 00 00 00 00 00
[  934.154472] nvdla_blob 00000fd0: 00 00 00 00 00 00 00 00 00 00 00 00 00 00 00 00
[  934.154869] nvdla_blob 00000fe0: 00 00 00 00 00 00 00 00 00 00 00 00 00 00 00 00
[  934.155268] nvdla_blob 00000ff0: 00 00 00 00 00 00 00 00 00 00 00 00 00 00 00 00
[  934.155424] nvdla_blob[8] prime_fd=10 handle=7 size=4096 dma=0xc0009000 full_4096_bytes:
[  934.155835] nvdla_blob 00000000: 00 00 00 00 00 00 00 00 00 00 00 00 00 00 00 00
[  934.156266] nvdla_blob 00000010: 00 00 00 00 00 00 00 00 00 00 00 00 00 00 00 00
[  934.156717] nvdla_blob 00000020: 00 00 00 00 00 00 00 00 00 00 00 00 00 00 00 00
[  934.158579] nvdla_blob 00000030: 00 00 00 00 00 00 00 00 00 00 00 00 00 00 00 00
[  934.158994] nvdla_blob 00000040: 00 00 00 00 00 00 00 00 00 00 00 00 00 00 00 00
[  934.159402] nvdla_blob 00000050: 00 00 00 00 00 00 00 00 00 00 00 00 00 00 00 00
[  934.159842] nvdla_blob 00000060: 00 00 00 00 00 00 00 00 00 00 00 00 00 00 00 00
[  934.160227] nvdla_blob 00000070: 00 00 00 00 00 00 00 00 00 00 00 00 00 00 00 00
[  934.160620] nvdla_blob 00000080: 00 00 00 00 00 00 00 00 00 00 00 00 00 00 00 00
[  934.162278] nvdla_blob 00000090: 00 00 00 00 00 00 00 00 00 00 00 00 00 00 00 00
[  934.162705] nvdla_blob 000000a0: 00 00 00 00 00 00 00 00 00 00 00 00 00 00 00 00
[  934.163094] nvdla_blob 000000b0: 00 00 00 00 00 00 00 00 00 00 00 00 00 00 00 00
[  934.163478] nvdla_blob 000000c0: 00 00 00 00 00 00 00 00 00 00 00 00 00 00 00 00
[  934.163872] nvdla_blob 000000d0: 00 00 00 00 00 00 00 00 00 00 00 00 00 00 00 00
[  934.164259] nvdla_blob 000000e0: 00 00 00 00 00 00 00 00 00 00 00 00 00 00 00 00
[  934.165752] nvdla_blob 000000f0: 00 00 00 00 00 00 00 00 00 00 00 00 00 00 00 00
[  934.166248] nvdla_blob 00000100: 00 00 00 00 00 00 00 00 00 00 00 00 00 00 00 00
[  934.166661] nvdla_blob 00000110: 00 00 00 00 00 00 00 00 00 00 00 00 00 00 00 00
[  934.167047] nvdla_blob 00000120: 00 00 00 00 00 00 00 00 00 00 00 00 00 00 00 00
[  934.167425] nvdla_blob 00000130: 00 00 00 00 00 00 00 00 00 00 00 00 00 00 00 00
[  934.167860] nvdla_blob 00000140: 00 00 00 00 00 00 00 00 00 00 00 00 00 00 00 00
[  934.168273] nvdla_blob 00000150: 00 00 00 00 00 00 00 00 00 00 00 00 00 00 00 00
[  934.168810] nvdla_blob 00000160: 00 00 00 00 00 00 00 00 00 00 00 00 00 00 00 00
[  934.171039] nvdla_blob 00000170: 00 00 00 00 00 00 00 00 00 00 00 00 00 00 00 00
[  934.171603] nvdla_blob 00000180: 00 00 00 00 00 00 00 00 00 00 00 00 00 00 00 00
[  934.172133] nvdla_blob 00000190: 00 00 00 00 00 00 00 00 00 00 00 00 00 00 00 00
[  934.172767] nvdla_blob 000001a0: 00 00 00 00 00 00 00 00 00 00 00 00 00 00 00 00
[  934.174466] nvdla_blob 000001b0: 00 00 00 00 00 00 00 00 00 00 00 00 00 00 00 00
[  934.174868] nvdla_blob 000001c0: 00 00 00 00 00 00 00 00 00 00 00 00 00 00 00 00
[  934.175254] nvdla_blob 000001d0: 00 00 00 00 00 00 00 00 00 00 00 00 00 00 00 00
[  934.175668] nvdla_blob 000001e0: 00 00 00 00 00 00 00 00 00 00 00 00 00 00 00 00
[  934.176093] nvdla_blob 000001f0: 00 00 00 00 00 00 00 00 00 00 00 00 00 00 00 00
[  934.176518] nvdla_blob 00000200: 00 00 00 00 00 00 00 00 00 00 00 00 00 00 00 00
[  934.178283] nvdla_blob 00000210: 00 00 00 00 00 00 00 00 00 00 00 00 00 00 00 00
[  934.178709] nvdla_blob 00000220: 00 00 00 00 00 00 00 00 00 00 00 00 00 00 00 00
[  934.179102] nvdla_blob 00000230: 00 00 00 00 00 00 00 00 00 00 00 00 00 00 00 00
[  934.179490] nvdla_blob 00000240: 00 00 00 00 00 00 00 00 00 00 00 00 00 00 00 00
[  934.180055] nvdla_blob 00000250: 00 00 00 00 00 00 00 00 00 00 00 00 00 00 00 00
[  934.180584] nvdla_blob 00000260: 00 00 00 00 00 00 00 00 00 00 00 00 00 00 00 00
[  934.182550] nvdla_blob 00000270: 00 00 00 00 00 00 00 00 00 00 00 00 00 00 00 00
[  934.183056] nvdla_blob 00000280: 00 00 00 00 00 00 00 00 00 00 00 00 00 00 00 00
[  934.183731] nvdla_blob 00000290: 00 00 00 00 00 00 00 00 00 00 00 00 00 00 00 00
[  934.184202] nvdla_blob 000002a0: 00 00 00 00 00 00 00 00 00 00 00 00 00 00 00 00
[  934.184837] nvdla_blob 000002b0: 00 00 00 00 00 00 00 00 00 00 00 00 00 00 00 00
[  934.186482] nvdla_blob 000002c0: 00 00 00 00 00 00 00 00 00 00 00 00 00 00 00 00
[  934.186844] nvdla_blob 000002d0: 00 00 00 00 00 00 00 00 00 00 00 00 00 00 00 00
[  934.187428] nvdla_blob 000002e0: 00 00 00 00 00 00 00 00 00 00 00 00 00 00 00 00
[  934.187861] nvdla_blob 000002f0: 00 00 00 00 00 00 00 00 00 00 00 00 00 00 00 00
[  934.188227] nvdla_blob 00000300: 00 00 00 00 00 00 00 00 00 00 00 00 00 00 00 00
[  934.188733] nvdla_blob 00000310: 00 00 00 00 00 00 00 00 00 00 00 00 00 00 00 00
[  934.190319] nvdla_blob 00000320: 00 00 00 00 00 00 00 00 00 00 00 00 00 00 00 00
[  934.190674] nvdla_blob 00000330: 00 00 00 00 00 00 00 00 00 00 00 00 00 00 00 00
[  934.191021] nvdla_blob 00000340: 00 00 00 00 00 00 00 00 00 00 00 00 00 00 00 00
[  934.191358] nvdla_blob 00000350: 00 00 00 00 00 00 00 00 00 00 00 00 00 00 00 00
[  934.192488] nvdla_blob 00000360: 00 00 00 00 00 00 00 00 00 00 00 00 00 00 00 00
[  934.194239] nvdla_blob 00000370: 00 00 00 00 00 00 00 00 00 00 00 00 00 00 00 00
[  934.194652] nvdla_blob 00000380: 00 00 00 00 00 00 00 00 00 00 00 00 00 00 00 00
[  934.195040] nvdla_blob 00000390: 00 00 00 00 00 00 00 00 00 00 00 00 00 00 00 00
[  934.195428] nvdla_blob 000003a0: 00 00 00 00 00 00 00 00 00 00 00 00 00 00 00 00
[  934.195821] nvdla_blob 000003b0: 00 00 00 00 00 00 00 00 00 00 00 00 00 00 00 00
[  934.196218] nvdla_blob 000003c0: 00 00 00 00 00 00 00 00 00 00 00 00 00 00 00 00
[  934.196686] nvdla_blob 000003d0: 00 00 00 00 00 00 00 00 00 00 00 00 00 00 00 00
[  934.198637] nvdla_blob 000003e0: 00 00 00 00 00 00 00 00 00 00 00 00 00 00 00 00
[  934.199035] nvdla_blob 000003f0: 00 00 00 00 00 00 00 00 00 00 00 00 00 00 00 00
[  934.199423] nvdla_blob 00000400: 00 00 00 00 00 00 00 00 00 00 00 00 00 00 00 00
[  934.199888] nvdla_blob 00000410: 00 00 00 00 00 00 00 00 00 00 00 00 00 00 00 00
[  934.200285] nvdla_blob 00000420: 00 00 00 00 00 00 00 00 00 00 00 00 00 00 00 00
[  934.201432] nvdla_blob 00000430: 00 00 00 00 00 00 00 00 00 00 00 00 00 00 00 00
[  934.203350] nvdla_blob 00000440: 00 00 00 00 00 00 00 00 00 00 00 00 00 00 00 00
[  934.203872] nvdla_blob 00000450: 00 00 00 00 00 00 00 00 00 00 00 00 00 00 00 00
[  934.204355] nvdla_blob 00000460: 00 00 00 00 00 00 00 00 00 00 00 00 00 00 00 00
[  934.205808] nvdla_blob 00000470: 00 00 00 00 00 00 00 00 00 00 00 00 00 00 00 00
[  934.206260] nvdla_blob 00000480: 00 00 00 00 00 00 00 00 00 00 00 00 00 00 00 00
[  934.206652] nvdla_blob 00000490: 00 00 00 00 00 00 00 00 00 00 00 00 00 00 00 00
[  934.207035] nvdla_blob 000004a0: 00 00 00 00 00 00 00 00 00 00 00 00 00 00 00 00
[  934.207418] nvdla_blob 000004b0: 00 00 00 00 00 00 00 00 00 00 00 00 00 00 00 00
[  934.207826] nvdla_blob 000004c0: 00 00 00 00 00 00 00 00 00 00 00 00 00 00 00 00
[  934.208210] nvdla_blob 000004d0: 00 00 00 00 00 00 00 00 00 00 00 00 00 00 00 00
[  934.208632] nvdla_blob 000004e0: 00 00 00 00 00 00 00 00 00 00 00 00 00 00 00 00
[  934.210233] nvdla_blob 000004f0: 00 00 00 00 00 00 00 00 00 00 00 00 00 00 00 00
[  934.210714] nvdla_blob 00000500: 00 00 00 00 00 00 00 00 00 00 00 00 00 00 00 00
[  934.211105] nvdla_blob 00000510: 00 00 00 00 00 00 00 00 00 00 00 00 00 00 00 00
[  934.211500] nvdla_blob 00000520: 00 00 00 00 00 00 00 00 00 00 00 00 00 00 00 00
[  934.211909] nvdla_blob 00000530: 00 00 00 00 00 00 00 00 00 00 00 00 00 00 00 00
[  934.212292] nvdla_blob 00000540: 00 00 00 00 00 00 00 00 00 00 00 00 00 00 00 00
[  934.213855] nvdla_blob 00000550: 00 00 00 00 00 00 00 00 00 00 00 00 00 00 00 00
[  934.214303] nvdla_blob 00000560: 00 00 00 00 00 00 00 00 00 00 00 00 00 00 00 00
[  934.214995] nvdla_blob 00000570: 00 00 00 00 00 00 00 00 00 00 00 00 00 00 00 00
[  934.215777] nvdla_blob 00000580: 00 00 00 00 00 00 00 00 00 00 00 00 00 00 00 00
[  934.216242] nvdla_blob 00000590: 00 00 00 00 00 00 00 00 00 00 00 00 00 00 00 00
[  934.216719] nvdla_blob 000005a0: 00 00 00 00 00 00 00 00 00 00 00 00 00 00 00 00
[  934.218770] nvdla_blob 000005b0: 00 00 00 00 00 00 00 00 00 00 00 00 00 00 00 00
[  934.219174] nvdla_blob 000005c0: 00 00 00 00 00 00 00 00 00 00 00 00 00 00 00 00
[  934.219566] nvdla_blob 000005d0: 00 00 00 00 00 00 00 00 00 00 00 00 00 00 00 00
[  934.220029] nvdla_blob 000005e0: 00 00 00 00 00 00 00 00 00 00 00 00 00 00 00 00
[  934.220462] nvdla_blob 000005f0: 00 00 00 00 00 00 00 00 00 00 00 00 00 00 00 00
[  934.222255] nvdla_blob 00000600: 00 00 00 00 00 00 00 00 00 00 00 00 00 00 00 00
[  934.222658] nvdla_blob 00000610: 00 00 00 00 00 00 00 00 00 00 00 00 00 00 00 00
[  934.223039] nvdla_blob 00000620: 00 00 00 00 00 00 00 00 00 00 00 00 00 00 00 00
[  934.223421] nvdla_blob 00000630: 00 00 00 00 00 00 00 00 00 00 00 00 00 00 00 00
[  934.223803] nvdla_blob 00000640: 00 00 00 00 00 00 00 00 00 00 00 00 00 00 00 00
[  934.224185] nvdla_blob 00000650: 00 00 00 00 00 00 00 00 00 00 00 00 00 00 00 00
[  934.224606] nvdla_blob 00000660: 00 00 00 00 00 00 00 00 00 00 00 00 00 00 00 00
[  934.226197] nvdla_blob 00000670: 00 00 00 00 00 00 00 00 00 00 00 00 00 00 00 00
[  934.226671] nvdla_blob 00000680: 00 00 00 00 00 00 00 00 00 00 00 00 00 00 00 00
[  934.227061] nvdla_blob 00000690: 00 00 00 00 00 00 00 00 00 00 00 00 00 00 00 00
[  934.227443] nvdla_blob 000006a0: 00 00 00 00 00 00 00 00 00 00 00 00 00 00 00 00
[  934.227837] nvdla_blob 000006b0: 00 00 00 00 00 00 00 00 00 00 00 00 00 00 00 00
[  934.228219] nvdla_blob 000006c0: 00 00 00 00 00 00 00 00 00 00 00 00 00 00 00 00
[  934.228629] nvdla_blob 000006d0: 00 00 00 00 00 00 00 00 00 00 00 00 00 00 00 00
[  934.230221] nvdla_blob 000006e0: 00 00 00 00 00 00 00 00 00 00 00 00 00 00 00 00
[  934.230697] nvdla_blob 000006f0: 00 00 00 00 00 00 00 00 00 00 00 00 00 00 00 00
[  934.231110] nvdla_blob 00000700: 00 00 00 00 00 00 00 00 00 00 00 00 00 00 00 00
[  934.231514] nvdla_blob 00000710: 00 00 00 00 00 00 00 00 00 00 00 00 00 00 00 00
[  934.231992] nvdla_blob 00000720: 00 00 00 00 00 00 00 00 00 00 00 00 00 00 00 00
[  934.232493] nvdla_blob 00000730: 00 00 00 00 00 00 00 00 00 00 00 00 00 00 00 00
[  934.234367] nvdla_blob 00000740: 00 00 00 00 00 00 00 00 00 00 00 00 00 00 00 00
[  934.234788] nvdla_blob 00000750: 00 00 00 00 00 00 00 00 00 00 00 00 00 00 00 00
[  934.235229] nvdla_blob 00000760: 00 00 00 00 00 00 00 00 00 00 00 00 00 00 00 00
[  934.235622] nvdla_blob 00000770: 00 00 00 00 00 00 00 00 00 00 00 00 00 00 00 00
[  934.236003] nvdla_blob 00000780: 00 00 00 00 00 00 00 00 00 00 00 00 00 00 00 00
[  934.236596] nvdla_blob 00000790: 00 00 00 00 00 00 00 00 00 00 00 00 00 00 00 00
[  934.238479] nvdla_blob 000007a0: 00 00 00 00 00 00 00 00 00 00 00 00 00 00 00 00
[  934.238882] nvdla_blob 000007b0: 00 00 00 00 00 00 00 00 00 00 00 00 00 00 00 00
[  934.239265] nvdla_blob 000007c0: 00 00 00 00 00 00 00 00 00 00 00 00 00 00 00 00
[  934.239659] nvdla_blob 000007d0: 00 00 00 00 00 00 00 00 00 00 00 00 00 00 00 00
[  934.240040] nvdla_blob 000007e0: 00 00 00 00 00 00 00 00 00 00 00 00 00 00 00 00
[  934.240420] nvdla_blob 000007f0: 00 00 00 00 00 00 00 00 00 00 00 00 00 00 00 00
[  934.241952] nvdla_blob 00000800: 00 00 00 00 00 00 00 00 00 00 00 00 00 00 00 00
[  934.242372] nvdla_blob 00000810: 00 00 00 00 00 00 00 00 00 00 00 00 00 00 00 00
[  934.242762] nvdla_blob 00000820: 00 00 00 00 00 00 00 00 00 00 00 00 00 00 00 00
[  934.243286] nvdla_blob 00000830: 00 00 00 00 00 00 00 00 00 00 00 00 00 00 00 00
[  934.243825] nvdla_blob 00000840: 00 00 00 00 00 00 00 00 00 00 00 00 00 00 00 00
[  934.244280] nvdla_blob 00000850: 00 00 00 00 00 00 00 00 00 00 00 00 00 00 00 00
[  934.244800] nvdla_blob 00000860: 00 00 00 00 00 00 00 00 00 00 00 00 00 00 00 00
[  934.246425] nvdla_blob 00000870: 00 00 00 00 00 00 00 00 00 00 00 00 00 00 00 00
[  934.246823] nvdla_blob 00000880: 00 00 00 00 00 00 00 00 00 00 00 00 00 00 00 00
[  934.247206] nvdla_blob 00000890: 00 00 00 00 00 00 00 00 00 00 00 00 00 00 00 00
[  934.247596] nvdla_blob 000008a0: 00 00 00 00 00 00 00 00 00 00 00 00 00 00 00 00
[  934.248207] nvdla_blob 000008b0: 00 00 00 00 00 00 00 00 00 00 00 00 00 00 00 00
[  934.248713] nvdla_blob 000008c0: 00 00 00 00 00 00 00 00 00 00 00 00 00 00 00 00
[  934.250410] nvdla_blob 000008d0: 00 00 00 00 00 00 00 00 00 00 00 00 00 00 00 00
[  934.250903] nvdla_blob 000008e0: 00 00 00 00 00 00 00 00 00 00 00 00 00 00 00 00
[  934.251291] nvdla_blob 000008f0: 00 00 00 00 00 00 00 00 00 00 00 00 00 00 00 00
[  934.251693] nvdla_blob 00000900: 00 00 00 00 00 00 00 00 00 00 00 00 00 00 00 00
[  934.252342] nvdla_blob 00000910: 00 00 00 00 00 00 00 00 00 00 00 00 00 00 00 00
[  934.254099] nvdla_blob 00000920: 00 00 00 00 00 00 00 00 00 00 00 00 00 00 00 00
[  934.254539] nvdla_blob 00000930: 00 00 00 00 00 00 00 00 00 00 00 00 00 00 00 00
[  934.254937] nvdla_blob 00000940: 00 00 00 00 00 00 00 00 00 00 00 00 00 00 00 00
[  934.255314] nvdla_blob 00000950: 00 00 00 00 00 00 00 00 00 00 00 00 00 00 00 00
[  934.255710] nvdla_blob 00000960: 00 00 00 00 00 00 00 00 00 00 00 00 00 00 00 00
[  934.256149] nvdla_blob 00000970: 00 00 00 00 00 00 00 00 00 00 00 00 00 00 00 00
[  934.258391] nvdla_blob 00000980: 00 00 00 00 00 00 00 00 00 00 00 00 00 00 00 00
[  934.258938] nvdla_blob 00000990: 00 00 00 00 00 00 00 00 00 00 00 00 00 00 00 00
[  934.259321] nvdla_blob 000009a0: 00 00 00 00 00 00 00 00 00 00 00 00 00 00 00 00
[  934.259710] nvdla_blob 000009b0: 00 00 00 00 00 00 00 00 00 00 00 00 00 00 00 00
[  934.260103] nvdla_blob 000009c0: 00 00 00 00 00 00 00 00 00 00 00 00 00 00 00 00
[  934.260490] nvdla_blob 000009d0: 00 00 00 00 00 00 00 00 00 00 00 00 00 00 00 00
[  934.262343] nvdla_blob 000009e0: 00 00 00 00 00 00 00 00 00 00 00 00 00 00 00 00
[  934.262839] nvdla_blob 000009f0: 00 00 00 00 00 00 00 00 00 00 00 00 00 00 00 00
[  934.263249] nvdla_blob 00000a00: 00 00 00 00 00 00 00 00 00 00 00 00 00 00 00 00
[  934.263676] nvdla_blob 00000a10: 00 00 00 00 00 00 00 00 00 00 00 00 00 00 00 00
[  934.264138] nvdla_blob 00000a20: 00 00 00 00 00 00 00 00 00 00 00 00 00 00 00 00
[  934.264583] nvdla_blob 00000a30: 00 00 00 00 00 00 00 00 00 00 00 00 00 00 00 00
[  934.266280] nvdla_blob 00000a40: 00 00 00 00 00 00 00 00 00 00 00 00 00 00 00 00
[  934.266679] nvdla_blob 00000a50: 00 00 00 00 00 00 00 00 00 00 00 00 00 00 00 00
[  934.267061] nvdla_blob 00000a60: 00 00 00 00 00 00 00 00 00 00 00 00 00 00 00 00
[  934.267446] nvdla_blob 00000a70: 00 00 00 00 00 00 00 00 00 00 00 00 00 00 00 00
[  934.267846] nvdla_blob 00000a80: 00 00 00 00 00 00 00 00 00 00 00 00 00 00 00 00
[  934.268290] nvdla_blob 00000a90: 00 00 00 00 00 00 00 00 00 00 00 00 00 00 00 00
[  934.268723] nvdla_blob 00000aa0: 00 00 00 00 00 00 00 00 00 00 00 00 00 00 00 00
[  934.270282] nvdla_blob 00000ab0: 00 00 00 00 00 00 00 00 00 00 00 00 00 00 00 00
[  934.270685] nvdla_blob 00000ac0: 00 00 00 00 00 00 00 00 00 00 00 00 00 00 00 00
[  934.271070] nvdla_blob 00000ad0: 00 00 00 00 00 00 00 00 00 00 00 00 00 00 00 00
[  934.271456] nvdla_blob 00000ae0: 00 00 00 00 00 00 00 00 00 00 00 00 00 00 00 00
[  934.271852] nvdla_blob 00000af0: 00 00 00 00 00 00 00 00 00 00 00 00 00 00 00 00
[  934.272237] nvdla_blob 00000b00: 00 00 00 00 00 00 00 00 00 00 00 00 00 00 00 00
[  934.272656] nvdla_blob 00000b10: 00 00 00 00 00 00 00 00 00 00 00 00 00 00 00 00
[  934.274180] nvdla_blob 00000b20: 00 00 00 00 00 00 00 00 00 00 00 00 00 00 00 00
[  934.274653] nvdla_blob 00000b30: 00 00 00 00 00 00 00 00 00 00 00 00 00 00 00 00
[  934.275082] nvdla_blob 00000b40: 00 00 00 00 00 00 00 00 00 00 00 00 00 00 00 00
[  934.275469] nvdla_blob 00000b50: 00 00 00 00 00 00 00 00 00 00 00 00 00 00 00 00
[  934.275876] nvdla_blob 00000b60: 00 00 00 00 00 00 00 00 00 00 00 00 00 00 00 00
[  934.276264] nvdla_blob 00000b70: 00 00 00 00 00 00 00 00 00 00 00 00 00 00 00 00
[  934.276728] nvdla_blob 00000b80: 00 00 00 00 00 00 00 00 00 00 00 00 00 00 00 00
[  934.278463] nvdla_blob 00000b90: 00 00 00 00 00 00 00 00 00 00 00 00 00 00 00 00
[  934.278967] nvdla_blob 00000ba0: 00 00 00 00 00 00 00 00 00 00 00 00 00 00 00 00
[  934.279365] nvdla_blob 00000bb0: 00 00 00 00 00 00 00 00 00 00 00 00 00 00 00 00
[  934.279796] nvdla_blob 00000bc0: 00 00 00 00 00 00 00 00 00 00 00 00 00 00 00 00
[  934.280184] nvdla_blob 00000bd0: 00 00 00 00 00 00 00 00 00 00 00 00 00 00 00 00
[  934.281257] nvdla_blob 00000be0: 00 00 00 00 00 00 00 00 00 00 00 00 00 00 00 00
[  934.283150] nvdla_blob 00000bf0: 00 00 00 00 00 00 00 00 00 00 00 00 00 00 00 00
[  934.283535] nvdla_blob 00000c00: 00 00 00 00 00 00 00 00 00 00 00 00 00 00 00 00
[  934.283932] nvdla_blob 00000c10: 00 00 00 00 00 00 00 00 00 00 00 00 00 00 00 00
[  934.284348] nvdla_blob 00000c20: 00 00 00 00 00 00 00 00 00 00 00 00 00 00 00 00
[  934.285888] nvdla_blob 00000c30: 00 00 00 00 00 00 00 00 00 00 00 00 00 00 00 00
[  934.286353] nvdla_blob 00000c40: 00 00 00 00 00 00 00 00 00 00 00 00 00 00 00 00
[  934.286754] nvdla_blob 00000c50: 00 00 00 00 00 00 00 00 00 00 00 00 00 00 00 00
[  934.287164] nvdla_blob 00000c60: 00 00 00 00 00 00 00 00 00 00 00 00 00 00 00 00
[  934.287606] nvdla_blob 00000c70: 00 00 00 00 00 00 00 00 00 00 00 00 00 00 00 00
[  934.287998] nvdla_blob 00000c80: 00 00 00 00 00 00 00 00 00 00 00 00 00 00 00 00
[  934.288384] nvdla_blob 00000c90: 00 00 00 00 00 00 00 00 00 00 00 00 00 00 00 00
[  934.290149] nvdla_blob 00000ca0: 00 00 00 00 00 00 00 00 00 00 00 00 00 00 00 00
[  934.290578] nvdla_blob 00000cb0: 00 00 00 00 00 00 00 00 00 00 00 00 00 00 00 00
[  934.290974] nvdla_blob 00000cc0: 00 00 00 00 00 00 00 00 00 00 00 00 00 00 00 00
[  934.291358] nvdla_blob 00000cd0: 00 00 00 00 00 00 00 00 00 00 00 00 00 00 00 00
[  934.291748] nvdla_blob 00000ce0: 00 00 00 00 00 00 00 00 00 00 00 00 00 00 00 00
[  934.292135] nvdla_blob 00000cf0: 00 00 00 00 00 00 00 00 00 00 00 00 00 00 00 00
[  934.292523] nvdla_blob 00000d00: 00 00 00 00 00 00 00 00 00 00 00 00 00 00 00 00
[  934.294017] nvdla_blob 00000d10: 00 00 00 00 00 00 00 00 00 00 00 00 00 00 00 00
[  934.294593] nvdla_blob 00000d20: 00 00 00 00 00 00 00 00 00 00 00 00 00 00 00 00
[  934.295082] nvdla_blob 00000d30: 00 00 00 00 00 00 00 00 00 00 00 00 00 00 00 00
[  934.295473] nvdla_blob 00000d40: 00 00 00 00 00 00 00 00 00 00 00 00 00 00 00 00
[  934.295965] nvdla_blob 00000d50: 00 00 00 00 00 00 00 00 00 00 00 00 00 00 00 00
[  934.296512] nvdla_blob 00000d60: 00 00 00 00 00 00 00 00 00 00 00 00 00 00 00 00
[  934.298141] nvdla_blob 00000d70: 00 00 00 00 00 00 00 00 00 00 00 00 00 00 00 00
[  934.298533] nvdla_blob 00000d80: 00 00 00 00 00 00 00 00 00 00 00 00 00 00 00 00
[  934.298938] nvdla_blob 00000d90: 00 00 00 00 00 00 00 00 00 00 00 00 00 00 00 00
[  934.299445] nvdla_blob 00000da0: 00 00 00 00 00 00 00 00 00 00 00 00 00 00 00 00
[  934.300032] nvdla_blob 00000db0: 00 00 00 00 00 00 00 00 00 00 00 00 00 00 00 00
[  934.300475] nvdla_blob 00000dc0: 00 00 00 00 00 00 00 00 00 00 00 00 00 00 00 00
[  934.303177] nvdla_blob 00000dd0: 00 00 00 00 00 00 00 00 00 00 00 00 00 00 00 00
[  934.303760] nvdla_blob 00000de0: 00 00 00 00 00 00 00 00 00 00 00 00 00 00 00 00
[  934.304171] nvdla_blob 00000df0: 00 00 00 00 00 00 00 00 00 00 00 00 00 00 00 00
[  934.304613] nvdla_blob 00000e00: 00 00 00 00 00 00 00 00 00 00 00 00 00 00 00 00
[  934.306231] nvdla_blob 00000e10: 00 00 00 00 00 00 00 00 00 00 00 00 00 00 00 00
[  934.306663] nvdla_blob 00000e20: 00 00 00 00 00 00 00 00 00 00 00 00 00 00 00 00
[  934.307046] nvdla_blob 00000e30: 00 00 00 00 00 00 00 00 00 00 00 00 00 00 00 00
[  934.307430] nvdla_blob 00000e40: 00 00 00 00 00 00 00 00 00 00 00 00 00 00 00 00
[  934.307826] nvdla_blob 00000e50: 00 00 00 00 00 00 00 00 00 00 00 00 00 00 00 00
[  934.308213] nvdla_blob 00000e60: 00 00 00 00 00 00 00 00 00 00 00 00 00 00 00 00
[  934.308657] nvdla_blob 00000e70: 00 00 00 00 00 00 00 00 00 00 00 00 00 00 00 00
[  934.310321] nvdla_blob 00000e80: 00 00 00 00 00 00 00 00 00 00 00 00 00 00 00 00
[  934.310718] nvdla_blob 00000e90: 00 00 00 00 00 00 00 00 00 00 00 00 00 00 00 00
[  934.311109] nvdla_blob 00000ea0: 00 00 00 00 00 00 00 00 00 00 00 00 00 00 00 00
[  934.311499] nvdla_blob 00000eb0: 00 00 00 00 00 00 00 00 00 00 00 00 00 00 00 00
[  934.311935] nvdla_blob 00000ec0: 00 00 00 00 00 00 00 00 00 00 00 00 00 00 00 00
[  934.312359] nvdla_blob 00000ed0: 00 00 00 00 00 00 00 00 00 00 00 00 00 00 00 00
[  934.313881] nvdla_blob 00000ee0: 00 00 00 00 00 00 00 00 00 00 00 00 00 00 00 00
[  934.314347] nvdla_blob 00000ef0: 00 00 00 00 00 00 00 00 00 00 00 00 00 00 00 00
[  934.314752] nvdla_blob 00000f00: 00 00 00 00 00 00 00 00 00 00 00 00 00 00 00 00
[  934.315145] nvdla_blob 00000f10: 00 00 00 00 00 00 00 00 00 00 00 00 00 00 00 00
[  934.315661] nvdla_blob 00000f20: 00 00 00 00 00 00 00 00 00 00 00 00 00 00 00 00
[  934.316119] nvdla_blob 00000f30: 00 00 00 00 00 00 00 00 00 00 00 00 00 00 00 00
[  934.316755] nvdla_blob 00000f40: 00 00 00 00 00 00 00 00 00 00 00 00 00 00 00 00
[  934.318724] nvdla_blob 00000f50: 00 00 00 00 00 00 00 00 00 00 00 00 00 00 00 00
[  934.319193] nvdla_blob 00000f60: 00 00 00 00 00 00 00 00 00 00 00 00 00 00 00 00
[  934.319607] nvdla_blob 00000f70: 00 00 00 00 00 00 00 00 00 00 00 00 00 00 00 00
[  934.319988] nvdla_blob 00000f80: 00 00 00 00 00 00 00 00 00 00 00 00 00 00 00 00
[  934.320368] nvdla_blob 00000f90: 00 00 00 00 00 00 00 00 00 00 00 00 00 00 00 00
[  934.321994] nvdla_blob 00000fa0: 00 00 00 00 00 00 00 00 00 00 00 00 00 00 00 00
[  934.322422] nvdla_blob 00000fb0: 00 00 00 00 00 00 00 00 00 00 00 00 00 00 00 00
[  934.322816] nvdla_blob 00000fc0: 00 00 00 00 00 00 00 00 00 00 00 00 00 00 00 00
[  934.323258] nvdla_blob 00000fd0: 00 00 00 00 00 00 00 00 00 00 00 00 00 00 00 00
[  934.323732] nvdla_blob 00000fe0: 00 00 00 00 00 00 00 00 00 00 00 00 00 00 00 00
[  934.324156] nvdla_blob 00000ff0: 00 00 00 00 00 00 00 00 00 00 00 00 00 00 00 00
[  934.324385] Enter:dla_read_network_config
[  934.325933] Exit:dla_read_network_config status=0
[  934.326076] Enter: dla_initiate_processors
[  934.326451] Enter: dla_submit_operation
[  934.326537] Prepare Convolution operation index 0 ROI 0 dep_count 1
[  934.326654] Enter: dla_prepare_operation
[  934.326864] processor:Convolution group:1, rdma_group:0 available
[  934.327000] Enter: dla_read_config
[  934.333029] Exit: dla_read_config
[  934.333217] Exit: dla_prepare_operation status=0
[  934.333341] Enter: dla_program_operation
[  934.333424] Program Convolution operation index 0 ROI 0 Group[1]
[  934.333550] nvdla_reg_write offset=0x00009004 value=0x00000001
[  934.333758] nvdla_reg_write offset=0x00007004 value=0x00000001
[  934.333884] nvdla_reg_write offset=0x00008004 value=0x00000001
[  934.334006] nvdla_reg_write offset=0x00006004 value=0x00000001
[  934.334152] nvdla_reg_write offset=0x00005004 value=0x00000001
[  934.334457] nvdla_dma_address index=1 handle=5 offset=0x0 dma=0xc0004000 ret=0
[  934.334625] nvdla_dma_address index=0 handle=6 offset=0x0 dma=0xc0001000 ret=0
[  934.334788] nvdla_dma_address index=0 handle=6 offset=0x0 dma=0xc0001000 ret=0
[  934.335237] nvdla_reg_write offset=0x0000900c value=0x00002000
[  934.335374] nvdla_reg_write offset=0x00009010 value=0xffffffff
[  934.335499] nvdla_reg_write offset=0x00009014 value=0xffffffff
[  934.335673] nvdla_reg_write offset=0x00009018 value=0xc0007200
[  934.335822] nvdla_reg_write offset=0x0000901c value=0x00000000
[  934.335965] nvdla_reg_write offset=0x00009020 value=0x00000000
[  934.336089] nvdla_reg_write offset=0x00009024 value=0x00000000
[  934.336218] nvdla_reg_write offset=0x00009028 value=0x00000000
[  934.336338] nvdla_reg_write offset=0x0000902c value=0x00000000
[  934.338686] nvdla_reg_write offset=0x0000700c value=0x00002000
[  934.339048] nvdla_reg_write offset=0x0000800c value=0x00002000
[  934.339411] nvdla_reg_write offset=0x0000600c value=0x00002200
[  934.339780] nvdla_reg_write offset=0x00006010 value=0x00000000
[  934.340073] nvdla_reg_write offset=0x00006014 value=0x001b001b
[  934.340323] nvdla_reg_write offset=0x00006018 value=0x0000008f
[  934.341984] nvdla_reg_write offset=0x0000601c value=0x00000000
[  934.342181] nvdla_reg_write offset=0x00006020 value=0x00000000
[  934.342321] nvdla_reg_write offset=0x00006024 value=0x0000003e
[  934.342463] nvdla_reg_write offset=0x00006028 value=0x00000000
[  934.342631] nvdla_reg_write offset=0x0000602c value=0x00000000
[  934.342775] nvdla_reg_write offset=0x00006030 value=0xffff008f
[  934.342916] nvdla_reg_write offset=0x00006034 value=0x00010001
[  934.343058] nvdla_reg_write offset=0x00006038 value=0x00000000
[  934.343188] nvdla_reg_write offset=0x0000603c value=0x001b001b
[  934.343309] nvdla_reg_write offset=0x00006040 value=0xffffffff
[  934.343431] nvdla_reg_write offset=0x00006044 value=0xffffffff
[  934.343551] nvdla_reg_write offset=0x00006048 value=0x0000001b
[  934.343701] nvdla_reg_write offset=0x0000604c value=0x00000000
[  934.343833] nvdla_reg_write offset=0x00006050 value=0x00000000
[  934.343959] nvdla_reg_write offset=0x00006054 value=0x00000000
[  934.344087] nvdla_reg_write offset=0x00006058 value=0x00000000
[  934.344212] nvdla_reg_write offset=0x0000605c value=0x00000006
[  934.344408] nvdla_reg_write offset=0x00006060 value=0x00000000
[  934.346994] nvdla_reg_write offset=0x00005014 value=0x00002200
[  934.347299] nvdla_reg_write offset=0x00005018 value=0x00000000
[  934.347486] nvdla_reg_write offset=0x0000501c value=0xffffffff
[  934.347657] nvdla_reg_write offset=0x00005020 value=0x00000001
[  934.347809] nvdla_reg_write offset=0x00005024 value=0x001b001b
[  934.347956] nvdla_reg_write offset=0x0000502c value=0x00000000
[  934.348107] nvdla_reg_write offset=0x00005030 value=0x00000000
[  934.348255] nvdla_reg_write offset=0x00005034 value=0xc0001380
[  934.348380] nvdla_reg_write offset=0x00005038 value=0x00000000
[  934.350222] nvdla_reg_write offset=0x0000503c value=0xc0001380
[  934.350438] nvdla_reg_write offset=0x00005040 value=0x0000c400
[  934.350580] nvdla_reg_write offset=0x00005048 value=0x001c001c
[  934.350733] nvdla_reg_write offset=0x00005044 value=0x00000000
[  934.350916] nvdla_reg_write offset=0x0000504c value=0x00000000
[  934.351045] nvdla_reg_write offset=0x00005058 value=0x00000000
[  934.351182] nvdla_reg_write offset=0x0000505c value=0x00000000
[  934.351303] nvdla_reg_write offset=0x00005060 value=0x0000003e
[  934.351421] nvdla_reg_write offset=0x00005064 value=0x00000000
[  934.351542] nvdla_reg_write offset=0x00005068 value=0x00000000
[  934.351706] nvdla_reg_write offset=0x0000506c value=0x0000011f
[  934.351852] nvdla_reg_write offset=0x00005070 value=0xffffffff
[  934.351997] nvdla_reg_write offset=0x00005074 value=0x00000001
[  934.352147] nvdla_reg_write offset=0x00005078 value=0x00000000
[  934.352294] nvdla_reg_write offset=0x0000507c value=0xc0006400
[  934.352445] nvdla_reg_write offset=0x00005080 value=0x00010001
[  934.354994] nvdla_reg_write offset=0x00005098 value=0x00000000
[  934.355181] nvdla_reg_write offset=0x000050a4 value=0x00000000
[  934.355366] nvdla_reg_write offset=0x000050b0 value=0x00000000
[  934.355501] nvdla_reg_write offset=0x000050b4 value=0x00000000
[  934.355701] nvdla_reg_write offset=0x000050b8 value=0x00000000
[  934.355847] nvdla_reg_write offset=0x000050bc value=0x00000006
[  934.356052] no desc get due to index==-1
[  934.356154] no desc get due to index==-1
[  934.356494] no desc get due to index==-1
[  934.357972] no desc get due to index==-1
[  934.358093] no desc get due to index==-1
[  934.358188] no desc get due to index==-1
[  934.358269] Enter: dla_op_programmed
[  934.358428] Update dependency operation index 1 ROI 0 DEP_COUNT=1
[  934.358540] enable SDP in dla_update_dependency as depdency are resolved
[  934.358664] Enter: dla_enable_operation
[  934.358752] exit dla_enable_operation without actual enable due to processor hasn't been programmed
[  934.358889] Exit: dla_enable_operation status=0
[  934.358997] Exit: dla_op_programmed
[  934.359068] Exit: dla_program_operation status=0
[  934.359161] Exit: dla_submit_operation
[  934.359295] Enter: dla_dequeue_operation
[  934.359387] exit Convolution as there's no further operation
[  934.359484] Exit: dla_dequeue_operation
[  934.359602] Enter: dla_submit_operation
[  934.359676] Prepare SDP operation index 1 ROI 0 dep_count 0
[  934.359764] Enter: dla_prepare_operation
[  934.360051] processor:SDP group:0, rdma_group:1 available
[  934.360148] Enter: dla_read_config
[  934.367888] Exit: dla_read_config
[  934.368102] Exit: dla_prepare_operation status=0
[  934.368202] Enter: dla_program_operation
[  934.368278] Program SDP operation index 1 ROI 0 Group[0]
[  934.368395] nvdla_reg_write offset=0x0000b004 value=0x00000000
[  934.369854] nvdla_reg_write offset=0x0000a004 value=0x00000001
[  934.370147] nvdla_reg_write offset=0x00000004 value=0x00000000
[  934.370387] nvdla_dma_address index=0 handle=6 offset=0x0 dma=0xc0001000 ret=0
[  934.370538] nvdla_reg_write offset=0x0000a070 value=0x00000000
[  934.370703] nvdla_reg_write offset=0x0000a028 value=0x00000000
[  934.370850] nvdla_reg_write offset=0x0000a040 value=0x00000000
[  934.370997] nvdla_reg_write offset=0x0000a058 value=0x00000000
[  934.371169] nvdla_reg_write offset=0x0000a070 value=0x000000a9
[  934.371383] nvdla_reg_write offset=0x0000b03c value=0x0000001f
[  934.371530] nvdla_reg_write offset=0x0000b040 value=0xffffffff
[  934.371685] nvdla_reg_write offset=0x0000b044 value=0xffffffff
[  934.371896] nvdla_reg_write offset=0x0000b04c value=0x00000000
[  934.372040] nvdla_reg_write offset=0x0000b048 value=0xc0007200
[  934.372183] nvdla_reg_write offset=0x0000b050 value=0x00000000
[  934.372327] nvdla_reg_write offset=0x0000b054 value=0x00000000
[  934.374367] nvdla_reg_write offset=0x0000b058 value=0x00000053
[  934.374601] nvdla_reg_write offset=0x0000b06c value=0x00000053
[  934.374771] nvdla_reg_write offset=0x0000b080 value=0x00000053
[  934.374935] nvdla_reg_write offset=0x0000b0b0 value=0x00000001
[  934.375088] nvdla_reg_write offset=0x0000b0b4 value=0x00000000
[  934.375245] nvdla_reg_write offset=0x0000b0bc value=0x0000000a
[  934.375451] nvdla_reg_write offset=0x0000b0c0 value=0x00000000
[  934.375612] nvdla_reg_write offset=0x0000b0c4 value=0x00000001
[  934.375890] nvdla_reg_write offset=0x0000b0c8 value=0x00000000
[  934.376293] no desc get due to index==-1
[  934.378582] no desc get due to index==-1
[  934.378721] no desc get due to index==-1
[  934.378791] no desc get due to index==-1
[  934.378861] no desc get due to index==-1
[  934.378931] no desc get due to index==-1
[  934.379038] Enter: dla_op_programmed
[  934.379110] Exit: dla_op_programmed
[  934.379187] Exit: dla_program_operation status=0
[  934.379270] Enter: dla_enable_operation
[  934.379385] Enable SDP operation index 1 ROI 0
[  934.379477] nvdla_reg_write offset=0x0000b004 value=0x00000000
[  934.379781] nvdla_reg_write offset=0x0000a004 value=0x00000001
[  934.379980] nvdla_reg_write offset=0x0000b038 value=0x00000001
[  934.380158] Enter: dla_op_enabled
[  934.380247] Update dependency operation index 0 ROI 0 DEP_COUNT=1
[  934.380344] enable Convolution in dla_update_dependency as depdency are resolved
[  934.382509] Enter: dla_enable_operation
[  934.382706] Enable Convolution operation index 0 ROI 0
[  934.382804] nvdla_reg_write offset=0x00009004 value=0x00000001
[  934.383002] nvdla_reg_write offset=0x00007004 value=0x00000001
[  934.383246] nvdla_reg_write offset=0x00008004 value=0x00000001
[  934.383394] nvdla_reg_write offset=0x00006004 value=0x00000001
[  934.383540] nvdla_reg_write offset=0x00005004 value=0x00000001
[  934.383822] nvdla_reg_write offset=0x00009008 value=0x00000001
[  934.383953] nvdla_reg_write offset=0x00007008 value=0x00000001
[  934.384100] nvdla_reg_write offset=0x00008008 value=0x00000001
[  934.384346] nvdla_reg_write offset=0x00006008 value=0x00000001
[  934.386137] nvdla_reg_write offset=0x00005010 value=0x00000001
[  934.386390] Enter: dla_op_enabled
[  934.386469] Exit: dla_op_enabled
[  934.386537] Exit: dla_enable_operation status=0
[  934.386631] Exit: dla_op_enabled
[  934.386693] Exit: dla_enable_operation status=0
[  934.386774] Exit: dla_submit_operation
[  934.386846] Enter: dla_dequeue_operation
[  934.386917] exit SDP as there's no further operation
[  934.386998] Exit: dla_dequeue_operation
[  934.387080] Exit: dla_initiate_processors status=0
